product_id,product_name,category,discounted_price,actual_price,discount_percentage,rating,rating_count,about_product,user_id,user_name,review_id,review_title,review_content,img_link,product_link
B08L12N5H1,"Eureka Forbes car Vac 100 Watts Powerful Suction Vacuum Cleaner with Washable HEPA Filter, 3 Accessories,Compact,Light Weight & Easy to use (Black and Red)","Home&Kitchen|Kitchen&HomeAppliances|Vacuum,Cleaning&Ironing|Vacuums&FloorCare|Vacuums|HandheldVacuums","₹2,099","₹2,499",16%,|,992,No Installation is provided for this product|100 Watts Powerful Motor|Powerful Suction|In-Built LED Torch|Range of accessories for different cleaning needs|Fit type: Universal Fit,"AGTDSNT2FKVYEPDPXAA673AIS44A,AER2XFSWNN4LAUCJ55IY5SOMF7WA,AE3MSW6H3AL6F3ZGR5LCN5AHJO6A,AG5OL5WIIPJBY25HISJLM5K2UBTQ,AGHFSIBYVYXUGSNYUDAHBGOIZ3KQ,AHYH6AZT3U3U44CDW5Y563UYIIUA,AFLOAOURRZZZGFBF7F6IKGXRB6NQ,AGNWBYEVAIII4MPQNKN3LFVOHYZQ","Divya,Dr Nefario,Deekshith,Preeti,Prasanth R,Pradeep kashiram Tetgure.,Abhijin Janardhan,Prashant","R2KKTKM4M9RDVJ,R1O692MZOBTE79,R2WRSEWL56SOS4,R3VZRQJOKCBSH4,R2QI4626ASSCIT,R1TFFJ5ON6ATEO,R14JK9VQCXXEKU,R1V4J4B7RXHG8T","Decent product,doesn't pick up sand,Ok ok,Must Buy,Good one for basic use with normal suction power,Super,First review,Perfect product for my car","Does the job well,doesn't work on sand. though the suction is very good, the sand stays back no matter which lead you use.,Ok ok,Easy to use product (I used it for the first time without knowing the know-how of its use). Cleans almost 90% of your mess inside the car. Highly recommended.,Pros: look and feel, easy to hold and handle, Cord length, useful led light during night, normal suction power but good enough for general useCons: noise is bit loud, suction power could be better,Good,Hmm,Strudy design, quality accessories,reputated brand.I have seen some car vaccum cleaners especially the low cost one's where dust comes out of machine due to poor locking mechanism, so ofcourse you don't want the dust to be falling back when the sole purpose is to remove it!!!You get what you pay for, I have home vaccum clear from same company with has a good suction and does the job well, I wanted a battery pluggable clearner where I can use it anywhere.Believe me no vaccum cleaner is good enough for heavily soiled cars, so if you are expecting a commercial level cleaning the don't buy any.Car vaccum cleaner is a portable device which gives decent satisfaction but not a perfect, I have seen some people who do not take out mats and just shove the cleaner in it and say it's not good.Mats need to be take out which actually collects big dust and derbies, this poor small machine can't handle a 100% cleaning on that.If the car is heavily soiled the you must get it cleaned at a professional clearner then start using the small one.I found this to be doing the job when compared to my house vaccum clearner.One thing I observed was the wires was getting hot and has a soft component which makes it even thinner when it's hit but I think I can handle the job, accessories quality is good and fir and finishe is good.I did not seen any dust seeping through the compartment and it was well contained in the dust chamber.Suction is decent and you can give almost a clean and tidy look to your car with this machine, again a professional grade cleaners can doa good job which cost nothing less tha 15K.I would say worth a buy it used delligently by not expecting too much.I only hope if the company can provide a bag to carry it for the price or find one in your own which can fit your needs.,Perfect",https://m.media-amazon.com/images/W/WEBP_402378-T1/images/I/41lZEy8e9DL._SX300_SY300_QL70_FMwebp_.jpg,https://www.amazon.in/Eureka-Forbes-Vacuum-Cleaner-Washable/dp/B08L12N5H1/ref=sr_1_295?qid=1672923607&s=kitchen&sr=1-295
B07JW9H4J1,"Wayona Nylon Braided USB to Lightning Fast Charging and Data Sync Cable Compatible for iPhone 13, 12,11, X, 8, 7, 6, 5, iPad Air, Pro, Mini (3 FT Pack of 1, Grey)",Computers&Accessories|Accessories&Peripherals|Cables&Accessories|Cables|USBCables,₹399,"₹1,099",64%,4.2,"24,269","High Compatibility : Compatible With iPhone 12, 11, X/XsMax/Xr ,iPhone 8/8 Plus,iPhone 7/7 Plus,iPhone 6s/6s Plus,iPhone 6/6 Plus,iPhone 5/5s/5c/se,iPad Pro,iPad Air 1/2,iPad mini 1/2/3,iPod nano7,iPod touch and more apple devices.|Fast Charge&Data Sync : It can charge and sync simultaneously at a rapid speed, Compatible with any charging adaptor, multi-port charging station or power bank.|Durability : Durable nylon braided design with premium aluminum housing and toughened nylon fiber wound tightly around the cord lending it superior durability and adding a bit to its flexibility.|High Security Level : It is designed to fully protect your device from damaging excessive current.Copper core thick+Multilayer shielding, Anti-interference, Protective circuit equipment.|WARRANTY: 12 months warranty and friendly customer services, ensures the long-time enjoyment of your purchase. If you meet any question or problem, please don't hesitate to contact us.","AG3D6O4STAQKAY2UVGEUV46KN35Q,AHMY5CWJMMK5BJRBBSNLYT3ONILA,AHCTC6ULH4XB6YHDY6PCH2R772LQ,AGYHHIERNXKA6P5T7CZLXKVPT7IQ,AG4OGOFWXJZTQ2HKYIOCOY3KXF2Q,AENGU523SXMOS7JPDTW52PNNVWGQ,AEQJHCVTNINBS4FKTBGQRQTGTE5Q,AFC3FFC5PKFF5PMA52S3VCHOZ5FQ","Manav,Adarsh gupta,Sundeep,S.Sayeed Ahmed,jaspreet singh,Khaja moin,Anand,S.ARUMUGAM","R3HXWT0LRP0NMF,R2AJM3LFTLZHFO,R6AQJGUP6P86,R1KD19VHEDV0OR,R3C02RMYQMK6FC,R39GQRVBUZBWGY,R2K9EDOE15QIRJ,R3OI7YT648TL8I","Satisfied,Charging is really fast,Value for money,Product review,Good quality,Good product,Good Product,As of now seems good","Looks durable Charging is fine tooNo complains,Charging is really fast, good product.,Till now satisfied with the quality.,This is a good product . The charging speed is slower than the original iPhone cable,Good quality, would recommend,https://m.media-amazon.com/images/W/WEBP_402378-T1/images/I/81---F1ZgHL._SY88.jpg,Product had worked well till date and was having no issue.Cable is also sturdy enough...Have asked for replacement and company is doing the same...,Value for money",https://m.media-amazon.com/images/W/WEBP_402378-T1/images/I/51UsScvHQNL._SX300_SY300_QL70_FMwebp_.jpg,https://www.amazon.in/Wayona-Braided-WN3LG1-Syncing-Charging/dp/B07JW9H4J1/ref=sr_1_1?qid=1672909124&s=electronics&sr=1-1
B07KSMBL2H,"AmazonBasics Flexible Premium HDMI Cable (Black, 4K@60Hz, 18Gbps), 3-Foot","Electronics|HomeTheater,TV&Video|Accessories|Cables|HDMICables",₹219,₹700,69%,4.4,"4,26,973","Flexible, lightweight HDMI cable for connecting media devices to playback display such as HDTVs, projectors, and more|Compatible with Blu-Ray players, computers, Apple TV, Roku, cable, PS4, Xbox One, and other HDMI-compatible devices|Solid copper conductors and full metal jacket shielding for durability and high-performance connectivity|Supports Ethernet, 3D, 4K video and Audio Return Channel (ARC) and meets the latest HDMI standards|Supports bandwidth up to 18Gbps and is backwards compatible with earlier versions|Includes a 3 foot cable","AEYJ5I6JZZPOJB6MGWRQOHRQLPSQ,AFY5TVFOMVHGBPBTIJODYDQRZM5Q,AE3O6366WGEQAANKJ76QETTUQQTQ,AEQIJCPWSBCDKUO5VROXXHWX3PPA,AGVIAQK2HQ47P7UVXHW2NBAEU7YQ,AE3D5CJ2GDUP5SQ3AAYMVAGDTX7A,AH77IQRYD54XCRMCO7XEAIAYCLPA,AEA2HQHMFG3ZGJFOLLJQ65WKIZUQ","Rishav Gossain,Shashank Mallamraju,Purnendu,gunasekaran desomayananam,Anto RK,Sukrit Basak,Manoj Kumar,Sethuram.S","R1FKOKZ3HHKJBZ,R2WNMZI1EXTA0H,RCA1M3W4RIXUR,R3BKCLL6D7ZLIX,REVSR0ILY3547,R15W5KMQB95IV5,R10PB68FRUHT5V,R3TLCE9JSBU3UP","It's quite good and value for money,Works well,Hdmi cable,Value for money,All good,Gets the job done,Delivery was good,This one was my need to purchase","I am using it for 14 days now. The experience is pretty good as of now. Picture quality is also not bad. Don't expect something out of the world at this price point. But you can go for it if you have a tight budget.,Initial impressions: works as said, glad I didn’t go for cheaper options (not that it’s too costly) just plug and play. Will update if it screws up,The hdmi cable is good to watch movie,sports and its gives better quality while connecting your laptop with TV and play 🎮.I loved it,Works as expected. Length of the cable is short and it was mentioned also satisfied my requirement. If you need more length better look other options.,All good,It's the best HDMI cable at this price range. No problems yet. Just go for it !!,I was expecting this to be delivered on time and it was delivered on time.Product is good as i have tried other cables and wires from Amazon basica brand.,Good one",https://m.media-amazon.com/images/I/41nPYaWA+ML._SY300_SX300_.jpg,https://www.amazon.in/AmazonBasics-Flexible-HDMI-Cable-3-Foot/dp/B07KSMBL2H/ref=sr_1_14?qid=1672909124&s=electronics&sr=1-14
B076B8G5D8,Boya ByM1 Auxiliary Omnidirectional Lavalier Condenser Microphone with 20ft Audio Cable (Black),MusicalInstruments|Microphones|Condenser,₹798,"₹1,995",60%,4.0,"68,664","BOYA BY-M1 is an omni directional microphone, perfect for video|Designed for Smartphones, DSLR, Camcorders ,Audio recorders, PC etc.|The microphone features an Omni pickup pattern, for full, 360-degree|Using the microphone: For Smartphone Switch off the microphone Slide the ON/OFF up to OFF/Smartphone The power is shut down. For DSLR, Camcorders, Audio recorders, PC ect Switch on the microphone. Slide the ON/OFF up to ON|For use with the Lavalier Microphone on Action Cameras customers are requested to purchase ""TRRS to TRS Adapter"" then only it would work|power_source_type: battery powered","AHB43CZ4RHLJ5S6CBOWX6MEI7J4Q,AF3XMPDSQQDSRN2PG5NGPECLPRDQ,AHQF77NZIRBV6LQMO6VEC6O5FL4Q,AFIKD3VY6WOYWPMJUTELWZAXHIXQ,AH6NJEFXD5ISMZJQICGKAZPQQGWQ,AGQS2PKNNCEBXCPSYKOO4I2DGZNQ,AEMACSBSMT4WLJPLOKIWGFJLJJEQ,AH2MIHS2WTWM7R5DFWRUZVTYK7TQ","Sameer Patil,Ashish s.,Harshal Kothari,Govinda,Arjun Ram,Amazon Customer,swapnil,Sk Sahanur Ali","R1ZSCBBOGJ8VB,R2JXWEENFMSBAQ,R1TOMRGD2ASPF,R1PFE2ODTMG96C,R1C5A0KYEKBKJJ,R1IYLE1NMK9R12,R3IS14LK5OVU68,R2727E10ZHH72K","DETAILED REVIEW with Best settings for better Sound output !!!,Worth if you know how to use and what to use it for.,Good for non-professional recordings,Buy this and start creating content for your youtube.,Long cable should be optional.... it's too long else good mic for beginners on YT,Working as expected,Nice product,Good 👍","NOTE :@ Its ready to go Mic, which doesn't need any sound card and can be plugged and used directly even with smartphones.* Has 3.5mm jack connector built in, you can use 1/4' connector if needed.@ It has very Long cable which measures upto 20 feet, so note that.@ It has absolutely NO noise isolation and normal smartphone earphones does better job of noise reduction compared to them in STOCK condition, but with SIMPLE EDITING this mic works just fine ( Check the review below for detailed settings )There are literally thousands of review on this product, but NONE explained the best possible settings for it when used with smartphone with Audacity software, or even in general. So I took the risk of ordering it and it turned out to be nightmare right out of the box, as the sound output was worse than my smartphone earphones. So I went to search for best settings on amazon & other sources but in vain. Fortunately I myself in experiments found the solution and now its working just fine.First I am mentioning all the pros and cons considering the settings that I found and then listing those settings,PROS :-------1. Built quality of the complete mic and cable is good for the price given.2. Length of cable is insane (20 feet).* I personally didn't find it useful, as I use it with my smartphone which is just couple of feet below in my pockets, but for some users it can be very useful if using in rig setup with Camera.3. Has universal 3.5mm jack, which is handy.4. Its easy to use, just plug and play device, which doesn't need any sound card or external device to work.5. Has support for multiple device right from smartphones to DSLRs and computers.6. It comes with carry pouch which is very handy, since its a mess with such long cables.CONS :--------1. Biggest con is the sound quality right out of the box. Its just garbage quality and even normal ears can't bear the background noise collection, so forget about audiophiles. My normal smartphone's earphones record much better sound quality compared to this.2. Length of cable is way too much for me and I guess for many users. I think there should have being multiple option on length to choose from, as keeping 20 feet cable wrapped and hanging or in pocket while recording is not comfortable.3. It comes with a button cell for recording sound for devices other than smartphone and there's NO way to know whether the battery is dead or what's its charging level. Only way to check is by plugging it to a digital recorder or computer and test. So if you are carrying it with recorder which doesn't has playback feature or if you are in hurry and in case of dead battery to record all the sound, then only way to find that your efforts are in vain will be when you comfortably sit to edit it and trust me, its very frustrating ! I am mentioning, it as this scenario have happened with me once, hence I am very cautious about batteries now & use it with smartphones or digital recorders.4. I think price should have being couple of hundred bucks less, considering the sound quality.BEST SETTING USING AUDACITY SOFTWARE :===================================These are the settings when you record with smartphone or any other device and there are lots of background noises and you use Audacity software, which is Free !1. Open the software and open the audio file you recorded with this mic.2. Select entire audio clip and open ""Effects"" and then "" DISTORTION ""3. Start the playback of audio clip in the software, so you can listen to change in effects that you are about to make.4.Now select "" Distortion Type "" option on the top of box and select "" Soft Clipping "".* or select "" Hard Limiter "" and do the settings as it sounds suitable to you.5. Take the ""Clipping Level cursor to extreme Right end or so until you hear soft pleasant output.6. Adjust the ""Make-up Gain"" cursor little bit if needed, I keep it on 49.* Here you can select which ever type, which you feel is suitable for you.7. Now just click "" APPLY "".8. Now is Noise reduction. For that Select short section of audio which DOES NOT have your voice, but ONLY has background noises that you don't want.9. Open ""Effects"" and then "" Noise Reduction ""10. Click on "" Get Noise Profile"".11. Now select entire audio clip and again Open ""Effects"" and then "" Noise Reduction "".12. Finally, click on "" OK "" and that's it !Now you are good to go with soft, slightly lesser Noises and more pleasant sound output. After these steps, you can amplify the sound from same software or any other end user software.VERDICT :-----------I personally am very disappointed with the sound quality, though the audacity tweaking gets it to bearable level, but its satisfactory enough. Plus price seems slightly more on this. I wouldn't recommend these are someone looking good sound quality specially if you live in noisy environment. Buy this only if you live in very silent conditions.,It's not great or best out there for beginners but good-I use a budget mid-range phone and the boya mic is better than in built mic of phone. record it in WAV format, it's good.-You gotta use software/apps to pull the best of this, like audacity or some other editing app.-It's pretty long and that's good as you can extend the cable to a good distance say if u r connecting it to the camera on a tripod.-Overall it's decent for beginners. I see high-end phones have good recording capabilities, but if you have a budget phone, then this one is deal.,Microphone looks very well built, it supports both phones and cameras. There are some phones that does not support external mic, please check before buying as one of my phone did not support it.They claim noise cancellation, however, I did not notice major difference it also captures great amount of noise, only cancellation is because of foam padding around the microphone. I could not observe noise cancellation, at least, while recording on phone.Overall package is well bundled, wire quality is decent, however the dongle quality is excellent, even the small clip to hold the microphone feels solid.,Wire is to long but good if quality of wire is improve in future then 5 stars from me but now 4 star good sound low price 1 star - for wire quality but over all a nice product.☆☆☆☆,I think It's good for online teaching like I do...But yeah some problems like very long cable length I mean someone might need but it should be optional.... or detachable price of the Mic itself is not much anywaysI am okay with this mic for sometime... until I am sure I need quality Rode mic to upgrade...,Don't expect noice cancellation under this budget but audio recording quality is very good.,Nice product,Decent",https://m.media-amazon.com/images/I/41UYenF+lnL._SX300_SY300_.jpg,https://www.amazon.in/Boya-Omnidirectional-Lavalier-Condenser-Microphone/dp/B076B8G5D8/ref=sr_1_32?qid=1672902996&s=computers&sr=1-32
B07KCMR8D6,Classmate Octane Neon- Blue Gel Pens(Pack of 5)|Smooth Writing Pen|Attractive body colour for Boys & Girls|Waterproof ink for smudge free writing|Preferred by Students for Exam|Study at home essential,"OfficeProducts|OfficePaperProducts|Paper|Stationery|Pens,Pencils&WritingSupplies|Pens&Refills|GelInkRollerballPens",₹50,₹50,0%,4.3,"5,792",5 vibrant Neon body color|Smooth and fast writing|Japanese waterproof ink|Country of Origin: India,"AEVPRYZLGHNMEZA5BYGIX36LYZXA,AEZPOZQEEBFFXZ2EQUYJI4VIQILA,AE4FRP3D6KIQG7H3GP436GUD52VQ,AGIUJI423LLZ56YOUAQ5NEYLFVEA,AGGT6VCILAXDI3NPIFAKXBGDYVQA,AHYLFL4VWQ2J4OOZXMEPISX5G64A,AHONFHGWU5UFOW2K622LL7B26M3Q,AETTZUILIPB5I7FQ272YUGEJ4SNQ","Gatij saini,Biswajit Kundu,Altaf Khan,Agam Saran,Dinesh Jain,Isha Singhal,Nilofar Adeni,Ramkumar Dharra","RZAAQFY7BDSWC,R3604ZO2AA4PK5,R3C8K6Z6W9MDTQ,R38163YROZHHFG,RDXE4NC3K02IY,R2BG3LFIR1DRUP,R1AA1L9EH743MV,R1Q23Z4DE0QT8Q","Nice ball pen,Good product,Average,Nice Pen,It's a good product,Smooth,It's writing like flowing silk.,good produced","Very nice ball pen,Thank you Amazon,Easy to hold but not water resistant. Can say value for money,Kids like the colours and are very fond of writing with it,The product is good, and my son likes it.....,Loved the product, very smooth and apt colour of inkMust go product,It's writing like flowing silk.,buy......",https://m.media-amazon.com/images/W/WEBP_402378-T2/images/I/414BHyTttvL._SX300_SY300_QL70_FMwebp_.jpg,https://www.amazon.in/Classmate-Octane-Neon-Pack-5/dp/B07KCMR8D6/ref=sr_1_35?qid=1672902996&s=computers&sr=1-35
B00N1U9AJS,"3M Scotch Double Sided Heavy Duty Tape(1m holds 4.5Kgs) for indoor hanging applications (Photo frames, Mirrors, Key Holders, Car Interiors, Extension Boards, Wall decoration, etc)(L: 3m, W: 24mm)",Home&Kitchen|CraftMaterials|Scrapbooking|Tape,₹130,₹165,21%,3.9,"14,778","Sticks to most surfaces includingwalls, ceramic tiles and wood-surfacesthat are clean, dry and smooth#.|A no-mess alternative to glue forlight-duty attaching andmounting tasks.|Ideal for permanent mounting tasks.","AGXGYUPGIFDGD6LPTVB2XVE7JWNA,AH2ZUPRKPAFHMLFBVWD26PDVJK4Q,AGAXCWBSPZUPB6GKZKHS3WDT52YA,AHJBGHHXDRA7M5MKCLYLYDNWSURA,AGS35GMYV4YBWSINMHG7KX6VCX5A,AFX2CQSR3SBHOJQWQHBLDIHQG3RA,AEEE77EDIHNXZHXAC77EGZGKGSLQ,AH64TGKPMKB5SNT76NT4ZDNF5YEA","Amit Shrivastava,Sikandar kunar,INSTALL INTO PC,Sourabh,prakash,Arjun AK,Surendra Sawant,Subrahmanya Udupa","R2U4L5Y1EI2L9P,R17YBU9W32A30N,R29OI40B53G6UK,R3LHAFK1QLQHX,RQXZDM0PKSCMS,RKN5ISCXXFA4B,R2V6JCQJ8NFGYI,RAH387U1B1AFN","Good Quality adhesive, easy to use,Good,good product,Good product,Ok on walls,Very good,Good to use,Very nice.","Quality of adhesive is very good. I used it to stick photo canvas on wall and it worked well.,Good kwality,i dont tell this product totally good.but i believe this item 75 % good.,Good product,Holds good on walls but not in wood works .,Sticks well.. Holds fair amount of weight..,Good and usefull,Very nice.",https://m.media-amazon.com/images/W/WEBP_402378-T2/images/I/41BeawIQB5L._SX300_SY300_QL70_FMwebp_.jpg,https://www.amazon.in/Scotch-Double-Foam-Tape-24/dp/B00N1U9AJS/ref=sr_1_36?qid=1672902996&s=computers&sr=1-36
B07WKBD37W,"ESnipe Mart Worldwide Travel Adapter with Build in Dual USB Charger Ports with 125V 6A, 250V Protected Electrical Plug for Laptops, Cameras (White)",HomeImprovement|Electrical|Adapters&Multi-Outlets,₹425,₹999,57%,4.0,"2,581","[SLOW CHARGING] Input: 100-240W / Output: 100-240W 6A MAX / Tear Off the Plastic Film From Surface Before Use|Dual USB Ports DC5V 1A 10W, Work with All Phones and Laptop Cameras,Indoor Use Only.|Accepts Plugs From More 150 Countries with USA/EU/UK/AU/CHINA/JAPAN Plugs,Equipped with Built-in Safety Shutters,Include 1x Universal Adapter / 1x Instruction in English and Chinese (Cable Not Included)|Different Input Plugs Tightly Connect into 1 Adapter, Equipped with Built-in Safety Shutters|This Charger Adapter Plug Converts the Power Outlet Only, It Does Not Convert Electrical Output Current and Voltage","AGNE5T4E7SEMJUDM4COI6JBNJQBQ,AES63PZGZP33ZVO55CCO2WYML7NQ,AHQYGDH4CNFRYRTPCENNJNJHULTQ,AEMDF6YAXYO7WQUIAFGEULA7NWWQ,AFDV4H4KLTJ55TV4USUXZQ3SM47A,AHHGXR7CKVXIJ2ZT7XLLXW4DK7DQ,AEBMBHYSJBU324NU4URUAU4RHB2A,AEYMLF2UAU4DY2LCCDIDPFEIAAAA","Ehsan Ul Haq,Abhishek rajput,Nishant Malik,ruhi a.,jasmitha,Sunil W.,B. Bibo,monyag","R186EFJU37UPS6,R2KC2H7A99Y8J6,R25FE16IQR653P,R1Q6E8EBLHDKEC,RNH0MZ907JI2S,R18J8NK2242FA2,RC7ZMZ000I0FQ,R3LF4N05QHM907","Material not worth,Stable for use,Overall product is good,Durable, travel friendly,Adapter,Useful product for international travellers,Doubtful for Durability and sturdiness,very good product","I can say costly, although it can do the job,I like the modal and size,,i bought this one year ago, just reviewing now, i carried this to Europe and UK. It's still working good. very good product.,my adapter fallen from charging point its not working,Useful product for international travellers but a little in the expensive side,Quality of the product is not upto the mark, I have uploaded some pictures pls guys check this before you buy.,very good product verified the purchase",https://m.media-amazon.com/images/I/31w-19-3fSL._SY300_SX300_QL70_FMwebp_.jpg,https://www.amazon.in/ESnipe-Mart-Worldwide-Protected-Electrical/dp/B07WKBD37W/ref=sr_1_242?qid=1672903007&s=computers&sr=1-242
B00DJ5N9VK,Faber-Castell Connector Pen Set - Pack of 25 (Assorted),Toys&Games|Arts&Crafts|Drawing&PaintingSupplies|ColouringPens&Markers,₹150,₹150,0%,4.3,"15,867",Simply draw and color or clip these pens together to construct interesting models|Contains 40% more ink and lasts longer|Child safe-food-grade ink,"AE5D3EMPETKIA4VU4SZU5UIHXKQA,AFF76KWKCMR6GNPUXKEBO3N5YTZA,AEXM7ZELXVFNAKRTVDJ5RAK42KRQ,AHYHKNM6SBOIEHGTSR3YR4QMEZMQ,AHYDPSGRW6OTHG2H7LYZVV6SHZ4Q,AGQQ5W4LCISBHXT54SYYCIS75C2Q,AGLAQV6LP4AXJCMGURQX3OUNTYJQ,AHTBXGFU2EAF5DIC3PT2MVAN2BFA","Aradhna Aadhya,sonali ghosh,Sam,VGRK,Surfer007,Lovely,Arun sharma,Maria","R39PYNXMLNEIYW,R3AMNR0LJWNAUU,R2P5M80U8OL9OQ,R6IL66UV4Q64X,R1T1HIPZYE4LDI,R387TYNEGM23O8,R337P06I7YZ3FT,R2MI5HSUR25XG2","As this was my 2nd order for same product.2nd time jo product aaya uski packing bahut hi kharab thi.,Looks cool and variety of colors.,Good product,very colourfull,Budget friendly,Good one,The are easy to use and are comfortable,Good buy during sale","Torn packing.dekhne me product used lg rha tha,I bought this color pen set for the first time and absolutely loved it. What I like the most is how easy is to keep because of the connector. The color options are neatly wide, and I like it. I would say though it's not very smooth of you use it for color filling, it does get smudge if you double coat it. So, there you have to be careful and also you can't order just one, it has to be two set minimum to be delivered. Thats the drawback. Otherwise, it's good overall.,Eays to use for kids above 6 years,simply good,The connectors provided help to keep all the pens together. These are fine tipped pens and hence can be used for mandala designs. Just remember not to overlap and colour as this may leave a smudge.,Colour pay off is good....In this price great product,It's good for beginnersThe best part about these are that they can connect so they are easy to carry them.,Good buy for the price during discount. Not used it yet as it's for my niece.",https://m.media-amazon.com/images/I/41rJGx-w9iL._SX300_SY300_QL70_FMwebp_.jpg,https://www.amazon.in/Faber-Castell-Connector-Pen-Set-Assorted/dp/B00DJ5N9VK/ref=sr_1_381?qid=1672903013&s=computers&sr=1-381
B0912WJ87V,"Reffair AX30 [MAX] Portable Air Purifier for Car, Home & Office | Smart Ionizer Function | H13 Grade True HEPA Filter [Internationally Tested] Aromabuds Fragrance Option - Black",Car&Motorbike|CarAccessories|InteriorAccessories|AirPurifiers&Ionizers,"₹2,339","₹4,000",42%,3.8,"1,118","[NEW LAUNCH - INNOVATIVE DESIGN] EFFICIENT PURIFICATION TECHNOLOGY - Reffair AX30 has the tapered design with an H13 HEPA filter and Smart Negative Ions feature which makes this device perform better and it comes with an effective CADR of 16.2 m³/h. AX30 is Re-designed in the year 2021, especially for Indian market conditions.|TESTED & RELIABLE PERFORMANCE - Reffair AX30 is tested successfully in many international laboratories and assures you peace of mind with reliable purification performance. WIDE APPLICATION - Reffair AX30 is portable and lightweight which makes it easier to use at various locations like home, office, small room, desktop, or inside the car.|HIGH GRADE FILTER - HEPA filters are most trusted and widely used for air purification needs in the world because they provide the best purification results. Reffair AX30 is equipped with H13 HEPA FILTER which can efficiently remove 99.97% of dust, pollen, cigarette smoke, odors, mold spores, and pet dander. It is suitable for those who suffer from allergies, cough, sneezing, and for the entire family who loves to travel together.|100% SAFE TO USE - Many car air purifiers & Ionizers come with built-in non-certified batteries which expose the car to the risk of fire & also cause regular battery drain problems. Reffair AX30 has no battery inside which means that the product is safer to use even at higher temperatures. ENERGY EFFICIENT - It is rated highly energy-efficient product and consumes up to 70% less energy than ionizers hence keeping your car batteries safe from draining out faster.|AFTER-SALES SUPPORT - Reffair AX30 comes with a one-year limited warranty from the date of purchase. In case if you face any problem with our product, please contact us before leaving any review. Our friendly customer care team is always ready to enhance your product experience. Filter life is up to 6 months and Authentic Reffair replacement filter is always available at B0912LC8R9 (ASIN).","AG6W5HESRSDLBX3NCYOOUGFOWERA,AED4U5CF37HVSYPMD6KUP3YPH36A,AGUHDV5GZZQ53BGLNLV654IPDASQ,AEDMXTLZRXBSPPDRYIN6PAGXFXCA,AEVBIVJJCIRYJRR7G47DFT6SFBAA,AF65HJXCS64PXG5GMEBZOLVCZSPQ,AE5CGWMRDJN6NMXZ5XH74X2GIRNQ,AEDVMC3DUI5UUVQ43C4XLLZJGWUA","Arivazhagan,Ajit,swanand pandit,Venkatesh S.,Shubham Sharma,arun chaturvedi,Amazon Customer,sanket","R3TOOFPX256D59,R1PR50BDQOEIIO,R392FI4QWXWOX5,R85UZWVZHVWQF,R67DCS6U6YAX1,R1D0FB7K1UOFSJ,R24HHC45FGAWV3,R26PXJ8P5Q5FHH","Liked it,User friendly and effective,Not as per expected,Worth buying for cars which doesn't have inbuilt filter,It works really well...AX30MAX is what we all need..!!,Air purification is awesome,Excelent product for the Prize you pay,Dont expect much","As of now its working fine, but don't expect more like this is not dust remove effective way but I liked it. Let see the durability,Very easy to install and effective in my hatchback.Can be swapped between cars as well,It does not suck the air dust or small particles which are part of dust. Fail to understand how will it purify the airProduct is physically working good. But not meeting the cause of purifying the air.,Use to get headache after long drives early ,After using this product no smell in the car and feels fresh air , it removes odour smell as well,,Product quality is good & value for money product.. highly recommend,I have been using this for more than a month now. It is quite silent, simple and dose its work eficiently. My son always hated AC since he felt nauseating in the car especially when the windows are up and AC is on. Since I started using this air purifier he is very comfortable. I too feel the difference inside the car. Thanks Reffair for bringing such a nice product and this attractive prize.,Its Ok Ok product but don't expect much",https://m.media-amazon.com/images/W/WEBP_402378-T2/images/I/31y+z3bqZcL._SY300_SX300_.jpg,https://www.amazon.in/Reffair-AX30-MAX-Internationally-Aromabuds/dp/B0912WJ87V/ref=sr_1_164?qid=1672923598&s=kitchen&sr=1-164
B07BKSSDR2,Dr Trust Electronic Kitchen Digital Scale Weighing Machine (Blue),Health&PersonalCare|HomeMedicalSupplies&Equipment|HealthMonitors|WeighingScales|DigitalBathroomScales,₹899,"₹1,900",53%,4,"3,663","Tare function: It comes with tare function which allows you to measure the weight of all ingredients separately after adding one after another without having to remove the previous ingredients. It also allows user to cancel out the weight of the container in which the ingredients are measured ; NOTE: Place your weighing machine on flat surface to get an accurate results|Measure weight up to 5 kg: equipped with high precision measurement sensors (accu gauge), the device meets your precise weighing requirements every single time. its weighing capacity is 1g to 5kg with unit shuffling feature between g/lb: oz and ml/fl: oz|Comes with a bpa free bowl: it comes with a bpa free detachable and lightweight bowl which complements well with the machine. you can flip the bowl over on top of the scale to save space during storage. Product Weight: 406 gm|Measurement units can be converted: it can display weight in a lot of units of measurement. you can easily convert units between pounds (lb), ounces (oz) and grams (g). also it has two volume unit systems ml and fl’oz|Low battery indicator: dr trust electronic kitchen weighing scale comes with low battery indicators that allow the user to replace the battery before it shuts down|Auto off function: auto off function feature turns off the scale automatically when it is left idle for few minutes which helps to prevent the wastage of batteries|Easy to use and store: it is convenient to use and store. it is compact and can be easily placed on the kitchen counter. also it is easy to move from one place to another","AG22QSZIES6VEC3IVAGKQD4N7WHA,AHFGWOU2ANAHIK6VUKI267DZO5PQ,AE7JCA7MTQHV6XTNF2NQFH5DG6KQ,AHKW2FPVJKYDYZOTMPDW4CIXUHLA","Jagdeep,imtiaz dhalech,Simple Person,Neha Naik","R3KLZUQCUHHOAX,R2QQZX4QI5G707,R2PMOA0FRZQJH8,R1Z7A1FJINTOUW","Design Optimised for Functionality, Durability & Battery life!,Nice,**HIGHLY PRECISE IN MEASURING**ACCU GAUGE SENSORS**CONVERTS UNIT AFTER MEASURING ALSO**HAS TARE, AUTO-OFF, OVERLOAD INDICATOR**,It worked good for one year. Now only grams are shown.litres option is not operated.","This is aesthetically the most appealing Digital Kitchen scale out of the available choices. Though it is also by far the most expensive, it is value for money considering the followig pros:1. Functionality: It has only two touch buttons which integrate all the functions like Units of weight & volume, multiple tare & weigh with overload indication, and off/on; It can give volume idications for water and milk, two of the most frequently used liquids, while other liquids can be also measured if a glass of water is calibrated for a certain volume, say 100 ml ad same is marked on the glass; The plastic food grade bowl fits snugly on the scale and also doubles up as a cover when the scale is not in use2. Duraility: Because of its squat oblong shape and sure footing, the scale wont topple. Also, since bowl fits snugly on the scale upside down when the scale is not being used, it prevents dust from entering the display and buttons; material is tough plastic with a recessed top which seats the bowl firmly and there is no exposed space for ingress of any spilt liquid, With all this, theres a one year warranty extendable to two years, which speaks about the confidence of the manufacturers in their own design3. Battery Life: The device has an auto power off and a digital display which consumes very less power. Hence battery is likely to last longer.I only encountered two cons:1. Scale is very sensitive and takes some time to settle2. The display backlight goes away after some time and the lcd reading is difficult to read in bright ambient light.Overall, this device serves my purpose of practical diet management very efficiently and effectively and am sure it will grow on me. Recommended if you want to get much more utility and eficiency at a slightly higher price.,Litt to adjust all time,,Ok. Price wise it didn't last long",https://m.media-amazon.com/images/I/41csvHnDvES._SX300_SY300_QL70_FMwebp_.jpg,https://www.amazon.in/Dr-Trust-Electronic-Kitchen-Weighing/dp/B07BKSSDR2/ref=sr_1_265?qid=1672923605&s=kitchen&sr=1-265
B098NS6PVG,"Ambrane Unbreakable 60W / 3A Fast Charging 1.5m Braided Type C Cable for Smartphones, Tablets, Laptops & other Type C devices, PD Technology, 480Mbps Data Sync, Quick Charge 3.0 (RCT15A, Black)",Computers&Accessories|Accessories&Peripherals|Cables&Accessories|Cables|USBCables,₹199,₹349,43%,4.0,"43,994","Compatible with all Type C enabled devices, be it an android smartphone (Mi, Samsung, Oppo, Vivo, Realme, OnePlus, etc), tablet, laptop (Macbook, Chromebook, etc)|Supports Quick Charging (2.0/3.0)|Unbreakable – Made of special braided outer with rugged interior bindings, it is ultra-durable cable that won’t be affected by daily rough usage|Ideal Length – It has ideal length of 1.5 meters which is neither too short like your typical 1meter cable or too long like a 2meters cable|Supports maximum 3A fast charging and 480 Mbps data transfer speed|6 months manufacturer warranty from the date of purchase","AECPFYFQVRUWC3KGNLJIOREFP5LQ,AGYYVPDD7YG7FYNBXNGXZJT525AQ,AHONIZU3ICIEHQIGQ6R2VFRSBXOQ,AFPHD2CRPDZMWMBL7WXRSVYWS5JA,AEZ346GX3HJ4O4XNRPHCNHXQURMQ,AEPSWFPNECKO34PUC7I56ITGXR6Q,AHWVEHR5DYLVFTO2KF3IZATFQSWQ,AH4QT33M55677I7ISQOAKEQWACYQ","ArdKn,Nirbhay kumar,Sagar Viswanathan,Asp,Placeholder,BharanI,sonia,Niam","RGIQEG07R9HS2,R1SMWZQ86XIN8U,R2J3Y1WL29GWDE,RYGGS0M09S3KY,R17KQRUTAN5DKS,R3AAQGS6HP2QUK,R1HDNOG6TO2CCA,R3PHKXYA5AFEOU","A Good Braided Cable for Your Type C Device,Good quality product from ambrane,Super cable,As,Good quality,Good product,its good,Good quality for the price but one issue with my unit","I ordered this cable to connect my phone to Android Auto of car. The cable is really strong and the connection ports are really well made. I already has a Micro USB cable from Ambrane and it's still in good shape. I connected my phone to the car using the cable and it got connected well and no issues. I also connected it to the charging port and yes it has Fast Charging support.,It quality is good at this price and the main thing is that i didn't ever thought that this cable will be so long it's good one and charging power is too good and also supports fast charging,Value for money, with extra length👍,Good, working fine,Product quality is good,Good,very good,Bought for my daughter's old phone.Brand new cable it was not charging, I already repacked and requested for replacement.I checked again, and there was some green colour paste/fungus inside the micro USB connector. I cleaned with an alcoholic and starts working again.Checked the ampere of charging speed got around 1400ma-1500ma - not bad, came with braided 1.5m long cable, pretty impressive for the price.Can't blame the manufacturer.But quality issues by the distributor, they might have stored in very humid place.",https://m.media-amazon.com/images/W/WEBP_402378-T2/images/I/31zOsqQOAOL._SY445_SX342_QL70_FMwebp_.jpg,https://www.amazon.in/Ambrane-Unbreakable-Charging-Braided-Cable/dp/B098NS6PVG/ref=sr_1_2?qid=1672909124&s=electronics&sr=1-2
B0B6F7LX4C,MI 80 cm (32 inches) 5A Series HD Ready Smart Android LED TV L32M7-5AIN (Black),"Electronics|HomeTheater,TV&Video|Televisions|SmartTelevisions","₹13,999","₹24,999",44%,4.2,"32,840","Note : The brands, Mi and Xiaomi, are part of the same multinational conglomerate|Resolution : HD Ready (1366 x 768) Resolution | Refresh Rate : 60 Hertz | 178 Degree wide viewing angle|Connectivity: Dual Band Wi-Fi | 2 HDMI ports to connect latest gaming consoles, set top box, Blu-ray Players | 2 USB ports to connect hard drives and other USB devices | ALLM | ARC | Bluetooth 5.0 | Ethernet|Sound: 20 Watts Output | Dolby Audio, DTS Virtual: X, DTS-HD|Smart TV Features : Android TV 11 | PatchWall | IMDb Integration | Universal Search | 300+ Free Live Channels | Kids Mode with Parental lock | Smart Recommendations | Language Universe – 15+ Languages | User Centre | Okay Google | Chromecast suporting Apps : Netflix, Prime Video, Disney+ Hotstar | 5000+ apps from Play Store |Quad core Cortex A35 | Chromecast built-in | Ok Google | Auto Low Latency Mode | 1GB RAM + 8GB Storage|Display: HD Ready | Vivid Picture Engine|Warranty Information: 1 year comprehensive warranty on product and 1 year additional on Panel provided by the brand from the date of purchase","AHEVOQADJSSRX7DS325HSFLMP7VQ,AG7XYZRCSKX6G2OLO7DVZWIZ3PUQ,AE2THTCCQLBIUSWPF4CPXC6GGP7Q,AHUJZOV34DFEN55QQ5XOYKVKHV6Q,AELX4DI77ZHURZTDLYFU7XMP7R6Q,AE2ODWBBOBD2SITDDIEJ644OSRFQ,AFLW4WXYQ3G6HU5LBQORDDZO3FOQ,AGGRC2P6M43GDEWCAHGYAILCSKTQ","Manoj maddheshiya,Manoj Kumar Sahoo,Saumil s.,Jean-Louis M.,Mahesh,syed azhar abbas,prabakaran,Sidhu","R13UTIA6KOF6QV,R2UGDZSGFF01K7,RHHIZ45VYU5X6,R14N9HBE5EIUY0,R2WMW096T9Y0OU,R1SHIIE6M72825,R22P6BE9DBME4F,R2TEINENXTIHT2","It is the best tv if you are getting it in 10-12k,Good price but the OS lags,GARBAGE QUALITY,Good product.,Good quality,Great experience everything is fantastic 🤠,Super picture quality and sound quality,Awesome","Pros- xiomi 5a is best in budget-Nice picture quality-Very nice audio output- Full of featureCONS- sometimes tv lags-Sometimes stucksIn this prize range all tv having cons like this.::Overall nice tv,The product in this price range is good but as it is running in Android 12 it lags. I hope after few updates the lags problem will be resolved,Useless product and useless quality. Display issues within 7 months and service center is not upto the mark. Go for better brands where quality is assured. I would wish if there was option of negative stars.,Uses as connectes TV the picture is very good. I was hopping a best level of song. Globaly it is a good product.,https://m.media-amazon.com/images/I/61spXDbojZL._SY88.jpg,Greater then ever,Good quality,Good 👍",https://m.media-amazon.com/images/I/51fmHk3km+L._SX300_SY300_.jpg,https://www.amazon.in/MI-inches-Ready-Android-L32M7-5AIN/dp/B0B6F7LX4C/ref=sr_1_18?qid=1672909124&s=electronics&sr=1-18
B07JF9B592,MAONO AU-400 Lavalier Auxiliary Omnidirectional Microphone (Black),MusicalInstruments|Microphones|Condenser,₹478,₹699,32%,3.8,"20,218","4-pole jack is compatible for laptop which has only one audio male jack (input/output), iPhone android Smartphone, PlayStation 4, this mini microphone is specially designed for smartphone, tablet, laptop, PS4 or Skype, WhatsApp, FaceTime talking, YouTube recording, Podcasting, webinar|The pin is thin enough to directly plug into your mobile 3.5mm headset jack even wearing a phone protector, High-quality and omnidirectional function, easy to use, Reception : High-quality Voice Technology|It picks up sound equally from all around the microphone, allowing for versatility when mounting and ensuring a high degree of user-friendly operation|With the help of 78 inches long cord, it makes the podcasting at a distance with your mobile much easier and easy clip on your tie or shirt collar for sound recording because of sturdy metal clip|An Extra 3-pin Adapter for DSLR: If you are going to use this mic with DSLR, camera or other device with 3-pin jack, please use this adapter.","AHQ4Q75NBEWOM4OWOXUZW7V247NQ,AEQCAMSZJTMNIKXAPXCKT5XLOWIA,AGCHPEKLU5ZFHDV7K3QYXNJQP6JA,AFFXN6T5QGDHRUO24P4PM56E7AAA,AGUPZJ4VI66F5L3GN2VT6QDZEAJQ,AFVIFCKLO7ADXYQAQ2T74HUJEBEA,AFRCL2UST67EVGUTDLV2JGI4OKUA,AFCCTAOXYH2XQNESLRQRH72G27ZQ","ˢᴰ82ˢᶜ ✔️,Manish Rautela,Sai kiran,Dinesh S,Uttam,Shahrukh,ADITYA UBARHANDE,Deepak Kanwaliya","RKBKQKSEET7CC,RQM34GWJC0DPJ,R1PJNXT9PME2I1,R2VL3P4XIHJFY,R2HZEV0BNY3064,R3HBAZIE8PAIXC,R3LFVYT98WRBZ1,RJPAKDZRUJIDF","loud & clear,Avrage in budget range,Best for beginners,Good for price,Very nice mic in this price range,In budget,Product Good, Packaging damaged.,Gzzzbbbbb mic 🎤","at Rs.319 it's a great deal. I use it for mobile vlogging.,Noice cancellation is not working,Value of money 💰,Good mike, worth money,Very nice mic in this price range.,After seeing many microphone. I found thisI bought it becuase of its good ratings and reviews and in a buget price. This is best for beginners,The first time I had ordered this mic, I received in a amazon plastic bag and the product box inside was completely damaged and was sealed using cello tape. Also, the mic seller sent me was damaged and had low quality audio. It was a duplicate.But, when I replaced, I received the packing in a cardboard box but still the inner box had a few damages.The mix received inside was good.Here is a detailed review of the mic:1. The quality: Quality overall nice. The wire might seem filthy and weak but in reality when I tested it, it was indeed a bit durable. It can easily sustain a bit of a pull and twist. Just mind the spots when the wire meets the audio jack and the mic2. Sound quality: Sound quality is really nice. BUT BUT BUT... before you think of buying it, read the paragraph below (of noise cancellation). The mic catches sound equally even if you are from far away or close to it.3. Noise Cancellation: This is a major point. I used to mic a lot for testing purposes. Let me share my experience. I tested it in different environments.a. In a closed room with AC and total silence: In such environment, you will get crisp sound like a boom microphone. But, you will also receive a bit of white noise or background static noise which you can easily reduce using the noise reduction feature.b. In a room with ceiling fan on and moderate noise: Still seems good but not great. Your vocals would still be crispy and clear but the background noise will increase. Still if you use nice noise reduction software (like Audacity) it will sound great. Adding background music to your video would help.c. In a room with standing fan on and high noise: Not recommended at all. Not only this mic but any mic would capture a TON of noise. To express statistically, there will be atleast 40% noise of wind whooshing in the background.d. The same high noise room with windows open: You will die doing noise reduction. Not gonna lie, the background noise increases by 60 times.  DONT TRY THIS.The pop filter or the sponge on the top of the mic helps a lot. When you are speaking close to the mic, a lot of air goes in while speaking. So, when the ""filter"" is attached, the output sound does not have air whooshing but with the filter removed, the output sound is only air.Now, to sum up...Mic is overall good. Noise cancellation is not great but yeah, for the price range, it is the best!Recording tips:1. Record in a silent room with A/C or else turn on the fan at the least speed so it doesn't make much noise.2. Use the collar clip to place the mic, don't hold it in hand. ( I mean this is common sense :-P )3. If transmission lines (electricity wires which are above the head) go from close to your room, I would recommend changing rooms.Now, the reason for this is that sometimes, the mic can catch electromagnetic intefrerence.  This maono mic won't catch it but I recommend this for generic mics.4. Do noise reduction in Audacity. It is very effective than the inbuilt noise reduction tools in video editors. Also, it is very easy.Also, BOYA BY-M1 MIC SOUNDS ALMOST THE SAME AS THIS MIC. There is only like 2% difference in noise cancellation. But, I would still give both of them 3 stars for noise cancellation.THAT'S IT!Hope you understand what I mean to say.Peace out.,Nice 🙂",https://m.media-amazon.com/images/W/WEBP_402378-T1/images/I/413viCgpI+L._SY300_SX300_.jpg,https://www.amazon.in/Maono-AU-400-Lavalier-Microphone-Black/dp/B07JF9B592/ref=sr_1_237?qid=1672903006&s=computers&sr=1-237
B0846D5CBP,"Casio FX-991ES Plus-2nd Edition Scientific Calculator, Black",OfficeProducts|OfficeElectronics|Calculators|Scientific,"₹1,295","₹1,295",0%,4.5,"5,760","Redesigned ES PLUS series calculators featuring easy-to-understand Natural Textbook Display, Non-Programmable Scientific Calculator with 417 Functions|Stylish design but same function as Casio FX-991ESPLUS 1st edition, 10-digit mantissa + 2-digit exponential display|Basic Trigonometrical & Statistics Functions, and many more functions|Colour coded keypad for easy key differentiation, Simple and easy to use, Comes with new slide on hard case|3-years warranty by manufacturer","AFES6HMBN5CAV5HWKASX5HS743BA,AE2SYKBDNNE4PVOOYME4HQILKXTA,AFDMSPZU56HC6LYNPSPFLBTALJMA,AGVSDTELCGKF3H54PJHYWO22MGFA,AEEOHRSGRB777SO6I4OOPWZ4DQ4A,AF3CZ6OL3AA35DQULP6J2TCEOJOQ,AHTXWZCWVFIFVLHBN27YWHVPXTUQ,AGVJ4GQPFR3DJ4ZV4ZT6EXE3ZNUA","Vajrala s.,Goutham.G.A.,Abhishek Kumar Sharma,Goutam,bheemanna,Jose v j,Pratik Kumar (Sinu),cherukusureshreddy","R2MYHLYRBQ49CU,R1ZYG8KT7IKN0F,R1CPM2M1SFJD0Q,R1MT0UWLT7MBYN,RH2E56CG2VRB0,R3O8V8MGL6A3AQ,R2IY9SO9GDZ9ZU,RC16I7A47XY5Z","Nice,Good and light calculator,Cheap buttons,Good calculator,Good product thanks Amazon,Super dealing,Function,Ok","It is very easy to use.,Good and easy to use.,Overall built is good but button quality is very poor. If you have ₹200 more then i suggest you to go with ""FX-991 ES Classic"", it's much better choice than this.,Nice productRecommended from entering college,Like,Amazon very good experience, excellent 👌,All function under one segment.so i like it.I sey for all engineering student u purchase only this because this is the best for your problem.this is a solution understand.,Very good",https://m.media-amazon.com/images/W/WEBP_402378-T1/images/I/41PDEAuwT3L._SX300_SY300_QL70_FMwebp_.jpg,https://www.amazon.in/Casio-FX-991ES-Plus-2nd-Scientific-Calculator/dp/B0846D5CBP/ref=sr_1_56?qid=1672902997&s=computers&sr=1-56
B00LXTFMRS,"PIDILITE Fevicryl Acrylic Colours Sunflower Kit (10 Colors x 15 ml) DIY Paint, Rich Pigment, Non-Craking Paint for Canvas, Wood, Leather, Earthenware, Metal, Diwali Gifts for Diwali",Home&Kitchen|CraftMaterials|PaintingMaterials|Paints,₹191,₹225,15%,4.4,"7,203","Vibrant Colours - Make paintings pop out using the 10 vibrant shades. The Sunflower Acrylic Kit has acrylic colours for creating art and tones that bring out the artistic mood. It lets artists give depth and dimension to their creations|Multisurface Use - The Fevicryl Acrylic Sunflower Kit comprises of vibrant painting colours and refined shades that work across a wide variety of mediums. Apply these paints to various surfaces like wood, canvas, leather, terracotta and even fabrics.|Non-Toxic and Safe -The colouring kit is safe for use by young artists. The paints are made using non-toxic substances and pose no health risk. The cleanup is also very easy after you're done creating art projects.|Very Beginner-Friendly - No need to be an expert artist to use this. Grab a piece of cloth or paper, set up your colouring palette and get ready to have a fun time.","AGARJN3VAP4E6PQYIF74CDF3W6GA,AEC4ZK2E7SL6RXURSFAQILIAIYHQ,AHP75752OD4FMWOWITYVDF4EJ57Q,AEGZNHJ5ZCSPMTVBUTJZPDEJEGRA,AF2OFWJDSCJNZ4QFIX7VUUCHPURA,AEYL5JRPDTHDBIPN3ZSYS3ZLEK2Q,AECSR4RFQGV6P2PCOA7XPNGGBZQQ,AH7EAYMQGZAZ24G65FHVBLVAJL7Q","Safiya,Archana,S. Yates,Shwetha Shenoy,Sayma Sheikh,Prathiba,Shweta R.,Lisa","R3FQZ41R2YXT87,R2G63AMNXO48U6,RD1855R8RRSKW,R22BXITISJ2V98,R1ZGPABQCCVHXY,R216MY341QMRQE,R1OKN1Z9UGIGNG,R1E6XVW96KXGKP","It's worth it,Very very nice product at this price.,Very good product,Good,Affordable,shouldnt keep it open for more than 15 minutes,Nice 👍 product...,Good quality","Its worth it,At this price the product is very nice. And easy to use for beginners also. Kids love and enjoy while working these wonderful acrylic colors,I ordered these to use for painting wooden ornaments with my 11-year old niece and her friend. I was pleasantly surprised because the price was good for what I received. These are glass jars and full to the top :). We were able to pour out little drops onto paper plate “palettes” and there is a lot of paint left.  The paint mixed well to make custom colors. This paint would also work well for lots of craft projects including painting art pictures on paper, on rocks, or t-shirts too.,Good product,It's quality is very high and very good for kids,also it's really cheap ☺️,I Used it on a canvas, i liked how the colors are vibrant and unique,Love 💓 the colours... Easy to use and are waterproof,The quality is good. Good deal at this price",https://m.media-amazon.com/images/W/WEBP_402378-T1/images/I/4136eo-yWlL._SX300_SY300_QL70_FMwebp_.jpg,https://www.amazon.in/Fevicryl-Acrylic-colors-Sunflower-Shades/dp/B00LXTFMRS/ref=sr_1_72?qid=1672902997&s=computers&sr=1-72
B07R99NBVB,"Gizga Essentials Cable Organiser, Cord Management System for PC, TV, Home Theater, Speaker & Cables, Reusable Cable Organizer for Desk, WFH Accessories, Organizer Tape Roll, Reusable Cable Ties Strap",HomeImprovement|Electrical|CordManagement,₹249,₹599,58%,4.5,"5,985",Gizga Essentials Reusable Cable Ties are re-usable and does not lose it’s grip strength for holding cables in place when fastened|Double Sided Hook & Loop Tape. Hook on one side and Loop on another side. Double-sided allows you to cut custom-length rings to wrap unsightly cables together|VALUE Combo pack of 7 Cable ties come in DIY 100cm X 7. The extra long 700cm tie can be cut to preferred lengths and re-used|Adjustable size to meet your different need.The strap can be cut to size easily. You can cut it to the size you want|All Gizga Essentials Products comes with 1-Year Peace of mind warranty for failure to perform as promised,"AEG6NCZPUEEC3YY267IS3YMFRBWA,AE3S562OZDGHRXCXEO6AXOU3W5AQ,AE4ENCSAVBVYJVFC3GMNMRDSD2KA,AFREKZH5BGM747DB57WHR4RTR3QA,AEIFPFERCLDOHEDLTL4AT54MGQYQ,AEEGGAYRYXP6RHFL64B5MD5RVOKA,AGB7JIFSP63DCBEXSQJ7NV4QOYMQ,AGTVC53G6H2H6XPYPMPKWPVMEYNQ","Dhineshkumar,Amazon Customer,Ankit Kumar Singh,Pranay,Harshith,Amazon Customer,M M M,E R","R3L1T1SL8IC3UH,R250EC6F25GMQ2,R394W20XOQRZP5,R2QGR6SJBD2P9Z,R186IO80N0J27F,R87MN20OCTGUO,R371GCMZMTM6ZS,R2ELNQ06PADW2K","Very useful product to organize cable,Great, but a piece missing,Must Have for WFH Setup,Value,Exactly what I expected,Great product with a neat finish,Love it . Little Expensive but can't complain,Very useful product","I have lot of cables running between my Soundsystem, Settop box, TV and between my routers, accesspoint. It was kind of messy before. I organized it using insulated thin metal tie cable. But when i open it to add more cables or remove cable, it was broken and not looks good. Also i was afraid that tightening the tie cable may cur the wire since it was so thin and insulation is also very thin. But after i use this, it looks so neat and it is easy to remove or add more cable whenever required. adhesion of wellgrow is good.Overall, i like this productI suggest dont to precisely cut the wellgrow. Add some 50-70% of extra length which will allow to add more cables in future if needed,All was good, but I received 6 pieces instead of 7. Since I have used 1 already, I'm not going to return it. Just requesting the sellers to deliver as promised. Other than that, the2 product is great, and works great.,Not only WFH setup, but also if you're dealing with a lot of wires, this is the way to go.,Good quality,Good quantity and quality, sticks tightly and easy to strap. Helpful for keeping wires organized at work table  (laptop charger , mobile charges etc),I had to bind together variable number of wires at different places and this worked great without any wastage.,Useful to organize wire . Little expensive but I don't have time to find it in my locality and quality is also good.,These are strong and better than plastic tags which you normally use to keep wires in order. These can be removed and reused. They are also very strong as they are supporting my bluetooth soundbar which I have hung up in my room.",https://m.media-amazon.com/images/I/51llGK9TR+L._SY300_SX300_.jpg,https://www.amazon.in/Essentials-Reusable-Double-Organizer-Length/dp/B07R99NBVB/ref=sr_1_444?qid=1672903017&s=computers&sr=1-444
B096MSW6CT,"Sounce Fast Phone Charging Cable & Data Sync USB Cable Compatible for iPhone 13, 12,11, X, 8, 7, 6, 5, iPad Air, Pro, Mini & iOS Devices",Computers&Accessories|Accessories&Peripherals|Cables&Accessories|Cables|USBCables,₹199,"₹1,899",90%,3.9,"7,928","【 Fast Charger& Data Sync】-With built-in safety proctections and four-core copper wires promote maximum signal quality and strength and enhance charging & data transfer speed with up to 480 mb/s transferring speed.|【 Compatibility】-Compatible with iPhone 13, 12,11, X, 8, 7, 6, 5, iPad Air, Pro, Mini & iOS devices.|【 Sturdy & Durable】-The jacket and enforced connector made of TPE and premium copper, are resistant to repeatedly bending and coiling.|【 Ultra High Quality】: According to the experimental results, the fishbone design can accept at least 20,000 bending and insertion tests for extra protection and durability. Upgraded 3D aluminum connector and exclusive laser welding technology, which to ensure the metal part won't break and also have a tighter connection which fits well even with a protective case on and will never loose connection.|【 Good After Sales Service】-Our friendly and reliable customer service will respond to you within 24 hours ! you can purchase with confidence,and every sale includes a 365-day worry-free Service to prove the importance we set on quality.","AGU3BBQ2V2DDAMOAKGFAWDDQ6QHA,AESFLDV2PT363T2AQLWQOWZ4N3OA,AHTPQRIMGUD4BYR5YIHBH3CCGEFQ,AEUVWXYP5LT7PZLLZENEO2NODPBQ,AHC7MPW55DOO6WNCOQVA2VHOD26A,AFDI6FRPFBTNBG7BAEB7JDJSMKDQ,AFQKCEEEKXCOHTDG4WUN3XPPHJQQ,AHKUUFNMBZIDLSSPA4FEHIO2EC7Q","Kunal,Himanshu,viswanath,sai niharka,saqib malik,Aashiq,Ramu Challa,Sanjay gupta","R3J3EQQ9TZI5ZJ,R3E7WBGK7ID0KV,RWU79XKQ6I1QF,R25X4TBMPY91LX,R27OK7G99VK0TR,R207CYDCHJJTCJ,R3PCU8XMU173BT,R1IMONDOWRNU5V","Good speed for earlier versions,Good Product,Working good,Good for the price,Good,Worth for money,Working nice,it's a really nice product","Not quite durable and sturdy,https://m.media-amazon.com/images/W/WEBP_402378-T1/images/I/71rIggrbUCL._SY88.jpg,Working good,https://m.media-amazon.com/images/W/WEBP_402378-T1/images/I/61bKp9YO6wL._SY88.jpg,Product,Very nice product,Working well,It's a really nice product",https://m.media-amazon.com/images/W/WEBP_402378-T1/images/I/31IvNJZnmdL._SY445_SX342_QL70_FMwebp_.jpg,https://www.amazon.in/Sounce-iPhone-Charging-Compatible-Devices/dp/B096MSW6CT/ref=sr_1_3?qid=1672909124&s=electronics&sr=1-3
B08DPLCM6T,LG 80 cm (32 inches) HD Ready Smart LED TV 32LM563BPTC (Dark Iron Gray),"Electronics|HomeTheater,TV&Video|Televisions|SmartTelevisions","₹13,490","₹21,990",39%,4.3,"11,976","Resolution: HD Ready (1366x768) | Refresh Rate: 50 hertz|Connectivity: 2 HDMI ports to connect set top box, Blu Ray players, gaming console | 1 USB ports to connect hard drives and other USB devices|Sound output: 10 Watts Output I 2 Speakers | DTS Virtual:X | Sound Type : Down Firing|Smart TV Features: Web OS Smart TV | Wi-Fi | Home Dashboard | Screen Mirroring | Mini TV Browser | Multi-Tasking | Office 365, Set WXHXD (with Stand ) mm - 739 x 472 x 168|Display: Active HDR | Display Type: Flat | BackLight Module: Slim LED|Warranty Information: 1 Year LG India Comprehensive Warranty and additional 1 year Warranty is applicable on panel/module from the date of purchase|Installation : For requesting installation/wall mounting/demo of this product once delivered, please directly call LG support (Please visit LG Website for Toll Free Numebrs) and provide product's model name as well as seller's details mentioned on the invoice","AHBNKB74LGTYUOKPAJBSKNFV45CA,AFIECTV45ADX5YPTE2VU6ORRHTGQ,AFDUJI7KG7VMZF4JGJHV4DBCA4OA,AEUWKSX5ZL7DWOOYVDOWJKBHOVXA,AHEJW5MYVFOQBEXD6BIUBB3PJBPQ,AEM2Y22BKLFYL5BK7SC56Q75ODOQ,AHWDVB4OO4S3YS5RYQZIDBNV6BUQ,AFCEDQXVCB4LUUBWXRJS6KRU62FQ","NIRMAL.N,Manoj kumar,SOMNATH DAS,Harsha,Pradhut Roy,MAHENDRA NATH DAS,Naveen Kumar,Gopi Sahu","R2PNR69G0BQG2F,R31A0WWDEYMKEW,R2C4XEWFLVU7JV,RYWES5AT5FQO6,R1PGWAY5TEWLT4,R32542OPR0QC4I,R2JDJEVZ2G7EEK,R36EHHPAQNSSOF","Sound quality,Very nice,Value for money,Good,Good for its price.,Good item,Budget friendly,Good","LG was always Good , correct delivery, good service but sound quality was poor. The speakers were fitted below the tv. No clear sound. That was the only problem.,Good videoGood vice,Picture quality is awesome.,Good at that price,Okay product, the OS has lags after about a year of use. This is the best you can get for the price tag it comes with.,I like it,Best one when it comes to bugdet, easy installation and handy features.,Good",https://m.media-amazon.com/images/W/WEBP_402378-T2/images/I/51v-2Nzr+ML._SY300_SX300_.jpg,https://www.amazon.in/LG-inches-Ready-Smart-32LM563BPTC/dp/B08DPLCM6T/ref=sr_1_21?qid=1672909124&s=electronics&sr=1-21
B00AXHBBXU,"Casio FX-82MS 2nd Gen Non-Programmable Scientific Calculator, 240 Functions and 2-line Display, Black",OfficeProducts|OfficeElectronics|Calculators|Scientific,₹522,₹550,5%,4.4,"12,179","2nd edition comes with same features and new sleek design with curved edges which makes it compact and easy to carry|Trigonometrical, Logarithmic, Permutation, Combination and many other mathematical Functions|Colour coded keypad for easy key differentiation|Drop resistant body with water resistant printing on Keys|Works on one AAA Pencil Battery|Comes with slide-on hard case|3 Years All India Manufacturer Warranty","AHDNZMNGM6UT4M2VPRPLZ7EBWCOQ,AFI2AGCYNXV2A3SKAJRTFFX65HFQ,AEPIRPEEOWBOSQVYCEWRUCZJFSAQ,AFVP63GD2YFUXERJWKNLUY3NZSKQ,AGFEBW3IPRHJNCKQUJTJQ2GBB3RQ,AHWNQOAOX5D633L5V54NRQBS6BIQ,AEKO2ZDDNGZ4CMORVWODMHM7LD5A,AHJUIXMUINDDJJDLRFHQSHGLBSTQ","Jojo Dominic,Anshi tiwari,Rickz,Mehbub Alam,Joban,Ambika N,SHT GAMER,Amit Singh","R36XQGHL3TG2S2,R2KHO4ECNAVNOO,RHTRI5KXL3B0G,R1WKGP3JNWFPZA,RIVY9LOY4XDM8,R15QNG3FMT58V5,R27HZ0L7SXVFCU,R2WA1A30690THA","Not bad,Good for engineers.,Good,its great !,Good,200,Good,Superb quality","Good,I use this to solve my numericals and its good.,Excellent tool for kids in learning,A quality product,Good product,Product is amazing and less weight good use of it and u can go for it,Good,https://m.media-amazon.com/images/I/61uctVLMIjL._SY88.jpg",https://m.media-amazon.com/images/I/41LcHKyVl9L._SX300_SY300_QL70_FMwebp_.jpg,https://www.amazon.in/Casio-Non-Programmable-Scientific-Calculator-Functions/dp/B00AXHBBXU/ref=sr_1_79?qid=1672902998&s=computers&sr=1-79
B00VA7YYUO,Apsara Platinum Pencils Value Pack - Pack of 20,Home&Kitchen|CraftMaterials|DrawingMaterials|DrawingMedia|Pencils|WoodenPencils,₹99,₹99,0%,4.3,"5,036",Extra dark writing pencils|No. 1 recommended stationary by teachers for children|Designed to aid legibility,"AETT3TJOC4QSORCIDNNMRWXFQBJA,AEKSSQBYFN4PVMF6TFSWCDM3GGBA,AH6FWLRYYSUC255E7WWU5QRIWS7Q,AFLKD5Z33WDQ2XULJBYG76T3YGVQ,AGT5DX567X2NQXMMIEMN3DPDQNSA,AED67MOMBSOFF4YGXKG4BNH4L7CQ,AHVGOLL7QJE3QK46VKGLFMON2ZZQ,AFJSUF6UQOVP4YGWFRSY6RSQJ2WQ","Shahul Hameed Izzath,Ram,Boopathi,seeni,Umesh Bagul,Mohd Aslam Khan,CamRawLoofy,Anshuman Kashyap","R3V5B4OYIG9WX6,R287NQW44CH5BZ,RL140F6KGYTH4,R2D7WN5M1VMOJZ,R2D5P5WYK76VHV,RH7OQL4IKCOHR,R3O343FKFZ25X1,R396V5FTETX0DC","Great,Don't but space pencil,Ok,Best pencil,Nice pencil,It is ok,MRP on the box is 95,Best in its class!","Value of Money ...,Amazing apsara changed my son is left handed it changed his handwriting good but space pencil is litte ok,Ok,Value for money.,Nice pencil,It is ok,https://m.media-amazon.com/images/I/71QfDO96QaL._SY88.jpg,One of the best option to save money.",https://m.media-amazon.com/images/I/41q7jfLMl3L._SY300_SX300_QL70_FMwebp_.jpg,https://www.amazon.in/Apsara-Platinum-Pencils-Value-Pack/dp/B00VA7YYUO/ref=sr_1_296?qid=1672903010&s=computers&sr=1-296
B08HDJ86NZ,"boAt Deuce USB 300 2 in 1 Type-C & Micro USB Stress Resistant, Tangle-Free, Sturdy Cable with 3A Fast Charging & 480mbps Data Transmission, 10000+ Bends Lifespan and Extended 1.5m Length(Martian Red)",Computers&Accessories|Accessories&Peripherals|Cables&Accessories|Cables|USBCables,₹329,₹699,53%,4.2,"94,363","The boAt Deuce USB 300 2 in 1 cable is compatible with smartphones, tablets, PC peripherals, Bluetooth speakers, power banks and all other devices with Type-C as well as Micro USB port|It ensures 3A fast charging and data transmissions with rapid sync at 480 mbps|The premium Nylon braided skin makes it sturdy and invincible against external damage|Its Aluminium alloy shell housing makes it last longer with 10000+ Bends Lifespan with extended frame protection for strain relief|The resilient and flexible design offers a tangle free experience seamlessly|Deuce USB 300 cable offers a perfect 1.5 meters in length for smooth & hassle-free user experience|2 years warranty from the date of purchase","AEWAZDZZJLQUYVOVGBEUKSLXHQ5A,AG5HTSFRRE6NL3M5SGCUQBP7YSCA,AH725ST5NW2Y4JZPKUNTIJCUK2BA,AHV3TXIFCJPMS4D5JATCEUR266MQ,AGWIGDEMFIIUAOXYY2QATNBSUGHA,AFSTSLQUV4EVEXWKBOLEFHL2H5YQ,AGAKDNBHY2FKX7I4ACRGILU7QL7A,AFNWJUWJRHCC6HN52KMG5AKZY37Q","Omkar dhale,JD,HEMALATHA,Ajwadh a.,amar singh chouhan,Ravi Siddan,Himanshu Goel,Udaykumar","R3EEUZKKK9J36I,R3HJVYCLYOY554,REDECAZ7AMPQC,R1CLH2ULIVG5U3,R2DMKIBGFKBD6R,RC89B5IAJUTR5,R3B3DDON5FH8DS,R13WAEJDI5RS36","Good product,Good one,Nice,Really nice product,Very first time change,Good,Fine product but could be better,Very nice it's charging like jet","Good product,long wire,Charges good,Nice,I bought this cable for Rs.339 worthy product for this price, i tested it in various charger adapters 33w and 18w it supports fast charging as well.,Good,Ok,I had got this at good price on sale on Amazon and product is useful with warranty but for warranty you need to go very far not practical for such a cost and mine micro to type c connector stopped working after few days only.,I like this product",https://m.media-amazon.com/images/I/41V5FtEWPkL._SX300_SY300_QL70_FMwebp_.jpg,https://www.amazon.in/Deuce-300-Resistant-Tangle-Free-Transmission/dp/B08HDJ86NZ/ref=sr_1_4?qid=1672909124&s=electronics&sr=1-4
B085194JFL,"tizum HDMI to VGA Adapter Cable 1080P for Projector, Computer, Laptop, TV, Projectors & TV","Electronics|HomeTheater,TV&Video|Accessories|Cables|HDMICables",₹279,₹499,44%,3.7,"10,962","Superior Stability: Built-in advanced Certified AG6200 IC chip converts HDMI digital signal to VGA analog signal. It is NOT a bi-directional converter and cannot transmit signals from VGA to HDMI.|Compact Design: Tizum HDMI to VGA adapter is compact & lightweight which makes it easy to carry, travel friendly and also saves space on your desk helping it keep clutter free.|High Definition Image Quality: The HDMI male to VGA female converter supports resolution up to 1920x1080 60Hz (1080p Full HD) including 720p, 1600x1200, 1280x1024 for high definition monitors & projectors.|Wide Compatibility: The adapter is compatible with Computer, PC, Desktop, Laptop, Notebook, Chromebook, PS3, Xbox, Set Top Box, TV & other devices with HDMI port. Note: Does not Support Audio.|Incredible Performance: It resists corrosion & abrasion; improves signal transmission; & protects HDMI port of your device to ensure a longer lifespan","AEO5FHWNOSFBT554DKQAG4ICBGFQ,AGIQ5Y7Q4MKZ542KKVFZLAIZV6GQ,AFD53TWXXCPJAYQJ7REZPW34AKKQ,AHBMHE56M3IAD7Z4KXUKREAZX3WQ,AFR4YULNFZZC5DJOWH2KNFAOM6BQ,AEP5UMK4KDMGZGBHBLZDB2R37OMA,AHLKQWAPXICPCSCIPIF6C6FOENOQ,AHTBS46SCEBGWK4SUH3FOQEORR3Q","aditya d.,Paranthaman,ashik rahman c,Rajas c.,Madan Tejaswi,Sumit,chaitanya srikrishna,subeh sharma","R1GYK05NN6747O,R1J21BZ29NGQF9,R16JCHEILBYOMW,R2WVVS88M7SH18,R2MQ3VB8ZTUS48,RBJPTKHYQ7G7U,R37PKO5FUPJW35,R38R2YC2J2BMWR","Good product ; Average Finishing,Save it purpose well without any issue. I am satisfied,No issues,NO NEED TO PUT AUX CABLE FOR CONNECTING AUDIO FROM SECONDARY MONITOR,Good product,Not so Bad,Good,Worked will for only 3-4 months.","This connector has provided as a boon for my old Samsung LCD monitor and I am proactively using that monitor as the 2nd screen just if the finishing of the product can be improved then it would be a better purchase option.,Save it purpose well without any issue. I am satisfied,Working fine,GO FOR IT,It’s works properly good product but poor quality,I buy this product after so many reviews. this product is not so much clear. But it get the job done. you can buy to get display only. not so much clear. but still price is very good compare to other products.,Good,It worked really well for 3-4 months but now it started showing its ""cheap chinese"" side. Display keeps disconnecting randomly and will come back. It's a headache to read/work on external monitor now since it keeps disconnecting the external monitor and then reconnects it.",https://m.media-amazon.com/images/W/WEBP_402378-T1/images/I/31MIyzg8uzL._SX300_SY300_QL70_FMwebp_.jpg,https://www.amazon.in/Adapter-Projector-Computer-Laptop-Projectors/dp/B085194JFL/ref=sr_1_23?qid=1672909124&s=electronics&sr=1-23
B00LZLQ624,"Classmate Soft Cover 6 Subject Spiral Binding Notebook, Single Line, 300 Pages","OfficeProducts|OfficePaperProducts|Paper|Stationery|Notebooks,WritingPads&Diaries|WireboundNotebooks",₹157,₹160,2%,4.5,"8,618","The cover design of the notebook is subject to change, it depends on stock availability|6 subject notebook-single line, 300 pages, spiral binding, soft cover, 297mm*210mm|Six subjects one notebook only the best from classmate|Classmate uses eco friendly and elemental chlorine free paper|This notebook consists of papers","AF3GETWWBGMLASY2KKNNBS2VO6DQ,AEZPNXZLF5U7XEX6TOW3J56C3XDA,AF772O5YC4ZR6O2Y4VMIWTWEZMPA,AECNKBFNUZ5AY4RLJIYQOHMMKQVA,AH7MHPNMOPCXJHV56ITYG5BNCVNA,AGVVJUVII5T3HT6O5F7YHQNOXCPA,AGEDNYHQPV3GSF7ZKA3WWGDLKGGQ,AEDVHCTFRSHLBEEGFK3H45GATQFA","Anirban B.,Amita,Ayushi Raj,Neeraj Rawat,Salma,Certified buyer,Ayush,S.Balasubramanian","R2QV1JD5V8C2S1,RG4C2KF3ZRM0O,R2W29VY8NK4944,R1CND8STT3PIJ9,R28HD6AAAURKH9,R1YCVCHRY2S75S,R3HTDIUAXMK62H,ROTGU2DMM6OU0","An Overall Good Product.,Great notebook, but..,Good,Awesome,Paper quality not nice,Very good copies,Design,Good product","First Of all, the item looks good attractive. The front and back side covers are good, feels smooth and premium. I give it a 4 star considering the below points..Also, Thanks to Amazon for Superfast Delivery.1. Paper quality - nice, I used Ball pens, Sketch pens and also inkpens. all cases no soaking of ink.2. Binding - Spiral Binding and qality is good and attractive.3. Sturdiness - Here it could have been a little better, considering the price tag.4. Light Weight - Binding and Paper quality is nice, still lite weght. That's a Plus.5. Writing Experience - Better than average available notbooks in similar pricetag.,First off, the notebook design is great, pages are nice and smooth, but a bit on the thinner side. The subject dividers are thicker than other pages.The QC has some issues, as of the one unit i ordered for testing this product @118 rs some pages were folded up from the corners and become larger when unfolded as depicted in the picture above. Many pages were glued onto each other hence, tearing some part when flipping them again, illustrated in the picture added above.Its an absolute steal deal for rs 118 per piece as no other notebook competes in the spiral bind 300 page market, and notebooks of about 200 pages non spiral bound of a simillar size are sold for @84 rs as of writing this review.The only downside I found besides the QC is that it doesn't include an index page, otherwise; it has some games, riddles and a notes pages like other notebooks and the first page is dedicated to the owners details and contact N.O. Great to see it present.Overall i recommend this product because of the value for money and the quality. I understand my unit was a one off as other reviews don't seem to mention this. Will update after using this for a few more weeks,The product is worth the money. The paper quality was good and it has six separations for six different subjects.,Valu for moneyPremium quality,,I ordered 3, only one copy was a bit damaged from the binding.,I got all the same design notebook. Which is Little disappointing me. Except that everything is fine!,Good product",https://m.media-amazon.com/images/I/419KXo-7kDL._SX300_SY300_QL70_FMwebp_.jpg,https://www.amazon.in/Classmate-Premium-Subject-Notebook-Single/dp/B00LZLQ624/ref=sr_1_108?qid=1672903000&s=computers&sr=1-108
B00KIE28X0,"Camel Artist Acrylic Color Box - 9ml Tubes, 12 Shades",Home&Kitchen|CraftMaterials|PaintingMaterials|Paints,₹310,₹310,0%,4.5,"5,882",Set of 12 assorted Shades in 9 ml tubes,"AEF5YBIELXGHKIQUBYBHTEPHHAHA,AETP2GEWPZZBFPYMEMT7GSNYWYGA,AH6PZK3J5MOWJGYL4TNLJEOQCFEQ,AHHV6JDMQT4XARSRIQ7QVIJVLZCQ,AHH25W6KHMEYNBKGDDRMT4VJEUDQ,AGKFR5XM34RLI4CEM5ZA3C2Z3OMA,AEV4TPYJS3L7ZBGHNQ2QFYSOKHBA,AGSFY2HVKGNNWGDB3JVE3ILC6CCA","Daisy daniel,POONAM A.,T.GIFTSON,ANIRBAN SAHA,Priyanka,SANDIP BHAI,Ekram Mohammad,vasantha Lakshmi","R37O1AOVLZR8TU,RUYL5687EN2BX,R8U5WNK0AIG7Y,R3H9P56ULTAQPF,R30PHBPIAKX58X,R21C69PPTIH20R,R32PBJHMTKPBKA,R15OREDN2ZTOEY","Noice,Love these.!,Good,Nice product,Good items,Drawing ke liye Maine mangvaya tha,Nice acrylic paint tubes. Good one,Smooth paste nice product","https://m.media-amazon.com/images/I/715D5RP3RIL._SY88.jpg,They r super  good..Love them,Nice,Nice.,Good product,Bahut acche lagte Hain,My daughter liked these acrylic paint tunes. Nice colors,https://m.media-amazon.com/images/I/81KRMZJ2LRL._SY88.jpg",https://m.media-amazon.com/images/I/51UTH-oHa9L._SY300_SX300_QL70_FMwebp_.jpg,https://www.amazon.in/Camel-Camlin-Kokuyo-Acrylic-Color/dp/B00KIE28X0/ref=sr_1_334?qid=1672903011&s=computers&sr=1-334
B08CF3B7N1,"Portronics Konnect L 1.2M Fast Charging 3A 8 Pin USB Cable with Charge & Sync Function for iPhone, iPad (Grey)",Computers&Accessories|Accessories&Peripherals|Cables&Accessories|Cables|USBCables,₹154,₹399,61%,4.2,"16,905","[CHARGE & SYNC FUNCTION]- This cable comes with charging & Data sync function|[HIGH QUALITY MATERIAL]- TPE + Nylon Material to make sure that the life of the cable is enhanced significantly|[LONG CORD]- The Cable is extra thick 1.2 meter long, optimized for an easy use for your comfort at home or office|[MORE DURABLE]-This cable is unique interms of design and multi-use and is positioned to provide the best comfort and performance while using|[UNIVERSAL COMPATIBILITY]- Compatible with all devices like iPhone XS, X, XR, 8, 7, 6S, 6, 5S, iPad Pro, iPad mini and iPad Air","AE3Q6KSUK5P75D5HFYHCRAOLODSA,AFUGIFH5ZAFXRDSZHM4QB2KPKFUQ,AFK4NJOLFSJGWLOJIUIAROJF6YVA,AFUOTYRFUXVPEBGIXVZZ7DR3CZUA,AFDLRSXKDZ6U3U3KD46SQLFGZQRA,AH5VLM66SIK7J3IRG4NY7XVOQ55A,AE3MQNNHHLUHXURL5S7IAR7JTGNQ,AFSEOFZY67MYC7UAJU264Z5NFTLA","rahuls6099,Swasat Borah,Ajay Wadke,Pranali,RVK,Bhargav,Durai Vignesh,Amazon Customer","R1BP4L2HH9TFUP,R16PVJEXKV6QZS,R2UPDB81N66T4P,R3KK4GT934ST3I,RCFHMWUSBIJO,RDO7DACXMAJ84,R3A6MEZL3LY66Z,R1ESIEKPGAYA29","As good as original,Decent,Good one for secondary use,Best quality,GOOD,Amazing product at a mind blowing price!,Nice Quality,Good product","Bought this instead of original apple, does the work for 150rs, not as fast as apple charger but its a good option if you want cheap and good product, bought it for iPad pro 10.5 and it's working flawlessly, build quality is ok, its not like i am gonna hang my clothes on it and i want a very strong cable, even a braided cable stop working after a year, i have used both Anker and Apple store strong braided cable they all stop working after a year so please don't buy high end cables just for that instead choose a this one and even if it's stops working withing a year you only loose 150rs compares to 2000rs.UPDATE------------------------------------pin has stopped charging from one side, now i have to slip the pin to charge from other side, but i will update and let know for how long does it work,,It’s good. Not sure about durability as the pin area feels a bit fragile,Does not support apple carplaySo was little disappointed about thatOther than that cable is made up of very good quality,Best to buy,100% NOT FATHFUL,Writing this review post 10 months and 3 orders of the same product.Honestly Portronics Konnect L lightning cable works like magic with the original Apple charging brick.Seeing the price of the cable I initially hesitated buying as it was as low as ₹99/- with the offers and so I wasn’t sure if it would work well with my iPhone 12 or whether it would impact my iPhone’s battery health because all the other lightning cable brands were costing over ₹350/- like Wayona, Amazon Basics, etc.Earlier I was using Wayona Brand lightning cable with eventually frayed and stopped working.Charging Speed:Charges my iPhone fast enough almost similar compared to the original cable level when used with 12W Original Apple power adapter.Quality and Durability:Great quality braided cable and doesn’t tangle easily and can withstand day-to-day usage.L-Shaped pin:This is very innovative by Portronics and it makes sure the cable doesn’t get damaged even if used while charging.CarPlay and Data Sync:Works smoothly with CarPlay and syncs data effortlessly.PS: I have used this cable only with the Original Apple Charging Brick and extremely satisfied with its performance.,Better than I expect the product I like that Quality and I plan to buy same type cable come with usb C to Lighting cable for emergency purpose that much I love this cable. Buy for this cable only emergency uses only since Good one,Good product and value for money",https://m.media-amazon.com/images/W/WEBP_402378-T2/images/I/31VzNhhqifL._SX300_SY300_QL70_FMwebp_.jpg,https://www.amazon.in/Portronics-Konnect-POR-1080-Charging-Function/dp/B08CF3B7N1/ref=sr_1_5?qid=1672909124&s=electronics&sr=1-5
B09F6S8BT6,Samsung 80 cm (32 Inches) Wondertainment Series HD Ready LED Smart TV UA32T4340BKXXL (Glossy Black),"Electronics|HomeTheater,TV&Video|Televisions|SmartTelevisions","₹13,490","₹22,900",41%,4.3,"16,299","Resolution: HD Ready (1366x768) | Refresh Rate: 60 hertz|Connectivity: 2 HDMI ports to connect set top box, Blu Ray players, gaming console | 1 USB ports to connect hard drives and other USB devices|Sound : 20 Watts Output | Dolby Digital Plus|Smart TV Features : Personal Computer | Screen Share | Music System | Content Guide | Connect Share Movie|Display : LED Panel | Mega Contrast | PurColor | HD Picture Quality | Slim & Stylish Design|Warranty Information: 1 year comprehensive warranty plus additional 1 years on panel by brand from date of invoice|Installation: TV Table stand is not included in the box with this model. customer may ask for Table Top Stand or Wall Mount which will be provided to the customer at the time of installation, please directly call Samsung support on [1800407267864 / 180057267864] and provide product's model name as well as seller's details mentioned on the invoice|Easy Returns: This product is eligible for replacement within 10 days of delivery in case of any product defects, damage or features not matching the description","AHEVO4Q5NM4YXMG2HDDXC5XMBGRQ,AFZPH7ZAWX5VDY3HOBNYRDGIDBVA,AFURD6VVHRG4HZ36KXGXYUTVUDLA,AHJF5BZJNDLXJXSW74ZPLHGO7GUA,AFUS52CHEA75E2YGQ6SYGP3PKBGA,AGS3YC22FW2PCSH3I7ODDXETZ6BA,AGGI2H2AGOIX6IBDJRWULYUP5DPQ,AG4TU4LCQXF2XTLMMGMFTNWL3OOA","Rahman Ali,MARIYA DASS,Md Aftab,roshan s.,Mohan,Devendu Sawant,Shek hussain,Prathap Pathaneni","R1SN0D4DFBKAZI,R1SX5L77L2CD6V,R1NAZ6M4QBUJMK,R25I5FXOJA76KS,R32V7DQLDSKJ99,R8QWY8HXI120P,R2OZPGGMUCLSC1,R1G4SA1P865EIS","Good,Sound is very low another brand comparing in better,Service provider not meet my home refuse, tv i am not using bad service,Good product,Ok super,Floor stand does not come with it ...,Good,A budget friendly TV with a clumsy UI and Remote","Overall good.,TV picture ok smart betterSound very low another brand,Service provider refuse install my TV, bad service and samsung, I am calling 3 times service provider. Not meet my home address.why ? Bad bad,They product did not come with the support stand or wall hanging hook to install the Tv,Picture quality is very poor in cables,Floor stand does not come with it ... You have to buy it seperately. Request Amazon to cleary mention it in the add . You will have to pay seperate charges for the installation guy to buy the floor mount .,Good,",https://m.media-amazon.com/images/W/WEBP_402378-T1/images/I/51q3+E64azL._SX300_SY300_.jpg,https://www.amazon.in/Samsung-Inches-Wondertainment-UA32T4340BKXXL-Glossy/dp/B09F6S8BT6/ref=sr_1_24?qid=1672909124&s=electronics&sr=1-24
B00UGZWM2I,COI Note Pad/Memo Book with Sticky Notes & Clip Holder with Pen for Gifting,"OfficeProducts|OfficePaperProducts|Paper|Stationery|Notebooks,WritingPads&Diaries|Notepads&MemoBooks",₹198,₹800,75%,4.1,"9,344","It is a diary style desk organizer,memo note pad with a closed size of 7.5 X 4.5 inch appox|It has 3 sizes of sticky note pad & 1 pad of loose sheets with clip holder and a pen|No. of sheets in sticky note pad of yellow(appox size 4 x 3 inch ) ,pink(appox size 3 x 2 inch ) are 50 approx|No. of small strips / flags (size 2 x .5 inch ) are 20 approx.Each color and no.of loose sheets( size 7 x 4 inch ) are 50 apprx and the colored small stripes/flags will be arranged randomly|Colored stripes and pen design is indicative and might show slight variations","AENFXWHBX7R7PZG2Q67PXLFGPHAQ,AESZWZDE27MOGUHBRLCLXLVPGAFQ,AG4UQP4EKBXW3ZFQFIEGYNY2UHWQ,AFOLBZKWUZVF4PQ33ISHI3DEFDUA,AFV6VAGYLU35VYPDF7TN4ZJOCTWA,AGA4MZI3ZKNPYUXSJ5OHUNI7EJPA,AFJCL4S4SSCDXKTSMZJQ7DWNWQBA,AFRUA3JDKXTUMZLL7DF6FA632JVQ","Ghazal,Vishwajeet,PREETI RAWAT,Karthi,Punjal s.,Anjali,Amazon Customer,jezz.ralte","R1XME75YUKM2OB,RZ4IS44C3AS2F,RDD5TKKRXAHI6,R3IYQJAV7Z3IIJ,R1OUFD8RNQEGRO,RUTSM8SFB6IK1,RD1I9V3J84SRN,R19Y060OGX1449","Multipurpose and time-saving,Good notepad for travelers,Nice for the personal stuff,Super 👍,Most amazing product.,Too costly,Useful product,Good","Compact product to use during travels or even at home. I don't need to search for different items. I can just grab it and use it for multiple purposes. Go for it!,Good for taking notes and reminders in a single pack.,This is especially for those who are used to be more comfortable to be organised.,Nice product,You can carry it with you anywhere.... There is no need to worry about space. You can makea list make a note and absolutely you can re-use it.,Product is good indeed I wanted to buy it for long but it is costly,,Today i received my package and yeah it is really cute.Not fully satisfied with the cover but overall its good. Worth it. It is all in good condition and it also comes with a pen too.  Really recommend you to buy ut.",https://m.media-amazon.com/images/W/WEBP_402378-T1/images/I/41oLhpKArFL._SY300_SX300_QL70_FMwebp_.jpg,https://www.amazon.in/COI-Sticky-Notes-Holder-Gifting/dp/B00UGZWM2I/ref=sr_1_128?qid=1672903001&s=computers&sr=1-128
B07JB2Y4SR,Classmate Octane Colour Burst-Multicolour Gel Pens (Pack of 10) | Gold & Silver Glitter Sparkle Pens|10 colour ink shades for art lovers and kids|Fun at home essentials,Home&Kitchen|CraftMaterials|DrawingMaterials|DrawingMedia|Pens,₹90,₹100,10%,4.4,"10,718",10 Rich colours with silver and gold options|Comforatble writing grip|Stylish sculpted design,"AFZD4RCAOTL4JRRKT6WHVVJWDNHA,AECAPFEPRBCKU4VOBRUGOVMNJBXA,AH2UVQCFNAROZ46WLW3GCZQBZ6TQ,AE4FRP3D6KIQG7H3GP436GUD52VQ,AEZGVKB6YZLTQQTT356NGQIXBMCA,AESGKVHA72PDDC7C45OGNNEMTUKA,AFSSI6KQRVUBQ6DTUNIXZ4PJ4Z2A,AG2X6AGQIUAPKCJIXEZTL2DPVISQ","Vijaya,Kumkum Kumari,Amazon Customer,Altaf Khan,Praduman Singh,JV,Lata Sharma,sridevi  k👍","R1NXQAUJ3LO3OW,R1MWEBTA35BES8,R2OTG33BME1DP2,R2ADKUIQDNC4CS,RXCSU83UL85LG,R1IU2CXD6J2VT9,RXCA5L1FET3BK,R2PXB1JH0VU4MO","Very good,WORTH TO BUY.,Writes neat but smells bad,Like ok ok,Nice,👍,Amajin!,One pen is missing. Silver colour pen is missing","Nice combination for color sketches,It glides great but is sometimes not..,Smells bad when you open it,Cap grip not good,All good just the little messed up,Gel ink is good, but the cap isn't tight enough, keeps coming off,I literally like the flow which is smooth like butter. Plus this also contain golden and silver shades 👍,https://m.media-amazon.com/images/W/WEBP_402378-T2/images/I/71J4WF7wTSL._SY88.jpg",https://m.media-amazon.com/images/W/WEBP_402378-T2/images/I/51zIKeCjN-L._SX300_SY300_QL70_FMwebp_.jpg,https://www.amazon.in/Classmate-ITC-Octane-Colourburst-Pen/dp/B07JB2Y4SR/ref=sr_1_343?qid=1672903012&s=computers&sr=1-343
B08Y1TFSP6,"pTron Solero TB301 3A Type-C Data and Fast Charging Cable, Made in India, 480Mbps Data Sync, Strong and Durable 1.5-Meter Nylon Braided USB Cable for Type-C Devices for Charging Adapter (Black)",Computers&Accessories|Accessories&Peripherals|Cables&Accessories|Cables|USBCables,₹149,"₹1,000",85%,3.9,"24,871","Fast Charging & Data Sync: Solero TB301 Type-C cable supports fast charge up to 5V/3A for devices and data syncing speed up to 480Mbps.|Universal Compatibility: This USB charging cable connects USB Type-C devices with standard USB devices like laptops, hard drives, power banks, wall and car chargers, etc..Connector One: Reversible Type C|Connector Two: USB A Type|Rough & Tough Type-C Cable: Charging cable with a double-braided exterior, premium aramid fiber core and metal plugs. It has passed 10,000 bending tests and can easily withstand daily use.|Extended Length: 1.5-meter long c-type cable uses nylon material to protect the wire and avoid knots.|Perfect Fit Connectors: pTron Soler USB-C has passed the 5KG load test, swing test, 5000+ times connect & disconnect to ensure that there are no loose connections.","AEQ2YMXSZWEOHK2EHTNLOS56YTZQ,AGRVINWECNY7323CWFXZYYIZOFTQ,AHBAT6VLOXWGYDL57KHCNCLPXAKA,AF7NDY2H6JVYTSQOZP76GCATQ34Q,AFV7ZA733ZLME4KNLZPMPCBUNPPA,AHFAAPSY2MJ5HYOU2VQDJ7AQY4NQ,AH2WGV2PEBUTICRPBEEVKF24G5LA,AEP4MK3EKOBDKTGPJTRN5RBDIODA","Jayesh,Rajesh k.,Soopy,amazon customer,Aman,Shankar,dinesh,Chitra,Ajaybabu.O.M","R7S8ANNSDPR40,R3CLZFLHVJU26P,RFF7U7MPQFUGR,R1MV1NKC23DWPI,R11D3U0V2XKDKF,R18MP1KLUE18PC,RWGJNVEH5ZQME,R1XN72FU6Q37IH","It's pretty good,Average quality,very good and useful usb cable,Good USB cable. My experience was very good it is long lasting,Good,Nice product and useful,-,Sturdy but does not support 33w charging","It's a good product.,Like,Very good item strong and useful USB cableValue for moneyThanks to amazon and producer,https://m.media-amazon.com/images/I/51112ZRE-1L._SY88.jpg,Good,Nice product and useful product,-,Sturdy but does not support 33w charging",https://m.media-amazon.com/images/I/31wOPjcSxlL._SX300_SY300_QL70_FMwebp_.jpg,https://www.amazon.in/Solero-TB301-Charging-480Mbps-1-5-Meter/dp/B08Y1TFSP6/ref=sr_1_6?qid=1672909124&s=electronics&sr=1-6
B0B1YVCJ2Y,Acer 80 cm (32 inches) I Series HD Ready Android Smart LED TV AR32AR2841HDFL (Black),"Electronics|HomeTheater,TV&Video|Televisions|SmartTelevisions","₹11,499","₹19,990",42%,4.3,"4,703","Resolution : HD Ready (1366x768) | Refresh Rate : 60 Hertz | 178 Degree wide viewing angle|Connectivity: Dual band Wifi | 2 way Bluetooth | HDMI ports 2.0 x 2 (HDMI 1 supports ARC) to connect personal computer, laptop, set top box, Blu-ray speakers or a gaming console | USB ports 2.0 x 2 to connect hard drives or other USB device|Sound: 24 Watts Output | High Fidelity Speakers with Dolby Audio | 5 Sound Modes - Movie, Music, Standard, News, Sports|Smart Tv Features: Google certified Android TV 11 | Google Assistant | Chromecast built-in | Voice controlled Smart Remote | Hotkeys for Quick Access - Netflix, Prime Video, YouTube, Disney+Hotstar | 5 Picture Mode | 1.5GB RAM | 8GB Storage | 64bit Quad Core Processor|Display : 16.7 Million Colours | Wide Colour Gamut | Intelligent Frame Stabilization Engine | HDR10+ | Super Brightness | Micro Dimming | Blue Light Reduction|Warranty Information: 1 year comprehensive warranty provided by the manufacturer from date of purchase|Installation: Installation/Wall mounting/demo will be arranged by AHS Team. For any other information, please contact Amazon customer support | Wall Mount is not included in the box and will be charged at the time of installation|Easy Returns: This product is eligible for replacement within 10 days of delivery in case of any product defects, damage or features not matching the description","AFSMISGEYDYIP3Z42UTQU4AKOYZQ,AF5ILQY4KFDTO5XHHBJ42W5DXCZQ,AFBK3X6D3AHEHSYYXPL4L6JEMSLQ,AFNB6YVNGE6IT3AWQVSIG2TJ5L3Q,AGGKMIGXUM3JRNVY7HZ3JHPJ7WTQ,AFMECPERM2GI2XQJSBWEPZKODISQ,AETPKXNOTUEX5GH7WL7XQHDR5M7Q,AERFCJ6BOMVO5YW5XM5Z2ESOIK3A","Ayush,ROHIT A.,Kedar,Haran,Santosh Ghante,KRISHNENDU,Harindra,sangamesh","R1EBS3566VCSCG,R24MB66WRPSN2A,R25UU2M1B9BO5X,R1NXW7PGVND2LE,R3OSBPH7X9AQUK,R2I8RVEPDM0IMQ,R5RES2LABIW7Q,R3A3IRV8ZWP1U9","Wonderful TV and Awful installation service from amazon,Acer Television Review,It's a good product for that price.,Good for the price,Almost a complete package,Nice Product,Good product,Super designed","About the TV - Wonderful---------------------------------------------------------------Probably the best TV in this price range (INR13000).Good - Google interface, loaded with features, lightweight, 55 watt power consumption, stable designAverage - Sound and Picture quality is quite good but if you compare it with premium brands then obviously not that good.Features- Most of the streaming apps available and compatible- You can connect with WiFi, LAN Cable, HDMI, Set top box, Laptop, USB, Gaming console, Old dish cable, and direct TV antenna as well- Built in chromecast to cast any compatible app directly from phone to TV over same WiFi networkWays to connect phone -1. Via cast feature on mobile apps - no password needed only need to be on the same WiFi network2. Via chromecast app - project only selected media (pics, videos) or entire phone screenWays to connect PC/Laptop -1. Windows cast option - project the entire laptop screen on TV using windows cast option ( need to be connected on same WiFi network2. Via HDMI cableAbout the Amazon installation service - Awful-------------------------------------------------------1. The technician brought a cheap hanging hook that had MRP INR116 on it and asked for INR499 for it without any receipt. He kept telling that it was not for sale and company had sent this specially. However, it clearly had MRP mentioned on it2. I went to market and bought a much better cabinet for just INR200 and for installation of that as well, technician was really adamant to drill the two required holes on top. He just drilled one on top and one on bottom and kept all the other spare screws ( which I had bought ) with him. After about half an hour of arguments, he finally drilled the other required holes. And for all this, he kept cussing me that I wasted his time. There was no assistance from the person who represented the service agency as well.This whole process took me two hours to complete that too with lots of arguments. This was the worst installation experience in my life so far.Bottomline - Please do not avail the 'so called free' installation service from Amazon. It is just a scam. Instead call the acer support. They will do the job much better.,After using it for 2 months, here are it's pros and cons:Pros :1. Great picture quality. It's awesome.2. Blacks are very good and is adjustable.3. Sound with 30db is very good4. Looks great with thin besel5. Remote comes with favorite OTT buttons.6. Content upscaling is very good.Cons:1. Remote could have been better. Can't use DTH remote to turn on both televisison and set top box.2. Remote operation is bit complex.3. Motion technology not great. There is a noticeable blur when watching moving ballson OTT, but it decreases when you switch to DTH.Overall, it's a nice buy at this price point. I think I am getting fairly better picture quality and sound. I am satisfied with the product.,Product has good picture quality. Good product at that price with 25w sound. Applications running smoothly. 3 months older & no issues yet. It's running smoothly.,You get decent features for the price you pay. Screen resolution might be. Set back as you may find pixalation. Overall it's good,I am amazed with the picture quality of this 720p (HD Ready) TV. It is truly an amazing panel. I found it suitable for a viewing distance of between 6 to 10 feet. Any nearer it may not look very crisp and any farther, it will feel like a very small size. The speakers are also very good for the price and can get very loud without any distortions. However, since the speaker is downward firing, the experience will vary based on whether the TV is wall mounted or kept on a stand.The remote is good, voice search works well for me. TV start up takes a long time in my opinion, but I have not compared it against any other 32 inch TV and hence do not know where it stands among peers.5 GHz Wifi works very well even across walls. Only negative aspect I faced is w.r.t the experience of using my bluetooth headphones/earphones. Firstly, the connection sometimes doesn't happen automatically after a  restart - which means I have to remove and re-discover the device thru the menu which is not simple. Secondly, the signal itself seems to be very weak and even at a distance of 8 feet in front of the TV, the signal breaks even if you move your head by 2-3 inches.However, I am still super happy with this TV. I got it for 8k during the launch offer and it is totally worth it and is recommended from my side.,At this price range(₹11499/-)it is good quality product on this market..acer only should work with Sound quality improvement otherwise all ok.Picture quality really impressive,wifi connectivity good,easy to install,boderless screen design is premium and also google voice support is good(sometimes lagging).No major issues found on this TV.Just go for it.,Vellu for money. Good product,Very nice productSave money",https://m.media-amazon.com/images/I/41gikeSuhAL._SY300_SX300_QL70_FMwebp_.jpg,https://www.amazon.in/Acer-inches-Ready-Android-AR32AR2841HDFL/dp/B0B1YVCJ2Y/ref=sr_1_26?qid=1672909125&s=electronics&sr=1-26
B00LZLPYHW,"Classmate 2100117 Soft Cover 6 Subject Spiral Binding Notebook, Single Line, 300 Pages","OfficeProducts|OfficePaperProducts|Paper|Stationery|Notebooks,WritingPads&Diaries|WireboundNotebooks",₹137,₹160,14%,4.4,"6,537","The cover design of the notebook is subject to change, it depends on stock availability|6 subject notebook-single line, 300 pages, spiral binding, soft cover, 267mm*203mm|Six subjects one notebook only the best from classmate|Classmate uses eco friendly and elemental chlorine free paper|This notebook consists of papers","AGQBRQKHB6V2GKNP5NQCBG3TZFPQ,AGXXROFSXQ7UYFJ4SM2KRSY5GNUQ,AE4OJDGKLBRC3SKJV2S3AHVXBWBA,AEUDSXTROWKKBDOIXDIPXVUR5GAA,AGB2VOIFUR7OVK5G6TMSPV52XHFA,AF6LSVYUDV7WMLIBPHXHBDSVFDTA,AHPXWAFSPVEID3MIG3SFU4XFOSLA,AF7QEOPISA5J33YVAQWX2EGDEPUQ","Hamsavarthini,Samir Shukla,Shahbaz,Shar,Akshay,armaan,Alok Kumar Dixit,Alok pandey","R2GUYHS0CU32OU,R3TKVWL3ZLGJ2L,R1EC5MKPYJIUG3,R3MLY4J9APFPSY,R1Q2LLFMPBKRC5,R10RLPU4M73CP6,R34MKCOD6O491E,R3R6D9TUIP8SNV","Good,Boss of premium note books 🏆,Didn't expected single binding!,Good purchase,Good Quality but paper could be thicker...,Worth the Money!,Good quality,Nice products","Paper quality is good. Worth buying...,Delivery was on time, perfect packaging,evry thing was perfect,but the price could have been little lesser of it would have cost around 100-110, it would be the perfect note book , but yeah it's ok price but whatever the premium ness is on the top or I would say more than top🤗,I ordered it for my physics note..... everything thing is good but didn't expected single metal binding......I ordered it for more aesthetic study but it works for me,Very good quality,Paper is somewhat thin compared to other notebooks but everything else is great..,,Quality of classmate's product is always undisputed.Just check for discount and then purchase.,सभी  अच्छा है।",https://m.media-amazon.com/images/W/WEBP_402378-T2/images/I/51owoY2Xq7L._SX300_SY300_QL70_FMwebp_.jpg,https://www.amazon.in/Classmate-Premium-Subject-Notebook-Single/dp/B00LZLPYHW/ref=sr_1_153?qid=1672903002&s=computers&sr=1-153
B00LY1FN1K,"Camel Fabrica Acrylic Ultra Color - 15ml each, 10 Shades",Home&Kitchen|CraftMaterials|PaintingMaterials|Paints,₹200,₹230,13%,4.4,"10,170",10 assorted ultra shades in 15ml bottle|Confirms to safety standard EN 71 - 3|Camel fabric acrylic colours are permanent on absorbent surfaces,"AEX7BFQ7AJA6LRX42T72KUOL5UVA,AH5RMYKZKKV4XY26DP4D44PIKESQ,AGV3XFWGIUXJHLG2TGMUOMPRHAFA,AETKISIGU4D6AWWNZQMNWVRWOJ4Q,AHJOREVZKA5XCCFUV4QBFLNO5GEA,AFJKLPLG5YPJLSF6BHH4W2MJI35A,AFYR2ZQMPQP6L5377C2CDAZNYAOA,AHV6MRKEUBJA3I3DDIBEB5SNNWVA","Abhilasha,G4N,Dr. Gandharav Mehta,Nimai C.,HASEENA,Unknown,Sri Prasath,Nida parveen","RXQTOG0MDLE3A,R1VHBXS1C5UHWA,R2B1K6QHH8HZMB,R1HDUYLE83VR3D,R8R0S99ZI0KQV,R3E4NAR8EOM44W,R3R6G8YFZJEHDX,R2GX99LZCQPVTB","Very good product,Good product.,Good quality,Excellent,Good quality,Good,fine,Lovely","The best thing is we can use it in different ways.,Satisfied purchase. Price is lesser than in shops. Good one. Quality also is nice.,According to description. Satisfied,Excellent,I like this product's quality. I will try to add more pictures when I finished my drafting if it looks good...,Very good to use,like it,Nice colour texture",https://m.media-amazon.com/images/I/31TDc727hUL._SX300_SY300_QL70_FMwebp_.jpg,https://www.amazon.in/Camel-Camlin-Kokuyo-Fabrica-Acrylic/dp/B00LY1FN1K/ref=sr_1_359?qid=1672903012&s=computers&sr=1-359
B08WRWPM22,"boAt Micro USB 55 Tangle-free, Sturdy Micro USB Cable with 3A Fast Charging & 480mbps Data Transmission (Black)",Computers&Accessories|Accessories&Peripherals|Cables&Accessories|Cables|USBCables,₹176.63,₹499,65%,4.1,"15,188","It Ensures High Speed Transmission And Charging By Offering 3A Fast Charging And Data Transmissions With Rapid Sync At 480 Mbps|The Braided Skin Makes It Durable And Invincible Against External Damage So You Can Have An Absolute Hassle-Free & Tangle Free Experience|Its Durable Pvc Housing And The Flexible Design Makes It Last 6 Times Longer Than Other Cables|Usb Cable Offers A Perfect 1.5 Meters In Length For Smooth & Hassle-Free User Experience For Superior Charging & Data Transfer Tasks|The Compact And Smooth Aluminium Connector Fits Most Cases Seamlessly And Resists Corrosion For Signal Purity|Micro Usb 55 Cable Offers Universal Compatibility As It Is Compatible With Most Android Smartphones, Tablets, Pc Peripherals, Bluetooth Speakers, Power Banks, Game Consoles & All Micro-Usb Enabled Devices|2 years warranty from the date of purchase","AG7C6DAADCTRQJG2BRS3RIKDT52Q,AFU7BOMPVJ7Q3TTA4G67RASTGYIQ,AER5ZGIXXVYG3AWZTRZT7M2BYCEA,AHE76XQSOLGOP5ZEKTIW6KUPDWBQ,AGXTMB2XHZBEWZ2UIX7ODZ4XTU6Q,AHNM2XVU745EDPNGUOAG74PTSNRA,AH5RWQ4S72IVLZD6O75OPCFIVDXQ,AG322TYKVPLPBDXE7ABEUK5QTALQ","Vivek kumar,Amazon Customer,SARTHAK,Chiranjeevi,V V GIRI KUMAR,Rajnandini,Akshay Talla,sudhanshu chaubey","R8E73K2KWJRDS,RSD0JTIIWQQL8,R64CRSTE9SLW1,R2FRTNIIUFJE1F,RWGNX3W7UOJ7W,R32TYHHODHTF5D,RQL9ZMQUTY7P2,R280XJ5VZUBOXV","Long durable.,good,Does not charge Lenovo m8 tab,Best charging cable,good,Boat,Product was good,1.5 m का केबल मेरे लिए बहुत ही लाभदायक है ।","Build quality is good and it is comes with 2 year warranty.,Good Product,Bought it for charging my mobile & tab but it doesn't work for Lenovo m8 tab,Guys this cable is is best compare of everyone over heat protection, quickly charging, but chance to shock circuit,good,Nice,Good quality,1.5एम का डाटा केबल मेरे लिए बहुत ही लाभदायक है ।  मैं इस केबल को लाइन में चार्ज करते समय फोन बहुत आराम से उपयोग  कर पा रहा हु । आप इस केबल से 15watt का  चार्जर उसे कर सकते है (इससे जड़ा नही) । लोकल बाजार में इसका दाम 150 है ,  अमेजन पे ये केबल मुझे 67 में मिला । गर्व से कहो हम हिंदू है , जय हिंद जय भारत ,",https://m.media-amazon.com/images/W/WEBP_402378-T2/images/I/41jlwEZpa5L._SX300_SY300_QL70_FMwebp_.jpg,https://www.amazon.in/boAt-Micro-USB-Tangle-Free-Transmission/dp/B08WRWPM22/ref=sr_1_8?qid=1672909124&s=electronics&sr=1-8
B01M4GGIVU,Tizum High Speed HDMI Cable with Ethernet | Supports 3D 4K | for All HDMI Devices Laptop Computer Gaming Console TV Set Top Box (1.5 Meter/ 5 Feet),"Electronics|HomeTheater,TV&Video|Accessories|Cables|HDMICables",₹199,₹699,72%,4.2,"12,153","Latest Standard HDMI A Male to A Male Cable: Supports Ethernet, 3D, 4K video and Audio Return Channel (ARC)|Connects Blu-ray players, Fire TV, Apple TV, PS4, PS3, Xbox One, Xbox 360, Computers, DVD Players, Set Top Box, Dish TV Box, and other HDMI-enabLED devices to TVs, displays, A/V receivers and more.Suitable For Mp3, Gaming Device, Mobile, Tablet, Laptop|Cable allows you to share an Internet connection among multiple devices without the need for a separate Ethernet cable|Meets HDMI 1.4 Standards (4K Video at 24 Hz, 2160p, 48 bit/px color depth) that supports bandwidth up to 10.2Gbps and backwards compatible with earlier versions|✔ Gold Plate HDMI Cable of Length: 5 Feet/ 1.8 Meters","AGVUE2NFN2MQEOQ4PR525B2ZI5PQ,AFO4M4BQ2WS7A3LPKJY45B5C7DYQ,AG6CREU25N6P2H7RCHNIU6GGJ5BA,AHFITGJEF76CXALJZLYP6OIC4EOA,AG54MN24SX3EMMON4AMBUNL74K3Q,AF3GETWWBGMLASY2KKNNBS2VO6DQ,AHEIPXMFMVWHNPLGUXUIV5XNP2SA,AFWQRBBVJWYTYUFQHUJE63S6VXJQ","Yashpreet Singh,Abiram,Aakaash Ramchandani,Amit katoch,Avijit Basak,Anirban B.,Dass,Gopalakrishnan","R2DIHMHOPYEASB,R24RHE9B30YXWQ,R3DYXQZQA6PPHM,R2458DMQ9C2Z4F,R36C67830VNHAA,R2GE3ZI47UVVO,R1XMBPKJ1QP1Q9,R1L6PX82T6UT6P","Cheap product and same is the performance but does the job,Good,No Box!!!,Good,Value for money,A very good quality cable with rubust built, and it does the work.,Value money,Good product.","The signal is too unstable once connect you need a bit of adjustment by unplugging or moving the wire to get a proper signal. But does the job. Go for this if you want to experiment with HDMI as I wasn't sure it would work for me or not. Otherwise go for a good quality breaded cable.,Good product,The cable did not come in a box. There is no box. If this was to be shipped without any packaging or branding, same should have been mentioned. When we pay for hi quality products, we expect a certain quality! I still have no idea if this is a hi speed 4k cable or not.,Good,Bought to connect my CP monitor (CCTV) to MI android TV.. .. OK quality at this price,I give it a 5 on 5, reasons as below..1. Amazon delivery - Super fast, same day delivery within 4-5 Hours.2. The delivery person was good.3.  Robust Built Quality, looks & feels premium.4. It is working excellent, I'm using for lapptop to big screen TV connectivity, and could see the undistorted picture and sound, nicely doing its work.A few words of cons..1. Feels a little hard to adjust and bend as per requirement, less flexible. But this may not be a serious concern.Overall a nice experience so far.,Good job,Like.",https://m.media-amazon.com/images/I/41da4tk7N+L._SY300_SX300_.jpg,https://www.amazon.in/TIZUM-Slim-1-5m-HDMI-Cable/dp/B01M4GGIVU/ref=sr_1_27?qid=1672909125&s=electronics&sr=1-27
B0752LL57V,Casio MJ-12D 150 Steps Check and Correct Desktop Calculator,OfficeProducts|OfficeElectronics|Calculators|Basic,₹440,₹440,0%,4.5,"8,610","Regular keys like %, square root and Memory|Dedicated +/- and Backspace Key. Plastic keys|Indian Comma Marker for easy reading of numbers in Lakh & Crore. Can be set to show numbers in Million & Billion also.|Operation symbol on display (+, -. x, ÷) indicates the status of operation you are currently performing|Key Rollover: Key operations are stored in a buffer, so nothing is lost even during high-speed input|Dual Powered - Solar & Battery Solar powered when light is sufficient, battery powered when light is insufficient.|Product Dimension: 30.1(H) x 123(W) x 140(D)","AFCKVOFM46DHVEVU7M4ABUCXDLLQ,AH6ROKDEOWF5LFGRK4GWLYNSO6YQ,AGWSJPW7AT2OTWNRZGKCMRT4TPYA,AFX3S2XJA42O4HP6JF2F2MM5XGFA,AHZJIQSIZULMCKUVKKUV7WG5PEKA,AGSOOGPVVNTJXHSJK7FBA7ZJHIHQ,AE5BCR4FI23IPEGD3ZSDWOGO4ALQ,AGJ64A22CHS6NGAE6LD7G7PHCYKQ","Dipu,Kayumuddin,Ankit salunke AS,Ramachandran Ravi,Nekitha V,Sumit G.,Netaji,Raymol","R3S29FN21O2CMZ,R11MO8HH0GUD1M,R3TQJKN7EJKGXO,R1TC8NPQAQ5J3C,R1PFTUO42S9ALO,R3GFV68WKN08V3,R2Y75UNA9CGD8E,RV7AO8FJ14RY7","Very easy to use,Easy to use .,Best calculator for CA students,good performanace,Nice,Best,Very nice and steardy,Good product","Very good,Nice product,https://m.media-amazon.com/images/I/71M+sT3c-iL._SY88.jpg,simple and handy for travel purposes and use at office.,Nice,Good calculator but i think price is high as compared to market,Writing review after one month usage. Very good quality and worth the money. No issue till date. Go for it,It is working fine.I like it.",https://m.media-amazon.com/images/I/41cRLg+wdIL._SY300_SX300_.jpg,https://www.amazon.in/Casio-MJ-12D-Desktop-Calculator-Grey/dp/B0752LL57V/ref=sr_1_168?qid=1672903002&s=computers&sr=1-168
B00LY12TH6,Camel Oil Pastel with Reusable Plastic Box - 50 Shades,Home&Kitchen|CraftMaterials|PaintingMaterials,₹230,₹230,0%,4.5,"9,427","50 assorted shades + 1 scraping tool|Confirms to safety standard EN 71 - 3|Camel Art Contest entry coupon inside the pack|Best result can be seen on Drawing Paper. These colours can adhere easily to surfaces like textured paper, sketching paper or even smooth tinted paper|Reusable Plastic Box","AF2RABP57DKRSINAD3R2DKITOV7Q,AEGE3H7UIM7FCTYQKD3MMRM3EXMA,AF35WMTKE2Q2F5DQEVAGC5VDLAYA,AEW2XGFZJOWDL6B4TNN4TZC2TRFA,AFQIRFHBUQALCU2BDHWX6T6YOJ2Q,AGFIPI7I4JGMPSNAVSWCA4P2WIAQ,AF4LSZBP7I7DOSKCLX5MZGSR7WJA,AHPDWYQTQGOMTW2T43NC4QQJIWSQ","Jayanta,Himanshu kumar,Saima,Vivek kumar,Raka,K.praveenkumar,Bhavani prasad,Neha","R1XLI27TRADFPX,R7BJF3442UAD5,R3G24OOLVH7NPF,R12IKB9O73E02,R2ACTXOL3JK11B,R1TI7GK9XO06OA,R1AP03CT7J9XZY,R1DYZ7SHA1FWJ0","Good product,Decent,Highly recommended,Kids love colour,Most awesome choice for your little artist and you,Good product excellent quality,Good product,This give happiness to my students","Good product, can go for it,https://m.media-amazon.com/images/W/WEBP_402378-T2/images/I/711qovROcIL._SY88.jpg,Brought it for my 3 years old nephew, he is just in love with these camel colours.,Good to use and handling color with boc,I purchased this for my 5 year old who does not like to stop drawing. The range of colours covers all tones desirable. She has been in love with it since the day it arrived.I couldn't resist myself from using this set (of course, when she was away😃). The colours are smooth and bright, blends very well. It is good for any types of portraits, even those with bold colours.,Easy to use,Good product but easily breaking in pieces when applying more pressure,Good",https://m.media-amazon.com/images/W/WEBP_402378-T2/images/I/31filqqY7-L._SX300_SY300_QL70_FMwebp_.jpg,https://www.amazon.in/Camel-Oil-Pastel-Reusable-Plastic/dp/B00LY12TH6/ref=sr_1_448?qid=1672903017&s=computers&sr=1-448
B08DDRGWTJ,MI Usb Type-C Cable Smartphone (Black),Computers&Accessories|Accessories&Peripherals|Cables&Accessories|Cables|USBCables,₹229,₹299,23%,4.3,"30,411",1m long Type-C USB Cable|Sturdy and Durable. With USB cable you can transfer data with speeds of upto 480 Mbps|Upto 3A output|6months warranty|Sturdy and Durable. With USB cable you can transfer data with speeds of upto 480 Mbps|6months warranty|Up To 3A Output,"AHW6E5LQ2BDYOIVLAJGDH45J5V5Q,AF74RSGCHPZITVFSZN76K6GKPICA,AHDD7ZNB47QA2JLYU53HD4ML3VNQ,AHV3ELGDSOWBYUQLXSPDCSHBQRHQ,AEJU4L3ZM2GTILSJZZSNSF6VUOIA,AFVD66VQMSHPDT3A6HBBBGKRXBZA,AELKHQXVSSG6NHXLFJLLNEFRQQUQ,AGYSMAC6V6RFJJOHG2FIRPOZ6CSQ","Pavan A H,Jayesh bagad,Shridhar,rajendran,karuppu k,Akshay wani,Abbimaniu Singh,VISHAL H BADSHE","R2X090D1YHACKR,R32ZCIH9AFNJ60,R3N57EVVG0EHAF,R3QWLE8JHROKC1,R2VTSDOOUTSQ5X,R3E6FZ75Q074KH,R1SYBQLTPFCW20,RYQT96J8HPIXE","Worth for money - suitable for Android auto,Good Product,Length,Nice,Original,Very good quay Cable support fast charging.,Original MI cable for charging upto 33 watt,I am veri happy with this product as it provide turbo charging.","Worth for money - suitable for Android auto... my purpose served in car....got it for Rs.150,Everything is Okay. But packaging is not good feeling like seller gave is used cable.,Good product,Good product but cost is more.,Original cable,I bought this cable at 129. Using this cable for Android auto in my car. Perfectly works without any glitch.,Original MI cable. Will charge upto 33 watts. Got it for Rs 150.  I have 67 watt charger and I want a cable for my car so I went for it. I checked the performance with battery charging app. The charging speed is exactly half of my 67 watt original cable. Go for it.,It provided me turbo charging. I recommend for all Redmi note 10s mobile phones. As it provide turbo charging. I am veri happy with this product.",https://m.media-amazon.com/images/I/31XO-wfGGGL._SX300_SY300_QL70_FMwebp_.jpg,https://www.amazon.in/MI-MTCY001IN-USB-Type-C-Cable/dp/B08DDRGWTJ/ref=sr_1_9?qid=1672909124&s=electronics&sr=1-9
B08B42LWKN,OnePlus 80 cm (32 inches) Y Series HD Ready LED Smart Android TV 32Y1 (Black),"Electronics|HomeTheater,TV&Video|Televisions|SmartTelevisions","₹14,999","₹19,999",25%,4.2,"34,899","Resolution: HD Ready (1366x768) | Refresh Rate: 60 hertz|Connectivity: 2 HDMI ports to connect set top box, Blu Ray players, gaming console | 2 USB ports to connect hard drives and other USB devices, Dimensions(TV With Stand) - 71.3cm*20cm*46.9cm, VESA Hole Pitch - 20cm*20cm|Sound : 20 Watts Output | Dolby Audio|Smart TV Features: Android TV 9.0 | OnePlus Connect | Google Assistant | Play Store | Chromecast | Shared Album | Supported Apps : Netflix, YouTube, Prime video | Content Calendar | OxygenPlay|Display : LED Panel | Noise Reduction | Colour Space Mapping |Dynamic Contrast | Anti-Aliasing | DCI-P3 93% colour gamut | Gamma Engine|Warranty Information: 1 year comprehensive warranty and additional 1 year on panel provided by the manufacturer from date of purchase|Installation/Wall mounting/demo will be arranged by Amazon Home Services. For any other information, please contact Amazon customer support | Wall Mount is not included in the box and will be charged extra at the time of installation|Easy returns: This product is eligible for replacement within 10 days of delivery in case of any product defects, damage or features not matching the description provided","AFUT7ANZTZYGLXU65EQ2D5OP6UMA,AGT7YYJVUC6ZHRKQHVUQZMDNLXEA,AE7OMK3IQJR2U2JZE2HQ4BKSPA6A,AGCRCU432TIF4J2EL7GBEWOIULGQ,AERQBL3BISJQVHO3RLOOA4HKZX5A,AHIWNZ2HBQAHVE4OWODM6WH4PMOQ,AH2347WTE3DZ3TIZUB5LCLZPAYEQ,AHIH3QL5XONYJWEXF7VKLFHZBDJA","ATHARVA BONDRE,Sujitkumar Thorat,Chandrasekara rajasekara reddy,J vasanth,Placeholder,roshan,Boopathi,Rajesh","R3COVVOP2R7Z28,R2T6WHEO2ONNDD,RUFFV2QR43OCM,R2LK4WPIHJ7WDA,R6IPR9FHZ5BOT,R3DU4LFGTAIEMN,RVHHM5FW31JN1,R1QA870NJWIODF","Worthy and most affordable - Great TV,Good product,It's really worth the money but,Better product in this budget,Product review,nice tv,Best product,Budget friendly TV","This OnePlus TV is great if you want a affordable and middle range features TV. I got it in the offer and it was totally worth it.Pros:-1. Sound is awesome - 100% satisfied with the quality of sound. Dolby Audio 20W speakers are really great for sure affordable TV.2. Size and slim - It is slim and looks stylish. Very light weight and handy to install.3. Easy to install and mount to wall.4. Tye software installation and set up is very easy and anyone can do it at home.5. It gets integrated with mobile apps, remote, WiFi networks very quickly and easily.6. The overall sign up process and app installations are quick and automatic.7. It supports all the smart features like Netflix, Prime and YouTube. It is easily installable and sign-in to start using quickly.8. It is also easy to scan the Setup box channels and start viewing them.Cons:-1. Picture quality is 776p. It's average and not very clear. But it is worth the price range. I'll not complaint as the cost of TV is very affordable and this quality is justified.2. Bluetooth and WiFi connection can disconnect sometimes and cause some issues. I encountered this disconnect issue and had to reset complete device and do the complete sign up again.Rest all is very good and loved this product. I feel it was worth ordering. If you are looking something is medium range and only need it for your old parents and don't have extensive smart use then 100% go for this.If you want to use a lot of smart features and OTT platforms and watch movies, and sports then go for better version with full HD and 4K quality. This TV will not give good experience for sports due to less picture quality but it's very good for daily family shows and TV channels.One last thing I want to express and I'm ver disappointed about is this.I got my order delivered on Friday and I scheduled my installation for Saturday. But nobody turned up that day and I had to reschedule it for Tuesday morning, and even today nobody turned up. I got a call from Amazon to reschedule it for Tuesday evening and still, nobody turned up.This is very very bad and irresponsible service by OnePlus and Amazon. I'm very disappointed with the service and highly criticize this behavior. A company should always take care of its customer satisfaction and you have failed in doing this.What do you guys expect us to do? Wait for 5 to 6 days to get my TV installed even when it's been delivered and wait for you guys to come after so many days. Even when I'm having my smart TV delivered to my home, I have to wait and not enjoy it because you guys have not done your job properly.At least keep some decency and respect the customers who are paying a big amount and ordering a big item from your company. You should take care that the money I spent has been worth it and not facing any issues. Highly disappointed with this behavior and service.,Good product,Connectivity is faster,But performance is little bit slower,,The biggest problem I face is it don't have a aux cable so I'm not able to connect my sound bar......the HDMI port is useless it won't work .so,i connect it via bluetooth but the problem is that it won't connect automatically, everytime I on the tv i need to connect it manually it's a basic feature which is not provided in this tv then another drawback is that it was fast at the beginning now it's been 4 months and it's super laggy .....even after the update its just the same.....yeaa but in this price range the picture quality is outstanding......that's all,Good quality in picture and volume is little bit low other than that product is nice. Budget friendly, I'm happy with this .,After a few days, the TV will perform slowly and the  remote  is very very sentence,thank you amazon and oneplus,1. Sound is good2. Easy installation3. very Slim and less weight4. Voice recognition is good,LikeBudget-friendlyDislikeWiFi connectivity range is poor.Many times gets disconnected.Color depth not that good.",https://m.media-amazon.com/images/W/WEBP_402378-T2/images/I/41WE9ZGEC4L._SX300_SY300_QL70_FMwebp_.jpg,https://www.amazon.in/OnePlus-inches-Ready-Android-32Y1/dp/B08B42LWKN/ref=sr_1_29?qid=1672909125&s=electronics&sr=1-29
B00LM4X0KU,"Parker Quink Ink Bottle, Blue","OfficeProducts|OfficePaperProducts|Paper|Stationery|Pens,Pencils&WritingSupplies|Pens&Refills|BottledInk",₹100,₹100,0%,4.3,"3,095",Blue colour is washable in nature.|30ml Bottle|High quality ink,"AEWW4LJOVXD65UKE7QCBCHQZMG7A,AGVWB5YTQZC7GAIV4PCCOFF2U27A,AFUR2THG6BYV6IRA5JV6LBQNG2AA,AFSG5TXKKCLHBK3FABKJABBBUHEQ,AF2DOUVTY5LHTVWGGVE6YHW5KEGA,AFEX5OM5UOST6POIWTBW6TCEZ2YA,AFKZZOQ7J2SOXP3OHFBEDXNFINCQ,AFD6P5IRXY6KWXUW4H7X6ECRMSLA","Kindle Customer,Aryan,pooja reddy,Amazon Customer,Meenakshi jasrotia,imamthulla,Anan,Sanjay Chavan","R1T4TKPYU5EJCB,R1D38AX8G0RVNS,R1KHCRDEEREQG7,R396UL83OTSD8F,R3CY781PK5CB8A,RBCCWRI4IUHH5,R2K7JYQMGQ31YJ,R3P0GJ4V5HPF2M","Clearly makes a difference,Good,Value for money,Good material,The ink of parker is very lite,Good,Good,Very good","I first used non-parker ink for my fountain pen and hesitantly switched to Parker Quink Ink, given the cost was many times higher than regular ink. But it is worth every paise. The Quink ink is clearly worth it with its thick blue color and giving superb contrast on white paper.,Best product,Good,No,DislikeI have a ink pot of pilot andI was thinking to buy the parker one,Rate is too high but quantity is too low,The quantity is little.,Best quality",https://m.media-amazon.com/images/W/WEBP_402378-T1/images/I/4127NZ2xG6L._SX300_SY300_QL70_FMwebp_.jpg,https://www.amazon.in/Parker-Quink-Ink-Bottle-Blue/dp/B00LM4X0KU/ref=sr_1_188?qid=1672903004&s=computers&sr=1-188
B07WMS7TWB,"Pigeon by Stovekraft Amaze Plus Electric Kettle (14289) with Stainless Steel Body, 1.5 litre, used for boiling Water, making tea and coffee, instant noodles, soup etc. 1500 Watt (Silver)",Home&Kitchen|Kitchen&HomeAppliances|SmallKitchenAppliances|Kettles&HotWaterDispensers|ElectricKettles,₹649,"₹1,245",48%,3.9,"1,23,365","CLASSIC DESIGN: The classical mirror polish of the appearance makes your electric kettle unique and aesthetic, which can match any type of kitchen design and 360° swivel base is connected with standard power cord for safe usage and convenient storage|CORDLESS POURING: The electric kettle can be easily lifts from its swivel base for easy filling at the sink and graceful serving without the hassle of a power cord; it can also be returned to its power source from any direction, great for right and left-handed users.|CONVENIENT: The cordless & BPA-Free electric electric kettle makes a striking presence on any kitchen counter or buffet in preparing and serving and it is easy for storage|FAST BOIL: This 1500W electric kettle has concealed heating elements and can boil up to 1.5 litres of water in 5 to 7 minutes, quicker and safer. Start your day with a cup of instant lemon tea, green tea, hot water.|EASY CLEAN: Use white vinegar, baking soda, water, cleaning bottle brush and microfiber cloth to clean your electric kettle and keep it looking new.|Water Level Indicator: No","AHHCE7SDKWRKQDLFXF2YNMGODDRA,AEJQ5PXFKFXUBKWMC5RYF2WLEZSQ,AGZDR3Y6MNTBZRSP754LCZGHCLPQ,AE4DHHEU4Y3LQBPIJKXC4IBXB4WQ,AEJ674BKH3ZTC2JQA5PMMQ62I7MA,AFVIELPXTPPBI7HXOXX72AIPJHGQ,AF7V6CVPDC3UJNI3UODXF5FCU4XA,AFYCNW74WYKEQYYNUDBTD4V45H2A","ba_doh,Asim Kumar Ghatak,Deepak Sharma,Ujjval Rathod,Shiva Sai Crisna,NANDA KISHORE Patra,Amazon Customer,Danish Shah","RVSI68M0EPAVZ,ROQNJTEGAA7VN,R1YNME95M4J2H7,R17RLWB0UMGULZ,R3N9JK1RH8STLG,R30Y52H4BDOPGE,R2VJ4LI8OPJ6TJ,R9N6QZH6MI5P4","All your questions answered in this review,Just fine for the price,Its okay okay according to price.,Good for winter times to boil the water,Bass fitting loose,Good product, no issue after using 2months,Good matereal,Only disadvantage is the cord length.","Somehow Amazon sucks when you want to select an electric kettle. There are no options to filter your choices based on the parameters that matter. It is easy to fall into the trap of an ongoing deal and end up buying something that falls short of what you need. In this review I will answer your questions about the PIGEON AMAZE PLUS 1.5L ELECTRIC KETTLE.1. Can I trust the reviews for this ad? Are they genuine?Probably yes. But know that the seller lists several types of PIGEON Kettles in the same ad. Unless the review refers to this particular model - you could well end up seeing a review of a product and buying a different one. The ratings are also an aggregated mix. There could be 10 negative review of the product you are seeing and 10 positives for the other products. The page will show you a neutral review. That's the game sellers are playing these days - to avoid negative reviews. I have posted a picture of the stove I am referring to in this review.2. WATTAGE: Important because this tells how quickly the water will heat up. This one is 1500W - meaning that you can switch it on ... brush your teeth and find the water is boiled. Great time saving !! My earlier one was 900W and it used to take 10-15 minutes of patient waiting. The gas stove boiled water faster. This one takes about 3-4 mins to heat 2 mugs of coffee3. CABLE LENGTH: Most of these kettle makers skimp on the cable length. I have purchased kettles to find they have only a 2-foot long cable ... and I had to return them. This one has cable length of 22"" (slightly more than one meter) - which is allows a comfortable distance between the kettle and the plug.4.  CONNECTOR:  This one uses a 6A plug - which is most common in India. Be careful because from >1500W onwards, most kettles use a 16A plug and that is not always available at the place where you want to place the kettle. Strictly speaking, it should have a 16A plug, but then this is kept on for short intervals only.5.  CAPACITY:  1.7 litres as mentioned - though I could not see markings for max and min levels. This is good enough to make 4-5 decent sized mugs of coffee6.  COOKING OTHER STUFF:  The ad says only water - but I see no reason why you cannot heat Maggi etc. Maybe you can. But avoid milk as the expanding effect will cause spills and this can have adverse effects.7. LOOKS: Quite okay for the price. It will not make your kitchen look bad - and neither will it enhance the looks. This is the most common look that an electric kettle can have.8. PERFORMANCE: I have used for 2 days only. No complaints so far. There is a 1-year guarantee card accompanying the product9. HANDLE: Very convenient feel when you lift it it from the heating cradle. Does not feel very heavy even if there is a full 1.7L of water.10. NEGATIVES: This is a steel jug. The outside will automatically heat up. If you are used to a plastic outside in your previous kettle, you need to be a little careful.VERDICT - ""BUY""(at the time of writing this review, this costs less than Rs 700. I have seen that sellers tend to inflate prices as they get my positive reviews - therefore I am also mentioning the price range based on which I gave this product a 5 star review),The body is very lightweight and doesn't feel sturdy. Does the job of heating water fast and that's it. Cord length could be a little longer. The plastic parts doesn't feels sturdy. The top cap has a smaller dia so a man's hand has a trouble fitting it inside the container during cleaning and can easily cut our hands. Overall it's okay.,Its quality was not too much good, light quality product but according to price its okay.Easy to use product & good for save time.,Good product for boiling water. shock proof. So no worries.hahaha,Cattle bass fitting not currently,Good product,Go for it,Amazing  product.",https://m.media-amazon.com/images/W/WEBP_402378-T1/images/I/31na34LxwmL._SX300_SY300_QL70_FMwebp_.jpg,https://www.amazon.in/Pigeon-Amaze-Plus-1-5-Ltr/dp/B07WMS7TWB/ref=sr_1_5?qid=1672923591&s=kitchen&sr=1-5
B008IFXQFU,"TP-Link USB WiFi Adapter for PC(TL-WN725N), N150 Wireless Network Adapter for Desktop - Nano Size WiFi Dongle Compatible with Windows 11/10/7/8/8.1/XP/ Mac OS 10.9-10.15 Linux Kernel 2.6.18-4.4.3",Computers&Accessories|NetworkingDevices|NetworkAdapters|WirelessUSBAdapters,₹499,₹999,50%,4.2,"1,79,691","USB WiFi Adapter —— Speedy wireless transmission at up to 150Mbps ideal for video streaming or internet calls|Mini Design —— Sleek miniature design so small that once plugged in, can be left in a Laptop’s USB port|Advanced Security —— Supports 64/128 WEP, WPA, PA2/WPA-PSK/WPA2-PSK(TKIP/AES)|Compatibility —— Windows 11/10/8.1/8/7/XP, Mac OS 10.15 and earlier, Linux|Easy Setup —— Connect in no time with easy setup utility in 14 languages|In an unlikely case of product quality related issue, we may ask you to reach out to brand’s customer service support and seek resolution. We will require brand proof of issue to process replacement request","AGV3IEFANZCKECFGUM42MRH5FNOA,AEBO7NWCNXKT4AESAN443HQH35FQ,AE7GD3VRRYQEAHDR7FXJIR23INYA,AHPAW24BI5X2GCX5M2LHI72VSJJQ,AE2VXY4CFO36MDSIMPG43XHNF4GA,AHHQEKUNVETALN7DTRHUQ2WAWEKQ,AFMIFTNTUD5PIHGONWOTRMMZ5EBA,AHOJBIZVVIIFJKRREY4B6ESVA4KA","Azhar JuMan,Anirudh Sood,Hari Krishnan PS,Akash Jindal,PRADEEP,Rajesh,Divya Kothari,abhijit","R1LW6NWSVTVZ2H,R3VR5WFKUS15C5,R2F6GC79OYWUKQ,R3QZ19MECGWG9A,R2MPU42MYK7GPO,R33DVXFB4VYPZZ,R1SQ7OGFR4JRUR,R1S5F9QI0M1VBZ","Works on linux for me. Get the model with antenna.,Does what it say but other brands available at lesser price,Easy Handle,Great product,Perfect working,Speed is perfect,Great Design, Build, Connectivity Range, Packaging and other features but no linux support since v2,Very good","I use this to connect an old PC to internet. I tried lubuntu 20 and ubuntu 22, it worked out of the box in both, didn't have to do any setup. There's an extender cable so you can place this in a comfortable place. Get the model with antenna because otherwise you'll have range problems if you're not directly in line of sight from your wifi router.,The wifi dongle is a simple plug & play device, will start catching available networks right after you plug it into your USB port, no additional installations/ softwares requires. Signal strength is good.... just wonder what would be different in other adapters of lesser known brands which are available at a much more competitive pricing, hence a star less.,Pros:*Easy to use & Portable*Can be connected to Mobile Hotspot and used in PC( Budget Friendly)*Less installation process*No heating issues & Good Coverage*Best alternative for USB Tethering (phone's battery may get damaged for long term run with Tethering)Cons:*Internet connection speed varies at times, also depends on your modem or cellular connection*Issues occur while installing via CD, which is available along with the product( Installation driver can be downloaded from TP-Link site)*Needed to reconnect the adapter every time system is turned ON*Will not work if your software has some issues, so encountered any just update your system(worked for me)*Support Center is worse, calls are unattended most of the times or just visit nearby storeConclusion:Brought this @499/-Ideal for users who don't need very high speed internet usage,a good alternative for USB Tethering and are on Budge(1080p Youtube videos can be easily played with this without any interruptions),wifi connectivity is a great good result for me. however, some jitter problems did exist.,This is perfect device to connect wifi. Go for it.,This wifi adopter is good working,(Pictures attached)Size/Design:  ★ ★ ★ ★ ★Build Quality: ★ ★ ★ ★ ★Packaging:  ★ ★ ★ ★ ★Software:  ★ ★ ★ ★Speed:  ★ ★ ★ ★ ★Connectivity:  ★ ★ ★ ★ ★Experience:  ★ ★ ★ ★ ★Warranty:  ★ ★ ★ ★ ★Size and Design:The best part about this is that it is very compact in size and very sober and elegant in design. This is a big plus as it is easy plug in and use, add to it the good sober design.Build Quality:The build quality is undoubtedly superb. Just no qualms about that, at all. When held, it doesnt give off that cheap and flimsy product-like feeling. It is good sturdy with its build quality.Packaging:This part is also a big plus as the item was well cushioned and packaged with all the necessary items that ensured that no damage could have been caused to the product during transportation. This ensures that I as a customer have received something not damaged internally already.Software:This is actually good but not great part with the product.The good part is that a CD has been provided with it along with a manual.The not great part is that NO LINUX SUPPORT has been given from Version 2 onwards. This is bad, really.Speed:It easily supports net speeds upto 300 Mbps. Practically speaking, I have tested it at my home and it easily supports net speed of over 100-150 Mbps without a sigh.On testing I found that it did connect to 5GHz network, without any issue.Connectivity:Please mark its not feet its metres. Multiply metres x 3 to get the distance in feet.It easily connects to my laptop or phone from 7 metres across one room. So thats 21 feet. I mean even our old bluetooth used to connect to about 15 ft.So 20-25 feet is not at all an issue with this. This is the big plus I found with the product.Experience:From this point of view, so far except the linux non-compatibility issue, I found no other flaws with this product.So overall its a great product.Warranty:Its 3 years so I am assured that atleast for 3 years I am tension-free and not just 1 year, contrary to most electronic items today that only provide 1 year warranty with their items.,Best adapter I have bought ever. Works nicely seemless connectivity",https://m.media-amazon.com/images/W/WEBP_402378-T2/images/I/31e6ElWRymL._SX300_SY300_QL70_FMwebp_.jpg,https://www.amazon.in/TP-Link-TL-WN725N-150Mbps-Wireless-Adapter/dp/B008IFXQFU/ref=sr_1_10?qid=1672909124&s=electronics&sr=1-10
B0B3MMYHYW,OnePlus 126 cm (50 inches) Y Series 4K Ultra HD Smart Android LED TV 50Y1S Pro (Black),"Electronics|HomeTheater,TV&Video|Televisions|SmartTelevisions","₹32,999","₹45,999",28%,4.2,"7,298","Resolution: 4K Ultra HD (3840x2160) | Bezel-less Design|Connectivity: Dual-band Wi-Fi | 3HDMI ports to connect set top box, Blu Ray players, gaming console | 2 USB ports to connect hard drives and other USB devices|Sound : 24 Watts Output | Dolby Audio | Dolby Atmos Decoding|Smart TV features: Android TV | OnePlus Connect Ecosystem| Google Assistant | Chromecast, Miracast, DLNA | Auto Low Latency Mode | Supported Apps : Netflix, Youtube, Prime Video, Hotstar, SonyLiv, Hungama, JioCinema, Zee5, Eros Now, Oxygen Play|Display: 1 billion colors | Gamma Engine with MEMC | Decoding of HDR10+, HDR10, HLG|Warranty Information: 1 year comprehensive warranty and additional 1 year on panel provided by the manufacturer from date of purchase|Installation/Wall mounting/demo will be arranged by Amazon Home Services. For any other information, please contact Amazon customer support | Wall Mount is not included in the box and will be charged extra at the time of installation","AGDOVGWZKEQ3M6DA2GHV6WUZT5SA,AGEUXHN7U2Q26CM6TFOTW7GZXFXQ,AHYXZVXUY3QTBP7IBFIUBSZVH2XQ,AGO4OKG6KVBAAE52Q62JBKHRDFFQ,AGOARJLTS744KQC3BTKT5KQVOJUA,AF6XISKAQXTX3Q5RUF2M2VKOJ66A,AEP6PYK2DLTD5UCMURSUNUE4IE5A,AHJSNMHQQWE6LMFRATH5LLJBQQXQ","Abhishek Kumar,Arun prasath,Naveen,Harmit,Placeholder,Precision Engineering,Senthil Kumar B,Sasikumar madurai","R2J3Q3BUHJ2S7E,R2H2ELE1DG24VY,R1U1S7X7BPSZBU,R9XVQWX40D175,REHUMWC9Q9EAG,RLEFI0WUITF14,R1M41TK6XDE47C,RUM8TBPKUE5UF","Decent product. Value for money.,Value for money,Improvements Needed,Everything thing good except the installation experience,Overall taking all aspects TV is good within the price point,Tv installation services,One among the good TVs in the market.,Picture","I am posting this after a few weeks of using the product.Usage: Continuous, OTT only, no Cable/Dish operator.Average daily usage: 6-8 hours.The TV is a great value-for-money product.Installation: The installation was simple and Amazon assisted installation was smooth, timely and hassle-free.Picture: The picture quality is not great when compared with the smoothness of a Sony, LG and Samsung with these kind of specs. Movies and especially hi-res TV series experience was somewhat diluted as most of the times, the output, while in hi-res , wouldn't look like a movie quality which we are used to of watching in the likes of Sony, Samsung LG etc however, with time, you get used to it and only realize the difference when you see the same movie at someone else's better TV.Sound: Sound output is decent. You wouldn't need additional support to enhance the volume as such.Remote: Sleek, sensitive and user-friendly. It's exactly like Amazon's remote.OS: Same as any smart Android TV. Works smoothly without much lags or hiccups. Switching apps from one to another takes a a couple of seconds more than Sony but unless you have used to of those performances, it looks just fine.Standalone and as your first smart TV,  you wouldn't find any reasons to not like the quality and it would like hi-res from the beginning. It is a great value for money product without a doubt.However, if you are considering this as an alternative or second TV after owning the better ones in the past, you will have a hard time adjusting with it.,Picture quality is good for this price, didn’t faced any lag on UI and browsing other apps. Only negative will be audio, definitely need a sound bar if u are a frequent movie watcher. Overall worth for money u spend. But the installation process is just awful, Amazon claiming that a trained professional will visit for installation but neither they are trained nor professionals , just read the installation manuals and installed the wall mount which took 4hours for them to buy the wall mount after charging money. No demo given on Tv as they have no idea about the product, these things making to think twice or thrice to buy a tv through online.,Screen looks amazing but problem is with processor I believe. If 4k content is getting streamed on device then we can observe the green screen flickers(not so often but problem exists), even remote control is not good as it take at least 2 sec to react for the user action.Reason why I believe processor is bad because I do 4k gaming using PS5 and never encountered problem with the screen.,If you buy TV in a small town shop, it will be delivered and installed immediately within couple of hours. When you want to buy a TV from Amazon, you need to wait for it to be delivered for couple of days and it is understandable. The problem is with the installation, they take so much time to install that you end up regretting buying the product. It’s like you are hungry and food is in front of you but you can’t eat. So I ordered my TV on Monday, it got delivered on Friday and it will be installed on Monday because of weekend where as there is no concept of weekend in small towns. If we had the technician details, we could reach out  s get it installed but that also will be shared 4 hours before.Regarding product, it’s good quality and very good for a average user. Heavy duty like games and continuous usage on some store will be challenging, I guess.,This TV gives good results within the budget, should definitely buy if the budget is 30k but most important point like to mention is after sales service and also the installation part.1) The installation guy didn’t arrive at very first day that was scheduled, even after rescheduling he didn’t came for installation purpose. So strictly be aware of this point.2) The TV I got in offer with 3k discount on ICICI card but although the product came out defective, it had dead pixel on the display which is very bad after period of time.3) Even after the fault was from seller as it was defective piece I didn’t got the replacement for the product and it’s totally unfair deal by Amazon and the seller too.Final verdict is the TV quality and feature are good but the service from seller and Amazon that is got was very poor inspite I was prime member. The seller DAWNTECH ELECTRONICS PRIVATE LIMITED gives very poor service and feel bad that in such cases Amazon will not help you. Thankyou,Team,Also to be added TV installation services with product while delivering and unboxing. NO need to other sub-vendor to getting installation and demo. Also dependency on third-party involvement should be less.Bad experience with TV installation stuff.Pls look into this .,Picture quality good. Sound quality  not upto my 3xpectations. Not able to find the real Dolby stereo effect. Remote not upto the mark.4 ⭐ for picture quality, 3⭐ for both sound and remote quality,Good quality picture but it hangs on home screen",https://m.media-amazon.com/images/I/51hQfTroMzL._SX300_SY300_QL70_FMwebp_.jpg,https://www.amazon.in/OnePlus-50-inches-Android-Pro/dp/B0B3MMYHYW/ref=sr_1_42?qid=1672909125&s=electronics&sr=1-42
B00LHZWD0C,"Luxor 5 Subject Single Ruled Notebook - A4, 70 GSM, 300 pages","OfficeProducts|OfficePaperProducts|Paper|Stationery|Notebooks,WritingPads&Diaries|CompositionNotebooks",₹252,₹315,20%,4.5,"3,785",Twin wiro binding|Paper color: White|Paper density: 70 gsm|No of pages 300,"AEAD2LHI2R3QVR3AQKOPB523SVUA,AGHZS375UQZ6XK6BYQCZ2YJ4TX6A,AE3EZWQC4YBZLYGELTAF4RPD4YVQ,AGHNTOZPHJSNZXAV6VXZ55QQS2VA,AE34CJ4WMOVB26TU5H42L74U5DGA,AEMLPNYNPF73NMFYHSSXRCYO2OGQ,AER43SPS7UTEVRDP7YPU3HTOQA3A,AHF2MPFWRSCS6OXUZ3D5W3C37CRA","Aksa akhila,Subhadip,Kanna Keerthi,shopping User,Fauziya,Faisal Nasti,Mithun,@madmax810","R1ERT7AXR5RE2,R1OBNL676FOQDS,R3FYTFWQDO4FYY,R2VQ9R0Y5A3Y9M,R88P3ETAAIQ4M,R2T4IOSJDUMW7R,R3U82K5ODIGUF6,R2H41QRZLGX98E","Good note book,Five Star Product,Nothing,Not bad, decent buy,Amazing  quality,Good quality paper/binder/separator ( Value for money),Great for writing notes,One minus star is for one defective piece..","Nice notebook with sufficiently good quality papers..The add in the bind cover is removeble and can be make it more aesthetic.The only thing is price is little bit inappropriate considering the number of pages.but overall it is a good notebook for study purpose.go for it👍,Product quality is really good. The cover gives a premium look to this product. Page quality could have been better.,I like this product.,Decent quality, page not too thick, i would have preferred a higher gsm, but still decent. Sturdy,This is one of the best book or dairy  I have seen before but too much expensive.,Really good quality paper along with the multi colored subject dividers and the outer covering. I got it for 165rs and this product has an MRP of 315 rupees. Offline I would end up paying at least 300rs for this. So overall a really good buy.,Page quality: excellentInk overlap: close to none unless you'reputting much pressure. Even fountain pens are good.Cover: wow!Con: it's not really a con but u gotta turn the pages really carefully otherwise they might get torn. The pages are 70 gsm but turning carelessly will definitely damage the pages which is kinda difficult when you're in hurry during revision. This is the only con of these spiral notebooks.,I ordered 5 notebooks, out of which one had poor binding and I had to repair it manually. Otherwise, the page quality is good.",https://m.media-amazon.com/images/W/WEBP_402378-T1/images/I/51mCZQzY6SL._SX300_SY300_QL70_FMwebp_.jpg,https://www.amazon.in/Luxor-Subject-Single-Ruled-Notebook/dp/B00LHZWD0C/ref=sr_1_193?qid=1672903005&s=computers&sr=1-193
B00H47GVGY,"USHA Quartz Room Heater with Overheating Protection (3002, Ivory, 800 Watts)","Home&Kitchen|Heating,Cooling&AirQuality|RoomHeaters|ElectricHeaters","₹1,199","₹1,695",29%,3.6,"13,300","Meant for Spot Heating; Voltage/Frequency: 230V/50Hz/1 Phase|Room Size: Upto 150 sq ft; Ideal for a small room only, i.e., up to 120 sq. ft. Touch Sensor: No. :Tip-over Switch : Yes|Safety tip over switch cuts off the heater in case it tilts or falls; Powder coated finish to prevent corrosion|Designed for low power consumption; There are two heating positions to suit your comfort|Country of Origin: India","AFF4TQVTALIJ24PF3PWD376ONLXQ,AHF4Q46ABHEW3O6SZQMAXB6R6ZLA,AGKD2FZGZLQPA3VITZMPXL2OQMHA,AEF46LTPVXW3BL7J4RETUFLLW3RA,AEKFSZLXX2ULI3U46YCZPRILVW6A,AESYTC5OIXBUIDGPDE53XYOENLWA,AEV4CXMHUNKPH56BNTAMEH7EOMZA,AHFXBNDCOX7XWOQ3AG6PTK6LOF2A","Sudesh,sayan mukherjee,SS,Ritu Doloi,Sudip Mandal,Yash Raj,Abhay Dogra,Tajammul Hussain","R2PFPVD7QTRJC6,RI7CEYXWJ4WUJ,R26D8KBCMOE84W,R19IYA3EBVQNHL,R28KN014376DH8,R2MRD2AYGLWP61,RXV0W64L9ITU1,R1VBNBY9DR8FJ9","Good and affordable room heater,Good for tight spaces,Short shelf life,Niceeee,Very good product,It's good,Heating capacity,Good",",Good product for tight spaces and easy to replace as well.,One of the filaments lasted about 7 days of usage. Waiting to see how long the other lasts.,I like this product as compare to price it’s look worthy. Hope will work like this in future too.,Good for one small room (120sq ft),Good,Heating capacity is not that much good.,Good product",https://m.media-amazon.com/images/I/514Zxz-eqKL._SX300_SY300_QL70_FMwebp_.jpg,https://www.amazon.in/Usha-Quartz-800-Watt-Overheating-Protection/dp/B00H47GVGY/ref=sr_1_6?qid=1672923591&s=kitchen&sr=1-6
B082LZGK39,"Ambrane Unbreakable 60W / 3A Fast Charging 1.5m Braided Micro USB Cable for Smartphones, Tablets, Laptops & Other Micro USB Devices, 480Mbps Data Sync, Quick Charge 3.0 (RCM15, Black)",Computers&Accessories|Accessories&Peripherals|Cables&Accessories|Cables|USBCables,₹199,₹299,33%,4.0,"43,994","Universal Compatibility – It is compatible with all Micro USB enabled devices, be it an android smartphone, tablet, PC peripheral or any other micro USB compatible device|Unbreakable – Made of special braided outer with rugged interior bindings, it is ultra-durable cable that won’t be affected by daily rough usage|Ideal Length – It has ideal length of 1.5 meters which is neither too short like your typical 1meter cable or too long like a 2meters cable|Supports maximum 3A fast charging and 480 Mbps data transfer speed|6 Months manufacturer warranty from the date of purchase.","AECPFYFQVRUWC3KGNLJIOREFP5LQ,AGYYVPDD7YG7FYNBXNGXZJT525AQ,AHONIZU3ICIEHQIGQ6R2VFRSBXOQ,AFPHD2CRPDZMWMBL7WXRSVYWS5JA,AEZ346GX3HJ4O4XNRPHCNHXQURMQ,AEPSWFPNECKO34PUC7I56ITGXR6Q,AHWVEHR5DYLVFTO2KF3IZATFQSWQ,AH4QT33M55677I7ISQOAKEQWACYQ","ArdKn,Nirbhay kumar,Sagar Viswanathan,Asp,Placeholder,BharanI,sonia,Niam","RGIQEG07R9HS2,R1SMWZQ86XIN8U,R2J3Y1WL29GWDE,RYGGS0M09S3KY,R17KQRUTAN5DKS,R3AAQGS6HP2QUK,R1HDNOG6TO2CCA,R3PHKXYA5AFEOU","A Good Braided Cable for Your Type C Device,Good quality product from ambrane,Super cable,As,Good quality,Good product,its good,Good quality for the price but one issue with my unit","I ordered this cable to connect my phone to Android Auto of car. The cable is really strong and the connection ports are really well made. I already has a Micro USB cable from Ambrane and it's still in good shape. I connected my phone to the car using the cable and it got connected well and no issues. I also connected it to the charging port and yes it has Fast Charging support.,It quality is good at this price and the main thing is that i didn't ever thought that this cable will be so long it's good one and charging power is too good and also supports fast charging,Value for money, with extra length👍,Good, working fine,Product quality is good,Good,very good,Bought for my daughter's old phone.Brand new cable it was not charging, I already repacked and requested for replacement.I checked again, and there was some green colour paste/fungus inside the micro USB connector. I cleaned with an alcoholic and starts working again.Checked the ampere of charging speed got around 1400ma-1500ma - not bad, came with braided 1.5m long cable, pretty impressive for the price.Can't blame the manufacturer.But quality issues by the distributor, they might have stored in very humid place.",https://m.media-amazon.com/images/W/WEBP_402378-T2/images/I/31kj3q4SepL._SY445_SX342_QL70_FMwebp_.jpg,https://www.amazon.in/Ambrane-Unbreakable-Charging-Braided-Android/dp/B082LZGK39/ref=sr_1_11?qid=1672909124&s=electronics&sr=1-11
B09JPC82QC,Mi 108 cm (43 inches) Full HD Android LED TV 4C | L43M6-INC (Black),"Electronics|HomeTheater,TV&Video|Televisions|SmartTelevisions","₹19,999","₹34,999",43%,4.3,"27,151","Resolution : Full HD (1920x1080) | Refresh Rate : 60 Hertz | 178 Degree wide viewing angle|Connectivity: 3 HDMI ports to connect set top box, Blu-Ray players, gaming console | 3 USB ports to connect hard drives and other USB devices | 3.5mm to connect your headphones | S/PDIF port to connect Speakers|Sound: 20 Watts Powerful Stereo Speakers | DTS-HD|Smart TV Features : Android TV 9 | Chromecast built-in | PatchWall 4 with IMDb integration | 75+ Free Live Channels | Universal search | Language Universe (16+ Languages) | Miracast | Supported Apps: Prime Video | Netflix, Disney + Hotstar, YouTube, Apple TV, 5000+ apps from Play Store | Quad core processor | Built-in Wi-Fi | 1GB RAM + 8GB Storage|Display: LED Panel | Vivid Picture engine | Detailed Picture Controls | Ultra bright screen | Dynamic contrast | Dynamic backlight|Warranty Information: 1 year comprehensive warranty on product and 1 year additional on Panel provided by the brand from the date of purchase|Installation/Wall mounting/demo will be arranged by AHS Team or Xiaomi service partner. For more information, please call Mi support on Toll Free Number (Please visit brand website for toll free numebrs) | Wall Mount is not included in the box and will be charged extra at the time of installation","AHB43CZ4RHLJ5S6CBOWX6MEI7J4Q,AHP24JLRZ2DTLBEX22A6DVUJDSBA,AGLKKKJCKHZ32S7MCK46JWDZ2A3A,AHXCZCBKCKFAOJJ2GOCQS3OKPQOQ,AHZ4UBDUCUMY6IGCR67LB4P5RBXA,AHCGV72I3RKXOSSUNK3SQOB677NA,AFTCOTLY72MCSV5WHMHSZ67ZZG6A,AEF55HUCR2L3DMBXVV4SGD55JKIQ","Sameer Patil,TechnoLoon,Deepti Rawat,Ajay,Sagar Rastogi,Gangadhar Rao Nepa,Jaydeep,Rishi Kapoor","R1VOXBV87EI37W,R1BIBCTNJPJOX3,R2RRCA47QEK9C1,R2WHV3RU3J4985,R22K5MQ8Z8N6L2,R3TQACIQUXT2WO,R2YKPF09C6G76,R1E6GYG29CA7RM","DETAILED REVIEW after 3 WEEKS of Usage !!!,Priceworthy.,It's a good product,Good,Vivid picture quality is stunning,SUPER DEAL,Value for money,Very nice","NOTE:@ If you select brand-authorized TV installation, then DO NOT unbox the tv until MI representative arrives.This ensures, that if TV is damaged in transportation, then you will get replacement easily.@ If you didn't choose installation, then just SHOOT the video of unboxing by yourself, to avoid any hassle in case replacement is needed.@ Amazon Prime and Netflix are not inbuilt, but can be Side-loaded !!!@ To use your Set top box with android interface, you need to buy MI IR cable and set it up.* OR else directly connect the set up box via AV or HDMI port, to use it conventionally.@ Out of 8GB memory, you only get around 4.7GB free to use (check the image attached)There are Hundreds of review on this TV here as well as on youtube, but NONE explains the TV's potential completely and what its actual flaws are. Here's a quick Fact for the User's complaining about the LESS cost to benefits ratio, guys if you buy a Android TV box alone which has processing capacity similar to this tv, then it would alone cost you more than 5K rupees & here you get this TV with that android setup with various other feature under 15K. So just check once, what options you have before complaining.Eventually I bought this TV, since I was already using 4A 43 version for months and wanted smaller version for bedroom. Now after using this TV for over 3 weeks, I am stating my DETAILED user experience. Its a detailed & huge review, but do read it, if you want to invest this much amount.●● If you want to get quick overview of the device, then read below else scroll down for Detailed Review ●●# Firstly its budget friendly & ONLY Smart TV under 15k in the current market.# Has Most number of Output port ( 1*AV, 3*HDMI, 2*USB ).# Has Android 8.1 out of the box along with inbuilt Bluetooth# Has Dual interface - MI Patchwall & Android TV ( I mostly prefer android TV interface )# Remote has Bluetooth & Voice Search with sleek profile.# Has better processor compared to predecessor along with 1GB RAM + 8GB storage ( 4.7GB actual )# Speaker Output is low.# Need IR cable for using set top box with android interface.# Amazon prime & Netflix is NOT preloaded, but can be side loaded.# Native Display is ONLY HD, though 1080p & even 4K videos from youtube works well (check images attached).# Can install & play tons of High quality games like RR3, etc (check images attached).# Finally smartphone mirroring works fine most of the time.FULL DETAILED REVIEW :---->BUILT QUALITY :------------------# Has combination of plastic and aluminium for the main body. Its not great, but above average.# Table top stands looks bit flimsy, but are workable.* The screws which are provided in the box, DOES NOT fits the tv perfectly, so I bought new from local store.# It has averagely slim profile, not the slimmest in the market.# Speaker Placement is inconvenient. Since they are placed at the bottom, so when you keep it on table top, the sound tends to dampen and bulge.# Has good ventilation for electronics and it hardly heats up.# Overall built quality is above average.DISPLAY QUALITY :---------------------# It has very Thin bezels, which looks great.# Video resolution is 1366x768p, but 1080p videos works fine on it.* 4K videos on youtube runs smoothly as well.# Viewing angle are good compared to price. ( Check the images attached )# Contrast is above average, Brightness is good and colours are quite vivid.# Display quality is also above average, not very great.REMOTE CONTROL :-----------------------# Its very sleek and compact.# Has only 7 buttons and is easy to operate.# Fortunately it has Volume buttons, which is handy. ( I have couple of android TV boxes without volume button on remote, so I know the pain of using mouse to adjust the volume :P )# Placement of Voice search button is improper. Its just below Power button, and I end up pressing power button a lot.# Finally its bluetooth, so no need to point it towards tv for operation.OTHER FEATURES :---------------------# It has Dual interface, i.e. Patchwall and android TV.  Has tons of content.# Many games can be installed (till you have memory left), including multiplayer games.# Google voice search is very useful, if you don't want to use keyboard.# Processing speed is fast and I haven't detected any lags yet. ( Lags in streaming can be due to slow internet speed, not due to hardware )# Bluetooth and wifi connectivity works perfectly.CONS :------# Speaker output though rated 20W, is NOT upto the mark. My 16W JBL speakers has better and louder sound.# Placement of speaker is inconvenient, as in table top position, speakers face the table and sound dampens.# Internal Memory is very LESS.# NO Netflix and amazon prime pre loaded, though you can side load them.# Miracast not supported. Even normal smartphone mirroring lags sometimes.# Native resolution is just 720p HD, though the 1080p videos works on usb & 4K on youtube.# Screen is Slightly reflective, its similar to almost all the other LED tv's.# Mixed experiences of after sales service.CUSTOMER CARE :--------------------# Firstly the installation is a Joke. My installation was scheduled 16 days after my product Delivery and the fun part is, there's ONLY 10 days replacement window for this product :P# Company only takes replacement if the product is opened by their Representative, so there's NO point of return window time frame.# MI has mixed reviews for repairs and services. Though I have not encountered any problem with any MI tv yet, I have had issues with other mi products and service center near me is always very helpful.VERDICT :-----------Considering all the facts, if you are fine with above average Display quality, want a Smart tv and if you have tight budget, then this the TV you should certainly go for. Trust me, you won't get any better deal than this least for coming couple of months. If you have higher budget, then certainly explore brands like sony, samsung, etc.This is NOT a perfect smart TV, but for the given price and 2 Years of warranty, its NO brainer to choose this, its certainly worth the investment.,This television is definitely a perfect balance between price and performance especially during flash sale at an exceptional price of ₹12500.Performance ⭐⭐⭐⭐⭐-----------------------The processor in this Smart TV is powerful enough to play 4K 10bit HEVC videos right out of the box. VLC or MX player can be installed for enhanced media support.Picture Quality ⭐⭐⭐⭐⭐--------------------------Many people complain about the overbright screen. But it can be compensated by adjusting the display settings.These are my preferred settings.Backlight :1 to 20*********************During night even the lowest value of 1 is  bright enough and can watch content without hurting eyes.During day time adjust it as per your requirement depending on your ambient lighting conditions. A maximum of 20 would be enough.Setting backlight to minimum improves black levels, reduces power consumption, increases LED life and reduces eye strain especially during night.Brightness :48*****************Brightness setting controls black level.Increasing brightness reduces black levels and hence reduces contrast.Brightness at 50, pictures looks washed out with poor blacks and color saturationAt 45 black looks deep but lots of details at dark areas are lost while watching movies.48 is an optimal setting to my eyes with good blacks and not so lack of details.Contrast : 40 to 45*********************Contrast setting controls white level.Contrast can be set anywhere between 40 and 45. Increasing contrast too much may cause highlight areas in a picture, like bright skies or shiny objects might look overexposed. As the screen itself is very bright, increasing contrast further makes whites look over bright. Also colors gets washed out while increasing contrast.Saturation: 45 to 50************************Color saturation can be set anywhere between 45 to 50. At 45 colors look more natural. At 50 colors looks a bit punchy. But still its a personal preference.At the above settings, the black levels and colors were pleasing while watching demo videos of OLED TVs on YouTube at 1080p . The following Youtube videos help you to check the black level quality of the TV.LG 4K OLED Beauty Of Black DemoLG OLED Eclipse 2 DemoLG HD Demo Art NouveauFull HD and 4K videos looks sharp in this TV. Downloaded a sample 4K HEVC video named 'Life Untouched' and also a 4K HEVC sample of the movie Elysium. Both of them played smoothly on the TV with very good details.Screen Quality ⭐⭐⭐⭐--------------------------I think this is a VA panel , the quality of which sits right in between TN and IPS panels. The screen is glossy and hence reflective. This might be a problem if the TV is placed in a room with windows facing it.Like all other LCD panels, this also has also got uneven screen uniformity but that's only noticed in plain dark grey backgrounds. While watching movies or other content it's not at all a problem. Screen non uniformity is a common issue even with high end TVs of big brands like LG Samsung etc.Luckily there's no backlight bleeding in the unit  I received.Viewing angles are average with some loss of contrast even at low angles but that's a common VA panel characteristic. IPS panels with good viewing angles can't be expected at this price point.All LCD panel technologies have their strengths and weaknesses. IPS panels have good viewing angles but has poor black levels. VA panels excels in black depth despite it's average viewing angles and this TV has got very impressive black levels.Sound Quality ⭐⭐⭐⭐⭐--------------------------Bass is a bit weak (I think bass is improved following some updates. So giving 5 stars from 4.) It's very loud even at low volume. Midrange and treble are very good. Even minute high pitched click and tick sounds in movies can be heard very clearly.Edit:In a previous review I have mentioned these EQ settings sounds good. But it isn't.100Hz : 7300Hz : 81000Hz : 43500 Hz : 610000 Hz : 5A high value of 8 for 300 Hz actually make the sound muddy and muffled.The following settings sounds much better and here's the reason.100 Hz : 8 - BassFrequency setting for deep bass male vocals and instruments like Kick Drum,Toms, Snare etc.300 Hz : 4 - Low MidrangeEnhances bass and depth of male vocals. Increasing 300Hz too much makes sounds muddy and muffled reducing clarity of high frequency sounds1000 Hz : 3 - MidrangeImparts a metallic tone. Increasing makes sound tinny and unpleasant.3500 Hz : 5 - Upper MidrangeVocals especially female sounds best at this frequency. A value of 5 enhances vocal quality. Increasing too much makes vocals harsh.10000 Hz : 7 -TrebleAdds crispiness and sparkle to vocals and instruments. Enhances tinkling  sounds of metallic  instruments.Human ear is sensitive to midrange and upper midrange frequencies Here it's 1000 and 3500 Hz. Setting these values too high can cause listening fatigue. Even increasing 300Hz is disturbing.Great sound performance especially bass is not even expected from a television in this budget. But considering its midrange frequency, clear treble and loudness, it deserves 4 stars.Remote Control ⭐⭐⭐⭐-----------------------------Minimalism is great. But minimalism with less functionality is not so great. Addition ofMute,TV Settings and Video input selection buttons would 've made the remote more functional.App support ⭐⭐⭐⭐⭐(Update)-----------------------When the TV was released there was no support for Netflix and Amazon Prime. But now with Pie update it supports both Netflix and Amazon Prime. Now the TV deserves 5 stars for app support.Pros and Cons--------------------------- Pros:1. Powerful processor for 4K media playback.2. App installation via USB3. Built in Chromecast4. Bluetooth remote5. Voice CommandCons: (Update)Previously the main issues with the TV were the lack of Autoplay function and Standby option.But in the latest update both these issues are solved.Now when the TV is turned on it will automatically go to the previous Input sourceTo enable it, go to Settngs >Inputs > Enable 'Stay on the previous source' option.Screen off feature is also added in the new update. Long pressing Power button will show Screen Off option.The only disadvantage left on the TV was lack of Miracast. But on a latest update build PI.4316 miracast is included and now its perfect.To sum up:--------------------Overall considering the picture quality, powerful hardware and the price, the TV definitely deserve 5 stars devoid of it's average audio quality and the glossy screen because there are no other TVs in market with such features at this price point. Also Xiaomi now has got very strong service support across India.New brands like iFFalcon, Blaupunkt ,Thomson etc might provide better options at a competitive price. But when it comes to service centres, it's a dead end.I am very much satisfied with the purchase.,It's good product,Good,if you like a best tv on your budget I'll recommend you this stunning picture quality and DTS surround is osm but there was a few lagging problem and Miracast is not good 🙁,Build quality good.sound and bass excellent.,Product is very good. Sound quality is crisp. Worth buying. I brought it 2 years back. Still working fine,Good quality",https://m.media-amazon.com/images/I/41nsy8kxWUL._SY300_SX300_QL70_FMwebp_.jpg,https://www.amazon.in/inches-Full-Android-L43M6-INC-Black/dp/B09JPC82QC/ref=sr_1_45?qid=1672909125&s=electronics&sr=1-45
B00LM4W1N2,Parker Classic Gold Gold Trim Ball Pen,"OfficeProducts|OfficePaperProducts|Paper|Stationery|Pens,Pencils&WritingSupplies|Pens&Refills|RetractableBallpointPens",₹480,₹600,20%,4.3,"5,719","Parker Classic Gold GT has a tungsten carbide ball tip to ensure smooth, speedy writing, allowing just the right amount of ink flow.|It comes with a Streamlined style with clean lines for a fresh take on the Parker Classic design|Parker Classic Gold GT features a push mechanism closer and closes with a satisfying click.|The Pen that Matches your style and gives you a smooth writing experience, you can write wherever and however you want and comes with 2 Years warranty against manufacturing defects|Ink Colour : Blue","AEWRRSZJ7PFNPLN3PDWMWQJ2UEIA,AHWNKLMNWM55LSYHST2D4QJHIPJQ,AEP3BU7PNOTWYZ2YZ2IGC2AFJ4UQ,AH5PCRPW73ATTHHWOOCLLOY27RTA,AHYRVZO75V7QCBX2UY42LN6TPVHA,AGMJH3UJPOVZAA7KCWUGWNBPOPDA,AFA6VUQZIGTFOXBWJQEN4TRPEYSQ,AEFBEFEQHITZHESCPA42U5N2Y7YQ","Diksha Wankhede,Sam,Shafi Nagani,Unified Excellence LLP,Adarsh,SUJOY DAS,Nitin Kumar,Archana Mishra","R18AG9M9HHC6RB,R3AQT2WK20V0JD,R10LMVOXP4TLSA,RBEWSTPDQYHFQ,R1G8K5ZMYOL0YS,R38235O5C7I4YE,R3861NUR0UF7SN,R2OM14SFAPVT51","So good ,nice looking,Value for money and a nice product,Awesome Product,overrated,Really good,Good,It is very good 👍,Good","Easy to hold and to good in this price,The quality is really good!The pen for me it was a bit slipperyBut the comfort was all rightI recommend you to buy this product as it has value for money and it works smoothly and better than my imagination,Beautiful and classy design with great grip. Must buy product if you love premium things. 👌,expensive,I could have gotten Parker  jotter but it feels to thick to hold. this one is slim and smooth feels good in hand too,Very good,Easy to hold, value for money or comfort,The pen was good",https://m.media-amazon.com/images/I/41Ae67XZACL._SX300_SY300_QL70_FMwebp_.jpg,https://www.amazon.in/Parker-Classic-Gold-Ball-Pen/dp/B00LM4W1N2/ref=sr_1_197?qid=1672903005&s=computers&sr=1-197
B07VX71FZP,"Amazon Brand - Solimo 2000/1000 Watts Room Heater with Adjustable Thermostat (ISI certified, White colour, Ideal for small to medium room/area)","Home&Kitchen|Heating,Cooling&AirQuality|RoomHeaters|FanHeaters","₹1,199","₹2,000",40%,4,"18,543","Powerful 2400 RPM copper winded motor for quick heating and can be used vertically or horizontally (kindly refer to images)|Do not worry if you experience some burning smell when you run your room heater for the 1st time. This is due to the motor varnish getting heated for the 1st time. The problem should not recur in subsequent usage. If it does, please contact our Customer support|Caution - Always use the product with 16A socket. Using it on lower rating sockets may result in melting of socket or the plug. This is 2 KW heater. It will consume 2 units per hour when operated on high heat setting.|Air throw range of 10 feet which is ideal for small to medium sized room; Product can be placed both vertically and horizontally (kindly refer to images)|Cool, Warm or Hot wind selection knob for heat setting; Please note that regulator changes heating power & not actual fan speed|Lightweight (1.15 kg) for easy portability between rooms; Plastic body with rust-free metal grill front|Built-in overheating protection;Power: 2000 watts; Operating Voltage: 220 - 240 volts; Package contents: 1 Room Heater and Instructions Manual|This model Fan Speed is fixed, not regulated by knob","AHMOBOPW4OAANJ3VXXWX2QGJA6NA,AF5IGDDLQ6JNALQVE2QDWW3Y7GFQ,AEH7AAYSP6ZITYT2K6PDMCY4PGTA,AG4RZDXIU2IUVLGT75YVH3KJTEUQ,AGWTF5MKOLD3VVQUFRQEPN2F7TCQ,AEEPWPF5DKQ2OMNUTMCXXLZLF3RA,AEFXFHQQRNGTHNUGCIDULRC6BHLQ,AFSTZARBDNESVFT7AANAHBHV3QUQ","Amazon Customer,Prince kumar,Rosy Thakur,Dheeraj,Amazon Customer,Neel Sengupta,Anu Jain,Srini","R35ER803GJHN21,R28J7FISAIMQI1,R1Y9J4QQ06U3WN,R1Q08JSHK5T03E,RTTCI4WPA20T0,R1PC85VCE15LM6,R3AIUHXWWU3Y64,R2UO2UH9UCUYJ0","Compact and easy to you,Good work 👍,Good,Good product,Good product,Lovable and nice product,Nice product,Compact and easy to use. Suitable for a room","Good product under Rs. 1100..Easy to use...,Good product ❤️Thanks 👍,It's a mini blower with good heating. Cute and easy to use. However, it requires a big socket.,Best quality good look,Good product and quality,Superb,https://m.media-amazon.com/images/I/717tDJ+J30L._SY88.jpg,Compact and easy to use. Suitable for a room",https://m.media-amazon.com/images/I/41ITfQhGHfL._SX300_SY300_QL70_FMwebp_.jpg,https://www.amazon.in/Amazon-Brand-Solimo-2000-Watt-certified/dp/B07VX71FZP/ref=sr_1_7?qid=1672923591&s=kitchen&sr=1-7
B08CF3D7QR,Portronics Konnect L POR-1081 Fast Charging 3A Type-C Cable 1.2Meter with Charge & Sync Function for All Type-C Devices (Grey),Computers&Accessories|Accessories&Peripherals|Cables&Accessories|Cables|USBCables,₹154,₹339,55%,4.3,"13,391","[CHARGE & SYNC FUNCTION]- This cable comes with charging & Data sync function for smartphones|[HIGH QUALITY MATERIAL]- TPE + Nylon Material to make sure that the life of the cable is enhanced significantly|[LONG CORD]- The Cable is extra thick 1.2 meter long, optimized for an easy use for your comfort at home or office|[MORE DURABLE]-This cable is unique interms of design and multi-use and is positioned to provide the best comfort and performance while using","AGYLPKPZHVYKKZHOTHCTYVEDAJ4A,AGTTU64JMX722LYCN3SOWLFPKPAQ,AFWD4ZTM7473CDWARHCDQKK73MTA,AEXCQM3FDLX3YL3UJWWUIAIUJT4A,AHUKYUWRUVRTB3IQGISXWTSPAWLQ,AFWW4UEXAJH7EAB5LTMKMSGLUN2Q,AFM5JL37WY7G6MLQUI4WAXUJME7Q,AFECO24WYFOU2KL7C3DMHTEHRU7Q","Tanya,Anu,Akshay,Vishal Sagara Shetty,Swatilekha Sarkar,Jithindas,IBRAHIM S,Sundaram J.","R11MQS7WD9C3I0,R2AKH69XQY8BY4,R8GBOLYUN5UP6,R1AYVO4R25KJTA,R1HT6XM787V7FV,R339XJL1GMKHA3,R175VFSB2A32HG,R35T9LXYBSP09G","Good for fast charge but not for data transfer,Good cable compares to local the brand.,good but doesnt last,Good product,Good Product,Good and worth it,very good material quality charging speed is 15 watt,Not a fast charger","The cable is efficient in fast charging but in quick data transfer. Overall fine.,I like the usb c  L shape. Nylon Shielded core wire it improves the life of the cable.,i think i buy these every 6 months or so. fast charging stops working after a while. probbly something to do with the cable design. the cable gets twisted over time and I suspect that breaks the high capacity wires inside. but i keep buying it because there arent too many options in an L shaped design,Good and durable product. Sometime the charges doesn't work on few adapters. there might be few cut off or something but works fine on apple adapter, Car charger, USB,The product is really good at affordable price.,Good and fast charging, and value for money,பொருள் உடைய கடினத்தன்மையின் நன்றாக உள்ளது சார்ஜ் ஏறும் வேகம் 15wat,Not a fast charger.  Very slow charging with 65w.  L-shape pin is very useful.",https://m.media-amazon.com/images/I/31dJ+lXJq3L._SY300_SX300_.jpg,https://www.amazon.in/Portronics-POR-1081-Charging-1-2Meter-Function/dp/B08CF3D7QR/ref=sr_1_12?qid=1672909124&s=electronics&sr=1-12
B014I8SSD0,"Amazon Basics High-Speed HDMI Cable, 6 Feet - Supports Ethernet, 3D, 4K video,Black","Electronics|HomeTheater,TV&Video|Accessories|Cables|HDMICables",₹309,₹475,35%,4.4,"4,26,973","Please select appropriate display resolution & refresh rate for proper display output. HDMI A Male to A Male Cable: Supports Ethernet, 3D, 4K video and Audio Return Channel (ARC)|Connects Blu-ray players, Fire TV, Apple TV, PS4, PS3, XBox one, Xbox 360, computers and other HDMI-enabled devices to TVs, displays, A/V receivers and more|Cable allows you to share an Internet connection among multiple devices without the need for a separate Ethernet cable|Meets HDMI 2.0 standards (4K Video at 60 Hz, 2160p, 48 bit/px color depth) that supports bandwidth up to 18Gbps and backwards compatible with earlier versions|Cable Length: 6 feet (1.8 meters); 1 year limited warranty","AEYJ5I6JZZPOJB6MGWRQOHRQLPSQ,AFY5TVFOMVHGBPBTIJODYDQRZM5Q,AE3O6366WGEQAANKJ76QETTUQQTQ,AEQIJCPWSBCDKUO5VROXXHWX3PPA,AGVIAQK2HQ47P7UVXHW2NBAEU7YQ,AE3D5CJ2GDUP5SQ3AAYMVAGDTX7A,AH77IQRYD54XCRMCO7XEAIAYCLPA,AEA2HQHMFG3ZGJFOLLJQ65WKIZUQ","Rishav Gossain,Shashank Mallamraju,Purnendu,gunasekaran desomayananam,Anto RK,Sukrit Basak,Manoj Kumar,Sethuram.S","R1FKOKZ3HHKJBZ,R2WNMZI1EXTA0H,RCA1M3W4RIXUR,R3BKCLL6D7ZLIX,REVSR0ILY3547,R15W5KMQB95IV5,R10PB68FRUHT5V,R3TLCE9JSBU3UP","It's quite good and value for money,Works well,Hdmi cable,Value for money,All good,Gets the job done,Delivery was good,This one was my need to purchase","I am using it for 14 days now. The experience is pretty good as of now. Picture quality is also not bad. Don't expect something out of the world at this price point. But you can go for it if you have a tight budget.,Initial impressions: works as said, glad I didn’t go for cheaper options (not that it’s too costly) just plug and play. Will update if it screws up,The hdmi cable is good to watch movie,sports and its gives better quality while connecting your laptop with TV and play 🎮.I loved it,Works as expected. Length of the cable is short and it was mentioned also satisfied my requirement. If you need more length better look other options.,All good,It's the best HDMI cable at this price range. No problems yet. Just go for it !!,I was expecting this to be delivered on time and it was delivered on time.Product is good as i have tried other cables and wires from Amazon basica brand.,Good one",https://m.media-amazon.com/images/I/41bCxnHksnL._SY300_SX300_QL70_FMwebp_.jpg,https://www.amazon.in/AmazonBasics-High-Speed-HDMI-Cable-Feet/dp/B014I8SSD0/ref=sr_1_51?qid=1672909126&s=electronics&sr=1-51
