product_name,description,initial_price,final_price,currency,in_stock,color,size,reviews_count,main_image,category_url,url,category_tree,country_code,domain,image_count,image_urls,model_number,offers,other_attributes,product_id,rating,related_products,root_category,top_reviews,category,brand,all_available_sizes
"Tall Narrow Bathroom Storage Cabinet With 3 Drawers And 2 Shelves, Free Standing Kitchen Pantry Organizer With Open Compartment, Water-Resistant Finish","Free Returns ✓ Free Shipping✓. Tall Narrow Bathroom Storage Cabinet With 3 Drawers And 2 Shelves, Free Standing Kitchen Pantry Organizer With Open Compartment, Water-Resistant Finish- Storage Cabinets at SHEIN.",120.99,120.99,USD,true,Grey,one-size,0,https://img.ltwebstatic.com/images3_spmp/2024/08/09/e4/17231883609d35f827fa9cc1016466bcd0d72748bd_square.png,https://us.shein.com/Storage-Cabinets-c-4929.html,"https://us.shein.com/Tall-Narrow-Bathroom-Storage-Cabinet-With-3-Drawers-And-2-Shelves,-Free-Standing-Kitchen-Pantry-Organizer-With-Open-Compartment,-Water-Resistant-Finish-p-40460214.html","[{""name"":""Tools & Home Improvement"",""url"":""https://us.shein.com/Tools-Home-Improvement-c-4327.html""},{""name"":""Furniture"",""url"":""https://us.shein.com/Furniture-c-4577.html""},{""name"":""Accent Furniture"",""url"":""https://us.shein.com/Accent-Furniture-c-4926.html""},{""name"":""Storage Cabinets"",""url"":""https://us.shein.com/Storage-Cabinets-c-4929.html""}]",US,us.shein.com,8,"[""https://img.ltwebstatic.com/images3_spmp/2024/08/09/e4/17231883609d35f827fa9cc1016466bcd0d72748bd_square.png"",""https://img.ltwebstatic.com/images3_spmp/2024/08/09/e8/17231883595b2bf13a8cd40bd8eaf0d01bac0ea8ae_square.png"",""https://img.ltwebstatic.com/images3_spmp/2024/08/09/e8/1723188359e751e010d76e843c58d20eafb63b698c_square.png"",""https://img.ltwebstatic.com/images3_spmp/2024/08/09/e8/1723188359fe45d88555308442379166d74380c837_square.png"",""https://img.ltwebstatic.com/images3_spmp/2024/08/09/24/172318835752c2b6acbfe9a1ae23633b443b146c87_square.png"",""https://img.ltwebstatic.com/images3_spmp/2024/08/09/e8/17231883594a5a941da7aef8da9f5eff05e1bc16b9_square.png"",""https://img.ltwebstatic.com/images3_spmp/2024/08/09/e8/1723188359baa5d09ddbd42fab7a418d750674a84b_square.png"",""https://img.ltwebstatic.com/images3_spmp/2024/08/09/42/1723188363771c934b47f76b5e1c0d606e5d2ba22c_square.png""]",sr2408096177189687,null,"[{""name"":""Color"",""value"":""Grey""},{""name"":""Material"",""value"":""Wood""}]",40460214,0,null,Tools & Home Improvement,null,Storage Cabinets,SHEIN,"[""one-size""]"
"1PC Natural Yellow Rainbow Halo Raw Crystal, Aromatherapist Stone, Home Decoration, Office Decoration, Holiday Gifts.","Free Returns ✓ Free Shipping✓. 1PC Natural Yellow Rainbow Halo Raw Crystal, Aromatherapist Stone, Home Decoration, Office Decoration, Holiday Gifts.- Crystal Shapes & Carvings at SHEIN.",2.1,2.1,USD,true,Multicolor,Electroplated Citrine,0,https://img.ltwebstatic.com/images3_spmp/2024/08/05/82/1722849974c78736029978563de3e7924ce962d5b1_square.jpg,https://us.shein.com/Crystal-Shapes-Carvings-c-8741.html,"https://us.shein.com/1PC-Natural-Yellow-Rainbow-Halo-Raw-Crystal,-Aromatherapist-Stone,-Home-Decoration,-Office-Decoration,-Holiday-Gifts.-p-40351123.html","[{""name"":""Jewelry & Watches"",""url"":""https://us.shein.com/Jewelry-Watches-c-3634.html""},{""name"":""Jewelry Making"",""url"":""https://us.shein.com/Jewelry-Making-c-4219.html""},{""name"":""Crystal"",""url"":""https://us.shein.com/Crystal-c-8739.html""},{""name"":""Crystal Shapes & Carvings"",""url"":""https://us.shein.com/Crystal-Shapes-Carvings-c-8741.html""}]",US,us.shein.com,21,"[""https://us.shein.com/1PC-Natural-Yellow-Rainbow-Halo-Raw-Crystal,-Aromatherapist-Stone,-Home-Decoration,-Office-Decoration,-Holiday-Gifts.-p-40351123.html"",""https://img.ltwebstatic.com/images3_spmp/2024/08/05/28/172284985625a691a2dacf3bb80afa03094e6f41cd_square.jpg"",""https://img.ltwebstatic.com/images3_spmp/2024/08/05/28/17228498564fe6b0baca15fb699251790b3c2ab18c_square.jpg"",""https://img.ltwebstatic.com/images3_spmp/2024/08/05/81/1722849857953c64dff300a5dd28fa84ccde1de7c0_square.jpg"",""https://img.ltwebstatic.com/images3_spmp/2024/08/05/28/172284985637f0376641ce8893548383c241330125_square.jpg"",""https://img.ltwebstatic.com/images3_spmp/2024/08/05/28/172284985642575f164c24e6c56a75a160b59c010d_square.jpg"",""https://img.ltwebstatic.com/images3_spmp/2024/08/05/28/172284985687293f811ad5471d2324662f52832efd_square.jpg"",""https://img.ltwebstatic.com/images3_spmp/2024/08/05/28/17228498565586235a1fa01f812dc91d707eb01003_square.jpg"",""https://img.ltwebstatic.com/images3_spmp/2024/08/05/28/1722849856842cecba2f404f99e8628d1f2d1fcea2_square.jpg"",""https://img.ltwebstatic.com/images3_spmp/2024/08/05/12/17228498548d4b60546a90b5fbc27a491fae731ac7_square.jpg"",""https://img.ltwebstatic.com/images3_spmp/2024/08/05/82/1722849974c78736029978563de3e7924ce962d5b1_square.jpg"",""https://img.ltwebstatic.com/images3_spmp/2024/08/05/0f/17228500035c6d9bb182064868d527597e5ea511d0_square.jpg"",""https://img.ltwebstatic.com/images3_spmp/2024/08/05/64/1722849991782ac21b6df53d468618bc1fe74e81d3.jpg"",""https://img.ltwebstatic.com/images3_spmp/2024/08/05/64/17228499916ffa40b9c3000665d6059f0e4b6b380f.jpg"",""https://img.ltwebstatic.com/images3_spmp/2024/08/05/51/17228499921780b3352ae3e93357ee68b976e84c88.jpg"",""https://img.ltwebstatic.com/images3_spmp/2024/08/05/64/1722849991ce30a3eee44bae4232f29ca6a3c70410.jpg"",""https://img.ltwebstatic.com/images3_spmp/2024/08/05/64/1722849991d101266c26dc31afaf37d1b2985a47e5.jpg"",""https://img.ltwebstatic.com/images3_spmp/2024/08/05/64/17228499912c7431818cdbd8bf615a0ba6bd330f10.jpg"",""https://img.ltwebstatic.com/images3_spmp/2024/08/05/64/172284999197f69a84c035fe6f00df0bfa11345afb.jpg"",""https://img.ltwebstatic.com/images3_spmp/2024/08/05/64/17228499911ea8f51250764876cc9ab693a404daff.jpg"",""https://img.ltwebstatic.com/images3_spmp/2024/08/05/d3/17228499898da3b47071f52f0c4c9315932e2030e8.jpg""]",sj2408053159478772,null,"[{""name"":""Color"",""value"":""Multicolor""},{""name"":""Style"",""value"":""Emotions""},{""name"":""Style"",""value"":""Healing Stone""},{""name"":""Style"",""value"":""Chakra""},{""name"":""Type"",""value"":""Carving Decor""},{""name"":""Main Stone"",""value"":""Natural Crystal""},{""name"":""Material"",""value"":""Phantom Quartz""}]",40351123,0,null,Jewelry & Watches,null,Crystal Shapes & Carvings,SHEIN,"[""Electroplated Citrine""]"
"1PC Selenite Crystal Pumpkin Ghost Head Carving - Natural Rock Crystal Halloween Decor, Home & Office Ornamental","Free Returns ✓ Free Shipping✓. 1PC Selenite Crystal Pumpkin Ghost Head Carving - Natural Rock Crystal Halloween Decor, Home & Office Ornamental- Crystal Shapes & Carvings at SHEIN.",6.9,3.45,USD,true,Multicolor,Plaster Pumpkin Head,0,https://img.ltwebstatic.com/images3_spmp/2024/08/08/0a/1723107843308d929fc98caaafe6eef9520b1999ef_square.jpg,https://us.shein.com/Crystal-Shapes-Carvings-c-8741.html,"https://us.shein.com/1PC-Selenite-Crystal-Pumpkin-Ghost-Head-Carving---Natural-Rock-Crystal-Halloween-Decor,-Home-&amp;-Office-Ornamental-p-40540088.html","[{""name"":""Jewelry & Watches"",""url"":""https://us.shein.com/Jewelry-Watches-c-3634.html""},{""name"":""Jewelry Making"",""url"":""https://us.shein.com/Jewelry-Making-c-4219.html""},{""name"":""Crystal"",""url"":""https://us.shein.com/Crystal-c-8739.html""},{""name"":""Crystal Shapes & Carvings"",""url"":""https://us.shein.com/Crystal-Shapes-Carvings-c-8741.html""}]",US,us.shein.com,23,"[""https://us.shein.com/1PC-Selenite-Crystal-Pumpkin-Ghost-Head-Carving---Natural-Rock-Crystal-Halloween-Decor,-Home-&amp;-Office-Ornamental-p-40540088.html"",""https://img.ltwebstatic.com/images3_spmp/2024/08/08/60/1723107713816447612a66c2fdfa7c2bbdceb3fc1f_square.jpg"",""https://img.ltwebstatic.com/images3_spmp/2024/08/08/60/17231077137b6c79fa3e1379c752e696e9e0e2a921_square.jpg"",""https://img.ltwebstatic.com/images3_spmp/2024/08/08/60/17231077132ce6cc23259b926910f8eadd94c01a75_square.jpg"",""https://img.ltwebstatic.com/images3_spmp/2024/08/08/60/1723107713365211032fd113d9185b429f87f433f5_square.jpg"",""https://img.ltwebstatic.com/images3_spmp/2024/08/08/4e/1723107712d314ce481b62d45029fbd419fc4d44a6_square.jpg"",""https://img.ltwebstatic.com/images3_spmp/2024/08/08/1b/17231077147e35c12685033f04049ce4d941d1afea_square.jpg"",""https://img.ltwebstatic.com/images3_spmp/2024/08/08/c4/17231077278ac37fa3ceffaa87bf40569a2ed59f3d_square.jpg"",""https://img.ltwebstatic.com/images3_spmp/2024/08/08/c4/1723107727eb46c70c2b33cb2388b49e625241f111_square.jpg"",""https://img.ltwebstatic.com/images3_spmp/2024/08/08/bb/17231077571fbdf1c28cbd9acfc4f18859b1c86d4f_square.jpg"",""https://img.ltwebstatic.com/images3_spmp/2024/08/08/97/1723107733c25479407c5caca2b9b5ab0bc74ad92e_square.jpg"",""https://img.ltwebstatic.com/images3_spmp/2024/08/08/0a/1723107843308d929fc98caaafe6eef9520b1999ef_square.jpg"",""https://img.ltwebstatic.com/images3_spmp/2024/08/08/fd/1723107917c3d364f6ad7997b9a1810152e00cde11_square.jpg"",""https://img.ltwebstatic.com/images3_spmp/2024/08/08/51/17231079313b63f1d2dfb73e00524b9329a6960763.jpg"",""https://img.ltwebstatic.com/images3_spmp/2024/08/08/c0/17231078610d0846a9c7db051994ade813d3c181d9.jpg"",""https://img.ltwebstatic.com/images3_spmp/2024/08/08/c0/1723107861606cbdf7d88578dbc2b8acc606597990.jpg"",""https://img.ltwebstatic.com/images3_spmp/2024/08/08/c0/17231078613ccfe698ea745fa4d111549b369a8689.jpg"",""https://img.ltwebstatic.com/images3_spmp/2024/08/08/c0/172310786146da836fc2b95e3545e3779260db1ecd.jpg"",""https://img.ltwebstatic.com/images3_spmp/2024/08/08/26/1723107860bcb28991087b621630b7b4ceafb92755.jpg"",""https://img.ltwebstatic.com/images3_spmp/2024/08/08/c0/17231078615b0ea108609f6b14a8b206ec3fb2c306.jpg"",""https://img.ltwebstatic.com/images3_spmp/2024/08/08/d0/17231078728167972156c2b89567595bf781295518.jpg"",""https://img.ltwebstatic.com/images3_spmp/2024/08/08/b6/1723107894939ad5369492279b671271a222e8aa05.jpg"",""https://img.ltwebstatic.com/images3_spmp/2024/08/08/3a/1723107878f8f3a711e458bf0152cd394caedef62c.jpg""]",sj2408084820876589,null,"[{""name"":""Color"",""value"":""Multicolor""},{""name"":""Style"",""value"":""Emotions""},{""name"":""Style"",""value"":""Healing Stone""},{""name"":""Type"",""value"":""Carving Decor""},{""name"":""Main Stone"",""value"":""Natural Crystal""},{""name"":""Material"",""value"":""Phantom Quartz""}]",40540088,0,null,Jewelry & Watches,null,Crystal Shapes & Carvings,SHEIN,"[""Plaster Pumpkin Head""]"
1PC Sexy Lingerie Body StockingOpen Crotch Hollow Out See Through Bodystocking Without Underwear,Free Returns ✓ Free Shipping✓. 1PC Sexy Lingerie Body StockingOpen Crotch Hollow Out See Through Bodystocking Without Underwear- Women Sexy Bodysuits at SHEIN.,3.39,2.14,USD,true,Black,one-size,0,https://img.ltwebstatic.com/images3_spmp/2024/06/26/c6/17193895464cfa63318b5ad090bf4cbb23688177b9.jpg,https://us.shein.com/Women-Sexy-Bodysuits-c-8821.html,https://us.shein.com/1PC-Sexy-Lingerie-Body-StockingOpen-Crotch-Hollow-Out-See-Through-Bodystocking-Without-Underwear-p-40433938.html,"[{""name"":""Underwear & Sleepwear"",""url"":""https://us.shein.com/Underwear-Sleepwear-c-2038.html""},{""name"":""Women Sexy Lingerie & Costumes"",""url"":""https://us.shein.com/Women-Sexy-Lingerie-Costumes-c-4292.html""},{""name"":""Women Sexy Lingerie"",""url"":""https://us.shein.com/Women-Sexy-Lingerie-c-8818.html""},{""name"":""Women Sexy Bodysuits"",""url"":""https://us.shein.com/Women-Sexy-Bodysuits-c-8821.html""}]",US,us.shein.com,5,"[""https://img.ltwebstatic.com/images3_spmp/2024/06/26/c6/17193895464cfa63318b5ad090bf4cbb23688177b9.jpg"",""https://img.ltwebstatic.com/images3_spmp/2024/06/26/04/1719389545b1c801ab1a9e9bb68fc5f5c7d75532cc.jpg"",""https://img.ltwebstatic.com/images3_spmp/2024/06/26/c6/171938954631ff5c9473682c6c9d4c665658b589d4.jpg"",""https://img.ltwebstatic.com/images3_spmp/2024/06/26/6d/17193895495c53d217d03084342ac4dcfa3fba1307.jpg"",""https://img.ltwebstatic.com/images3_spmp/2024/06/26/8b/1719389576d99f70a2535ad1316570c8c3fb34737b.jpg""]",si2406261616831585,null,"[{""name"":""Details"",""value"":""Cut Out""},{""name"":""Details"",""value"":""Sheer""},{""name"":""Style"",""value"":""Sexy""},{""name"":""Color"",""value"":""Black""},{""name"":""Neckline"",""value"":""Straps""},{""name"":""Bra Type"",""value"":""Bralettes""},{""name"":""Panty Type"",""value"":""Thongs""},{""name"":""Fabric"",""value"":""High Stretch""},{""name"":""Fabric"",""value"":""Medium Stretch""},{""name"":""Material"",""value"":""Polyamide""},{""name"":""Composition"",""value"":""95% Polyamide""},{""name"":""Composition"",""value"":""5% Elastane""},{""name"":""Care Instructions"",""value"":""Hand wash,do not dry clean""},{""name"":""Sheer"",""value"":""Yes""}]",40433938,0,null,Underwear & Sleepwear,null,Women Sexy Bodysuits,SHEIN,"[""one-size""]"
"Italian Genuine Leather Thick Belt For Men, Retro Solid Brass Buckle","Free Returns ✓ Free Shipping✓. Italian Genuine Leather Thick Belt For Men, Retro Solid Brass Buckle- Men Belts at SHEIN.",22.8,21.3,USD,true,Black,one-size,0,https://img.ltwebstatic.com/images3_spmp/2024/07/30/3f/1722317110de4e3d0d3c2b4adf4271953dba60044d.jpg,https://us.shein.com/Men-Belts-c-12175.html,"https://us.shein.com/Italian-Genuine-Leather-Thick-Belt-For-Men,-Retro-Solid-Brass-Buckle-p-39962322.html","[{""name"":""Men"",""url"":""https://us.shein.com/Men-c-2026.html""},{""name"":""Men Clothing Accessories"",""url"":""https://us.shein.com/Men-Clothing-Accessories-c-12097.html""},{""name"":""Men Belts & Belts Accessories"",""url"":""https://us.shein.com/Men-Belts-Belts-Accessories-c-12105.html""},{""name"":""Men Belts"",""url"":""https://us.shein.com/Men-Belts-c-12175.html""}]",US,us.shein.com,10,"[""https://img.ltwebstatic.com/images3_spmp/2024/07/30/2e/1722310709a4c7a73b7e2f5536909284cdb3450328.jpg"",""https://img.ltwebstatic.com/images3_spmp/2024/07/30/3f/1722317110de4e3d0d3c2b4adf4271953dba60044d.jpg"",""https://img.ltwebstatic.com/images3_spmp/2024/07/30/76/172231711828787143e277a5af03aed9222618f67b.jpg"",""https://img.ltwebstatic.com/images3_spmp/2024/07/30/a3/17223171439ba1b3800595cd682981b0ea7be17a69.jpg"",""https://img.ltwebstatic.com/images3_spmp/2024/07/30/b0/1722317412c1acb0160a144224b8fe354c241557cc.jpg"",""https://img.ltwebstatic.com/images3_spmp/2024/07/30/a6/1722317347c92469f254001539965c37e7c36dd9a4.jpg"",""https://img.ltwebstatic.com/images3_spmp/2024/07/30/f3/1722317355a69f76d35f75aa0ef9de61a14b5e3915.jpg"",""https://img.ltwebstatic.com/images3_spmp/2024/07/30/0b/1722317371873bcb8d538ff2bfef2d36e1ff803c5f.jpg"",""https://img.ltwebstatic.com/images3_spmp/2024/07/30/ce/172231739180c2a11eb6870bf259302c2a4e78288d.jpg"",""https://img.ltwebstatic.com/images3_spmp/2024/07/30/ce/1722317391802b077c49effea858db54af03184ff9.jpg""]",sm2407308385090991,null,"[{""name"":""Color"",""value"":""Black""},{""name"":""Material"",""value"":""Genuine Leather""},{""name"":""Style"",""value"":""Vintage""},{""name"":""Pattern Type"",""value"":""Plain""},{""name"":""Stretch"",""value"":""Non-Stretch""},{""name"":""Belt Buckle Type"",""value"":""Single Prong""},{""name"":""Belt Buckle Element"",""value"":""Square""}]",39962322,0,null,Men,null,Men Belts,SHEIN,"[""one-size""]"
Unbeatablesale Hylomar 61701 13.53 Oz Hylomar Cleaner Spray Can,Free Returns ✓ Free Shipping✓. Unbeatablesale Hylomar 61701 13.53 Oz Hylomar Cleaner Spray Can- Other Commercial Cleaning Supplies at SHEIN.,28.53,28.53,USD,true,Multicolor,one-size,0,https://img.ltwebstatic.com/images3_spmp/2024/07/29/8f/17222461992739eb717d62face5d3bb6a2eafbff57.jpg,https://us.shein.com/Other-Commercial-Cleaning-Supplies-c-9467.html,https://us.shein.com/Hylomar-61701-13.53-Oz-Hylomar-Cleaner-Spray-Can-p-39788871.html,"[{""name"":""Home & Living"",""url"":""https://us.shein.com/Home-Living-c-2032.html""},{""name"":""Household Cleaning & Personal Care"",""url"":""https://us.shein.com/Household-Cleaning-Personal-Care-c-3988.html""},{""name"":""Janitorial & Sanitation Supplies"",""url"":""https://us.shein.com/Janitorial-Sanitation-Supplies-c-9451.html""},{""name"":""Other Commercial Cleaning Supplies"",""url"":""https://us.shein.com/Other-Commercial-Cleaning-Supplies-c-9467.html""}]",US,us.shein.com,3,"[""https://img.ltwebstatic.com/images3_spmp/2024/07/29/8f/17222461992739eb717d62face5d3bb6a2eafbff57.jpg"",""https://img.ltwebstatic.com/images3_spmp/2024/07/29/8f/17222461992739eb717d62face5d3bb6a2eafbff57.jpg"",""https://img.ltwebstatic.com/images3_spmp/2024/07/29/8f/17222461992739eb717d62face5d3bb6a2eafbff57.jpg""]",sh2407298976491666,null,"[{""name"":""Color"",""value"":""Multicolor""},{""name"":""Material"",""value"":""PP""}]",39788871,0,null,Home & Living,null,Other Commercial Cleaning Supplies,Unbeatablesale,"[""one-size""]"
"1 Set Cup & Saucer, Cute Cat Pattern, High-End Coffee Cup & Saucer Set, Latte Art","Free Returns ✓ Free Shipping✓. 1 Set Cup & Saucer, Cute Cat Pattern, High-End Coffee Cup & Saucer Set, Latte Art- Teacup & Saucer Sets at SHEIN.",12.7,12.2,USD,true,White,150ML,0,https://img.ltwebstatic.com/images3_spmp/2024/07/27/dc/17220596739d6bd206b4c6ffd1aa50472e24baa73b.jpg,https://us.shein.com/Teacup-Saucer-Sets-c-6076.html,"https://us.shein.com/1-Set-Cup-&amp;-Saucer,-Cute-Cat-Pattern,-High-End-Coffee-Cup-&amp;-Saucer-Set,-Latte-Art-p-39744348.html","[{""name"":""Home & Living"",""url"":""https://us.shein.com/Home-Living-c-2032.html""},{""name"":""Kitchen & Dining"",""url"":""https://us.shein.com/Kitchen-Dining-c-1948.html""},{""name"":""Drinkware"",""url"":""https://us.shein.com/Drinkware-c-3553.html""},{""name"":""Teacup & Saucer Sets"",""url"":""https://us.shein.com/Teacup-Saucer-Sets-c-6076.html""}]",US,us.shein.com,10,"[""https://img.ltwebstatic.com/images3_spmp/2024/07/27/dc/17220596739d6bd206b4c6ffd1aa50472e24baa73b.jpg"",""https://img.ltwebstatic.com/images3_spmp/2024/07/27/dc/17220596731f646e57ed8db800bf06e0bd58f9593e.jpg"",""https://img.ltwebstatic.com/images3_spmp/2024/07/27/d0/17220596747a2e75c115a8795f0ef5237e6935ae03.jpg"",""https://img.ltwebstatic.com/images3_spmp/2024/07/27/d0/1722059674db5a8b2da11f270f90ee95f6ba5f9ffa.jpg"",""https://img.ltwebstatic.com/images3_spmp/2024/07/27/dc/1722059673dcdef6bd0ec1cad06a590aa37d09a613.jpg"",""https://img.ltwebstatic.com/images3_spmp/2024/07/27/78/17220596830e36bf727f9a16603cc4a76db9d00319.jpg"",""https://img.ltwebstatic.com/images3_spmp/2024/07/27/8c/17220596847272182e4bd4c7a5f22cac67d2f963fe.jpg"",""https://img.ltwebstatic.com/images3_spmp/2024/07/27/8c/17220596842d56ad7a9004e85643733df800bdad05.jpg"",""https://img.ltwebstatic.com/images3_spmp/2024/07/27/8c/172205968468d1169a5d0f56f47f2d1c604d6a0c4d.jpg"",""https://img.ltwebstatic.com/images3_spmp/2024/07/27/8c/1722059684bd351485a42196b66a014c8f72f00c61.jpg""]",sh2407276568469064,null,"[{""name"":""Color"",""value"":""White""},{""name"":""Material"",""value"":""Porcelain""}]",39744348,0,null,Home & Living,null,Teacup & Saucer Sets,SHEIN,"[""150ML""]"
"Unbeatablesale PIX North America MXV4-410 0.5 X 41 In. Heavy-Duty Lawn & Garden Equipment Belt,; Black","Free Returns ✓ Free Shipping✓. Unbeatablesale PIX North America MXV4-410 0.5 X 41 In. Heavy-Duty Lawn & Garden Equipment Belt,; Black- Tool Cases at SHEIN.",16.98,16.98,USD,true,Multicolor,one-size,0,https://img.ltwebstatic.com/images3_spmp/2024/08/09/4d/172318472061b6adc14fd2e91b7f3345740a14f6a3.jpg,https://us.shein.com/Tool-Cases-c-4608.html,"https://us.shein.com/PIX-North-America-MXV4-410-0.5-X-41-In.-Heavy-Duty-Lawn-&amp;-Garden-Equipment-Belt,;-Black-p-40505782.html","[{""name"":""Tools & Home Improvement"",""url"":""https://us.shein.com/Tools-Home-Improvement-c-4327.html""},{""name"":""Storage & Tool Organization"",""url"":""https://us.shein.com/Storage-Tool-Organization-c-4575.html""},{""name"":""Tool Cases"",""url"":""https://us.shein.com/Tool-Cases-c-4608.html""}]",US,us.shein.com,3,"[""https://img.ltwebstatic.com/images3_spmp/2024/08/09/4d/172318472061b6adc14fd2e91b7f3345740a14f6a3.jpg"",""https://img.ltwebstatic.com/images3_spmp/2024/08/09/4d/172318472061b6adc14fd2e91b7f3345740a14f6a3.jpg"",""https://img.ltwebstatic.com/images3_spmp/2024/08/09/4d/172318472061b6adc14fd2e91b7f3345740a14f6a3.jpg""]",sr2408101163065908,null,"[{""name"":""Color"",""value"":""Multicolor""},{""name"":""Material"",""value"":""PP""}]",40505782,0,null,Tools & Home Improvement,null,Tool Cases,Unbeatablesale,"[""one-size""]"
"30pcs,40in Rocket Balloons 6 Assorted Colors Flying Magic Long Balloons With Whistling Noise Premium-Quality Latex Balloon For Parties","Free Returns ✓ Free Shipping✓. 30pcs,40in Rocket Balloons 6 Assorted Colors Flying Magic Long Balloons With Whistling Noise Premium-Quality Latex Balloon For Parties- Decorative Balloons at SHEIN.",2.2,2.1,USD,true,Multicolor,30pcs,0,https://img.ltwebstatic.com/images3_spmp/2024/08/24/a0/1724486278d3a03531affbef9db97298916c1aec90.jpg,https://us.shein.com/30/50/Decorative-Balloons-c-2147.html,"https://us.shein.com/30/50/100Pcs,-40in-Latex-Spiral-Long-Balloons---Colorful-Rainbow-Twisted-Balloons-Assorted-Color-For-Birthday-Wedding-Playing-Festvial-Party-Decorations-p-41434093.html","[{""name"":""Home & Living"",""url"":""https://us.shein.com/30/50/Home-Living-c-2032.html""},{""name"":""Event & Party Supplies"",""url"":""https://us.shein.com/30/50/Event-Party-Supplies-c-2496.html""},{""name"":""Balloons"",""url"":""https://us.shein.com/30/50/Balloons-c-5213.html""},{""name"":""Decorative Balloons"",""url"":""https://us.shein.com/30/50/Decorative-Balloons-c-2147.html""}]",US,us.shein.com,6,"[""https://img.ltwebstatic.com/images3_spmp/2024/08/24/a0/1724486278d3a03531affbef9db97298916c1aec90.jpg"",""https://img.ltwebstatic.com/images3_spmp/2024/08/24/94/172448631383e8b16233b5457f127934ac49598892.jpg"",""https://img.ltwebstatic.com/images3_spmp/2024/08/24/35/17244863002cc11bfd70634566c504e7c7c336500a.jpg"",""https://img.ltwebstatic.com/images3_spmp/2024/08/24/0b/17244863271f1b4f6362050bc1d8d65ad37ca39666.jpg"",""https://img.ltwebstatic.com/images3_spmp/2024/08/24/fd/1724486342e03978b43a1dfb17da4688671ce98b92.jpg"",""https://img.ltwebstatic.com/images3_spmp/2024/08/24/3d/1724486311e968da21a53b7ea32d10985c01d4eee3.jpg""]",sh2407195163451376,null,"[{""name"":""Power Supply"",""value"":""None""},{""name"":""Color"",""value"":""Multicolor""},{""name"":""Material"",""value"":""Latex""}]",41434093,0,null,Home & Living,null,Decorative Balloons,SHEIN,"[""30pcs""]"
"20pcs Artificial Green Plant Leaves Valentine'S Day Gift DIY Cake Decoration, Candy Box, Birthday Party Decoration, Wedding Flower Basket, Bride Holding Flowers, Home Decoration, Dining Room, Bedroom, Windowsill Decoration, Vase Ornaments, Valentine'S Day, New Year Decoration, Outdoor Garden, Start Of School Season","Free Returns ✓ Free Shipping✓. 20pcs Artificial Green Plant Leaves Valentine'S Day Gift DIY Cake Decoration, Candy Box, Birthday Party Decoration, Wedding Flower Basket, Bride Holding Flowers, Home Decoration, Dining Room, Bedroom, Windowsill Decoration, Vase Ornaments, Valentine'S Day, New Year Decoration, Outdoor Garden, Start Of School Season- Artificial Plants at SHEIN.",1.5,0.83,USD,true,Multicolor,one-size,0,https://img.ltwebstatic.com/images3_pi/2023/03/21/1679371394d7472f3dba597399ac51313b1c4e57e5.jpg,https://us.shein.com/Artificial-Plants-c-3433.html,"https://us.shein.com/20pcs-Artificial-Green-Plant-Leaves-Valentine%27S-Day-Gift-DIY-Cake-Decoration,-Candy-Box,-Birthday-Party-Decoration,-Wedding-Flower-Basket,-Bride-Holding-Flowers,-Home-Decoration,-Dining-Room,-Bedroom,-Windowsill-Decoration,-Vase-Ornaments,-Valentine%27S-Day,-New-Year-Decoration,-Outdoor-Garden,-Start-Of-School-Season,Fake-Plants,Fall-Decor,Room,Desk,Garden-Decor,Room-Decoration-Stuff-p-14063170.html","[{""name"":""Home & Living"",""url"":""https://us.shein.com/Home-Living-c-2032.html""},{""name"":""Home Decor"",""url"":""https://us.shein.com/Home-Decor-c-1954.html""},{""name"":""Artificial Decorations"",""url"":""https://us.shein.com/Artificial-Decorations-c-3429.html""},{""name"":""Artificial Plants"",""url"":""https://us.shein.com/Artificial-Plants-c-3433.html""}]",US,us.shein.com,7,"[""https://img.ltwebstatic.com/images3_pi/2023/03/21/1679371394d7472f3dba597399ac51313b1c4e57e5.jpg"",""https://img.ltwebstatic.com/images3_pi/2023/03/21/1679371399f866f9fb1a81a611a5057f38e001e470.jpg"",""https://img.ltwebstatic.com/images3_pi/2023/03/21/167937139679397b94601f53caa34da231f57c59e6.jpg"",""https://img.ltwebstatic.com/images3_pi/2023/03/21/16793713973e3aab0d8d662ca8c2dec4ee328816c0.jpg"",""https://img.ltwebstatic.com/images3_pi/2023/03/21/1679371400834d2c4d55ad3d73b7ea5f7167ac43a3.jpg"",""https://img.ltwebstatic.com/images3_pi/2023/03/21/167937140234118e04f2e93dc67a452658e915a7fd.jpg"",""https://img.ltwebstatic.com/images3_pi/2023/03/21/1679371404da14c99ba60c82ecf8771d025a64b917.jpg""]",sh2209283770328332,null,"[{""name"":""Color"",""value"":""Multicolor""},{""name"":""Material"",""value"":""Plastic""},{""name"":""Power Supply"",""value"":""None""}]",14063170,0,null,Home & Living,null,Artificial Plants,SHEIN,"[""one-size""]"
"10pcs Transparent Baking Boxes With Window, Dessert Box, Pastry Box,  Gift Box, Easy And Convenient, Safe For Food Contact, Can Be Mixed And Assembled Sweets, Chocolates, Perfect For Celebrations And Home Baking","Free Returns ✓ Free Shipping✓. 10pcs Transparent Baking Boxes With Window, Dessert Box, Pastry Box,  Gift Box, Easy And Convenient, Safe For Food Contact, Can Be Mixed And Assembled Sweets, Chocolates, Perfect For Celebrations And Home Baking- Wrapping & Packaging at SHEIN.",7.8,6.63,USD,true,White,10pcs,0,https://img.ltwebstatic.com/images3_spmp/2024/08/07/65/1723031716fbe5f9c239ee354e1efc50bd5e968610.jpg,https://us.shein.com/Wrapping-Packaging-c-3452.html,"https://us.shein.com/10pcs-Transparent-Baking-Boxes-With-Window,-Dessert-Box,-Pastry-Box,--Gift-Box,-Easy-And-Convenient,-Safe-For-Food-Contact,-Can-Be-Mixed-And-Assembled-Sweets,-Chocolates,-Perfect-For-Celebrations-And-Home-Baking-p-40438113.html","[{""name"":""Home & Living"",""url"":""https://us.shein.com/Home-Living-c-2032.html""},{""name"":""Kitchen & Dining"",""url"":""https://us.shein.com/Kitchen-Dining-c-1948.html""},{""name"":""Bakeware"",""url"":""https://us.shein.com/Bakeware-c-3407.html""},{""name"":""Wrapping & Packaging"",""url"":""https://us.shein.com/Wrapping-Packaging-c-3452.html""}]",US,us.shein.com,6,"[""https://img.ltwebstatic.com/images3_spmp/2024/08/07/65/1723031716fbe5f9c239ee354e1efc50bd5e968610.jpg"",""https://img.ltwebstatic.com/images3_spmp/2024/08/07/65/17230317160bbb402f097029d7c9faa63e541aac8f.jpg"",""https://img.ltwebstatic.com/images3_spmp/2024/08/07/65/17230317168de1df1ec9fa499c061535878ade4984.jpg"",""https://img.ltwebstatic.com/images3_spmp/2024/08/07/c3/17230317204caf4e51840fd76dbc286f97ca3ad686.jpg"",""https://img.ltwebstatic.com/images3_spmp/2024/08/07/9f/1723031721489cf7418f7c520107bab0f3da8d3ec0.jpg"",""https://img.ltwebstatic.com/images3_spmp/2024/08/07/9f/1723031721ef6df62330dc486977f35efa30a3261c.jpg""]",sh2408070960902902,null,"[{""name"":""Color"",""value"":""White""},{""name"":""Material"",""value"":""Paper""},{""name"":""Dishwasher Safe"",""value"":""No""},{""name"":""Microwave Safe"",""value"":""No""},{""name"":""Oven Safe (-4~220 degrees Celsius)"",""value"":""No""}]",40438113,0,null,Home & Living,null,Wrapping & Packaging,SHEIN,"[""10pcs""]"
1PC Retro Resin Telephone Figurine Piggy Bank Vintage Coin Bank Phone Birthday Gift Coffee Shop Decor(17CM*14.5CM*16CM),Free Returns ✓ Free Shipping✓. 1PC Retro Resin Telephone Figurine Piggy Bank Vintage Coin Bank Phone Birthday Gift Coffee Shop Decor(17CM*14.5CM*16CM)- Decorative Crafts at SHEIN.,21.3,20.5,USD,true,Retro Telephone,1PC,0,https://img.ltwebstatic.com/images3_spmp/2024/08/14/99/1723620090805c9f6664487553963b43abdf884193_square.jpg,https://us.shein.com/Decorative-Crafts-c-8438.html,https://us.shein.com/1PC-Retro-Resin-Telephone-Figurine-Piggy-Bank-Vintage-Coin-Bank-Phone-Birthday-Gift-Coffee-Shop-Decor(17CM*14.5CM*16CM)-p-40871127.html,"[{""name"":""Home & Living"",""url"":""https://us.shein.com/Home-Living-c-2032.html""},{""name"":""Home Decor"",""url"":""https://us.shein.com/Home-Decor-c-1954.html""},{""name"":""Home Decor Accents & Accessories"",""url"":""https://us.shein.com/Home-Decor-Accents-Accessories-c-7764.html""},{""name"":""Decorative Crafts"",""url"":""https://us.shein.com/Decorative-Crafts-c-8438.html""}]",US,us.shein.com,5,"[""https://img.ltwebstatic.com/images3_spmp/2024/08/14/99/1723620090805c9f6664487553963b43abdf884193_square.jpg"",""https://img.ltwebstatic.com/images3_spmp/2024/08/14/99/1723620090fe7319e8f653a56a9b015f222b5df4ed_square.jpg"",""https://img.ltwebstatic.com/images3_spmp/2024/08/14/99/17236200908190a32bb52a2595b712eda1068c9311_square.jpg"",""https://img.ltwebstatic.com/images3_spmp/2024/08/14/99/17236200907f2ab0e0465ea9c308fe0bd5366ebc37_square.jpg"",""https://img.ltwebstatic.com/images3_spmp/2024/08/14/42/1723620160eac1d425b0399fd0c9194e23ddbec52d_square.jpg""]",sh2408141477345115,null,"[{""name"":""Color"",""value"":""Retro Telephone""},{""name"":""Material"",""value"":""ABS""},{""name"":""Plating"",""value"":""No Precious Metal Plated""},{""name"":""Batteries Included"",""value"":""No""},{""name"":""Power Supply"",""value"":""None""}]",40871127,0,null,Home & Living,null,Decorative Crafts,SHEIN,"[""1PC""]"
30pcs Nail Art Decorations DIY Art Punk Style Mixed Pumpkin/Spider/Bat/Witch/Vampire 3D Three-Dimensional Nail Art Decoration Accessories Jewelry,Free Returns ✓ Free Shipping✓. 30pcs Nail Art Decorations DIY Art Punk Style Mixed Pumpkin/Spider/Bat/Witch/Vampire 3D Three-Dimensional Nail Art Decoration Accessories Jewelry- Rhinestones & Decorations at SHEIN.,2,1.7,USD,true,Multicolor,2408-1301 (30pcs Random Styles),0,https://img.ltwebstatic.com/images3_spmp/2024/08/07/57/17230045593193c1a4041e2f03a4dc5753482a2027.jpg,https://us.shein.com/30pcs-Nail-Art-Decorations-DIY-Art-Punk-Style-Mixed-Pumpkin/Spider/Bat/Witch/Rhinestones-Decorations-c-3681.html,https://us.shein.com/30pcs-Nail-Art-Decorations-DIY-Art-Punk-Style-Mixed-Pumpkin/Spider/Bat/Witch/Vampire-3D-Three-Dimensional-Nail-Art-Decoration-Accessories-Jewelry-p-40470348.html,"[{""name"":""Beauty & Health"",""url"":""https://us.shein.com/30pcs-Nail-Art-Decorations-DIY-Art-Punk-Style-Mixed-Pumpkin/Spider/Bat/Witch/Beauty-Health-c-1864.html""},{""name"":""Nail,Hand & Foot Care"",""url"":""https://us.shein.com/30pcs-Nail-Art-Decorations-DIY-Art-Punk-Style-Mixed-Pumpkin/Spider/Bat/Witch/Nail,Hand-Foot-Care-c-3641.html""},{""name"":""Rhinestones & Decorations"",""url"":""https://us.shein.com/30pcs-Nail-Art-Decorations-DIY-Art-Punk-Style-Mixed-Pumpkin/Spider/Bat/Witch/Rhinestones-Decorations-c-3681.html""}]",US,us.shein.com,13,"[""https://img.ltwebstatic.com/images3_spmp/2024/08/07/57/17230045593193c1a4041e2f03a4dc5753482a2027.jpg"",""https://img.ltwebstatic.com/images3_spmp/2024/08/07/71/17230044972fba5817cb89a0b262365de0bb6a6743.jpg"",""https://img.ltwebstatic.com/images3_spmp/2024/08/07/14/1723004498e14e3e79be593420f6ffb7cd6e3d74c9.jpg"",""https://img.ltwebstatic.com/images3_spmp/2024/08/07/14/1723004498c4289231d591e0b67298169170b62df3.jpg"",""https://img.ltwebstatic.com/images3_spmp/2024/08/07/14/172300449878f7ccdaf54cac2942970a810d617df7.jpg"",""https://img.ltwebstatic.com/images3_spmp/2024/08/07/14/172300449825c597e99ba9605ae05cba61986aac44.jpg"",""https://img.ltwebstatic.com/images3_spmp/2024/08/07/9e/17230045926bc9fc0f820673cc517e2446e89ab6dc.jpg"",""https://img.ltwebstatic.com/images3_spmp/2024/08/07/b5/17230045710944974fc5e474ef3e69974125824cd2.jpg"",""https://img.ltwebstatic.com/images3_spmp/2024/08/07/b5/172300457175a29f32a845e605c4f40bc34452156c.jpg"",""https://img.ltwebstatic.com/images3_spmp/2024/08/07/ba/172300457250f5bc20df69af239fb07df1e70ba9e6.jpg"",""https://img.ltwebstatic.com/images3_spmp/2024/08/07/ba/1723004572e71fc0eb766d057160ce46bd71a73988.jpg"",""https://img.ltwebstatic.com/images3_spmp/2024/08/07/ba/1723004572231ed80eab5162ca7ff8c2d3bed09354.jpg"",""https://img.ltwebstatic.com/images3_spmp/2024/08/07/ba/1723004572844eeefa4c17c4ef0354989f0d435256.jpg""]",sb2408071793592315,null,"[{""name"":""Color"",""value"":""Multicolor""},{""name"":""Type"",""value"":""3D Decoration""},{""name"":""Material"",""value"":""ABS""},{""name"":""Pattern Type"",""value"":""Animal""},{""name"":""Pattern Type"",""value"":""Cartoon""}]",40470348,0,null,Beauty & Health,null,Rhinestones & Decorations,SHEIN,"[""2408-1301 (30pcs Random Styles)""]"
"Juvale Wooden Drawer Organizer With 12 Compartments, Divided Tray For Arts And Crafts Supplies, Stationery, Small Items, 12 Grid Sorting Tray, Dark Brown (13.2 X 9.2 X 1.5 Inches) Halloween Decorations Halloween Costumes Autumn Decor Festival Decor","Free Returns ✓ Free Shipping✓. Juvale Wooden Drawer Organizer With 12 Compartments, Divided Tray For Arts And Crafts Supplies, Stationery, Small Items, 12 Grid Sorting Tray, Dark Brown (13.2 X 9.2 X 1.5 Inches) Halloween Decorations Halloween Costumes Autumn Decor Festival Decor- Storage Drawers at SHEIN.",25.7,17.99,USD,true,Brown,one-size,0,https://img.ltwebstatic.com/images3_spmp/2024/01/31/33/17066917502b982665417115e89ecd8d4bfe830f04.jpg,https://us.shein.com/Storage-Drawers-c-3547.html,"https://us.shein.com/Juvale-Wooden-Drawer-Organizer-With-12-Compartments,-Divided-Tray-For-Arts-And-Crafts-Supplies,-Stationery,-Small-Items,-12-Grid-Sorting-Tray,-Dark-Brown-(13.2-X-9.2-X-1.5-Inches)-Halloween-Decorations-Halloween-Costumes-Autumn-Decor-Festival-Decor-p-29874249.html","[{""name"":""Home & Living"",""url"":""https://us.shein.com/Home-Living-c-2032.html""},{""name"":""Storage & Organization"",""url"":""https://us.shein.com/Storage-Organization-c-2298.html""},{""name"":""Storage Drawers"",""url"":""https://us.shein.com/Storage-Drawers-c-3547.html""}]",US,us.shein.com,9,"[""https://img.ltwebstatic.com/images3_spmp/2024/01/31/33/17066917502b982665417115e89ecd8d4bfe830f04.jpg"",""https://img.ltwebstatic.com/images3_spmp/2024/01/31/57/1706691753ddc2d4e594aea315bcb461de53cc59a9.jpg"",""https://img.ltwebstatic.com/images3_spmp/2024/01/31/57/17066917531cad9f95fc187a2573a266bb326bff32.jpg"",""https://img.ltwebstatic.com/images3_spmp/2024/01/31/57/1706691753c36769ecc0e456512108ca86bc0eb962.jpg"",""https://img.ltwebstatic.com/images3_spmp/2024/01/31/57/17066917537b8fb513203b00a91bffdf2853f93174.jpg"",""https://img.ltwebstatic.com/images3_spmp/2024/01/31/57/1706691753d4d18cd996de63fc935105c617dc57ac.jpg"",""https://img.ltwebstatic.com/images3_spmp/2024/01/31/57/17066917533ad14fdb555d7c242027f7c20df3dacf.jpg"",""https://img.ltwebstatic.com/images3_spmp/2024/01/31/8e/170669175463d33e343156919c536cbb89163fded6.jpg"",""https://img.ltwebstatic.com/images3_spmp/2024/01/31/91/1706691755c8a545b31c17e422506ed52a5056a8fc.jpg""]",sh2401319699492522,null,"[{""name"":""Color"",""value"":""Brown""}]",29874249,0,null,Home & Living,null,Storage Drawers,SHEIN,"[""one-size""]"
Unbeatablesale K Tool International KTI22521 3/8 Inch Drive Flex Spark Plug Socket 5/8 Inch,Free Returns ✓ Free Shipping✓. Unbeatablesale K Tool International KTI22521 3/8 Inch Drive Flex Spark Plug Socket 5/8 Inch- Sockets at SHEIN.,13.5,13.5,USD,true,Multicolor,one-size,0,https://img.ltwebstatic.com/images3_spmp/2024/08/12/58/172342249665cc6aa133b868a1da4762220b045f7c.jpg,https://us.shein.com/K-Tool-International-KTI22521-3/8-Inch-Drive-Flex-Spark-Plug-Socket-5/Sockets-c-4531.html,https://us.shein.com/K-Tool-International-KTI22521-3/8-Inch-Drive-Flex-Spark-Plug-Socket-5/8-Inch-p-40598697.html,"[{""name"":""Tools & Home Improvement"",""url"":""https://us.shein.com/K-Tool-International-KTI22521-3/8-Inch-Drive-Flex-Spark-Plug-Socket-5/Tools-Home-Improvement-c-4327.html""},{""name"":""Hand Tools"",""url"":""https://us.shein.com/K-Tool-International-KTI22521-3/8-Inch-Drive-Flex-Spark-Plug-Socket-5/Hand-Tools-c-4501.html""},{""name"":""Sockets"",""url"":""https://us.shein.com/K-Tool-International-KTI22521-3/8-Inch-Drive-Flex-Spark-Plug-Socket-5/Sockets-c-4531.html""}]",US,us.shein.com,3,"[""https://img.ltwebstatic.com/images3_spmp/2024/08/12/58/172342249665cc6aa133b868a1da4762220b045f7c.jpg"",""https://img.ltwebstatic.com/images3_spmp/2024/08/12/58/172342249665cc6aa133b868a1da4762220b045f7c.jpg"",""https://img.ltwebstatic.com/images3_spmp/2024/08/12/58/172342249665cc6aa133b868a1da4762220b045f7c.jpg""]",sr2408128814136664,null,"[{""name"":""Color"",""value"":""Multicolor""},{""name"":""Material"",""value"":""PP""}]",40598697,0,null,Tools & Home Improvement,null,Sockets,Unbeatablesale,"[""one-size""]"
"1PC Large Waterproof Makeup Bag With Handle - Travel Toiletry Organizer For Women And Girls - Spacious Cosmetic Storage For Essentials - Perfect Gift, Cruise Essentials Dorm Essentials,Wedding Bridesmaid Gifts,Mom Gifts,Birthday Gifts,Gifts For Friends And Teachers,Home Decor,Bathroom Livingroom Bedroom Decor,Bathroom Organizer,Jewelry Organizer,Lip Oil Organizer,Nail Polish Organizer Makeup Bag Storage Makeup Organizer Makeup Case","Free Returns ✓ Free Shipping✓. 1PC Large Waterproof Makeup Bag With Handle - Travel Toiletry Organizer For Women And Girls - Spacious Cosmetic Storage For Essentials - Perfect Gift, Cruise Essentials Dorm Essentials,Wedding Bridesmaid Gifts,Mom Gifts,Birthday Gifts,Gifts For Friends And Teachers,Home Decor,Bathroom Livingroom Bedroom Decor,Bathroom Organizer,Jewelry Organizer,Lip Oil Organizer,Nail Polish Organizer Makeup Bag Storage Makeup Organizer Makeup Case- Travel Glasses Bag at SHEIN.",12,11.2,USD,true,Multicolor,Beige,0,https://img.ltwebstatic.com/images3_spmp/2024/08/14/67/17236234118fa733e7e71982fa4b7305a65ff01285.jpg,https://us.shein.com/Travel-Glasses-Bag-c-13365.html,"https://us.shein.com/1PC-Large-Waterproof-Makeup-Bag-With-Handle---Travel-Toiletry-Organizer-For-Women-And-Girls---Spacious-Cosmetic-Storage-For-Essentials---Perfect-Gift,-Cruise-Essentials-Dorm-Essentials,Wedding-Bridesmaid-Gifts,Mom-Gifts,Birthday-Gifts,Gifts-For-Friends-And-Teachers,Home-Decor,Bathroom-Livingroom-Bedroom-Decor,Bathroom-Organizer,Jewelry-Organizer,Lip-Oil-Organizer,Nail-Polish-Organizer-Makeup-Bag-Storage-Makeup-Organizer-Makeup-Case-p-40828986.html","[{""name"":""Bags & Luggage"",""url"":""https://us.shein.com/Bags-Luggage-c-3637.html""},{""name"":""Luggage & Travel Gear"",""url"":""https://us.shein.com/Luggage-Travel-Gear-c-4099.html""},{""name"":""Travel Storage"",""url"":""https://us.shein.com/Travel-Storage-c-9077.html""},{""name"":""Travel Glasses Bag"",""url"":""https://us.shein.com/Travel-Glasses-Bag-c-13365.html""}]",US,us.shein.com,13,"[""https://img.ltwebstatic.com/images3_spmp/2024/08/14/1d/172362341350e0d2625dde4494b4e4b4f8c5279b62.jpg"",""https://img.ltwebstatic.com/images3_spmp/2024/08/14/67/17236234118fa733e7e71982fa4b7305a65ff01285.jpg"",""https://img.ltwebstatic.com/images3_spmp/2024/08/14/67/1723623411f9b811e92f924f6326b003b92a4ccf49.jpg"",""https://img.ltwebstatic.com/images3_spmp/2024/08/14/67/172362341137084643c1a4fd9786dc08f114950360.jpg"",""https://img.ltwebstatic.com/images3_spmp/2024/08/14/66/1723623409cd4032208ea565753c7e7ffa7d620bd9.jpg"",""https://img.ltwebstatic.com/images3_spmp/2024/08/14/66/17236234090021d3bfda135a9f13fd3fb4221b7ae7.jpg"",""https://img.ltwebstatic.com/images3_spmp/2024/08/14/c3/1723623412d70062d0f148dd79c9d31f8ef0b20dad.jpg"",""https://img.ltwebstatic.com/images3_spmp/2024/08/14/c3/172362341214d3835da7f4ba3fe3153eae71e80b0f.jpg"",""https://img.ltwebstatic.com/images3_spmp/2024/08/14/c3/1723623412364e074c18bd441a85ea3fe8af147766.jpg"",""https://img.ltwebstatic.com/images3_spmp/2024/08/14/18/1723623410776dba0ae30c3d40caa87e9a2a8f1730.jpg"",""https://img.ltwebstatic.com/images3_spmp/2024/08/14/c3/1723623412a53a94c1a3f69627f3c9118fbf1e0747.jpg"",""https://img.ltwebstatic.com/images3_spmp/2024/08/14/18/172362341082d55ed73dcc76fff9f768e9e43f4ce2.jpg"",""https://img.ltwebstatic.com/images3_spmp/2024/08/14/13/17236236161fdf3b641380708269891693f63401a9.jpg""]",sg2408148001106681,null,"[{""name"":""Features"",""value"":""Waterproof""},{""name"":""Features"",""value"":""Lightweight""},{""name"":""Features"",""value"":""Multi-function""},{""name"":""Color"",""value"":""Multicolor""},{""name"":""Pattern Type"",""value"":""Letter""},{""name"":""Pattern Type"",""value"":""Plain""},{""name"":""Strap Type"",""value"":""Top Handle""},{""name"":""Type"",""value"":""Multi-Layer Make Up Bag""},{""name"":""Batteries Included"",""value"":""No""},{""name"":""Power Supply"",""value"":""None""},{""name"":""Closure Type"",""value"":""Zipper""},{""name"":""Material"",""value"":""PU Leather""},{""name"":""Gender"",""value"":""Men""},{""name"":""Gender"",""value"":""Women""}]",40828986,0,null,Bags & Luggage,null,Travel Glasses Bag,SHEIN,"[""Beige""]"
"35pcs Mixed Acrylic Body Piercing Pearl Effect, Transparent Dual Color, Matte Tongue Rings For Women, Everyday And Festival Wear","Free Returns ✓ Free Shipping✓. 35pcs Mixed Acrylic Body Piercing Pearl Effect, Transparent Dual Color, Matte Tongue Rings For Women, Everyday And Festival Wear- Women Tongue Ring at SHEIN.",6.1,4.55,USD,true,Multi-color,one-size,0,https://img.ltwebstatic.com/images3_spmp/2024/08/08/f3/1723103803fc365020de88b645da391548a9f7c80c.jpg,https://us.shein.com/Women-Tongue-Ring-c-4880.html,"https://us.shein.com/35pcs-Mixed-Acrylic-Body-Piercing-Pearl-Effect,-Transparent-Dual-Color,-Matte-Tongue-Rings-For-Women,-Everyday-And-Festival-Wear-p-40624265.html","[{""name"":""Jewelry & Watches"",""url"":""https://us.shein.com/Jewelry-Watches-c-3634.html""},{""name"":""Women Fashion Jewelry"",""url"":""https://us.shein.com/Women-Fashion-Jewelry-c-3632.html""},{""name"":""Women Body Jewelry"",""url"":""https://us.shein.com/Women-Body-Jewelry-c-4192.html""},{""name"":""Women Tongue Ring"",""url"":""https://us.shein.com/Women-Tongue-Ring-c-4880.html""}]",US,us.shein.com,6,"[""https://img.ltwebstatic.com/images3_spmp/2024/08/08/f3/1723103803fc365020de88b645da391548a9f7c80c.jpg"",""https://img.ltwebstatic.com/images3_spmp/2024/08/08/f3/1723103803d94ad5af85906b6a9acb7fe628b72b5f.jpg"",""https://img.ltwebstatic.com/images3_spmp/2024/08/08/a0/17231038027afa20f01f5f5d159a3d3a98aadab2b3.jpg"",""https://img.ltwebstatic.com/images3_spmp/2024/08/08/f3/172310380386ad818c460402df37ed8c2b5103ee7a.jpg"",""https://img.ltwebstatic.com/images3_spmp/2024/08/08/f3/17231038037a627b7569449b0a71a6a3247c8c94b9.jpg"",""https://img.ltwebstatic.com/images3_spmp/2024/08/08/f3/172310380376a38150d20ee44748c4562c16375fa3.jpg""]",sj2408089294322723,null,"[{""name"":""Color"",""value"":""Multi-color""},{""name"":""Gender"",""value"":""Women""},{""name"":""Material"",""value"":""PMMA""}]",40624265,0,null,Jewelry & Watches,null,Women Tongue Ring,SHEIN,"[""one-size""]"
Dolce & Gabbana 1.6oz The Only One For Women -  EDP Spray,Free Returns ✓ Free Shipping✓. Dolce & Gabbana 1.6oz The Only One For Women -  EDP Spray- Perfume at SHEIN.,98,66.74,USD,true,Default,1.6oz,0,https://img.ltwebstatic.com/images3_spmp/2023/11/11/e5/1699636243eeff2c6d94bc6117fdc038628866727f_square.jpg,https://us.shein.com/Perfume-c-4805.html,https://us.shein.com/1.6oz-The-Only-One-For-Women---EDP-Spray-p-26290211.html,"[{""name"":""Beauty & Health"",""url"":""https://us.shein.com/Beauty-Health-c-1864.html""},{""name"":""Fragrances & Aromatherapy"",""url"":""https://us.shein.com/Fragrances-Aromatherapy-c-4801.html""},{""name"":""Perfume"",""url"":""https://us.shein.com/Perfume-c-4805.html""}]",US,us.shein.com,4,"[""https://img.ltwebstatic.com/images3_spmp/2023/11/11/e5/1699636243eeff2c6d94bc6117fdc038628866727f_square.jpg"",""https://img.ltwebstatic.com/images3_spmp/2023/11/11/04/169963622869fcb849d2197ff97cb2ddce93cbaad3_square.jpg"",""https://img.ltwebstatic.com/images3_spmp/2023/11/11/5c/1699636237584d264509c7a752fdf9199a18b5e316_square.jpg"",""https://img.ltwebstatic.com/images3_spmp/2023/11/11/01/169963625534dd143d9db5e2e89cd2133be7927c79_square.jpg""]",sb2311114355859926,null,"[{""name"":""Color"",""value"":""Default""},{""name"":""Gender"",""value"":""Women""}]",26290211,0,null,Beauty & Health,null,Perfume,Dolce & Gabbana,"[""1.6oz""]"
Unbeatablesale 1467 Performer Series Accelerator Pump Assembly,Free Returns ✓ Free Shipping✓. Unbeatablesale 1467 Performer Series Accelerator Pump Assembly- Car Replacement Parts at SHEIN.,35.33,35.33,USD,true,Multicolor,one-size,0,https://img.ltwebstatic.com/images3_spmp/2024/06/17/fd/1718616995b182a51b7831b11bf4a7b90ac12a6406.jpg,https://us.shein.com/Car-Replacement-Parts-c-9182.html,https://us.shein.com/1467-Performer-Series-Accelerator-Pump-Assembly-p-36997693.html,"[{""name"":""Automotive"",""url"":""https://us.shein.com/Automotive-c-3657.html""},{""name"":""Automotive Exterior Accessories"",""url"":""https://us.shein.com/Automotive-Exterior-Accessories-c-3900.html""},{""name"":""Car Replacement Parts"",""url"":""https://us.shein.com/Car-Replacement-Parts-c-9182.html""}]",US,us.shein.com,3,"[""https://img.ltwebstatic.com/images3_spmp/2024/06/17/fd/1718616995b182a51b7831b11bf4a7b90ac12a6406.jpg"",""https://img.ltwebstatic.com/images3_spmp/2024/06/17/df/17186169980ba69da0f6b253ae776caf49803230a4.jpg"",""https://img.ltwebstatic.com/images3_spmp/2024/06/17/fd/1718616995b182a51b7831b11bf4a7b90ac12a6406.jpg""]",sq2406175534514401,null,"[{""name"":""Color"",""value"":""Multicolor""}]",36997693,0,null,Automotive,null,Car Replacement Parts,Unbeatablesale,"[""one-size""]"
Unbeatablesale Jumbo Insulated Travel Bag,Free Returns ✓ Free Shipping✓. Unbeatablesale Jumbo Insulated Travel Bag- Men Tote Bags at SHEIN.,22.16,22.16,USD,true,Multicolor,one-size,0,https://img.ltwebstatic.com/images3_spmp/2024/08/09/88/1723161926f19cd1ba30642314ea130560f9aba9ac.jpg,https://us.shein.com/Men-Tote-Bags-c-2128.html,https://us.shein.com/Jumbo-Insulated-Travel-Bag-p-40374435.html,"[{""name"":""Bags & Luggage"",""url"":""https://us.shein.com/Bags-Luggage-c-3637.html""},{""name"":""Men Bags"",""url"":""https://us.shein.com/Men-Bags-c-2090.html""},{""name"":""Men Tote Bags"",""url"":""https://us.shein.com/Men-Tote-Bags-c-2128.html""}]",US,us.shein.com,3,"[""https://img.ltwebstatic.com/images3_spmp/2024/08/09/88/1723161926f19cd1ba30642314ea130560f9aba9ac.jpg"",""https://img.ltwebstatic.com/images3_spmp/2024/08/09/88/1723161926f19cd1ba30642314ea130560f9aba9ac.jpg"",""https://img.ltwebstatic.com/images3_spmp/2024/08/09/88/1723161926f19cd1ba30642314ea130560f9aba9ac.jpg""]",sg2408099993099724,null,"[{""name"":""Color"",""value"":""Multicolor""},{""name"":""Pattern Type"",""value"":""Colorblock""},{""name"":""Pattern Type"",""value"":""Letter""},{""name"":""Material"",""value"":""PP""}]",40374435,0,null,Bags & Luggage,null,Men Tote Bags,Unbeatablesale,"[""one-size""]"
"Jepeak Jepeak Decorative Linen Throw Pillow Covers Cushion Cases, Pack Of 4 Rustic Woven Textured Pillow Covers For Sofa Bed Couch, 18x18 Inch","Free Returns ✓ Free Shipping✓. Jepeak Jepeak Decorative Linen Throw Pillow Covers Cushion Cases, Pack Of 4 Rustic Woven Textured Pillow Covers For Sofa Bed Couch, 18x18 Inch- Cushion Cover at SHEIN.",33.6,24.2,USD,true,Light Grey,45*45,0,https://img.ltwebstatic.com/images3_spmp/2024/08/15/86/17237309127563d4909a2fdc9c0d56b016b0d41e29_square.jpg,https://us.shein.com/Cushion-Cover-c-1947.html,"https://us.shein.com/Jepeak-Decorative-Linen-Throw-Pillow-Covers-Cushion-Cases,-Pack-Of-4-Rustic-Woven-Textured-Pillow-Covers-For-Sofa-Bed-Couch,-18x18-Inch-p-40906414.html","[{""name"":""Home Textile"",""url"":""https://us.shein.com/Home-Textile-c-4083.html""},{""name"":""Decorative Pillows, Inserts, & Covers"",""url"":""https://us.shein.com/Decorative-Pillows,-Inserts,-Covers-c-8359.html""},{""name"":""Cushion Cover"",""url"":""https://us.shein.com/Cushion-Cover-c-1947.html""}]",US,us.shein.com,16,"[""https://us.shein.com/Jepeak-Decorative-Linen-Throw-Pillow-Covers-Cushion-Cases,-Pack-Of-4-Rustic-Woven-Textured-Pillow-Covers-For-Sofa-Bed-Couch,-18x18-Inch-p-40906414.html"",""https://img.ltwebstatic.com/images3_spmp/2024/08/15/86/17237309127563d4909a2fdc9c0d56b016b0d41e29_square.jpg"",""https://img.ltwebstatic.com/images3_spmp/2024/08/07/7f/17230332331d22aa53d73366b1dddc9bf06ab7c7e5_square.jpg"",""https://img.ltwebstatic.com/images3_spmp/2024/08/07/7f/172303323321bb9122a69c973154603be06bd45f46_square.jpg"",""https://img.ltwebstatic.com/images3_spmp/2024/08/07/dc/1723033232b234dfe3612e3086bb8b4b17b06229f4_square.jpg"",""https://img.ltwebstatic.com/images3_spmp/2024/08/07/dc/1723033232ec115df12b622c96f813c13276a85ae2_square.jpg"",""https://img.ltwebstatic.com/images3_spmp/2024/08/07/7f/1723033233fb3c795f0f582bd1006c5c72b8ecb663_square.jpg"",""https://img.ltwebstatic.com/images3_spmp/2024/08/07/4c/1723033906d9062edeac319d02757af6d1c81829f7_square.jpg"",""https://img.ltwebstatic.com/images3_spmp/2024/08/07/4c/172303390616d1490b0c6e387e16df9577c2ac4c36_square.jpg"",""https://img.ltwebstatic.com/images3_spmp/2024/08/07/7f/17230339055f79a1e528373b35ca66ccbf531ba18b_square.jpg"",""https://img.ltwebstatic.com/images3_spmp/2024/08/07/0b/1723034749c407d588b72fdbf27cada3755a62c604.png"",""https://img.ltwebstatic.com/images3_spmp/2024/08/07/81/1723038088500f36a8f706b6475c29dcd37588b145.png"",""https://img.ltwebstatic.com/images3_spmp/2024/08/07/1a/1723038098d55b3b56558829dd337235a609501e7c.png"",""https://img.ltwebstatic.com/images3_spmp/2024/08/15/0f/1723731141d526dffc61aa00708f265f7afd84e51f.jpg"",""https://img.ltwebstatic.com/images3_spmp/2024/08/15/26/172373119040d02fce39c358e606c8b61a966f85fe.jpg"",""https://img.ltwebstatic.com/images3_spmp/2024/08/15/15/1723731237305882c14ee0e432da44687d7934885b.jpg""]",sf2408156494439848,null,"[{""name"":""Occasion"",""value"":""Fall""},{""name"":""Occasion"",""value"":""Spring""},{""name"":""Occasion"",""value"":""Summer""},{""name"":""Occasion"",""value"":""Christmas""},{""name"":""Occasion"",""value"":""Halloween""},{""name"":""Style"",""value"":""Modern""},{""name"":""Style"",""value"":""Simple""},{""name"":""Occasion"",""value"":""Party""},{""name"":""Occasion"",""value"":""Daily""},{""name"":""Occasion"",""value"":""Wedding Party""},{""name"":""Occasion"",""value"":""Thanksgiving Day""},{""name"":""Occasion"",""value"":""Valentine's Day""},{""name"":""Features"",""value"":""Machine Washable""},{""name"":""Features"",""value"":""Anti-pilling""},{""name"":""Occasion"",""value"":""Father's Day""},{""name"":""Occasion"",""value"":""Easter""},{""name"":""Occasion"",""value"":""Mother's Day""},{""name"":""Occasion"",""value"":""New Year""},{""name"":""Color"",""value"":""Light Grey""},{""name"":""Room"",""value"":""Living Room""},{""name"":""Room"",""value"":""Bedroom""},{""name"":""Room"",""value"":""Dining Room""},{""name"":""Care Instructions"",""value"":""Machine wash or professional dry clean""},{""name"":""Product Technique"",""value"":""Solid Color""},{""name"":""Composition"",""value"":""100% Polyester""},{""name"":""Pattern Type"",""value"":""Plain""},{""name"":""Type"",""value"":""Pillowcases""},{""name"":""Material"",""value"":""Polyester""}]",40906414,0,null,Home Textile,null,Cushion Cover,Jepeak,"[""45*45""]"
1-Piece Rustic Style Hard  Notebook With Simple Rose Print Design,Free Returns ✓ Free Shipping✓. 1-Piece Rustic Style Hard  Notebook With Simple Rose Print Design- Notebooks at SHEIN.,4.8,4.8,USD,true,Yellow,1pc,0,https://img.ltwebstatic.com/images3_spmp/2024/08/02/4f/1722595615bae5673d3617b0f0c8d1b632e3a33076.jpg,https://us.shein.com/Notebooks-c-1965.html,https://us.shein.com/1-Piece-Rustic-Style-Hard--Notebook-With-Simple-Rose-Print-Design-p-40248039.html,"[{""name"":""Office & School Supplies"",""url"":""https://us.shein.com/Office-School-Supplies-c-2297.html""},{""name"":""Notebooks & Writing Pads"",""url"":""https://us.shein.com/Notebooks-Writing-Pads-c-3921.html""},{""name"":""Notebooks"",""url"":""https://us.shein.com/Notebooks-c-1965.html""}]",US,us.shein.com,12,"[""https://img.ltwebstatic.com/images3_spmp/2024/08/02/4f/1722595615bae5673d3617b0f0c8d1b632e3a33076.jpg"",""https://img.ltwebstatic.com/images3_spmp/2024/08/03/bc/1722653651f990b7b056192045c09a27029f82c12b.jpg"",""https://img.ltwebstatic.com/images3_spmp/2024/08/03/95/1722653642dc3d25626e4d2554f35661799ed5e101.jpg"",""https://img.ltwebstatic.com/images3_spmp/2024/08/02/4f/1722595615af93bc5fc98d4089839cc93c4c512d68.jpg"",""https://img.ltwebstatic.com/images3_spmp/2024/08/02/4f/1722595615dc09abbcec537aca2b66ca7bd5d983f0.jpg"",""https://img.ltwebstatic.com/images3_spmp/2024/08/03/ff/17226536617875909291ff3511a9abf50eadd85b64.jpg"",""https://img.ltwebstatic.com/images3_spmp/2024/08/03/3d/1722653670de7ef07d6d3d7930f68115bec0776a10.jpg"",""https://img.ltwebstatic.com/images3_spmp/2024/08/03/c5/17226536805f71966ab571d1eb2439c871ebb2a25f.jpg"",""https://img.ltwebstatic.com/images3_spmp/2024/08/02/7f/1722595624476c6cb191601dccf93d6596b1341207.jpg"",""https://img.ltwebstatic.com/images3_spmp/2024/08/02/7f/1722595624351891b610da985d85ad07d3f4039727.jpg"",""https://img.ltwebstatic.com/images3_spmp/2024/08/03/a9/1722653474f492bb6f6e329d64798f6ff88b717172.jpg"",""https://img.ltwebstatic.com/images3_spmp/2024/08/03/5a/17226535607c263afbe46ad1dfbe19d4d8b20e7ae0.jpg""]",ss2408020290613813,null,"[{""name"":""Color"",""value"":""Yellow""},{""name"":""Material"",""value"":""Paper""}]",40248039,0,null,Office & School Supplies,null,Notebooks,SHEIN,"[""1pc""]"
"300 Color Professional Oil Colored Pencils Artist Pencils Set Soft Series Lead For Coloring Book Sketching Drawing Art Supplies Quality Soft Core Colored Leads For Adult , Professionals And Colorists | Protected And Organized In Presentation Tin Box","Free Returns ✓ Free Shipping✓. 300 Color Professional Oil Colored Pencils Artist Pencils Set Soft Series Lead For Coloring Book Sketching Drawing Art Supplies Quality Soft Core Colored Leads For Adult , Professionals And Colorists | Protected And Organized In Presentation Tin Box- Colored Pencils at SHEIN.",79.2,79.2,USD,true,N/A,Multicolor,0,https://img.ltwebstatic.com/images3_spmp/2023/07/31/1690805929d9329b652076e1bbebbca091a1f17f44_square.jpg,https://us.shein.com/Colored-Pencils-c-4110.html,"https://us.shein.com/300-Color-Professional-Oil-Colored-Pencils-Artist-Pencils-Set-Soft-Series-Lead-For-Coloring-Book-Sketching-Drawing-Art-Supplies-Quality-Soft-Core-Colored-Leads-For-Adult-,-Professionals-And-Colorists-%7C-Protected-And-Organized-In-Presentation-Tin-Box-p-38366050.html","[{""name"":""Office & School Supplies"",""url"":""https://us.shein.com/Office-School-Supplies-c-2297.html""},{""name"":""Writing & Correction Supplies"",""url"":""https://us.shein.com/Writing-Correction-Supplies-c-3654.html""},{""name"":""Pencils"",""url"":""https://us.shein.com/Pencils-c-4108.html""},{""name"":""Colored Pencils"",""url"":""https://us.shein.com/Colored-Pencils-c-4110.html""}]",US,us.shein.com,6,"[""https://img.ltwebstatic.com/images3_spmp/2023/07/31/1690805929d9329b652076e1bbebbca091a1f17f44_square.jpg"",""https://img.ltwebstatic.com/images3_spmp/2023/07/31/1690805933a47aabcbdebce2f9acdd6d7ef3988e91_square.jpg"",""https://img.ltwebstatic.com/images3_spmp/2023/07/31/16908059364faac8a04cde2547b4cf72b7068fe0e2_square.jpg"",""https://img.ltwebstatic.com/images3_spmp/2023/07/31/16908059394130da858b3b0b0e6111e7e4280fabfe_square.jpg"",""https://img.ltwebstatic.com/images3_spmp/2023/07/31/16908059426c70a2e938c0661662c7d39b28b88308_square.jpg"",""https://img.ltwebstatic.com/images3_spmp/2023/07/31/1690805945a1428aea495310444fa475fed4585d90_square.jpg""]",ss2407069260862664,null,"[{""name"":""Refill Color"",""value"":""Black""},{""name"":""Material"",""value"":""Wood""}]",38366050,0,null,Office & School Supplies,null,Colored Pencils,SHEIN,"[""Multicolor""]"
"PHNIBIRD Four-Leaf Clover Zirconia Necklace, Women's Necklace, Women's Pendant Necklace, Hypoallergenic Material, Silver, Embedded Zirconia Necklace, Fashionable And Simple, Daily Commute, Daily Wear, Fashion Versatile, Daily Commute, Gift For Sister, Gift For Yourself, Gift For Sister, Birthday Gift, Graduation Gift, Holiday Gift, College Style, Casual Style, Resort Style","Free Returns ✓ Free Shipping✓. PHNIBIRD Four-Leaf Clover Zirconia Necklace, Women's Necklace, Women's Pendant Necklace, Hypoallergenic Material, Silver, Embedded Zirconia Necklace, Fashionable And Simple, Daily Commute, Daily Wear, Fashion Versatile, Daily Commute, Gift For Sister, Gift For Yourself, Gift For Sister, Birthday Gift, Graduation Gift, Holiday Gift, College Style, Casual Style, Resort Style- Fine Pendant Necklaces at SHEIN.",10.2,10.2,USD,true,N/A,A,0,https://img.ltwebstatic.com/images3_spmp/2024/08/03/e9/1722666494cd23fa36613f0c128e829baf9ec0347b_square.jpg,https://us.shein.com/Fine-Pendant-Necklaces-c-3037.html,"https://us.shein.com/PHNIBIRD-Four-Leaf-Clover-Zirconia-Necklace,-Women%27s-Necklace,-Women%27s-Pendant-Necklace,-Hypoallergenic-Material,-Silver,-Embedded-Zirconia-Necklace,-Fashionable-And-Simple,-Daily-Commute,-Daily-Wear,-Fashion-Versatile,-Daily-Commute,-Gift-For-Sister,-Gift-For-Yourself,-Gift-For-Sister,-Birthday-Gift,-Graduation-Gift,-Holiday-Gift,-College-Style,-Casual-Style,-Resort-Style-p-40291247.html","[{""name"":""Jewelry & Watches"",""url"":""https://us.shein.com/Jewelry-Watches-c-3634.html""},{""name"":""Fine Jewelry"",""url"":""https://us.shein.com/Fine-Jewelry-c-3035.html""},{""name"":""Fine Necklaces"",""url"":""https://us.shein.com/Fine-Necklaces-c-6344.html""},{""name"":""Fine Pendant Necklaces"",""url"":""https://us.shein.com/Fine-Pendant-Necklaces-c-3037.html""}]",US,us.shein.com,13,"[""https://us.shein.com/PHNIBIRD-Four-Leaf-Clover-Zirconia-Necklace,-Women%27s-Necklace,-Women%27s-Pendant-Necklace,-Hypoallergenic-Material,-Silver,-Embedded-Zirconia-Necklace,-Fashionable-And-Simple,-Daily-Commute,-Daily-Wear,-Fashion-Versatile,-Daily-Commute,-Gift-For-Sister,-Gift-For-Yourself,-Gift-For-Sister,-Birthday-Gift,-Graduation-Gift,-Holiday-Gift,-College-Style,-Casual-Style,-Resort-Style-p-40291247.html"",""https://img.ltwebstatic.com/images3_spmp/2024/08/03/e9/1722666494cd23fa36613f0c128e829baf9ec0347b_square.jpg"",""https://img.ltwebstatic.com/images3_spmp/2024/07/30/51/172231035993a797f5db468ad9ad8245dcd59a8a12_square.jpg"",""https://img.ltwebstatic.com/images3_spmp/2024/07/16/44/1721120835c9ec4400de382531584a8cbe14fd8d1c_square.jpg"",""https://img.ltwebstatic.com/images3_spmp/2024/07/16/24/1721120837dd0c07cc829439c611bacbc74ca39e11_square.jpg"",""https://img.ltwebstatic.com/images3_spmp/2024/07/16/08/17211208065fd8928d3adcef9800ee09ab673e123a_square.jpg"",""https://img.ltwebstatic.com/images3_spmp/2024/07/16/47/17211208997fe55bcae3d9d6638a05f72a9b9ca597.png"",""https://img.ltwebstatic.com/images3_spmp/2024/08/03/e1/17226665070e2fbf68254ea92be6fabf7d8b54e7b2.jpg"",""https://img.ltwebstatic.com/images3_spmp/2024/07/16/02/172112086999fed1c27725cfa325b8bc78a8aaaa37.jpg"",""https://img.ltwebstatic.com/images3_spmp/2024/07/16/55/172112089618ecdc62cdcf6e46da2c208bd474a3dc.png"",""https://img.ltwebstatic.com/images3_spmp/2024/07/16/55/17211208963470d2494fd370bb0233a1d8f1085d44.png"",""https://img.ltwebstatic.com/images3_spmp/2024/07/16/33/1721120894c0fc143715868ffd8f3c7e2285640807.jpg"",""https://img.ltwebstatic.com/images3_spmp/2024/07/16/33/1721120894c964aa249b7697ce853c37e4e4a9df24.png""]",sj2407166519650275,null,"[{""name"":""Style"",""value"":""Fashionable""},{""name"":""Details"",""value"":""Flowers""},{""name"":""Details"",""value"":""Metal""},{""name"":""Details"",""value"":""Rhinestone""},{""name"":""Production Methods"",""value"":""Lab Created""},{""name"":""Event"",""value"":""Gift""},{""name"":""Main Stone"",""value"":""Cubic Zirconia""},{""name"":""Magnetic"",""value"":""No""},{""name"":""Material"",""value"":""925 Sterling Silver""},{""name"":""Style Type"",""value"":""Four-leaf Clover""}]",40291247,0,null,Jewelry & Watches,null,Fine Pendant Necklaces,SHEIN,"[""A""]"
360Pcs Hypoallergenic DIY Earring Hooks For Jewelry Earring Making Supplies Kit Gold And Silver Fish Hook Earring Set,Free Returns ✓ Free Shipping✓. 360Pcs Hypoallergenic DIY Earring Hooks For Jewelry Earring Making Supplies Kit Gold And Silver Fish Hook Earring Set- Jewelry Making Findings at SHEIN.,18.99,15.99,USD,true,Multicolor,one-size,0,https://img.ltwebstatic.com/images3_spmp/2024/08/23/3f/17244243386f6c99eb13322a20135550242dcd5e23_square.jpg,https://us.shein.com/Jewelry-Making-Findings-c-4899.html,https://us.shein.com/360Pcs-Hypoallergenic-DIY-Earring-Hooks-For-Jewelry-Earring-Making-Supplies-Kit-Gold-And-Silver-Fish-Hook-Earring-Set-p-41439224.html,"[{""name"":""Home & Living"",""url"":""https://us.shein.com/Home-Living-c-2032.html""},{""name"":""Arts,Crafts & Sewing"",""url"":""https://us.shein.com/Arts,Crafts-Sewing-c-3497.html""},{""name"":""Beading & Jewelry Making"",""url"":""https://us.shein.com/Beading-Jewelry-Making-c-4897.html""},{""name"":""Jewelry Making Findings"",""url"":""https://us.shein.com/Jewelry-Making-Findings-c-4899.html""}]",US,us.shein.com,5,"[""https://img.ltwebstatic.com/images3_spmp/2024/08/23/3f/17244243386f6c99eb13322a20135550242dcd5e23_square.jpg"",""https://img.ltwebstatic.com/images3_spmp/2024/08/23/fd/172442435338936398bc3c8085c71d071d9a1022a0_square.jpg"",""https://img.ltwebstatic.com/images3_spmp/2024/08/23/b3/17244243685dd7ed93c027962ba5fd87901b3280ac_square.jpg"",""https://img.ltwebstatic.com/images3_spmp/2024/08/23/00/172442438344f60ea11778e5503e7ab69556eb4ed4_square.jpg"",""https://img.ltwebstatic.com/images3_spmp/2024/08/23/61/1724424403e91ea5bffbdcef1806ad49c53777955a_square.jpg""]",sh2408235155141251,null,"[{""name"":""Color"",""value"":""Multicolor""},{""name"":""Material"",""value"":""Iron Alloy""}]",41439224,0,null,Home & Living,null,Jewelry Making Findings,SHEIN,"[""one-size""]"
"Unbeatablesale Keeper 8874430 16 Ft. Multicolored Tie Down Strap, 3333 Lbs","Free Returns ✓ Free Shipping✓. Unbeatablesale Keeper 8874430 16 Ft. Multicolored Tie Down Strap, 3333 Lbs- Other Tool Organizers at SHEIN.",33.83,33.83,USD,true,Multicolor,one-size,0,https://img.ltwebstatic.com/images3_spmp/2024/07/28/d1/172215510180d506061ea0e91955ae393794cc3342.jpg,https://us.shein.com/Other-Tool-Organizers-c-9331.html,"https://us.shein.com/Keeper-8874430-16-Ft.-Multicolored-Tie-Down-Strap,-3333-Lbs-p-39803911.html","[{""name"":""Tools & Home Improvement"",""url"":""https://us.shein.com/Tools-Home-Improvement-c-4327.html""},{""name"":""Storage & Tool Organization"",""url"":""https://us.shein.com/Storage-Tool-Organization-c-4575.html""},{""name"":""Other Tool Organizers"",""url"":""https://us.shein.com/Other-Tool-Organizers-c-9331.html""}]",US,us.shein.com,3,"[""https://img.ltwebstatic.com/images3_spmp/2024/07/28/d1/172215510180d506061ea0e91955ae393794cc3342.jpg"",""https://img.ltwebstatic.com/images3_spmp/2024/07/28/d1/172215510180d506061ea0e91955ae393794cc3342.jpg"",""https://img.ltwebstatic.com/images3_spmp/2024/07/28/d1/172215510180d506061ea0e91955ae393794cc3342.jpg""]",sr2407283601743832,null,"[{""name"":""Color"",""value"":""Multicolor""},{""name"":""Material"",""value"":""PP""}]",39803911,0,null,Tools & Home Improvement,null,Other Tool Organizers,Unbeatablesale,"[""one-size""]"
"1pc Unisex Brown PU Leather Cuff Bracelet With Circular Decor, Vintage Medieval Viking Warrior Cosplay Accessory Halloween","Free Returns ✓ Free Shipping✓. 1pc Unisex Brown PU Leather Cuff Bracelet With Circular Decor, Vintage Medieval Viking Warrior Cosplay Accessory Halloween- Handwear at SHEIN.",3.9,3.32,USD,true,Brown,one-size,0,https://img.ltwebstatic.com/images3_spmp/2024/08/02/56/17225857469176fc55d47f2e2d69acee702dfa0645.jpg,https://us.shein.com/Handwear-c-3083.html,"https://us.shein.com/1pc-Unisex-Brown-PU-Leather-Cuff-Bracelet-With-Circular-Decor,-Vintage-Medieval-Viking-Warrior-Cosplay-Accessory-Halloween-p-40178377.html","[{""name"":""Apparel Accessories"",""url"":""https://us.shein.com/Apparel-Accessories-c-3631.html""},{""name"":""Costumes & Accessories"",""url"":""https://us.shein.com/Costumes-Accessories-c-5906.html""},{""name"":""Costume Accs"",""url"":""https://us.shein.com/Costume-Accs-c-3068.html""},{""name"":""Handwear"",""url"":""https://us.shein.com/Handwear-c-3083.html""}]",US,us.shein.com,15,"[""https://img.ltwebstatic.com/images3_spmp/2024/07/27/b8/172207229618046f043a74d0826a5a7c97e4733edf.jpg"",""https://img.ltwebstatic.com/images3_spmp/2024/07/27/7e/1722072300afa6b504aa4cb0690a3c82b9d1f84e93.jpg"",""https://img.ltwebstatic.com/images3_spmp/2024/07/27/0e/1722072304d3ff0ec48e6b66cb38efb1a9e1238f25.jpg"",""https://img.ltwebstatic.com/images3_spmp/2024/07/27/0e/17220723045a9bcb3a8199fb8e2c08f7883a9eb677.jpg"",""https://img.ltwebstatic.com/images3_spmp/2024/07/27/db/172207385489afe978416fe48ad1ba4c86d371b1cb.jpg"",""https://img.ltwebstatic.com/images3_spmp/2024/07/27/f3/172207385065851de33c5000ee365eccedb37489df.jpg"",""https://img.ltwebstatic.com/images3_spmp/2024/07/27/9c/1722073853592a4d58c89d585eeb8ee1dfd32782f1.jpg"",""https://img.ltwebstatic.com/images3_spmp/2024/08/02/56/17225857469176fc55d47f2e2d69acee702dfa0645.jpg"",""https://img.ltwebstatic.com/images3_spmp/2024/08/02/f3/1722585784d065998ec6fb04fcb3df8723283068d6.jpg"",""https://img.ltwebstatic.com/images3_spmp/2024/07/27/6d/1722073671492d6f151b7ca7145ca198ed29609a18.jpg"",""https://img.ltwebstatic.com/images3_spmp/2024/07/27/3b/17220736747caf683ffa7b3cb0e307643cc8d80959.jpg"",""https://img.ltwebstatic.com/images3_spmp/2024/07/27/0d/1722073677181d1653c2e9e97035d8ca56301f723d.jpg"",""https://img.ltwebstatic.com/images3_spmp/2024/07/27/3b/1722073674d55e51ef134fa7401018b22a745fd521.jpg"",""https://img.ltwebstatic.com/images3_spmp/2024/07/27/ba/17220738570753321b3f2f71c3e4252fd3c44253d2.jpg"",""https://img.ltwebstatic.com/images3_spmp/2024/07/27/38/1722073859398685bf15d28e42f664302afa5c7c50.jpg""]",sc2407275052122260,null,"[{""name"":""Style"",""value"":""Vintage""},{""name"":""Style"",""value"":""Party""},{""name"":""Material"",""value"":""PU Leather""},{""name"":""Pattern Type"",""value"":""Plain""},{""name"":""Color"",""value"":""Brown""},{""name"":""Composition"",""value"":""65% Polyurethane""},{""name"":""Composition"",""value"":""35% Polyester""}]",40178377,0,null,Apparel Accessories,null,Handwear,SHEIN,"[""one-size""]"
"1PC Magic Small Hand With Magnet, Prank Props Dark Magic Toy, Simple Coin Magic,Horror Magic Funny Game Toy,Halloween Party Games Favors Activity Supplies","Free Returns ✓ Free Shipping✓. 1PC Magic Small Hand With Magnet, Prank Props Dark Magic Toy, Simple Coin Magic,Horror Magic Funny Game Toy,Halloween Party Games Favors Activity Supplies- Party Games & Activities at SHEIN.",1.7,1.67,USD,true,Multicolor,one-size,0,https://img.ltwebstatic.com/images3_spmp/2024/08/03/71/172267257485a8520e33fb0d272941596fcb402925_square.jpg,https://us.shein.com/Party-Games-Activities-c-9551.html,"https://us.shein.com/1PC-Magic-Small-Hand-With-Magnet,-Prank-Props-Dark-Magic-Toy,-Simple-Coin-Magic,Horror-Magic-Funny-Game-Toy,Halloween-Party-Games-Favors-Activity-Supplies-p-40148416.html","[{""name"":""Home & Living"",""url"":""https://us.shein.com/Home-Living-c-2032.html""},{""name"":""Event & Party Supplies"",""url"":""https://us.shein.com/Event-Party-Supplies-c-2496.html""},{""name"":""Party Games & Activities"",""url"":""https://us.shein.com/Party-Games-Activities-c-9551.html""}]",US,us.shein.com,9,"[""https://us.shein.com/1PC-Magic-Small-Hand-With-Magnet,-Prank-Props-Dark-Magic-Toy,-Simple-Coin-Magic,Horror-Magic-Funny-Game-Toy,Halloween-Party-Games-Favors-Activity-Supplies-p-40148416.html"",""https://img.ltwebstatic.com/images3_spmp/2024/08/03/ba/172267223900bf97a18637abe6666f4254075ce0e4_square.jpg"",""https://img.ltwebstatic.com/images3_spmp/2024/08/03/ba/17226722390054603b3ec70fecb735d202928eae11_square.jpg"",""https://img.ltwebstatic.com/images3_spmp/2024/08/03/ba/1722672239302c7763054c12cdd37db7878056c4da_square.jpg"",""https://img.ltwebstatic.com/images3_spmp/2024/08/03/ba/17226722391604d6b9b457c37c5c8e992e4a291b3e_square.jpg"",""https://img.ltwebstatic.com/images3_spmp/2024/08/03/ba/17226722393ac90f2b1f270fd11d08410cef0617ca_square.jpg"",""https://img.ltwebstatic.com/images3_spmp/2024/08/03/ba/1722672239c5f1834286e357277473e93c207cdf71_square.jpg"",""https://img.ltwebstatic.com/images3_spmp/2024/08/03/71/172267257485a8520e33fb0d272941596fcb402925_square.jpg"",""https://img.ltwebstatic.com/images3_spmp/2024/08/03/4a/1722672728783128ce6b42c30680d1e74c6302537d_square.jpg""]",sh2408038446246948,null,"[{""name"":""Color"",""value"":""Multicolor""},{""name"":""Material"",""value"":""PVC""}]",40148416,0,null,Home & Living,null,Party Games & Activities,SHEIN,"[""one-size""]"
"Unbeatablesale Jiallo 15120 Clock,; Thermometer & Hygrometer","Free Returns ✓ Free Shipping✓. Unbeatablesale Jiallo 15120 Clock,; Thermometer & Hygrometer- Wall Decoration at SHEIN.",89.02,89.02,USD,true,Multicolor,one-size,0,https://img.ltwebstatic.com/images3_spmp/2024/08/22/d7/172432986694f6ab657f2936aabf067196bf8bc822.jpg,https://us.shein.com/Wall-Decoration-c-7818.html,"https://us.shein.com/Jiallo-15120-Clock,;-Thermometer-&amp;-Hygrometer-p-41299478.html","[{""name"":""Home & Living"",""url"":""https://us.shein.com/Home-Living-c-2032.html""},{""name"":""Home Decor"",""url"":""https://us.shein.com/Home-Decor-c-1954.html""},{""name"":""Seasonal Decor"",""url"":""https://us.shein.com/Seasonal-Decor-c-7758.html""},{""name"":""Wall Decoration"",""url"":""https://us.shein.com/Wall-Decoration-c-7818.html""}]",US,us.shein.com,3,"[""https://img.ltwebstatic.com/images3_spmp/2024/08/22/d7/172432986694f6ab657f2936aabf067196bf8bc822.jpg"",""https://img.ltwebstatic.com/images3_spmp/2024/08/22/d7/172432986694f6ab657f2936aabf067196bf8bc822.jpg"",""https://img.ltwebstatic.com/images3_spmp/2024/08/22/d7/172432986694f6ab657f2936aabf067196bf8bc822.jpg""]",sh2408224241486778,null,"[{""name"":""Color"",""value"":""Multicolor""}]",41299478,0,null,Home & Living,null,Wall Decoration,Unbeatablesale,"[""one-size""]"
Unbeatablesale Jiallo 33016 Mirrored Jewelry Organizer 3 Compartments,Free Returns ✓ Free Shipping✓. Unbeatablesale Jiallo 33016 Mirrored Jewelry Organizer 3 Compartments- Jewelry Boxes at SHEIN.,41.2,41.2,USD,true,Red,one-size,0,https://img.ltwebstatic.com/images3_spmp/2024/08/07/d3/1722967575d8cb4f866a4910770347be513605077a.jpg,https://us.shein.com/Jewelry-Boxes-c-3555.html,https://us.shein.com/Jiallo-33016-Mirrored-Jewelry-Organizer-3-Compartments-p-40213716.html,"[{""name"":""Home & Living"",""url"":""https://us.shein.com/Home-Living-c-2032.html""},{""name"":""Storage & Organization"",""url"":""https://us.shein.com/Storage-Organization-c-2298.html""},{""name"":""Jewelry Boxes & Organizers"",""url"":""https://us.shein.com/Jewelry-Boxes-Organizers-c-3551.html""},{""name"":""Jewelry Boxes"",""url"":""https://us.shein.com/Jewelry-Boxes-c-3555.html""}]",US,us.shein.com,3,"[""https://img.ltwebstatic.com/images3_spmp/2024/08/07/d3/1722967575d8cb4f866a4910770347be513605077a.jpg"",""https://img.ltwebstatic.com/images3_spmp/2024/08/07/d3/1722967575d8cb4f866a4910770347be513605077a.jpg"",""https://img.ltwebstatic.com/images3_spmp/2024/08/07/d3/1722967575d8cb4f866a4910770347be513605077a.jpg""]",sh2408076066467366,null,"[{""name"":""Color"",""value"":""Red""},{""name"":""Material"",""value"":""PP""}]",40213716,0,null,Home & Living,null,Jewelry Boxes,Unbeatablesale,"[""one-size""]"
"1PC Silk Roses Vine Artificial Flowers Fake Green Leaf Plants Valentine's Day Bride Bouquet For Autumn Decorations Wedding Vase For Home Dining Room Bedroom Decorations, Festival Birthday Party Accessories, Outdoor Garden Decorations","Free Returns ✓ Free Shipping✓. 1PC Silk Roses Vine Artificial Flowers Fake Green Leaf Plants Valentine's Day Bride Bouquet For Autumn Decorations Wedding Vase For Home Dining Room Bedroom Decorations, Festival Birthday Party Accessories, Outdoor Garden Decorations- Artificial Flowers at SHEIN.",2.3,1.77,USD,true,Orange,1PC,0,https://img.ltwebstatic.com/images3_spmp/2024/03/16/78/1710575046e9863ad59c858cc760a8b32d5ffcc381_square.jpg,https://us.shein.com/Artificial-Flowers-c-3432.html,"https://us.shein.com/1PC-Silk-Roses-Vine-Artificial-Flowers-Fake-Green-Leaf-Plants-Valentine%27s-Day-Bride-Bouquet-For-Autumn-Decorations-Wedding-Vase-For-Home-Dining-Room-Bedroom-Decorations,-Festival-Birthday-Party-Accessories,-Outdoor-Garden-Decorations-p-32226639.html","[{""name"":""Home & Living"",""url"":""https://us.shein.com/Home-Living-c-2032.html""},{""name"":""Home Decor"",""url"":""https://us.shein.com/Home-Decor-c-1954.html""},{""name"":""Artificial Decorations"",""url"":""https://us.shein.com/Artificial-Decorations-c-3429.html""},{""name"":""Artificial Flowers"",""url"":""https://us.shein.com/Artificial-Flowers-c-3432.html""}]",US,us.shein.com,4,"[""https://img.ltwebstatic.com/images3_spmp/2024/03/16/78/1710575046e9863ad59c858cc760a8b32d5ffcc381_square.jpg"",""https://img.ltwebstatic.com/images3_spmp/2024/03/16/ea/17105750385c27a122c6fd46d496ba85a8d578e24f_square.jpg"",""https://img.ltwebstatic.com/images3_spmp/2024/03/16/94/17105750414602f3dea1cb9b677679650a3a928d77_square.jpg"",""https://img.ltwebstatic.com/images3_spmp/2024/03/16/ba/171057504210738993be2fd23ba3092d74d91bc731_square.jpg""]",sh2401060421226031,null,"[{""name"":""Color"",""value"":""Orange""},{""name"":""Material"",""value"":""PP""},{""name"":""Batteries Included"",""value"":""No""},{""name"":""Power Supply"",""value"":""None""}]",32226639,0,null,Home & Living,null,Artificial Flowers,SHEIN,"[""1PC""]"
Unbeatablesale Suntime Boston College Eagles-Football Helmet Wall Clock,Free Returns ✓ Free Shipping✓. Unbeatablesale Suntime Boston College Eagles-Football Helmet Wall Clock- Other Sports Accessories at SHEIN.,48.61,48.61,USD,true,Multicolor,one-size,0,https://img.ltwebstatic.com/images3_spmp/2024/08/10/33/1723259728561adc1a3b8ec11e9ec6dd37e18c9c0f.jpg,https://us.shein.com/Other-Sports-Accessories-c-8783.html,https://us.shein.com/Suntime-Boston-College-Eagles-Football-Helmet-Wall-Clock-p-40525257.html,"[{""name"":""Sports & Outdoor"",""url"":""https://us.shein.com/Sports-Outdoor-c-3195.html""},{""name"":""Sports & Outdoor Accessories"",""url"":""https://us.shein.com/Sports-Outdoor-Accessories-c-4329.html""},{""name"":""Other Sports Accessories"",""url"":""https://us.shein.com/Other-Sports-Accessories-c-8783.html""}]",US,us.shein.com,3,"[""https://img.ltwebstatic.com/images3_spmp/2024/08/10/33/1723259728561adc1a3b8ec11e9ec6dd37e18c9c0f.jpg"",""https://img.ltwebstatic.com/images3_spmp/2024/08/10/33/1723259728561adc1a3b8ec11e9ec6dd37e18c9c0f.jpg"",""https://img.ltwebstatic.com/images3_spmp/2024/08/10/33/1723259728561adc1a3b8ec11e9ec6dd37e18c9c0f.jpg""]",st2408107733371826,null,"[{""name"":""Color"",""value"":""Multicolor""},{""name"":""Material"",""value"":""PP""}]",40525257,0,null,Sports & Outdoor,null,Other Sports Accessories,Unbeatablesale,"[""one-size""]"
Unbeatablesale KB CR1439 70 X 17 X 17 In. Coat Rack With Storage - Cherry,Free Returns ✓ Free Shipping✓. Unbeatablesale KB CR1439 70 X 17 X 17 In. Coat Rack With Storage - Cherry- Coat Racks at SHEIN.,175.18,175.18,USD,true,Multicolor,one-size,0,https://img.ltwebstatic.com/images3_spmp/2024/07/28/a6/1722179828594f2762f9ab8241ada80fd05dc4f4f0.jpg,https://us.shein.com/Coat-Racks-c-4962.html,https://us.shein.com/KB-CR1439-70-X-17-X-17-In.-Coat-Rack-With-Storage---Cherry-p-39806760.html,"[{""name"":""Tools & Home Improvement"",""url"":""https://us.shein.com/Tools-Home-Improvement-c-4327.html""},{""name"":""Furniture"",""url"":""https://us.shein.com/Furniture-c-4577.html""},{""name"":""Entryway Furniture"",""url"":""https://us.shein.com/Entryway-Furniture-c-4959.html""},{""name"":""Coat Racks"",""url"":""https://us.shein.com/Coat-Racks-c-4962.html""}]",US,us.shein.com,3,"[""https://img.ltwebstatic.com/images3_spmp/2024/07/28/a6/1722179828594f2762f9ab8241ada80fd05dc4f4f0.jpg"",""https://img.ltwebstatic.com/images3_spmp/2024/07/28/a6/1722179828594f2762f9ab8241ada80fd05dc4f4f0.jpg"",""https://img.ltwebstatic.com/images3_spmp/2024/07/28/a6/1722179828594f2762f9ab8241ada80fd05dc4f4f0.jpg""]",sr2407283659646656,null,"[{""name"":""Color"",""value"":""Multicolor""},{""name"":""Material"",""value"":""PP""}]",39806760,0,null,Tools & Home Improvement,null,Coat Racks,Unbeatablesale,"[""one-size""]"
1PC Natural Crystal XiuYu Jade Pagoda Hand Carved Figurine Engrgy Stone Quartz Freeform Phantom Tree Carving Crafts Halloween Ornament For Gifts Home Office Desktop Decoration,Free Returns ✓ Free Shipping✓. 1PC Natural Crystal XiuYu Jade Pagoda Hand Carved Figurine Engrgy Stone Quartz Freeform Phantom Tree Carving Crafts Halloween Ornament For Gifts Home Office Desktop Decoration- Table Decorative Ornaments at SHEIN.,20.6,19.9,USD,true,XiuYu Jade Pagoda,1pc,0,https://img.ltwebstatic.com/images3_spmp/2024/08/22/3e/172431603526a9b1f5fe7e62c86586172d834b7d21_square.jpg,https://us.shein.com/Table-Decorative-Ornaments-c-12179.html,https://us.shein.com/1PC-Natural-Crystal-XiuYu-Jade-Pagoda-Hand-Carved-Figurine-Engrgy-Stone-Quartz-Freeform-Phantom-Tree-Carving-Crafts-Halloween-Ornament-For-Gifts-Home-Office-Desktop-Decoration-p-41321140.html,"[{""name"":""Home & Living"",""url"":""https://us.shein.com/Home-Living-c-2032.html""},{""name"":""Kitchen & Dining"",""url"":""https://us.shein.com/Kitchen-Dining-c-1948.html""},{""name"":""Table Decorations & Kitchen Fabrics"",""url"":""https://us.shein.com/Table-Decorations-Kitchen-Fabrics-c-4020.html""},{""name"":""Table Decorative Ornaments"",""url"":""https://us.shein.com/Table-Decorative-Ornaments-c-12179.html""}]",US,us.shein.com,8,"[""https://img.ltwebstatic.com/images3_spmp/2024/08/22/3e/172431603526a9b1f5fe7e62c86586172d834b7d21_square.jpg"",""https://img.ltwebstatic.com/images3_spmp/2024/08/22/3e/17243160359d0f6b63a637682be377a7742ef01481_square.jpg"",""https://img.ltwebstatic.com/images3_spmp/2024/08/22/f5/17243160348c34ef6ba73c24bf163bb309a8d1f8a6_square.jpg"",""https://img.ltwebstatic.com/images3_spmp/2024/08/22/3e/1724316035c4eaa2193d68ddca4fb2e04025589552_square.jpg"",""https://img.ltwebstatic.com/images3_spmp/2024/08/22/2d/17243160367479a1b18af0fb12163162a38c346245_square.jpg"",""https://img.ltwebstatic.com/images3_spmp/2024/08/22/3e/17243160350a2c374a9cb76beed17bbfd5b0c93d7f_square.jpg"",""https://img.ltwebstatic.com/images3_spmp/2024/08/22/3e/172431603568023345212951b63071455ddcfcf0a0_square.jpg"",""https://img.ltwebstatic.com/images3_spmp/2024/08/22/f5/1724316034eb29e2f3d4b11e92861fe487f652160e_square.jpg""]",sh2408223020390299,null,"[{""name"":""Color"",""value"":""XiuYu Jade Pagoda""},{""name"":""Material"",""value"":""Jasper""}]",41321140,0,null,Home & Living,null,Table Decorative Ornaments,SHEIN,"[""1pc""]"
"Sun Protective Anti UV  1pc Summer Sunscreen Breathable Ice Silk Mask, Women Skin Friendly Comfortable Sun Protection Anti-UV Mask Ski Mask,Suitable For Cycling,Riding Motorcycle And Skiing","Free Returns ✓ Free Shipping✓. Sun Protective Anti UV  1pc Summer Sunscreen Breathable Ice Silk Mask, Women Skin Friendly Comfortable Sun Protection Anti-UV Mask Ski Mask,Suitable For Cycling,Riding Motorcycle And Skiing- Cycling Mask & Scarf at SHEIN.",1.8,1.37,USD,true,Black,one-size,0,https://img.ltwebstatic.com/images3_spmp/2024/04/11/7d/17128207403a428d2c83941bd8322fd7afc225626b_square.jpg,https://us.shein.com/Cycling-Mask-Scarf-c-5297.html,"https://us.shein.com/Sun%C2%A0Protective-Anti-UV-%C2%A01pc-Summer-Sunscreen-Breathable-Ice-Silk-Mask,-Women-Skin-Friendly-Comfortable-Sun-Protection-Anti-UV-Mask-Ski-Mask,Suitable-For-Cycling,Riding-Motorcycle-And-Skiing-p-33000938.html","[{""name"":""Sports & Outdoor"",""url"":""https://us.shein.com/Sports-Outdoor-c-3195.html""},{""name"":""Cycling"",""url"":""https://us.shein.com/Cycling-c-4350.html""},{""name"":""Cycling Accessories"",""url"":""https://us.shein.com/Cycling-Accessories-c-5295.html""},{""name"":""Cycling Mask & Scarf"",""url"":""https://us.shein.com/Cycling-Mask-Scarf-c-5297.html""}]",US,us.shein.com,10,"[""https://img.ltwebstatic.com/images3_spmp/2024/04/11/7d/17128207403a428d2c83941bd8322fd7afc225626b_square.jpg"",""https://img.ltwebstatic.com/images3_spmp/2024/04/11/06/17128207418d4ebea51f622721c958f383a28a225f_square.jpg"",""https://img.ltwebstatic.com/images3_spmp/2024/04/11/7d/1712820740cb627835aa7fcae156e5813a86ef3989_square.jpg"",""https://img.ltwebstatic.com/images3_spmp/2024/04/11/aa/1712820759d81dcb2ee23f085dc6675b5f518aba10_square.png"",""https://img.ltwebstatic.com/images3_spmp/2024/04/11/94/171282075453bb3e35eb00b5c6a5673d8f07a316cd_square.png"",""https://img.ltwebstatic.com/images3_spmp/2024/04/11/50/17128207375896d694bcd5192d4de378769069d57d.jpg"",""https://img.ltwebstatic.com/images3_spmp/2024/04/11/50/171282073726444656ddd4927d1ca3634e47fc4c86.jpg"",""https://img.ltwebstatic.com/images3_spmp/2024/04/11/fd/171282073619c7d86c248f4510f96c60d0ff59ed4a.jpg"",""https://img.ltwebstatic.com/images3_spmp/2024/04/11/e8/1712820751a320a02688f33f30a6e95a2096cd827a.png"",""https://img.ltwebstatic.com/images3_spmp/2024/04/11/7b/17128207506393347921f96e0b00069e373163f138.png""]",st2404086755597972,null,"[{""name"":""Color"",""value"":""Black""},{""name"":""Material"",""value"":""Polyamide""},{""name"":""Composition"",""value"":""100% Polyamide""}]",33000938,0,null,Sports & Outdoor,null,Cycling Mask & Scarf,SHEIN,"[""one-size""]"
"144 Pieces Pizza Party Supplies Pack Decorations, Dinnerware Set With Plates, Napkins, Cups, And Cutlery (Serves 24) , Festival, Party , For Halloween Or Christmas Party","Free Returns ✓ Free Shipping✓. 144 Pieces Pizza Party Supplies Pack Decorations, Dinnerware Set With Plates, Napkins, Cups, And Cutlery (Serves 24) , Festival, Party , For Halloween Or Christmas Party- Disposable Tableware Sets at SHEIN.",38.99,23.49,USD,true,Black,one-size,0,https://img.ltwebstatic.com/images3_spmp/2023/11/10/86/169957996757ff9c6d93dfd632bfbadd60616f39e9.jpg,https://us.shein.com/Disposable-Tableware-Sets-c-7961.html,"https://us.shein.com/144-Pieces-Pizza-Party-Supplies-Pack-Decorations,-Dinnerware-Set-With-Plates,-Napkins,-Cups,-And-Cutlery-(Serves-24)-,-Festival,-Party-,-For-Halloween-Or-Christmas-Party-p-26383071.html","[{""name"":""Home & Living"",""url"":""https://us.shein.com/Home-Living-c-2032.html""},{""name"":""Kitchen & Dining"",""url"":""https://us.shein.com/Kitchen-Dining-c-1948.html""},{""name"":""Food Service Equipment & Supplies"",""url"":""https://us.shein.com/Food-Service-Equipment-Supplies-c-6118.html""},{""name"":""Disposable Tableware Sets"",""url"":""https://us.shein.com/Disposable-Tableware-Sets-c-7961.html""}]",US,us.shein.com,8,"[""https://img.ltwebstatic.com/images3_spmp/2023/11/10/86/169957996757ff9c6d93dfd632bfbadd60616f39e9.jpg"",""https://img.ltwebstatic.com/images3_spmp/2023/11/10/b8/1699579972179dce1f69ac3da61bb302704be3118f.jpg"",""https://img.ltwebstatic.com/images3_spmp/2023/11/10/03/1699579975079a0997e781ff0304400a37673a5178.jpg"",""https://img.ltwebstatic.com/images3_spmp/2023/11/10/6e/16995799777f022fc2a83e430e8db0a51ca7e35829.jpg"",""https://img.ltwebstatic.com/images3_spmp/2023/11/10/46/1699579979d820530838dbee875f1bb023b4f033b6.jpg"",""https://img.ltwebstatic.com/images3_spmp/2023/11/10/22/1699579982590fa429b2897f3ec6958dcaf33e1ac3.jpg"",""https://img.ltwebstatic.com/images3_spmp/2023/11/10/db/1699579984edabb6f29858d98030aa322231e42e9f.jpg"",""https://img.ltwebstatic.com/images3_spmp/2023/11/10/80/16995799871662dc8bf7307d914cbee178e1aa32dd.jpg""]",sh2311106577474090,null,"[{""name"":""Color"",""value"":""Black""}]",26383071,0,null,Home & Living,null,Disposable Tableware Sets,SHEIN,"[""one-size""]"
Unbeatablesale Jacks 10239 Forged 14 In. Nail Clincher,Free Returns ✓ Free Shipping✓. Unbeatablesale Jacks 10239 Forged 14 In. Nail Clincher- Horse Grooming & Bathing Supplies at SHEIN.,38.69,38.69,USD,true,Multicolor,one-size,0,https://img.ltwebstatic.com/images3_spmp/2024/07/29/f5/1722207296dddf1c33a324421814fae16b37e54bec.jpg,https://us.shein.com/Horse-Grooming-Bathing-Supplies-c-6333.html,https://us.shein.com/Jacks-10239-Forged-14-In.-Nail-Clincher-p-39838054.html,"[{""name"":""Pet Supplies"",""url"":""https://us.shein.com/Pet-Supplies-c-2400.html""},{""name"":""Horses"",""url"":""https://us.shein.com/Horses-c-6327.html""},{""name"":""Horse Grooming & Bathing Supplies"",""url"":""https://us.shein.com/Horse-Grooming-Bathing-Supplies-c-6333.html""}]",US,us.shein.com,3,"[""https://img.ltwebstatic.com/images3_spmp/2024/07/29/f5/1722207296dddf1c33a324421814fae16b37e54bec.jpg"",""https://img.ltwebstatic.com/images3_spmp/2024/07/29/f5/1722207296dddf1c33a324421814fae16b37e54bec.jpg"",""https://img.ltwebstatic.com/images3_spmp/2024/07/29/f5/1722207296dddf1c33a324421814fae16b37e54bec.jpg""]",sp2407299051015575,null,"[{""name"":""Color"",""value"":""Multicolor""},{""name"":""Material"",""value"":""PP""}]",39838054,0,null,Pet Supplies,null,Horse Grooming & Bathing Supplies,Unbeatablesale,"[""one-size""]"
10 Pcs Bohemian European And American Sports Headbands For Women Wide Yoga Elastic Headbands Running Headbands Sports Hair Accessories Headdresses,Free Returns ✓ Free Shipping✓. 10 Pcs Bohemian European And American Sports Headbands For Women Wide Yoga Elastic Headbands Running Headbands Sports Hair Accessories Headdresses- Hair Bands at SHEIN.,7.8,7.5,USD,true,Multicolor Five,one-size,0,https://img.ltwebstatic.com/images3_spmp/2024/06/17/c2/17186275481f4eb44b204de536190a8d40b5a63193.jpg,https://us.shein.com/1/Hair-Bands-c-3019.html,https://us.shein.com/1/10-Pcs-Bohemian-European-And-American-Sports-Headbands-For-Women-Wide-Yoga-Elastic-Headbands-Running-Headbands-Sports-Hair-Accessories-Headdresses-p-37229759.html,"[{""name"":""Apparel Accessories"",""url"":""https://us.shein.com/1/Apparel-Accessories-c-3631.html""},{""name"":""Women Accessories"",""url"":""https://us.shein.com/1/Women-Accessories-c-1765.html""},{""name"":""Women Hair Accessories"",""url"":""https://us.shein.com/1/Women-Hair-Accessories-c-3013.html""},{""name"":""Hair Bands"",""url"":""https://us.shein.com/1/Hair-Bands-c-3019.html""}]",US,us.shein.com,21,"[""https://img.ltwebstatic.com/images3_spmp/2024/06/17/6d/17185933127db26c584f35fd3f5da5f50eff73657c.jpg"",""https://img.ltwebstatic.com/images3_spmp/2024/06/17/c1/171859331354c5aaae7eef3b0d3a076bcc397b7181.jpg"",""https://img.ltwebstatic.com/images3_spmp/2024/06/17/6d/171859331232b21484a9f6b2c87045cfd50a457a88.jpg"",""https://img.ltwebstatic.com/images3_spmp/2024/06/17/c1/1718593313f9fc5be2a6504d1168ada21336402c2d.jpg"",""https://img.ltwebstatic.com/images3_spmp/2024/06/17/6d/17185933127e40406d0648b850588981aa85c41f7f.jpg"",""https://img.ltwebstatic.com/images3_spmp/2024/06/17/6d/171859331297cb5fbfe0d35c0608fc87b4f2de0543.jpg"",""https://img.ltwebstatic.com/images3_spmp/2024/06/17/c1/171859331366c41cd0f73b11edc2f7002d7c207f04.jpg"",""https://img.ltwebstatic.com/images3_spmp/2024/06/17/24/171859333320abde72a4ace1641b1c4fd6bff73f85.jpg"",""https://img.ltwebstatic.com/images3_spmp/2024/06/17/a0/17185933341ccd1e70aa0a3f13dc4bed2c7da0178b.jpg"",""https://img.ltwebstatic.com/images3_spmp/2024/06/17/24/17185933330ddd4d986dc83f36ffaab54a37a0a223.jpg"",""https://img.ltwebstatic.com/images3_spmp/2024/06/17/c2/17186275481f4eb44b204de536190a8d40b5a63193.jpg"",""https://img.ltwebstatic.com/images3_spmp/2024/06/17/f6/171862744242d6e2fa4335c719ab96a4c917340fcd_thumbnail_405x552.jpg"",""https://img.ltwebstatic.com/images3_spmp/2024/06/17/ee/17186274576ea3d009ea532dc6a7a695aa17654e82_thumbnail_405x552.jpg"",""https://img.ltwebstatic.com/images3_spmp/2024/06/17/5f/1718633954eb6d44a91e14eb7586c698dcbd7eb39b.jpg"",""https://img.ltwebstatic.com/images3_spmp/2024/06/17/e2/1718633739543bbc0e8997f12b301194ffd1c9c59e.jpg"",""https://img.ltwebstatic.com/images3_spmp/2024/06/17/e2/17186337399acb3eeb82336f9ec6b99eb10b8387d4.jpg"",""https://img.ltwebstatic.com/images3_spmp/2024/06/17/e2/1718633739acc8762a214d25c5d32f6bdc6d82a8cb.jpg"",""https://img.ltwebstatic.com/images3_spmp/2024/06/17/e2/17186337397f9df3341d86747250ef2dac74f6e1d4.jpg"",""https://img.ltwebstatic.com/images3_spmp/2024/06/17/6e/1718633738e597cf2dfef4eee51e4d4e04f7588767.jpg"",""https://img.ltwebstatic.com/images3_spmp/2024/06/17/0f/1718633755557bba449d244f56f6b4b62be8221663.jpg"",""https://img.ltwebstatic.com/images3_spmp/2024/06/17/0f/171863375558b3a0378cd27ce50b2ed0e4e1dc80f2.jpg""]",sc2406171883010531,null,"[{""name"":""Features"",""value"":""Antibacterial""},{""name"":""Features"",""value"":""Breathable""},{""name"":""Features"",""value"":""Lightweight""},{""name"":""Features"",""value"":""Thermo-Regulating""},{""name"":""Features"",""value"":""100% Natural""},{""name"":""Style"",""value"":""Bohemian""},{""name"":""Style"",""value"":""Boho""},{""name"":""Style"",""value"":""Party""},{""name"":""Color"",""value"":""Multicolor Five""},{""name"":""Pattern Type"",""value"":""Floral""},{""name"":""Pattern Type"",""value"":""Plain""},{""name"":""Material"",""value"":""Elastane""},{""name"":""Element"",""value"":""None""},{""name"":""Composition"",""value"":""100% Elastane""}]",37229759,0,null,Apparel Accessories,null,Hair Bands,SHEIN,"[""one-size""]"
Synthetic African Fluffy Drawstring Ponytail Hair Extensions For Women Short African Curling Clip Curly Drawstring Bun (1B ),Free Returns ✓ Free Shipping✓. Synthetic African Fluffy Drawstring Ponytail Hair Extensions For Women Short African Curling Clip Curly Drawstring Bun (1B )- Synthetic Extensions at SHEIN.,14.2,11.01,USD,true,Natural Black,12 Inch,0,https://img.ltwebstatic.com/images3_spmp/2024/08/17/0c/17238643634d9d1707917938dc5affce15fd30294b_square.jpg,https://us.shein.com/Synthetic-Extensions-c-3840.html,https://us.shein.com/Synthetic-African-Fluffy-Drawstring-Ponytail-Hair-Extensions-For-Women-Short-African-Curling-Clip-Curly-Drawstring-Bun-(1B-)-p-41165721.html,"[{""name"":""Beauty & Health"",""url"":""https://us.shein.com/Beauty-Health-c-1864.html""},{""name"":""Wigs & Accs"",""url"":""https://us.shein.com/Wigs-Accs-c-3644.html""},{""name"":""Synthetic Hair Wigs"",""url"":""https://us.shein.com/Synthetic-Hair-Wigs-c-3838.html""},{""name"":""Synthetic Extensions"",""url"":""https://us.shein.com/Synthetic-Extensions-c-3840.html""}]",US,us.shein.com,6,"[""https://img.ltwebstatic.com/images3_spmp/2024/08/17/0c/17238643634d9d1707917938dc5affce15fd30294b_square.jpg"",""https://img.ltwebstatic.com/images3_spmp/2024/08/17/0c/17238643631c1c02b292091616bcf14a8905ce4d61_square.jpg"",""https://img.ltwebstatic.com/images3_spmp/2024/08/17/0c/1723864363d60b7cd4f348547ffc9feff096556f3a_square.jpg"",""https://img.ltwebstatic.com/images3_spmp/2024/08/17/0c/1723864363e76213737d1cbe67cbdb69541bde6d66_square.jpg"",""https://img.ltwebstatic.com/images3_spmp/2024/08/17/0c/1723864363852b5cbf68c211bada4590eb6a271233_square.jpg"",""https://img.ltwebstatic.com/images3_spmp/2024/08/17/3d/172386436202b11d1c0f410905fbd8465dce2f762c_square.jpg""]",sb2408176552252542,null,"[{""name"":""Features"",""value"":""Heat-Resistant""},{""name"":""Color"",""value"":""Natural Black""},{""name"":""Type"",""value"":""Ponytail""},{""name"":""Curl"",""value"":""Small to Medium Curls""},{""name"":""Crowd"",""value"":""Women""},{""name"":""Theme"",""value"":""Daily""},{""name"":""Dye/Bleach/Perm"",""value"":""Perm""},{""name"":""Heat Tolerence"",""value"":""80℃""},{""name"":""Material"",""value"":""Matte Silk""}]",41165721,0,null,Beauty & Health,null,Synthetic Extensions,SHEIN,"[""12 Inch""]"
10pcs Transparent Chocolate Bouquet DIY Packaging Materials Finished Flower Shop Materials Valentine's Day Supplies Chocolate Cup Tray,Free Returns ✓ Free Shipping✓. 10pcs Transparent Chocolate Bouquet DIY Packaging Materials Finished Flower Shop Materials Valentine's Day Supplies Chocolate Cup Tray- Other Party Supplies at SHEIN.,2.8,2.8,USD,true,Transparent,Chocolate Cup Torus,0,https://img.ltwebstatic.com/images3_spmp/2024/07/26/18/172199442825b5c30ad4abae6bc30900c1f6a06d0c.png,https://us.shein.com/Other-Party-Supplies-c-7236.html,https://us.shein.com/10pcs-Transparent-Chocolate-Bouquet-DIY-Packaging-Materials-Finished-Flower-Shop-Materials-Valentine%27s-Day-Supplies-Chocolate-Cup-Tray-p-39650485.html,"[{""name"":""Toys & Games"",""url"":""https://us.shein.com/Toys-Games-c-4328.html""},{""name"":""Hobbies, Collections, Parties"",""url"":""https://us.shein.com/Hobbies,-Collections,-Parties-c-7163.html""},{""name"":""Party Supplies"",""url"":""https://us.shein.com/Party-Supplies-c-7166.html""},{""name"":""Other Party Supplies"",""url"":""https://us.shein.com/Other-Party-Supplies-c-7236.html""}]",US,us.shein.com,10,"[""https://img.ltwebstatic.com/images3_spmp/2024/07/26/62/1721994069c38accb48f01e7d752559eb35d3140bc.png"",""https://img.ltwebstatic.com/images3_spmp/2024/07/26/e5/17219940665bc05d11a4a913adef0691e6ab1131fd.png"",""https://img.ltwebstatic.com/images3_spmp/2024/07/26/62/1721994069e5e0f5216d86c37e5d2c3f099b40f87a.png"",""https://img.ltwebstatic.com/images3_spmp/2024/07/26/62/1721994069a05cbb015fc6a26e9f72bcc2e9265563.png"",""https://img.ltwebstatic.com/images3_spmp/2024/07/26/62/17219940699d73cb822a946f22686518d8514008a2.png"",""https://img.ltwebstatic.com/images3_spmp/2024/07/26/17/17219940680a19643bec618332064820c0f267f7e8.png"",""https://img.ltwebstatic.com/images3_spmp/2024/07/26/62/17219940695939708a10b00f8888c66a8a7c83cdf3.png"",""https://img.ltwebstatic.com/images3_spmp/2024/07/26/17/1721994068fcb8b924a6af00afc9a1fadcb305aaa5.png"",""https://img.ltwebstatic.com/images3_spmp/2024/07/26/18/172199442825b5c30ad4abae6bc30900c1f6a06d0c.png"",""https://img.ltwebstatic.com/images3_spmp/2024/07/26/46/1721994441618c8697ba9a630b2a1d65c03785de97.png""]",sl2407269621996558,null,"[{""name"":""Color"",""value"":""Transparent""},{""name"":""Suitable Age"",""value"":""Over 14 Years""},{""name"":""Material"",""value"":""PVC""}]",39650485,0,null,Toys & Games,null,Other Party Supplies,SHEIN,"[""Chocolate Cup Torus""]"
"1 Set,Automatic Watering System Indoor Drip Irrigation System With 10 Heads Plant Watering Unit,Yard And Garden Watering Can For Indoor Outdoor Plants 5.25Ft","Free Returns ✓ Free Shipping✓. 1 Set,Automatic Watering System Indoor Drip Irrigation System With 10 Heads Plant Watering Unit,Yard And Garden Watering Can For Indoor Outdoor Plants 5.25Ft- Watering Kits at SHEIN.",5.7,4.85,USD,true,Blue,one-size,0,https://img.ltwebstatic.com/images3_spmp/2023/09/11/5d/16944369534a61e67ab515841824d71d89533362f2_square.jpg,https://us.shein.com/Watering-Kits-c-3360.html,"https://us.shein.com/1-Set,Automatic-Watering-System-Indoor-Drip-Irrigation-System-With-10-Heads-Plant-Watering-Unit,Yard-And-Garden-Watering-Can-For-Indoor-Outdoor-Plants-5.25Ft-p-40314366.html","[{""name"":""Home & Living"",""url"":""https://us.shein.com/Home-Living-c-2032.html""},{""name"":""Outdoor & Garden"",""url"":""https://us.shein.com/Outdoor-Garden-c-3350.html""},{""name"":""Watering & Irrigation"",""url"":""https://us.shein.com/Watering-Irrigation-c-4104.html""},{""name"":""Watering Kits"",""url"":""https://us.shein.com/Watering-Kits-c-3360.html""}]",US,us.shein.com,14,"[""https://img.ltwebstatic.com/images3_spmp/2023/09/11/5d/16944369534a61e67ab515841824d71d89533362f2_square.jpg"",""https://img.ltwebstatic.com/images3_spmp/2024/01/31/a9/1706683202e11bf6fb91c704c30fd84e7f4469b9c2_square.jpg"",""https://img.ltwebstatic.com/images3_spmp/2023/09/11/b6/16944370290ac9250362f574215925631c1417e4d1_square.jpg"",""https://img.ltwebstatic.com/images3_spmp/2023/09/11/d2/16944372174583060df3883cb6023161101db60511_square.jpg"",""https://img.ltwebstatic.com/images3_spmp/2023/09/11/d3/16944372309beaf2686f2c49ce88bd904deb62bdba_square.jpg"",""https://img.ltwebstatic.com/images3_spmp/2023/09/11/6e/16944373438b3be968eec94173a8913cfaff91534e_square.jpg"",""https://img.ltwebstatic.com/images3_spmp/2023/09/11/a4/1694437282be76fe0f5641f95f81628bd819e58282_square.jpg"",""https://img.ltwebstatic.com/images3_spmp/2023/09/11/82/1694437354f307a1e8803f8f857bbe25aa4e18710b_square.jpg"",""https://img.ltwebstatic.com/images3_spmp/2023/09/11/04/16944367899c9338d8fc37b6ab5e65facb27df84ae.jpg"",""https://img.ltwebstatic.com/images3_spmp/2023/09/11/f6/16944367880912b9a8603c4126c890f7120ffdbc0d.jpg"",""https://img.ltwebstatic.com/images3_spmp/2023/09/11/f6/1694436788545a306e9c3ee6413993c0c07e034673.jpg"",""https://img.ltwebstatic.com/images3_spmp/2023/09/11/04/1694436789dbd2e2f3d1aab813fcddfcdead919fdf.jpg"",""https://img.ltwebstatic.com/images3_spmp/2023/09/11/04/169443678987cec03cb6bce5672b85387f0b95d22e.jpg"",""https://img.ltwebstatic.com/images3_spmp/2023/09/11/f6/1694436788e96e3b62609ff408149aef7f10dcada8.jpg""]",sh2408067592793660,null,"[{""name"":""Power Supply"",""value"":""None""},{""name"":""Color"",""value"":""Blue""},{""name"":""Material"",""value"":""PE""}]",40314366,0,null,Home & Living,null,Watering Kits,SHEIN,"[""one-size""]"
"1 Set Of 2 Pieces Mop And Bucket Set With New Separation Of Clean And Dirty Water Design, Household Rotating Mop, Slouchy Mop, Hands-Free Flat Sucker Mop, Suitable For Daily Use","Free Returns ✓ Free Shipping✓. 1 Set Of 2 Pieces Mop And Bucket Set With New Separation Of Clean And Dirty Water Design, Household Rotating Mop, Slouchy Mop, Hands-Free Flat Sucker Mop, Suitable For Daily Use- Mops and Mop Sets at SHEIN.",74.6,74.6,USD,true,White,one-size,0,https://img.ltwebstatic.com/images3_spmp/2024/02/18/61/1708241125eb8253ac4862bb28dc29ee58638bca81_square.jpg,https://us.shein.com/Mops-and-Mop-Sets-c-4446.html,"https://us.shein.com/1-Set-Of-2-Pieces-Mop-And-Bucket-Set-With-New-Separation-Of-Clean-And-Dirty-Water-Design,-Household-Rotating-Mop,-Slouchy-Mop,-Hands-Free-Flat-Sucker-Mop,-Suitable-For-Daily-Use-p-30166283.html","[{""name"":""Home & Living"",""url"":""https://us.shein.com/Home-Living-c-2032.html""},{""name"":""Household Cleaning & Personal Care"",""url"":""https://us.shein.com/Household-Cleaning-Personal-Care-c-3988.html""},{""name"":""Household Cleaning Tools"",""url"":""https://us.shein.com/Household-Cleaning-Tools-c-3503.html""},{""name"":""Mops and Mop Sets"",""url"":""https://us.shein.com/Mops-and-Mop-Sets-c-4446.html""}]",US,us.shein.com,18,"[""https://img.ltwebstatic.com/images3_spmp/2024/02/18/61/1708241125eb8253ac4862bb28dc29ee58638bca81_square.jpg"",""https://img.ltwebstatic.com/images3_spmp/2024/02/18/61/17082411258b8f6a2567bae9aaf0a571b090e9385a_square.jpg"",""https://img.ltwebstatic.com/images3_spmp/2024/02/18/61/1708241125622315fce24c8d4b0872fb7377ff270b_square.jpg"",""https://img.ltwebstatic.com/images3_spmp/2024/02/18/61/1708241125af2a9eccf75b6d5f5630de5bc31293fe_square.jpg"",""https://img.ltwebstatic.com/images3_spmp/2024/02/18/61/1708241125bbff6a66960005ed0f7381dbd5f5fecb_square.jpg"",""https://img.ltwebstatic.com/images3_spmp/2024/02/18/61/17082411257aa168ead90e8058bb1f5adaea284e98_square.jpg"",""https://img.ltwebstatic.com/images3_spmp/2024/02/18/61/1708241125acc4716e1ae86ebc3ac1767937d20df4_square.jpg"",""https://img.ltwebstatic.com/images3_spmp/2024/02/18/61/1708241125b1b970671637011900186acb6bae0c9c_square.jpg"",""https://img.ltwebstatic.com/images3_spmp/2024/02/18/8a/1708241124d151544b26412066696264d91c14bbb9_square.jpg"",""https://img.ltwebstatic.com/images3_spmp/2024/02/18/f8/1708241173e2b20d60bb442f09a9c4efe604b37fa1.jpg"",""https://img.ltwebstatic.com/images3_spmp/2024/02/18/f8/1708241173a7fe266192583aa2f8eb9416bafee25c.jpg"",""https://img.ltwebstatic.com/images3_spmp/2024/02/18/f8/170824117341b10828213a803e2da619ac494e84a0.jpg"",""https://img.ltwebstatic.com/images3_spmp/2024/02/18/f8/17082411732365d85660f946b5d12f185c22071dd8.jpg"",""https://img.ltwebstatic.com/images3_spmp/2024/02/18/f8/17082411731566b1a78fdc5ecedf274ae5483d32fd.jpg"",""https://img.ltwebstatic.com/images3_spmp/2024/02/18/f8/170824117313b117ffa510bea079bb4f0b6e88c8b9.jpg"",""https://img.ltwebstatic.com/images3_spmp/2024/02/18/f8/1708241173cf92dbb64076829d99932392a21eef1d.jpg"",""https://img.ltwebstatic.com/images3_spmp/2024/02/18/f8/1708241173b0683ea2c6030e41bd3e2b2ac626c514.jpg"",""https://img.ltwebstatic.com/images3_spmp/2024/02/18/24/170824117210d223695491a2fe3ec9b4d4d50af406.jpg""]",sh2402184992552254,null,"[{""name"":""Color"",""value"":""White""},{""name"":""Material"",""value"":""PP""}]",30166283,0,null,Home & Living,null,Mops and Mop Sets,SHEIN,"[""one-size""]"
"1set-Halloween Party Hanging Swirl Decorations, Bat  Ghost Pumpkin Black Cat Cards Hanging Swirl Party Supplies,Halloween Party Decorations Set For Outdoor Indoor Decor","Free Returns ✓ Free Shipping✓. 1set-Halloween Party Hanging Swirl Decorations, Bat  Ghost Pumpkin Black Cat Cards Hanging Swirl Party Supplies,Halloween Party Decorations Set For Outdoor Indoor Decor- Party Backdrops at SHEIN.",3.8,3.23,USD,true,Multicolor,1set,0,https://img.ltwebstatic.com/images3_pi/2024/08/12/14/17234419013920e595d5f0fc95824366c44662d4ba.jpg,https://us.shein.com/Party-Backdrops-c-3436.html,"https://us.shein.com/22pcs-Unicorn-Party,-Multicolor-Spiral-Party-Decorations,-Summer-Pool,-Beach-Party-Supplies-In-The-Sea-Decorations-p-39132284.html","[{""name"":""Home & Living"",""url"":""https://us.shein.com/Home-Living-c-2032.html""},{""name"":""Event & Party Supplies"",""url"":""https://us.shein.com/Event-Party-Supplies-c-2496.html""},{""name"":""Decorations"",""url"":""https://us.shein.com/Decorations-c-3422.html""},{""name"":""Party Backdrops"",""url"":""https://us.shein.com/Party-Backdrops-c-3436.html""}]",US,us.shein.com,5,"[""https://img.ltwebstatic.com/images3_pi/2024/08/12/14/17234419013920e595d5f0fc95824366c44662d4ba.jpg"",""https://img.ltwebstatic.com/images3_pi/2024/08/12/34/1723441904115da9e1e8ece965f058df297accdb2f.jpg"",""https://img.ltwebstatic.com/images3_pi/2024/08/12/a7/172344190771e145855cd469abb923c8b279400bfb.jpg"",""https://img.ltwebstatic.com/images3_pi/2024/08/12/f5/1723441910edda2c628d5a516681175b4437a1364b.jpg"",""https://img.ltwebstatic.com/images3_pi/2024/08/12/8c/172344191356cebb2f5e8cb79240b27a1bd28bd518.jpg""]",sh2405226617153653,null,"[{""name"":""Color"",""value"":""Multicolor""},{""name"":""Material"",""value"":""Paper""}]",39132284,0,null,Home & Living,null,Party Backdrops,SHEIN,"[""1set""]"
"20pcs Purple Disposable Napkins,Flower Shape Table Napkins For Weding Supplies, Party Favors, Hen Party Decorations Birthday And Restaurant","Free Returns ✓ Free Shipping✓. 20pcs Purple Disposable Napkins,Flower Shape Table Napkins For Weding Supplies, Party Favors, Hen Party Decorations Birthday And Restaurant- Disposable Napkins at SHEIN.",2.6,2.5,USD,true,Purple,one-size,0,https://img.ltwebstatic.com/images3_spmp/2024/08/15/75/1723728331b76c02a521b6a0bfd457f9d8992dc20a_square.jpg,https://us.shein.com/Disposable-Napkins-c-3504.html,"https://us.shein.com/20pcs-Purple-Disposable-Napkins,Flower-Shape-Table-Napkins-For-Weding-Supplies,-Party-Favors,-Hen-Party-Decorations-Birthday-And-Restaurant-p-41061836.html","[{""name"":""Home & Living"",""url"":""https://us.shein.com/Home-Living-c-2032.html""},{""name"":""Event & Party Supplies"",""url"":""https://us.shein.com/Event-Party-Supplies-c-2496.html""},{""name"":""Party Tableware"",""url"":""https://us.shein.com/Party-Tableware-c-3454.html""},{""name"":""Disposable Napkins"",""url"":""https://us.shein.com/Disposable-Napkins-c-3504.html""}]",US,us.shein.com,22,"[""https://img.ltwebstatic.com/images3_spmp/2024/08/17/50/1723858639f1161658f45942cdcb0c54b8aa43360c_square.jpg"",""https://img.ltwebstatic.com/images3_spmp/2024/07/04/d0/1720063520ca10e44ad4cf97bd2bc01cfa5600ddf2_square.jpg"",""https://img.ltwebstatic.com/images3_spmp/2024/07/04/41/1720063284d803e3f6f74fff9a6ad1b29c562d9577_square.jpg"",""https://img.ltwebstatic.com/images3_spmp/2024/07/04/3e/1720063367338c5d4b1ab7e539f7cc31b5028a2c76_square.jpg"",""https://img.ltwebstatic.com/images3_spmp/2024/08/17/63/172385873019b33ebe232a4183e80461feb0a5132a_square.jpg"",""https://img.ltwebstatic.com/images3_spmp/2024/07/04/e0/17200634075de15f1fde5032b63b00ca58182bc838_square.jpg"",""https://img.ltwebstatic.com/images3_spmp/2024/07/04/4c/17200635974e63b25100869f42fc7f4df91f65f19d_square.jpg"",""https://img.ltwebstatic.com/images3_spmp/2024/07/04/39/17200636041ad8e52523366bf2007b72e79bf55efa_square.jpg"",""https://img.ltwebstatic.com/images3_spmp/2024/07/04/78/17200636111974ce3c5e915f0edac57d54e4cbd447_square.jpg"",""https://img.ltwebstatic.com/images3_spmp/2024/07/04/fb/17200636260ca4ce1a430feb77d082099e6e41b6cb_square.jpg"",""https://img.ltwebstatic.com/images3_spmp/2024/07/04/c5/1720063637dcb5d4d147c0a070c95cd8166255944f_square.jpg"",""https://img.ltwebstatic.com/images3_spmp/2024/08/15/75/1723728331b76c02a521b6a0bfd457f9d8992dc20a_square.jpg"",""https://img.ltwebstatic.com/images3_spmp/2024/07/04/6f/1720063862f33ecb9acdb2c54aeeccae8b5fdde121_square.jpg"",""https://img.ltwebstatic.com/images3_spmp/2024/07/04/a4/17200637094b1f8cd3998b86478fe678b75e5beec0.jpg"",""https://img.ltwebstatic.com/images3_spmp/2024/07/04/f7/172006374854719c03c06739b28055414cf4254d08.jpg"",""https://img.ltwebstatic.com/images3_spmp/2024/07/04/30/172006372139c2c34dc18d546be54913ee48324b17.jpg"",""https://img.ltwebstatic.com/images3_spmp/2024/07/04/87/1720063736d18bfc8ffabdffb3cd15d76bbfb41ae9.jpg"",""https://img.ltwebstatic.com/images3_spmp/2024/07/04/8e/1720063764dbf07ff74f535482a1cb32c2ac539ac3.jpg"",""https://img.ltwebstatic.com/images3_spmp/2024/07/04/41/172006379033429b026538be350e4621e22a48f427.jpg"",""https://img.ltwebstatic.com/images3_spmp/2024/07/04/a8/1720063800ede98e278d064e7c8a4ffdf365ce6d13.jpg"",""https://img.ltwebstatic.com/images3_spmp/2024/07/04/53/172006380906e2899bd153fbacae6c387d37037ff4.jpg"",""https://img.ltwebstatic.com/images3_spmp/2024/07/04/25/1720063829cbd89a59b35b9da1725a2259dd75051f.jpg""]",sh2408159343875246,null,"[{""name"":""Color"",""value"":""Purple""},{""name"":""Material"",""value"":""Paper""},{""name"":""Pattern Type"",""value"":""Plants""}]",41061836,0,null,Home & Living,null,Disposable Napkins,SHEIN,"[""one-size""]"
"14pcs WHite Hair Beads Accessories For Braids,Star Pearl Small Bear Design Hair Rings Decorations,Women Hair Accessories For Hair And Dreadlocks. Street","Free Returns ✓ Free Shipping✓. 14pcs WHite Hair Beads Accessories For Braids,Star Pearl Small Bear Design Hair Rings Decorations,Women Hair Accessories For Hair And Dreadlocks. Street- Hair Clips at SHEIN.",1.4,1.4,USD,true,White,one-size,0,https://img.ltwebstatic.com/images3_spmp/2024/06/25/45/1719306659d6dd6d3523e55fd66b4df365d6786f7e.jpg,https://us.shein.com/Hair-Clips-c-3017.html,https://us.shein.com/14pcs-Hair-Rings-For-Braids-Metal-Dreadlock-Hair-Jewelry-Accessories-Planet-Star-Moon-Hair-Charms-Pendants-Women-Y2K-Hair-Clips-Hair-Braid-Rings-Women-Hair-Accessories-p-30317540.html,"[{""name"":""Apparel Accessories"",""url"":""https://us.shein.com/Apparel-Accessories-c-3631.html""},{""name"":""Women Accessories"",""url"":""https://us.shein.com/Women-Accessories-c-1765.html""},{""name"":""Women Hair Accessories"",""url"":""https://us.shein.com/Women-Hair-Accessories-c-3013.html""},{""name"":""Hair Clips"",""url"":""https://us.shein.com/Hair-Clips-c-3017.html""}]",US,us.shein.com,7,"[""https://img.ltwebstatic.com/images3_spmp/2024/06/25/45/1719306659d6dd6d3523e55fd66b4df365d6786f7e.jpg"",""https://img.ltwebstatic.com/images3_spmp/2024/02/21/7c/1708493976325b500d91ce8c068d85a986a7703e63.jpg"",""https://img.ltwebstatic.com/images3_spmp/2024/02/21/7f/170849397588b691c6f107b157f54f3a045f9d2a38.jpg"",""https://img.ltwebstatic.com/images3_spmp/2024/02/21/88/1708493977b91038ed8ee63fa56f3a3d1cd345d030.jpg"",""https://img.ltwebstatic.com/images3_spmp/2024/02/21/7c/1708493976b3f9fc690e94586b69df9116e8c51f97.jpg"",""https://img.ltwebstatic.com/images3_spmp/2024/02/21/88/1708493977fcdebd9b7f7d3d8ad1ad3b66e6f33f7c.jpg"",""https://img.ltwebstatic.com/images3_spmp/2024/02/21/88/170849397734ec95bcece5c835b6364504590d6eec.jpg""]",sc2312121855201734,null,"[{""name"":""Color"",""value"":""White""},{""name"":""Style"",""value"":""Cute""},{""name"":""Pattern Type"",""value"":""Floral""},{""name"":""Pattern Type"",""value"":""Galaxy""},{""name"":""Pattern Type"",""value"":""Geometric""},{""name"":""Material"",""value"":""ABS""},{""name"":""Type"",""value"":""Hair Pin""},{""name"":""Type"",""value"":""Hair Ring""},{""name"":""Element"",""value"":""Animal""},{""name"":""Composition"",""value"":""100% Polyester""}]",30317540,0,null,Apparel Accessories,null,Hair Clips,SHEIN,"[""one-size""]"
"30pcs/Set Minimal Solid Color French Almond Flower Style Full Cover Short False Nails With 1pc Jelly Gel & 1pc Nail File, For Women & Girls Beauty Parties, Dates, Events","Free Returns ✓ Free Shipping✓. 30pcs/Set Minimal Solid Color French Almond Flower Style Full Cover Short False Nails With 1pc Jelly Gel & 1pc Nail File, For Women & Girls Beauty Parties, Dates, Events- Press On False Nails at SHEIN.",1.8,1.6,USD,true,Multicolor,Almond,0,https://img.ltwebstatic.com/images3_spmp/2024/08/08/cf/1723116457a3c5e2006183626c879b749f703f8f7a.jpg,https://us.shein.com/30pcs/Press-On-False-Nails-c-1869.html,"https://us.shein.com/30pcs/Set-Minimal-Solid-Color-French-Almond-Flower-Style-Full-Cover-Short-False-Nails-With-1pc-Jelly-Gel-&amp;-1pc-Nail-File,-For-Women-&amp;-Girls-Beauty-Parties,-Dates,-Events-p-40598628.html","[{""name"":""Beauty & Health"",""url"":""https://us.shein.com/30pcs/Beauty-Health-c-1864.html""},{""name"":""Nail,Hand & Foot Care"",""url"":""https://us.shein.com/30pcs/Nail,Hand-Foot-Care-c-3641.html""},{""name"":""Press On Nails"",""url"":""https://us.shein.com/30pcs/Press-On-Nails-c-13302.html""},{""name"":""Press On False Nails"",""url"":""https://us.shein.com/30pcs/Press-On-False-Nails-c-1869.html""}]",US,us.shein.com,5,"[""https://img.ltwebstatic.com/images3_spmp/2024/08/08/cf/1723116457a3c5e2006183626c879b749f703f8f7a.jpg"",""https://img.ltwebstatic.com/images3_spmp/2024/08/16/02/172379186329b6da7f7c20ced51d253b7542e82757.jpg"",""https://img.ltwebstatic.com/images3_spmp/2024/08/16/9d/1723791873e1559a72db21ccdce883915b28047af5.jpg"",""https://img.ltwebstatic.com/images3_spmp/2024/08/08/e2/172311648049e833b36777851a03a5752db41ae27e.jpg"",""https://img.ltwebstatic.com/images3_spmp/2024/08/08/32/1723116491b0e1bfdf78546aabbcd797e0ccfd177f.jpg""]",sb2408080196781518,null,"[{""name"":""Nail Shapes"",""value"":""Almond""},{""name"":""Color"",""value"":""Multicolor""},{""name"":""Type"",""value"":""Color Nails""},{""name"":""Pattern Type"",""value"":""Plants""}]",40598628,0,null,Beauty & Health,null,Press On False Nails,SHEIN,"[""Almond""]"
1 Set Halloween Scarecrow Pumpkin Home Bedroom Living Room Decor,Free Returns ✓ Free Shipping✓. 1 Set Halloween Scarecrow Pumpkin Home Bedroom Living Room Decor- Mirror Stickers at SHEIN.,3.4,2.72,USD,true,Multicolor,one-size,0,https://img.ltwebstatic.com/images3_spmp/2024/08/07/ed/17230132370ddfb1f756b62958b885678fa4b03337_square.jpg,https://us.shein.com/Mirror-Stickers-c-8510.html,https://us.shein.com/1-Set-Halloween-Scarecrow-Pumpkin-Home-Bedroom-Living-Room-Decor-p-40470942.html,"[{""name"":""Home & Living"",""url"":""https://us.shein.com/Home-Living-c-2032.html""},{""name"":""Home Decor"",""url"":""https://us.shein.com/Home-Decor-c-1954.html""},{""name"":""Decorative Mirrors"",""url"":""https://us.shein.com/Decorative-Mirrors-c-8027.html""},{""name"":""Mirror Stickers"",""url"":""https://us.shein.com/Mirror-Stickers-c-8510.html""}]",US,us.shein.com,6,"[""https://img.ltwebstatic.com/images3_spmp/2024/08/07/ed/17230132370ddfb1f756b62958b885678fa4b03337_square.jpg"",""https://img.ltwebstatic.com/images3_spmp/2024/08/07/ed/17230132371f15f984c87063957efa70c36a24f3eb_square.jpg"",""https://img.ltwebstatic.com/images3_spmp/2024/08/07/ed/172301323765801a23b03e3c2184b05b207a38b04a_square.jpg"",""https://img.ltwebstatic.com/images3_spmp/2024/08/07/ed/1723013237d06b9e40bd9a5b33e5464c1154dd163c_square.jpg"",""https://img.ltwebstatic.com/images3_spmp/2024/08/07/ed/1723013237ad3f110e3d347a80806c01829520dea6_square.jpg"",""https://img.ltwebstatic.com/images3_spmp/2024/08/07/ed/17230132376880ad362fdef9e4dd5d1809df62f77d_square.jpg""]",sh2408071514164404,null,"[{""name"":""Color"",""value"":""Multicolor""},{""name"":""Material"",""value"":""PVC""}]",40470942,0,null,Home & Living,null,Mirror Stickers,SHEIN,"[""one-size""]"
Unbeatablesale Hydro Air HA104320 Gunite Venturi Tee,Free Returns ✓ Free Shipping✓. Unbeatablesale Hydro Air HA104320 Gunite Venturi Tee- Swimming Pools at SHEIN.,24.32,24.32,USD,true,Multicolor,one-size,0,https://img.ltwebstatic.com/images3_spmp/2024/07/02/1b/171988319601a057caa5b3e050b0f53c862fd07e92.jpg,https://us.shein.com/Swimming-Pools-c-6009.html,https://us.shein.com/Hydro-Air-HA104320-Gunite-Venturi-Tee-p-37937822.html,"[{""name"":""Sports & Outdoor"",""url"":""https://us.shein.com/Sports-Outdoor-c-3195.html""},{""name"":""Water Sports"",""url"":""https://us.shein.com/Water-Sports-c-5797.html""},{""name"":""Swimming Pools"",""url"":""https://us.shein.com/Swimming-Pools-c-6009.html""}]",US,us.shein.com,3,"[""https://img.ltwebstatic.com/images3_spmp/2024/07/02/1b/171988319601a057caa5b3e050b0f53c862fd07e92.jpg"",""https://img.ltwebstatic.com/images3_spmp/2024/07/02/a5/17198831980dbf2894e6027eaadb785889dee55929.jpg"",""https://img.ltwebstatic.com/images3_spmp/2024/07/02/1b/171988319601a057caa5b3e050b0f53c862fd07e92.jpg""]",st2407026421868114,null,"[{""name"":""Color"",""value"":""Multicolor""},{""name"":""Material"",""value"":""PP""}]",37937822,0,null,Sports & Outdoor,null,Swimming Pools,Unbeatablesale,"[""one-size""]"
"New Casual Solid Color One Shoulder Bag, Street Style Simple Tote Hand Carry Crossbody Square Bag","Free Returns ✓ Free Shipping✓. New Casual Solid Color One Shoulder Bag, Street Style Simple Tote Hand Carry Crossbody Square Bag- Women Top Handle Bags at SHEIN.",10.3,9.7,USD,true,Black,one-size,0,https://img.ltwebstatic.com/images3_spmp/2024/08/18/db/1723964232f860af529a8a1daee5f1dcf1b989ddba.jpg,https://us.shein.com/Women-Top-Handle-Bags-c-2155.html,"https://us.shein.com/New-Street-Casual-Solid-Color-Shoulder-Bag,-Handheld-Bag,-Fashion-Simple-Crossbody-Square-Bag-p-41122801.html","[{""name"":""Bags & Luggage"",""url"":""https://us.shein.com/Bags-Luggage-c-3637.html""},{""name"":""Women Bags"",""url"":""https://us.shein.com/Women-Bags-c-2043.html""},{""name"":""Women Top Handle Bags"",""url"":""https://us.shein.com/Women-Top-Handle-Bags-c-2155.html""}]",US,us.shein.com,10,"[""https://img.ltwebstatic.com/images3_spmp/2024/08/18/db/1723964232f860af529a8a1daee5f1dcf1b989ddba.jpg"",""https://img.ltwebstatic.com/images3_spmp/2024/08/18/db/172396423260b84f8e161438ce2940da6dbadc4dc7.jpg"",""https://img.ltwebstatic.com/images3_spmp/2024/08/18/db/1723964232c7515631b7a51d6a94a36d3235de8db2.jpg"",""https://img.ltwebstatic.com/images3_spmp/2024/08/18/db/17239642328092c287f09558457da558a1c2024082.jpg"",""https://img.ltwebstatic.com/images3_spmp/2024/08/18/db/17239642320d003b994dc5087517cff0a5460c8dd7.jpg"",""https://img.ltwebstatic.com/images3_spmp/2024/08/18/2b/17239642330913ac6cce383e54b304626d8d646214.jpg"",""https://img.ltwebstatic.com/images3_spmp/2024/08/18/db/1723964232eb6b63afb1a8b60b0920f190002578b5.jpg"",""https://img.ltwebstatic.com/images3_spmp/2024/08/18/2b/17239642330e30e1147f292f40bc68be900daf563f.jpg"",""https://img.ltwebstatic.com/images3_spmp/2024/08/18/2b/1723964233d95a743cc230631ce589ff2a768b4779.jpg"",""https://img.ltwebstatic.com/images3_spmp/2024/08/18/2b/17239642331e052d93d0da55e5547290b627f5f0d2.jpg""]",sg2302221363386887,null,"[{""name"":""Style"",""value"":""Casual""},{""name"":""Color"",""value"":""Black""},{""name"":""Details"",""value"":""Ruched""},{""name"":""Type"",""value"":""Square Bag""},{""name"":""Bag Size"",""value"":""Mini""},{""name"":""Strap Type"",""value"":""Adjustable""},{""name"":""Pattern Type"",""value"":""Animal""},{""name"":""Pattern Type"",""value"":""Colorblock""},{""name"":""Pattern Type"",""value"":""Plaid""},{""name"":""Pattern Type"",""value"":""Plain""},{""name"":""Closure Type"",""value"":""Zipper""},{""name"":""Pattern Type"",""value"":""Textured Pattern""},{""name"":""Material"",""value"":""PU Leather""}]",41122801,0,null,Bags & Luggage,null,Women Top Handle Bags,SHEIN,"[""one-size""]"
"Unbeatablesale 1.75 In. Clear Gel Floating Candles, Aqua - 12 Piece Per Box","Free Returns ✓ Free Shipping✓. Unbeatablesale 1.75 In. Clear Gel Floating Candles, Aqua - 12 Piece Per Box- Candles at SHEIN.",16.8,16.8,USD,true,Multicolor,one-size,0,https://img.ltwebstatic.com/images3_spmp/2024/08/01/66/17224605335c1f58adffe2978fa9e8e5b033a13d37.jpg,https://us.shein.com/Candles-c-5060.html,"https://us.shein.com/1.75-In.-Clear-Gel-Floating-Candles,-Aqua---12-Piece-Per-Box-p-33453209.html","[{""name"":""Home & Living"",""url"":""https://us.shein.com/Home-Living-c-2032.html""},{""name"":""Home Decor"",""url"":""https://us.shein.com/Home-Decor-c-1954.html""},{""name"":""Candles & Holders"",""url"":""https://us.shein.com/Candles-Holders-c-3464.html""},{""name"":""Candles"",""url"":""https://us.shein.com/Candles-c-5060.html""}]",US,us.shein.com,3,"[""https://img.ltwebstatic.com/images3_spmp/2024/08/01/66/17224605335c1f58adffe2978fa9e8e5b033a13d37.jpg"",""https://img.ltwebstatic.com/images3_spmp/2024/08/01/66/172246053626983e10867b5cb9dac07fcb9ff9e772.jpg"",""https://img.ltwebstatic.com/images3_spmp/2024/08/01/0d/1722460537f0de5fb9f55eeebedcce1fa255098e11.jpg""]",sh2404178252531466,null,"[{""name"":""Color"",""value"":""Multicolor""},{""name"":""Material"",""value"":""PP""}]",33453209,0,null,Home & Living,null,Candles,Unbeatablesale,"[""one-size""]"
"22LB Life Size Sex Doll Torso, Lifelike Female Sex Doll For Men With Soft Big Boobs Big Butt Pussy Ass, Realistic Sex Dolls Full Size Love Dolls Male Masturbator For Vaginal Anal Breast Sex","Free Returns ✓ Free Shipping✓. 22LB Life Size Sex Doll Torso, Lifelike Female Sex Doll For Men With Soft Big Boobs Big Butt Pussy Ass, Realistic Sex Dolls Full Size Love Dolls Male Masturbator For Vaginal Anal Breast Sex- Sex Dolls at SHEIN.",153,95.7,USD,true,Pink,22LB,0,https://img.ltwebstatic.com/images3_spmp/2024/07/15/ee/172102816923349b5d26ef591f6e22793d7007cc75_square.jpg,https://us.shein.com/Sex-Dolls-c-9602.html,"https://us.shein.com/22LB-Life-Size-Sex-Doll-Torso,-Lifelike-Female-Sex-Doll-For-Men-With-Soft-Big-Boobs-Big-Butt-Pussy-Ass,-Realistic-Sex-Dolls-Full-Size-Love-Dolls-Male-Masturbator-For-Vaginal-Anal-Breast-Sex-p-41249806.html","[{""name"":""Beauty & Health"",""url"":""https://us.shein.com/Beauty-Health-c-1864.html""},{""name"":""Sexual Wellness"",""url"":""https://us.shein.com/Sexual-Wellness-c-4451.html""},{""name"":""Adult Sex Toys & Games"",""url"":""https://us.shein.com/Adult-Sex-Toys-Games-c-9581.html""},{""name"":""Sex Dolls"",""url"":""https://us.shein.com/Sex-Dolls-c-9602.html""}]",US,us.shein.com,12,"[""https://img.ltwebstatic.com/images3_spmp/2024/07/15/ee/172102816923349b5d26ef591f6e22793d7007cc75_square.jpg"",""https://img.ltwebstatic.com/images3_spmp/2024/07/15/89/172102817152eab4aa7f9a506e489c86a5393bcef6_square.jpg"",""https://img.ltwebstatic.com/images3_spmp/2024/07/15/44/1721028175568b47706c8bea9ee22ee19d8543fde8_square.jpg"",""https://img.ltwebstatic.com/images3_spmp/2024/07/15/71/1721028177f11edb1a35600c22a54e576a9f55dd18_square.jpg"",""https://img.ltwebstatic.com/images3_spmp/2024/07/15/33/17210281810ba231aeb1d9ce567193b49f37d90c6b_square.jpg"",""https://img.ltwebstatic.com/images3_spmp/2024/07/15/74/172102818771b306ba48c1d2c2951e1565fa45eee1_square.jpg"",""https://img.ltwebstatic.com/images3_spmp/2024/07/15/fe/1721028193be56df1b47eb03a888bfaaff32bb1828.jpg"",""https://img.ltwebstatic.com/images3_spmp/2024/07/15/16/1721028197754a3f000ca515e0d50e4edc80975e7a.jpg"",""https://img.ltwebstatic.com/images3_spmp/2024/07/15/31/172102819874408d2fb9a1b674e9ded40cd17d68ae.jpg"",""https://img.ltwebstatic.com/images3_spmp/2024/07/15/0d/172102819931466355ea03cf1f8d0e504cb3a5f6f1.jpg"",""https://img.ltwebstatic.com/images3_spmp/2024/07/15/31/17210281987d13f1978b200af7d563550cdb1f8fde.jpg"",""https://img.ltwebstatic.com/images3_spmp/2024/07/15/16/17210281975884091401abf9a3480661200b9e7dcd.jpg""]",sb2407156112854655,null,"[{""name"":""Color"",""value"":""Pink""},{""name"":""Material"",""value"":""Silicone""}]",41249806,0,null,Beauty & Health,null,Sex Dolls,SHEIN,"[""22LB""]"
"Unbeatablesale Jgoodin P50180R-V01 Myra Necklace 10 CT Rhodium Necklace, Multi Color","Free Returns ✓ Free Shipping✓. Unbeatablesale Jgoodin P50180R-V01 Myra Necklace 10 CT Rhodium Necklace, Multi Color- Women Layered Necklaces at SHEIN.",23.46,23.46,USD,true,Multicolor,one-size,0,https://img.ltwebstatic.com/images3_spmp/2024/08/10/20/1723284549816ad943d9ce89b0ec080ea0a05495a7.jpg,https://us.shein.com/Women-Layered-Necklaces-c-4214.html,"https://us.shein.com/Jgoodin-P50180R-V01-Myra-Necklace-10-CT-Rhodium-Necklace,-Multi-Color-p-40525812.html","[{""name"":""Jewelry & Watches"",""url"":""https://us.shein.com/Jewelry-Watches-c-3634.html""},{""name"":""Women Fashion Jewelry"",""url"":""https://us.shein.com/Women-Fashion-Jewelry-c-3632.html""},{""name"":""Women Necklaces"",""url"":""https://us.shein.com/Women-Necklaces-c-4208.html""},{""name"":""Women Layered Necklaces"",""url"":""https://us.shein.com/Women-Layered-Necklaces-c-4214.html""}]",US,us.shein.com,3,"[""https://img.ltwebstatic.com/images3_spmp/2024/08/10/20/1723284549816ad943d9ce89b0ec080ea0a05495a7.jpg"",""https://img.ltwebstatic.com/images3_spmp/2024/08/10/20/1723284549816ad943d9ce89b0ec080ea0a05495a7.jpg"",""https://img.ltwebstatic.com/images3_spmp/2024/08/10/20/1723284549816ad943d9ce89b0ec080ea0a05495a7.jpg""]",sj2408105044316134,null,"[{""name"":""Color"",""value"":""Multicolor""}]",40525812,0,null,Jewelry & Watches,null,Women Layered Necklaces,Unbeatablesale,"[""one-size""]"
30pcs  Ear Plasters Waterproof Correction Ear Surface Ear Flash Ear Face Small Invisible Breathable Skin Friendly Fixed Patch Self Adhesive Patch For Delicate Face,Free Returns ✓ Free Shipping✓. 30pcs  Ear Plasters Waterproof Correction Ear Surface Ear Flash Ear Face Small Invisible Breathable Skin Friendly Fixed Patch Self Adhesive Patch For Delicate Face- Tool Accessories at SHEIN.,2.4,2.1,USD,true,Clear,30pcs,0,https://img.ltwebstatic.com/images3_spmp/2023/08/24/0a/1692869027c7870d02ef155bf4e3fbb935d740f594_square.png,https://us.shein.com/Tool-Accessories-c-3672.html,https://us.shein.com/30pcs--Ear-Plasters-Waterproof-Correction-Ear-Surface-Ear-Flash-Ear-Face-Small-Invisible-Breathable-Skin-Friendly-Fixed-Patch-Self-Adhesive-Patch-For-Delicate-Face-p-41121849.html,"[{""name"":""Beauty & Health"",""url"":""https://us.shein.com/Beauty-Health-c-1864.html""},{""name"":""Beauty Tools"",""url"":""https://us.shein.com/Beauty-Tools-c-2041.html""},{""name"":""Makeup Tools"",""url"":""https://us.shein.com/Makeup-Tools-c-3640.html""},{""name"":""Tool Accessories"",""url"":""https://us.shein.com/Tool-Accessories-c-3672.html""}]",US,us.shein.com,10,"[""https://img.ltwebstatic.com/images3_spmp/2024/08/18/49/172395059406114a321df9fedc54675f7bdaf657cb.png"",""https://img.ltwebstatic.com/images3_spmp/2023/08/24/0a/1692869027c7870d02ef155bf4e3fbb935d740f594_square.png"",""https://img.ltwebstatic.com/images3_spmp/2023/08/24/49/1692869033e4f10d8acde6e6aa2e964376a2ea2a47_square.png"",""https://img.ltwebstatic.com/images3_spmp/2023/08/24/ac/1692869045a6bccfc7d5bcd074df83f1b5aa445352_square.png"",""https://img.ltwebstatic.com/images3_spmp/2023/08/24/37/1692869036312463ba3e6ac20ed5d9fe8babc3ec46_square.png"",""https://img.ltwebstatic.com/images3_spmp/2023/08/24/7a/169286904173ea6985cabcf12b9728b622f33fb3d8_square.png"",""https://img.ltwebstatic.com/images3_spmp/2023/08/24/c9/16928690496461299b016060239e0c883b7b39bae8_square.png"",""https://img.ltwebstatic.com/images3_spmp/2023/08/24/28/1692869054c568811195330ca4b5bdba514de45443_square.png"",""https://img.ltwebstatic.com/images3_spmp/2023/08/24/74/16928690576a2915ce959cf338b3e2dab2f2f0c6dd_square.png"",""https://img.ltwebstatic.com/images3_spmp/2024/08/18/79/17239510324b83837db9df7b1f46869e544bd88653.png""]",sb2408186570294229,null,"[{""name"":""Color"",""value"":""Clear""},{""name"":""Material"",""value"":""TPR""},{""name"":""Type"",""value"":""Face Makeup Stencils""},{""name"":""Batteries Included"",""value"":""No""}]",41121849,0,null,Beauty & Health,null,Tool Accessories,SHEIN,"[""30pcs""]"
10pcs Red Satin Chair Sashes Bows Silk Chair Ribbon Ties For Wedding Banquet Party Hotel Event Decorations,Free Returns ✓ Free Shipping✓. 10pcs Red Satin Chair Sashes Bows Silk Chair Ribbon Ties For Wedding Banquet Party Hotel Event Decorations- Sashes at SHEIN.,11.9,10.93,USD,true,Red,15x275cm,0,https://img.ltwebstatic.com/images3_spmp/2024/08/03/19/1722616196b99f486744a5f0649d410b23ad429b33.jpg,https://us.shein.com/Sashes-c-4084.html,https://us.shein.com/10pcs-Navy-Blue-Satin-Chair-Sashes-Hotel-Party-Banquet-Chair-Tie-Knots-Birthday-Event-Wedding-Decoration-Chair-Ribbon-Bows-p-40437049.html,"[{""name"":""Home Textile"",""url"":""https://us.shein.com/Home-Textile-c-4083.html""},{""name"":""Couch & Sofa Decor"",""url"":""https://us.shein.com/Couch-Sofa-Decor-c-3494.html""},{""name"":""Sashes"",""url"":""https://us.shein.com/Sashes-c-4084.html""}]",US,us.shein.com,11,"[""https://img.ltwebstatic.com/images3_spmp/2024/08/03/19/1722616196b99f486744a5f0649d410b23ad429b33.jpg"",""https://img.ltwebstatic.com/images3_spmp/2024/08/05/01/1722849130611d5542e36ca0ce3218600baa8787c1.jpg"",""https://img.ltwebstatic.com/images3_spmp/2024/08/03/19/172261619678104c83322d93c05c45ec844ddd7cfe.jpg"",""https://img.ltwebstatic.com/images3_spmp/2024/08/03/19/1722616196cfe921281eff2001a5acf1b82bd86d4b.jpg"",""https://img.ltwebstatic.com/images3_spmp/2024/08/05/65/172284733773c77d254b6f1fa08cc740619c7310a8.jpg"",""https://img.ltwebstatic.com/images3_spmp/2024/08/03/0e/1722616560e2efa8ddc5318b351c3a6fc0adaf6812.jpg"",""https://img.ltwebstatic.com/images3_spmp/2024/08/03/19/172261619629bab8f35df38d45a60d2f70070a2e09.jpg"",""https://img.ltwebstatic.com/images3_spmp/2024/08/03/0d/1722618146790cd2dd9822bd6613dadac0b52d9c02.jpg"",""https://img.ltwebstatic.com/images3_spmp/2024/08/03/71/1722618145cbed58f2dd33c2180a12df5e3da5cd07.jpg"",""https://img.ltwebstatic.com/images3_spmp/2024/08/03/71/17226181451193840093aba25b2e3064145a9289c0.jpg"",""https://img.ltwebstatic.com/images3_spmp/2024/08/03/0d/1722618146d5e0aaddf86865159c459f769cecc3dd.jpg""]",sf2404111888104404,null,"[{""name"":""Occasion"",""value"":""Christmas""},{""name"":""Occasion"",""value"":""Halloween""},{""name"":""Features"",""value"":""Other""},{""name"":""Occasion"",""value"":""Daily""},{""name"":""Occasion"",""value"":""Wedding Party""},{""name"":""Occasion"",""value"":""Thanksgiving Day""},{""name"":""Occasion"",""value"":""Valentine's Day""},{""name"":""Occasion"",""value"":""Father's Day""},{""name"":""Occasion"",""value"":""Easter""},{""name"":""Occasion"",""value"":""Mother's Day""},{""name"":""Occasion"",""value"":""Ramadan""},{""name"":""Occasion"",""value"":""New Year""},{""name"":""Occasion"",""value"":""Id al-Adha""},{""name"":""Occasion"",""value"":""St. Patrick's Day""},{""name"":""Color"",""value"":""Red""},{""name"":""Room"",""value"":""Living Room""},{""name"":""Room"",""value"":""Bedroom""},{""name"":""Room"",""value"":""Dining Room""},{""name"":""Product Technique"",""value"":""Solid Color""},{""name"":""Type"",""value"":""Chair Backers""},{""name"":""Room"",""value"":""Kitchen""},{""name"":""Room"",""value"":""Outdoor""},{""name"":""Material"",""value"":""Satin""},{""name"":""Composition"",""value"":""100% Polyester""},{""name"":""Care Instructions"",""value"":""Machine wash or professional dry clean""}]",40437049,0,null,Home Textile,null,Sashes,SHEIN,"[""15x275cm""]"
"PHNIBIRD Rectangular Hoop Earrings, Hypoallergenic Material, Minimalist Style, Unisex Design, Fashion Accessory For Daily Wear, Suitable As Birthday, Holiday, Graduation Gifts For Girlfriend, Boyfriend, Friend, Family","Free Returns ✓ Free Shipping✓. PHNIBIRD Rectangular Hoop Earrings, Hypoallergenic Material, Minimalist Style, Unisex Design, Fashion Accessory For Daily Wear, Suitable As Birthday, Holiday, Graduation Gifts For Girlfriend, Boyfriend, Friend, Family- Fine Hoop Earrings at SHEIN.",9.5,9.5,USD,true,N/A,A,0,https://img.ltwebstatic.com/images3_spmp/2024/07/16/ab/1721129129059aeeb208f146c5ee288b29d31516cb_square.jpg,https://us.shein.com/Fine-Hoop-Earrings-c-6347.html,"https://us.shein.com/PHNIBIRD-Rectangular-Hoop-Earrings,-Hypoallergenic-Material,-Minimalist-Style,-Unisex-Design,-Fashion-Accessory-For-Daily-Wear,-Suitable-As-Birthday,-Holiday,-Graduation-Gifts-For-Girlfriend,-Boyfriend,-Friend,-Family-p-40289649.html","[{""name"":""Jewelry & Watches"",""url"":""https://us.shein.com/Jewelry-Watches-c-3634.html""},{""name"":""Fine Jewelry"",""url"":""https://us.shein.com/Fine-Jewelry-c-3035.html""},{""name"":""Fine Earrings"",""url"":""https://us.shein.com/Fine-Earrings-c-6342.html""},{""name"":""Fine Hoop Earrings"",""url"":""https://us.shein.com/Fine-Hoop-Earrings-c-6347.html""}]",US,us.shein.com,12,"[""https://img.ltwebstatic.com/images3_spmp/2024/07/16/ab/1721129129059aeeb208f146c5ee288b29d31516cb_square.jpg"",""https://img.ltwebstatic.com/images3_spmp/2024/07/16/b0/1721129130fa68c308710cb57a2892f676a182e66d_square.jpg"",""https://img.ltwebstatic.com/images3_spmp/2024/07/16/b0/172112913068903acf01fdd888d04cd78686bf62ad_square.jpg"",""https://img.ltwebstatic.com/images3_spmp/2024/07/16/b0/1721129130079120b61f7ac792cc0fca2d958d1513_square.jpg"",""https://img.ltwebstatic.com/images3_spmp/2024/07/16/b0/172112913018c1b2968f84758165e579632839ad3a_square.jpg"",""https://img.ltwebstatic.com/images3_spmp/2024/07/16/56/17211291623a3161a4931ffa170bb4cf23ccbc5cf1.png"",""https://img.ltwebstatic.com/images3_spmp/2024/07/16/4f/1721129182aa1c5e599fa4fab717276ce723bc1d99.jpg"",""https://img.ltwebstatic.com/images3_spmp/2024/07/16/20/1721129183ccabe63d5d9340205296a4695f3eb105.jpg"",""https://img.ltwebstatic.com/images3_spmp/2024/07/16/46/17211291635f5649410a5bfb6a85cf8a9f38f39102.png"",""https://img.ltwebstatic.com/images3_spmp/2024/07/16/46/1721129163fb2ee959d64407fbbd12d87c7ef17b09.png"",""https://img.ltwebstatic.com/images3_spmp/2024/07/16/56/172112916284be2a929c2ac59f25a1e9bdb793c7d1.jpg"",""https://img.ltwebstatic.com/images3_spmp/2024/07/16/bb/172112916067dcbb5d184c67e598d73dbd175c41ba.png""]",sj2407165821555152,null,"[{""name"":""Style"",""value"":""Elegant""},{""name"":""Details"",""value"":""Metal""},{""name"":""Style Type"",""value"":""Rectangle""},{""name"":""Magnetic"",""value"":""No""},{""name"":""Production Methods"",""value"":""Lab Created""},{""name"":""Event"",""value"":""Gift""},{""name"":""Material"",""value"":""925 Sterling Silver""},{""name"":""Main Stone"",""value"":""No Other Stone""}]",40289649,0,null,Jewelry & Watches,null,Fine Hoop Earrings,SHEIN,"[""A""]"
Unbeatablesale Keeney SD8BRASSNC Shower Drain For 2 In. Sch 40. ABS &Amp; PVC Pipe,Free Returns ✓ Free Shipping✓. Unbeatablesale Keeney SD8BRASSNC Shower Drain For 2 In. Sch 40. ABS &Amp; PVC Pipe- Showerheads & Accessories at SHEIN.,36.24,36.24,USD,true,Multicolor,one-size,0,https://img.ltwebstatic.com/images3_spmp/2024/08/07/45/1722972897eb52669fe77986e3e21a42da6d2d8558.jpg,https://us.shein.com/Showerheads-Accessories-c-3533.html,https://us.shein.com/Keeney-SD8BRASSNC-Shower-Drain-For-2-In.-Sch-40.-ABS-&amp;Amp;-PVC-Pipe-p-40258411.html,"[{""name"":""Tools & Home Improvement"",""url"":""https://us.shein.com/Tools-Home-Improvement-c-4327.html""},{""name"":""Hardware"",""url"":""https://us.shein.com/Hardware-c-3524.html""},{""name"":""Showerheads & Accessories"",""url"":""https://us.shein.com/Showerheads-Accessories-c-3533.html""}]",US,us.shein.com,3,"[""https://img.ltwebstatic.com/images3_spmp/2024/08/07/45/1722972897eb52669fe77986e3e21a42da6d2d8558.jpg"",""https://img.ltwebstatic.com/images3_spmp/2024/08/07/45/1722972897eb52669fe77986e3e21a42da6d2d8558.jpg"",""https://img.ltwebstatic.com/images3_spmp/2024/08/07/45/1722972897eb52669fe77986e3e21a42da6d2d8558.jpg""]",sr2408077090770777,null,"[{""name"":""Color"",""value"":""Multicolor""},{""name"":""Material"",""value"":""PP""}]",40258411,0,null,Tools & Home Improvement,null,Showerheads & Accessories,Unbeatablesale,"[""one-size""]"
10pcs Reusable Transparent PET Index Labels - Office Supplies,Free Returns ✓ Free Shipping✓. 10pcs Reusable Transparent PET Index Labels - Office Supplies- Sticky Notes at SHEIN.,1.5,1.5,USD,true,Multicolor,10 Colors,0,https://img.ltwebstatic.com/images3_spmp/2024/07/29/21/17222290724960602589f698c56b9ca97e1c36da20_square.jpg,https://us.shein.com/Sticky-Notes-c-2272.html,https://us.shein.com/10pcs-Reusable-Transparent-PET-Index-Labels---Office-Supplies-p-40539428.html,"[{""name"":""Office & School Supplies"",""url"":""https://us.shein.com/Office-School-Supplies-c-2297.html""},{""name"":""Notebooks & Writing Pads"",""url"":""https://us.shein.com/Notebooks-Writing-Pads-c-3921.html""},{""name"":""Sticky Notes"",""url"":""https://us.shein.com/Sticky-Notes-c-2272.html""}]",US,us.shein.com,10,"[""https://img.ltwebstatic.com/images3_spmp/2024/07/29/21/17222290724960602589f698c56b9ca97e1c36da20_square.jpg"",""https://img.ltwebstatic.com/images3_spmp/2024/07/29/21/1722229072cf1a7dd3a800083bb6dcea74bd7f6402_square.jpg"",""https://img.ltwebstatic.com/images3_spmp/2024/07/29/21/17222290729fc6d58cc635d6fc38e39dfffed56fa8_square.jpg"",""https://img.ltwebstatic.com/images3_spmp/2024/07/29/0a/1722229073c7b92de1b25778995714cef0db3e3ae9_square.jpg"",""https://img.ltwebstatic.com/images3_spmp/2024/07/29/0a/172222907377d207e077b2cf44eb4bebfe5142812e_square.jpg"",""https://img.ltwebstatic.com/images3_spmp/2024/07/29/e1/17222290825f689740f9bacfcbb196c05931efce88.jpg"",""https://img.ltwebstatic.com/images3_spmp/2024/07/29/e1/1722229082abdb79da776b6add54f6ea58198cbbf1.jpg"",""https://img.ltwebstatic.com/images3_spmp/2024/07/29/e1/1722229082da1c3674859080dcade62db81017327a.jpg"",""https://img.ltwebstatic.com/images3_spmp/2024/07/29/e1/172222908258ce5dee82edd3c81c77a342a4d30676.jpg"",""https://img.ltwebstatic.com/images3_spmp/2024/07/29/e1/1722229082dd32242861eac2c0cecfe70fa868daec.jpg""]",ss2407298933025929,null,"[{""name"":""Color"",""value"":""Multicolor""},{""name"":""Material"",""value"":""PET""}]",40539428,0,null,Office & School Supplies,null,Sticky Notes,SHEIN,"[""10 Colors""]"
"20pairs/Pack Mixed Style Transparent Eyelashes, 8D Fluffy Mink Cat Eye Effect, Transparent Band For More Comfortable And Natural Wear, Extending And Enhancing Outer Eye Corner Beauty Tool, Lightweight And Comfortable, Suitable For Daily Occasions, Work, Holidays And More","Free Returns ✓ Free Shipping✓. 20pairs/Pack Mixed Style Transparent Eyelashes, 8D Fluffy Mink Cat Eye Effect, Transparent Band For More Comfortable And Natural Wear, Extending And Enhancing Outer Eye Corner Beauty Tool, Lightweight And Comfortable, Suitable For Daily Occasions, Work, Holidays And More- False Eyelashes at SHEIN.",5.5,4.8,USD,true,Black,Natural Lashes,0,https://img.ltwebstatic.com/images3_spmp/2024/08/18/09/17239643587f17ca62595663dc8069f17e9bc00313.jpg,https://us.shein.com/20pairs/False-Eyelashes-c-2251.html,"https://us.shein.com/20pairs/Pack-Mixed-Style-Transparent-Eyelashes,-8D-Fluffy-Mink-Cat-Eye-Effect,-Transparent-Band-For-More-Comfortable-And-Natural-Wear,-Extending-And-Enhancing-Outer-Eye-Corner-Beauty-Tool,-Lightweight-And-Comfortable,-Suitable-For-Daily-Occasions,-Work,-Holidays-And-More-p-41076372.html","[{""name"":""Beauty & Health"",""url"":""https://us.shein.com/20pairs/Beauty-Health-c-1864.html""},{""name"":""Beauty Tools"",""url"":""https://us.shein.com/20pairs/Beauty-Tools-c-2041.html""},{""name"":""Eyelashes"",""url"":""https://us.shein.com/20pairs/Eyelashes-c-3638.html""},{""name"":""False Eyelashes"",""url"":""https://us.shein.com/20pairs/False-Eyelashes-c-2251.html""}]",US,us.shein.com,8,"[""https://us.shein.com/20pairs/Pack-Mixed-Style-Transparent-Eyelashes,-8D-Fluffy-Mink-Cat-Eye-Effect,-Transparent-Band-For-More-Comfortable-And-Natural-Wear,-Extending-And-Enhancing-Outer-Eye-Corner-Beauty-Tool,-Lightweight-And-Comfortable,-Suitable-For-Daily-Occasions,-Work,-Holidays-And-More-p-41076372.html"",""https://img.ltwebstatic.com/images3_spmp/2024/08/18/09/17239643587f17ca62595663dc8069f17e9bc00313.jpg"",""https://img.ltwebstatic.com/images3_spmp/2024/08/18/70/17239643682b53cca419d85745de5d103bd88d7112.jpg"",""https://img.ltwebstatic.com/images3_spmp/2024/08/18/f1/1723964385c87636fd0ec4145bd2ab2c3c83a321ab.jpg"",""https://img.ltwebstatic.com/images3_spmp/2024/08/18/0b/1723964396ead26feecd0c3974ae236fc0214b0efb.jpg"",""https://img.ltwebstatic.com/images3_spmp/2024/08/18/e6/1723964429daf47c83f85e86bc7622836cacb0bd5e.jpg"",""https://img.ltwebstatic.com/images3_spmp/2024/08/18/b2/17239644082df1a3f2027294ad1d479ab34ce5e99c.jpg"",""https://img.ltwebstatic.com/images3_spmp/2024/08/18/7c/17239645443055e7a9d8170a4c136822ba74217ef5.jpg""]",sb2408188074277872,null,"[{""name"":""Type"",""value"":""Full Strip Lashes""},{""name"":""Special Selling Point"",""value"":""None""},{""name"":""Color"",""value"":""Black""},{""name"":""logarithm"",""value"":""10Pairs & Above""},{""name"":""Composition"",""value"":""100% Polyester""},{""name"":""Material"",""value"":""Polyester""}]",41076372,0,null,Beauty & Health,null,False Eyelashes,SHEIN,"[""Natural Lashes""]"
"1PC Rocket Shaped Pool Floats For Kids With Water Pistol,Summer Infant Pool Float Beach Toys In Water,Baby Swimming Ring Toddler Floaties With Handle","Free Returns ✓ Free Shipping✓. 1PC Rocket Shaped Pool Floats For Kids With Water Pistol,Summer Infant Pool Float Beach Toys In Water,Baby Swimming Ring Toddler Floaties With Handle- Children Water Sports at SHEIN.",16,14.1,USD,true,Red,Recommended 10-25KG,0,https://img.ltwebstatic.com/images3_spmp/2024/05/24/03/171653833223228c122e3cbd74e6dd4036230a80cd.jpg,https://us.shein.com/Children-Water-Sports-c-8033.html,"https://us.shein.com/1PC-Rocket-Shaped-Pool-Floats-For-Kids-With-Water-Pistol,Summer-Infant-Pool-Float-Beach-Toys-In-Water,Baby-Swimming-Ring-Toddler-Floaties-With-Handle-p-40958451.html","[{""name"":""Sports & Outdoor"",""url"":""https://us.shein.com/Sports-Outdoor-c-3195.html""},{""name"":""Water Sports"",""url"":""https://us.shein.com/Water-Sports-c-5797.html""},{""name"":""Children Water Sports"",""url"":""https://us.shein.com/Children-Water-Sports-c-8033.html""}]",US,us.shein.com,6,"[""https://img.ltwebstatic.com/images3_spmp/2024/05/24/03/171653833223228c122e3cbd74e6dd4036230a80cd.jpg"",""https://img.ltwebstatic.com/images3_spmp/2024/05/24/80/17165383352cb3252b13cb8543e1b732cab65e59ce.jpg"",""https://img.ltwebstatic.com/images3_spmp/2024/05/24/a5/17165383366416c92871ed3a2344f3a72afbbc15e4.jpg"",""https://img.ltwebstatic.com/images3_spmp/2024/05/24/69/171653833300858aa56e902c5d541d4d522cb3feeb.jpg"",""https://img.ltwebstatic.com/images3_spmp/2024/05/24/a5/1716538336bc44fdfdb04329753eb1e4902cab80b6.jpg"",""https://img.ltwebstatic.com/images3_spmp/2024/05/24/69/171653833367ee2dbd6527139881774efbdf50d95d.jpg""]",st2408155564623116,null,"[{""name"":""Color"",""value"":""Red""},{""name"":""Type"",""value"":""Other""},{""name"":""Material"",""value"":""PVC""}]",40958451,0,null,Sports & Outdoor,null,Children Water Sports,SHEIN,"[""Recommended 10-25KG""]"
"New Warm Flip-Cover Thick Fingerless Knitted Gloves, Faux Cashmere, For Winter, Factory","Free Returns ✓ Free Shipping✓. New Warm Flip-Cover Thick Fingerless Knitted Gloves, Faux Cashmere, For Winter, Factory- Men Other Gloves at SHEIN.",3.6,3.4,USD,true,Khaki,one-size,0,https://img.ltwebstatic.com/images3_spmp/2024/08/21/33/1724209672d60da29332b323df53a2d7b77bcdf969.jpg,https://us.shein.com/Men-Other-Gloves-c-12146.html,"https://us.shein.com/New-Warm-Flip-Cover-Thick-Fingerless-Knitted-Gloves,-Faux-Cashmere,-For-Winter,-Factory-p-41275316.html","[{""name"":""Men"",""url"":""https://us.shein.com/Men-c-2026.html""},{""name"":""Men Clothing Accessories"",""url"":""https://us.shein.com/Men-Clothing-Accessories-c-12097.html""},{""name"":""Men Gloves"",""url"":""https://us.shein.com/Men-Gloves-c-12853.html""},{""name"":""Men Other Gloves"",""url"":""https://us.shein.com/Men-Other-Gloves-c-12146.html""}]",US,us.shein.com,12,"[""https://img.ltwebstatic.com/images3_spmp/2024/08/21/24/1724209289a3905a31d5c48449d16b543315e69c09.jpg"",""https://img.ltwebstatic.com/images3_spmp/2024/08/21/24/172420928948243eb1bfc5705e52c740cfadc6a4e9.jpg"",""https://img.ltwebstatic.com/images3_spmp/2024/08/21/24/172420928906cef6271ccce01dee8d6b3868429700.jpg"",""https://img.ltwebstatic.com/images3_spmp/2024/08/21/24/17242092896348e24d8955b383f8f41e4c9adae6f7.jpg"",""https://img.ltwebstatic.com/images3_spmp/2024/08/21/33/1724209672d60da29332b323df53a2d7b77bcdf969.jpg"",""https://img.ltwebstatic.com/images3_spmp/2024/08/21/fb/1724209654c16b53e526b9090abd79f9e1ac128edd_thumbnail_405x552.jpg"",""https://img.ltwebstatic.com/images3_spmp/2024/08/21/87/17242096378a661fa116b6fc64567d14236db4f88b_thumbnail_405x552.jpg"",""https://img.ltwebstatic.com/images3_spmp/2024/08/21/c9/1724209689a0ca7d333262c3c3b31980297dc4bf7b_thumbnail_405x552.jpg"",""https://img.ltwebstatic.com/images3_spmp/2024/08/21/8c/17242103122010d170b229ea4e337561b460f6cf30.jpg"",""https://img.ltwebstatic.com/images3_spmp/2024/08/21/7c/1724209852b8877263882288b0a7f04b954ad83d97.jpg"",""https://img.ltwebstatic.com/images3_spmp/2024/08/21/e3/17242098669bb4eb3fba0d3d360bbf66d8188d333b.jpg"",""https://img.ltwebstatic.com/images3_spmp/2024/08/21/68/1724210219504784a824f305bc142a00ecefa490c3.jpg""]",sm2408219788199492,null,"[{""name"":""Element"",""value"":""Animal""},{""name"":""Color"",""value"":""Khaki""},{""name"":""Material"",""value"":""Polyester""},{""name"":""Composition"",""value"":""85% Polyester""},{""name"":""Composition"",""value"":""15% Elastane""}]",41275316,0,null,Men,null,Men Other Gloves,SHEIN,"[""one-size""]"
"1 Set Sewing Microneedle With 50 Bear Clips And 660 Adhesive Pin Quick Clothing Retentors, Mini Sewing Machine For Quick Attachment Of Clothing Buttons, Handheld Sewing Machine Instant Button Clothing Connector, Durable And Comfortable Clip Kit For Clothing, Quilts, Sheets, Etc","Free Returns ✓ Free Shipping✓. 1 Set Sewing Microneedle With 50 Bear Clips And 660 Adhesive Pin Quick Clothing Retentors, Mini Sewing Machine For Quick Attachment Of Clothing Buttons, Handheld Sewing Machine Instant Button Clothing Connector, Durable And Comfortable Clip Kit For Clothing, Quilts, Sheets, Etc- Tag Guns at SHEIN.",5,4.8,USD,true,Multicolor,one-size,0,https://img.ltwebstatic.com/images3_spmp/2024/08/02/c2/1722579558998477a4731fe63cff242927503f4382_square.jpg,https://us.shein.com/Tag-Guns-c-6109.html,"https://us.shein.com/1-Set-Sewing-Microneedle-With-50-Bear-Clips-And-660-Adhesive-Pin-Quick-Clothing-Retentors,-Mini-Sewing-Machine-For-Quick-Attachment-Of-Clothing-Buttons,-Handheld-Sewing-Machine-Instant-Button-Clothing-Connector,-Durable-And-Comfortable-Clip-Kit-For-Clothing,-Quilts,-Sheets,-Etc-p-40195350.html","[{""name"":""Home & Living"",""url"":""https://us.shein.com/Home-Living-c-2032.html""},{""name"":""Arts,Crafts & Sewing"",""url"":""https://us.shein.com/Arts,Crafts-Sewing-c-3497.html""},{""name"":""Apparel Sewing & Fabric"",""url"":""https://us.shein.com/Apparel-Sewing-Fabric-c-3498.html""},{""name"":""Tag Guns"",""url"":""https://us.shein.com/Tag-Guns-c-6109.html""}]",US,us.shein.com,7,"[""https://img.ltwebstatic.com/images3_spmp/2024/08/02/c2/1722579558998477a4731fe63cff242927503f4382_square.jpg"",""https://img.ltwebstatic.com/images3_spmp/2024/08/02/c2/172257955866295bd8ed36802ddd671050a4b69ae0_square.jpg"",""https://img.ltwebstatic.com/images3_spmp/2024/08/02/c2/17225795588271f452843557044d2a867f33fb02a4_square.jpg"",""https://img.ltwebstatic.com/images3_spmp/2024/08/02/c2/17225795582779222ead07b4040d7bdae696fc38ca_square.jpg"",""https://img.ltwebstatic.com/images3_spmp/2024/08/02/c2/17225795585ca5f0ce4ba6eadac9da7ef08a156fe4_square.jpg"",""https://img.ltwebstatic.com/images3_spmp/2024/08/02/c2/172257955888c2d8227d01ef53b3021c4e7472599b_square.jpg"",""https://img.ltwebstatic.com/images3_spmp/2024/08/02/c2/17225795586792ad854997894bfc5d53a1321cdf4e_square.jpg""]",sh2408026229664677,null,"[{""name"":""Color"",""value"":""Multicolor""},{""name"":""Material"",""value"":""Iron""}]",40195350,0,null,Home & Living,null,Tag Guns,SHEIN,"[""one-size""]"
"2024New 18inch Doll Clothes,Fit 38-45 Cm Newborn Dolls And Baby Dolls (Dolls Not Included)","Free Returns ✓ Free Shipping✓. 2024New 18inch Doll Clothes,Fit 38-45 Cm Newborn Dolls And Baby Dolls (Dolls Not Included)- Kids Doll Clothing at SHEIN.",5.4,4.84,USD,true,White,one-size,0,https://img.ltwebstatic.com/images3_spmp/2024/08/13/e0/1723551306a6a8708b7ef4e1efb5bdb9a5c3cb15b6_square.png,https://us.shein.com/Kids-Doll-Clothing-c-7304.html,"https://us.shein.com/2024New-18inch-Doll-Clothes,Fit-38-45-Cm-Newborn-Dolls-And-Baby-Dolls-(Dolls-Not-Included)-p-40798873.html","[{""name"":""Toys & Games"",""url"":""https://us.shein.com/Toys-Games-c-4328.html""},{""name"":""Kids Dolls & Stuffed Toys"",""url"":""https://us.shein.com/Kids-Dolls-Stuffed-Toys-c-7288.html""},{""name"":""Kids Doll Toys"",""url"":""https://us.shein.com/Kids-Doll-Toys-c-7290.html""},{""name"":""Kids Doll Clothing"",""url"":""https://us.shein.com/Kids-Doll-Clothing-c-7304.html""}]",US,us.shein.com,11,"[""https://img.ltwebstatic.com/images3_spmp/2024/08/13/e0/1723551306a6a8708b7ef4e1efb5bdb9a5c3cb15b6_square.png"",""https://img.ltwebstatic.com/images3_spmp/2024/08/13/ad/172355090534e5d29e7ddb987a9ca2a928b9262148_square.png"",""https://img.ltwebstatic.com/images3_spmp/2024/08/13/1a/1723549929d1071875ac5263b325edc64e357f9d3a_square.jpg"",""https://img.ltwebstatic.com/images3_spmp/2024/08/13/85/1723549928c1530658528b353c290f7a551bcfde69_square.jpg"",""https://img.ltwebstatic.com/images3_spmp/2024/08/13/85/17235499286c1274be8882853fcc330ea872ee76fd_square.jpg"",""https://img.ltwebstatic.com/images3_spmp/2024/08/13/85/1723549928962e47564d74f46d059fe1dd114f6003_square.jpg"",""https://img.ltwebstatic.com/images3_spmp/2024/08/13/d7/172354996124366fef09b2d59c13767a6ed23cdc3c.jpg"",""https://img.ltwebstatic.com/images3_spmp/2024/08/13/d7/1723549961cbb655432bb5371110a31a6927a7179a.jpg"",""https://img.ltwebstatic.com/images3_spmp/2024/08/13/f1/1723549960787944f4859bfefc2193c1f697d25b38.jpg"",""https://img.ltwebstatic.com/images3_spmp/2024/08/13/f1/17235499609dbcff2159de4637495275660b718977.jpg"",""https://img.ltwebstatic.com/images3_spmp/2024/08/13/d7/17235499617f3d32e39eacc14a28d66a1cb907f44e.jpg""]",sl2408137833688313,null,"[{""name"":""Color"",""value"":""White""},{""name"":""Suitable Age"",""value"":""3-6years""},{""name"":""Suitable Age"",""value"":""6-12years""},{""name"":""Suitable Age"",""value"":""over 12years""},{""name"":""Material"",""value"":""Polyester""}]",40798873,0,null,Toys & Games,null,Kids Doll Clothing,SHEIN,"[""one-size""]"
"Insulated Door Curtain,31.5x83in Winter Doorway Cover Screen, Soundproof Blanket, Privacy Curtains, Noise Reduction Door Cover, Noise Barrier Blanket For Patio Kitchen Bedroom (31.5x83in-Gray)","Free Returns ✓ Free Shipping✓. Insulated Door Curtain,31.5x83in Winter Doorway Cover Screen, Soundproof Blanket, Privacy Curtains, Noise Reduction Door Cover, Noise Barrier Blanket For Patio Kitchen Bedroom (31.5x83in-Gray)- Japanese Curtains at SHEIN.",135,67.5,USD,true,Grey,"31.5""x83""",0,https://img.ltwebstatic.com/images3_spmp/2024/08/01/b1/172250418841b331b5eec2a88327bd754e43d96d8f_square.jpg,https://us.shein.com/Japanese-Curtains-c-11731.html,"https://us.shein.com/Insulated-Door-Curtain,31.5x83in-Winter-Doorway-Cover-Screen,-Soundproof-Blanket,-Privacy-Curtains,-Noise-Reduction-Door-Cover,-Noise-Barrier-Blanket-For-Patio-Kitchen-Bedroom-(31.5x83in-Gray)-p-39986988.html","[{""name"":""Home & Living"",""url"":""https://us.shein.com/Home-Living-c-2032.html""},{""name"":""Home Decor"",""url"":""https://us.shein.com/Home-Decor-c-1954.html""},{""name"":""Door Curtain"",""url"":""https://us.shein.com/Door-Curtain-c-11668.html""},{""name"":""Japanese Curtains"",""url"":""https://us.shein.com/Japanese-Curtains-c-11731.html""}]",US,us.shein.com,9,"[""https://img.ltwebstatic.com/images3_spmp/2024/08/01/b1/172250418841b331b5eec2a88327bd754e43d96d8f_square.jpg"",""https://img.ltwebstatic.com/images3_spmp/2024/08/01/6c/1722504192d661de3cf7175f24c28b371e1ac5da2f_square.jpg"",""https://img.ltwebstatic.com/images3_spmp/2024/08/01/18/1722504195ac77c22e61202a0333efc43afd24ff2f_square.jpg"",""https://img.ltwebstatic.com/images3_spmp/2024/08/01/8c/17225041995d195c759a952c1faa44728696cb4a9e_square.jpg"",""https://img.ltwebstatic.com/images3_spmp/2024/08/01/31/1722504202a72dacdde607e415ecf859ca3e799393_square.jpg"",""https://img.ltwebstatic.com/images3_spmp/2024/08/01/fc/1722504205e84e3f216342a6a9aaeb18619348b6db_square.jpg"",""https://img.ltwebstatic.com/images3_spmp/2024/08/01/0f/172250420976e3f99ee1ba037f7fd28bff0d8343c4_square.jpg"",""https://img.ltwebstatic.com/images3_spmp/2024/08/01/70/1722504213c2c5cf12c0c74dde1cc616e880077e20_square.jpg"",""https://img.ltwebstatic.com/images3_spmp/2024/08/01/92/17225042172798064c25465bcde1681b36668c07a3_square.jpg""]",sh2408019792660552,null,"[{""name"":""Color"",""value"":""Grey""}]",39986988,0,null,Home & Living,null,Japanese Curtains,SHEIN,"[""31.5\""x83\""""]"
"Plaid Pattern Shoulder Tote Bag With Bag Charm Handbags for Women, Shoulder Bags Purse Top Handle Hobo Handbag, Large Capacity Purse Satchel Fashionable Tote Bag School Gift, Retro Crossbody Purse Travel Back packs","Free Returns ✓ Free Shipping✓. Plaid Pattern Shoulder Tote Bag With Bag Charm Handbags for Women, Shoulder Bags Purse Top Handle Hobo Handbag, Large Capacity Purse Satchel Fashionable Tote Bag School Gift, Retro Crossbody Purse Travel Back packs- Women Tote Bags at SHEIN.",10.7,8.03,USD,true,Multicolor,one-size,0,https://img.ltwebstatic.com/images3_pi/2022/04/28/16511101555e02b8f72c415ee79c55cbbb0b4ec464.jpg,https://us.shein.com/Women-Tote-Bags-c-2844.html,"https://us.shein.com/Women%27s-Classic-Color-Contrast-Spliced-Tote-Bag,-Large-Capacity-Durable-Lightweight-Storage-Shoulder-Bags,-Casual-Versatile-Commuting-Work-Sling-Bag,-Shopping-Groceries-Handbag-For-Daily-Use,-Fashion-Valentine%27s-Day-Mother%27s-Day-Gifts-p-12439409.html","[{""name"":""Bags & Luggage"",""url"":""https://us.shein.com/Bags-Luggage-c-3637.html""},{""name"":""Women Bags"",""url"":""https://us.shein.com/Women-Bags-c-2043.html""},{""name"":""Women Tote Bags"",""url"":""https://us.shein.com/Women-Tote-Bags-c-2844.html""}]",US,us.shein.com,9,"[""https://us.shein.com/Women%27s-Classic-Color-Contrast-Spliced-Tote-Bag,-Large-Capacity-Durable-Lightweight-Storage-Shoulder-Bags,-Casual-Versatile-Commuting-Work-Sling-Bag,-Shopping-Groceries-Handbag-For-Daily-Use,-Fashion-Valentine%27s-Day-Mother%27s-Day-Gifts-p-12439409.html"",""https://img.ltwebstatic.com/images3_pi/2022/04/28/16511101555e02b8f72c415ee79c55cbbb0b4ec464.jpg"",""https://img.ltwebstatic.com/images3_pi/2022/04/28/1651110156363e0b624d54f84602d6328b46a5108c.jpg"",""https://img.ltwebstatic.com/images3_pi/2022/04/28/1651110158e533a96687b9921ab01ab985750fa4d3.jpg"",""https://img.ltwebstatic.com/images3_pi/2022/04/28/1651110163bbad20f22bd71ebe20c4471a28444f45.jpg"",""https://img.ltwebstatic.com/images3_pi/2022/04/28/1651110160dbb10f5735a1d1d2e655920f3cdde40d.jpg"",""https://img.ltwebstatic.com/images3_pi/2022/04/28/16511101621eb09d17babccf07e91956a16f8181f2.jpg"",""https://img.ltwebstatic.com/images3_pi/2022/04/28/16511101640f884f818265fae49add83af65e5731f.jpg"",""https://img.ltwebstatic.com/images3_pi/2022/04/28/1651110159d8dbfe738430befddf4c2297bcf748b5.jpg""]",sg2211063138302822,null,"[{""name"":""Details"",""value"":""Pom Pom""},{""name"":""Style"",""value"":""Fashionable""},{""name"":""Features"",""value"":""High-capacity""},{""name"":""Color"",""value"":""Multicolor""},{""name"":""Strap Type"",""value"":""Double Handle""},{""name"":""Bag Size"",""value"":""Medium""},{""name"":""Type"",""value"":""Shoulder Tote Bag""},{""name"":""Pattern Type"",""value"":""Colorblock""},{""name"":""Pattern Type"",""value"":""Geometric""},{""name"":""Pattern Type"",""value"":""Plaid""},{""name"":""Pattern Type"",""value"":""Plain""},{""name"":""Closure Type"",""value"":""Zipper""},{""name"":""Material"",""value"":""PU Leather""},{""name"":""Composition"",""value"":""100% Polyurethane""}]",12439409,0,null,Bags & Luggage,null,Women Tote Bags,SHEIN,"[""one-size""]"
"31.4in Gold Garment Rack Metal Wardrobe Rack With Wheels Closet Hanger Rack For Coats, Shirts, Dress Halloween Decorations Halloween Costumes Autumn Decor Festival Decor","Free Returns ✓ Free Shipping✓. 31.4in Gold Garment Rack Metal Wardrobe Rack With Wheels Closet Hanger Rack For Coats, Shirts, Dress Halloween Decorations Halloween Costumes Autumn Decor Festival Decor- Standard Hanger at SHEIN.",59.99,45.6,USD,true,Gold,68.5*31.4,0,https://img.ltwebstatic.com/images3_spmp/2024/07/08/14/17204266218df5c377056752980c6c44f5eb4f30f1_square.jpg,https://us.shein.com/Standard-Hanger-c-7936.html,"https://us.shein.com/31.4in-Gold-Garment-Rack-Metal-Wardrobe-Rack-With-Wheels-Closet-Hanger-Rack-For-Coats,-Shirts,-Dress-Halloween-Decorations-Halloween-Costumes-Autumn-Decor-Festival-Decor-p-38197932.html","[{""name"":""Home & Living"",""url"":""https://us.shein.com/Home-Living-c-2032.html""},{""name"":""Storage & Organization"",""url"":""https://us.shein.com/Storage-Organization-c-2298.html""},{""name"":""Hangers & Racks"",""url"":""https://us.shein.com/Hangers-Racks-c-8237.html""},{""name"":""Standard Hanger"",""url"":""https://us.shein.com/Standard-Hanger-c-7936.html""}]",US,us.shein.com,6,"[""https://img.ltwebstatic.com/images3_spmp/2024/07/08/14/17204266218df5c377056752980c6c44f5eb4f30f1_square.jpg"",""https://img.ltwebstatic.com/images3_spmp/2024/07/08/56/1720426541215f1ac65dc14f1d50b5fc33643d2cbb_square.jpg"",""https://img.ltwebstatic.com/images3_spmp/2024/07/08/56/1720426541643d0d2d4da52853acca50769b3836cc_square.jpg"",""https://img.ltwebstatic.com/images3_spmp/2024/07/05/43/17201628670f97eae759e251f67108d022aa59b30d_square.jpg"",""https://img.ltwebstatic.com/images3_spmp/2024/07/05/40/1720162881d7322d5702aaa3440f38f11240114042.jpg"",""https://img.ltwebstatic.com/images3_spmp/2024/07/05/51/172016290815a801d3b9743c36d16f458c0a0142ef.jpg""]",sh2407057414329350,null,"[{""name"":""Color"",""value"":""Gold""}]",38197932,0,null,Home & Living,null,Standard Hanger,SHEIN,"[""68.5*31.4""]"
"30Pcs/Box Boxed Stickers, Hibiscus Flower Blooming Series, Exquisite Artistic Flower Petal Theme Stickers, Scrapbook Supplies, Decorative Notebooks, Photo Frames, Phone Cases, Water Cups, Garbage Magazines, Stationery Boxes, DIY Personalized Collage","Free Returns ✓ Free Shipping✓. 30Pcs/Box Boxed Stickers, Hibiscus Flower Blooming Series, Exquisite Artistic Flower Petal Theme Stickers, Scrapbook Supplies, Decorative Notebooks, Photo Frames, Phone Cases, Water Cups, Garbage Magazines, Stationery Boxes, DIY Personalized Collage- Assorted Stickers at SHEIN.",1.6,1.6,USD,true,Multicolor,Hibiscus Blooming,0,https://img.ltwebstatic.com/images3_spmp/2024/08/11/81/1723370079cc73cac4be65aae86ff14f4678362674.jpg,https://us.shein.com/30Pcs/Assorted-Stickers-c-3908.html,"https://us.shein.com/30Pcs/Box-Boxed-Stickers,-Hibiscus-Flower-Blooming-Series,-Exquisite-Artistic-Flower-Petal-Theme-Stickers,-Scrapbook-Supplies,-Decorative-Notebooks,-Photo-Frames,-Phone-Cases,-Water-Cups,-Garbage-Magazines,-Stationery-Boxes,-DIY-Personalized-Collage-p-40601139.html","[{""name"":""Office & School Supplies"",""url"":""https://us.shein.com/30Pcs/Office-School-Supplies-c-2297.html""},{""name"":""Stationery Stickers"",""url"":""https://us.shein.com/30Pcs/Stationery-Stickers-c-4123.html""},{""name"":""Assorted Stickers"",""url"":""https://us.shein.com/30Pcs/Assorted-Stickers-c-3908.html""}]",US,us.shein.com,11,"[""https://img.ltwebstatic.com/images3_spmp/2024/08/11/99/1723370021a0b894c05b8aa130a97aea6964264dda.jpg"",""https://img.ltwebstatic.com/images3_spmp/2024/08/11/3a/1723370018d7934d070ce27458834c44cb93d6d12b.jpg"",""https://img.ltwebstatic.com/images3_spmp/2024/08/11/99/172337002149aab296bf1c21f5cfe0b87537256c0f.jpg"",""https://img.ltwebstatic.com/images3_spmp/2024/08/11/99/1723370021f382cf628df63585f1f679c0473ec939.jpg"",""https://img.ltwebstatic.com/images3_spmp/2024/08/11/99/17233700211bb389c7e67627c8ccc9763898b50146.jpg"",""https://img.ltwebstatic.com/images3_spmp/2024/08/11/10/17233700200e851e61635213450e92748fca060e98.jpg"",""https://img.ltwebstatic.com/images3_spmp/2024/08/11/10/17233700203c6e77728b8463cf49f9e2b7f7532c05.jpg"",""https://img.ltwebstatic.com/images3_spmp/2024/08/11/99/1723370021c19ff35da43c4a99f4e19a5742ead897.jpg"",""https://img.ltwebstatic.com/images3_spmp/2024/08/11/99/172337002110935bd090514d034008a008c3827334.jpg"",""https://img.ltwebstatic.com/images3_spmp/2024/08/11/81/1723370079cc73cac4be65aae86ff14f4678362674.jpg"",""https://img.ltwebstatic.com/images3_spmp/2024/08/11/48/17233701597a0e8b9d64a88532b50916929070ec50.jpg""]",ss2408110670767862,null,"[{""name"":""Color"",""value"":""Multicolor""},{""name"":""Material"",""value"":""Paper""}]",40601139,0,null,Office & School Supplies,null,Assorted Stickers,SHEIN,"[""Hibiscus Blooming""]"
"1pc Unique & Charming Daisy Flower Shaped Open Ring, Fashion Jewelry Gift For Women - Party, Birthday, Anniversary","Free Returns ✓ Free Shipping✓. 1pc Unique & Charming Daisy Flower Shaped Open Ring, Fashion Jewelry Gift For Women - Party, Birthday, Anniversary- Fine Single Ring at SHEIN.",8.1,8.1,USD,true,Silver,one-size,0,https://img.ltwebstatic.com/images3_spmp/2024/08/05/3f/17228416921cec811336104775d8a0098618e0af15.jpg,https://us.shein.com/Fine-Single-Ring-c-3039.html,"https://us.shein.com/1pc-Unique-&amp;-Charming-Daisy-Flower-Shaped-Open-Ring,-Fashion-Jewelry-Gift-For-Women---Party,-Birthday,-Anniversary-p-40283596.html","[{""name"":""Jewelry & Watches"",""url"":""https://us.shein.com/Jewelry-Watches-c-3634.html""},{""name"":""Fine Jewelry"",""url"":""https://us.shein.com/Fine-Jewelry-c-3035.html""},{""name"":""Fine Rings"",""url"":""https://us.shein.com/Fine-Rings-c-6336.html""},{""name"":""Fine Single Ring"",""url"":""https://us.shein.com/Fine-Single-Ring-c-3039.html""}]",US,us.shein.com,8,"[""https://img.ltwebstatic.com/images3_spmp/2024/08/05/c9/1722841232f051f0487828f463281c8a2a32f2af89.jpg"",""https://img.ltwebstatic.com/images3_spmp/2024/08/05/a9/1722841148fc9c04b9ca6b12fb9b5c812c64c0901b.jpg"",""https://img.ltwebstatic.com/images3_spmp/2024/08/05/a9/1722841148a576eca62c087b1b299475741b5c1477.jpg"",""https://img.ltwebstatic.com/images3_spmp/2024/08/05/a9/17228411485dd2c8b0b03e15515e99c3f32db8b773.jpg"",""https://img.ltwebstatic.com/images3_spmp/2024/08/05/a9/1722841148622e6a846243dec7984e0a612a199815.jpg"",""https://img.ltwebstatic.com/images3_spmp/2024/08/05/9a/1722841261e52eedf5630f58d73677cee3fe2525d3.jpg"",""https://img.ltwebstatic.com/images3_spmp/2024/08/05/3f/17228416921cec811336104775d8a0098618e0af15.jpg"",""https://img.ltwebstatic.com/images3_spmp/2024/08/05/4d/17228417512d9dc439880c40debd8ca8680846ce29.jpg""]",sj2408054636652450,null,"[{""name"":""Style"",""value"":""Elegant""},{""name"":""Details"",""value"":""Flowers""},{""name"":""Details"",""value"":""Letter""},{""name"":""Color"",""value"":""Silver""},{""name"":""Main Stone"",""value"":""Others""},{""name"":""Production Methods"",""value"":""Lab Created""},{""name"":""Event"",""value"":""Retro Party""},{""name"":""Material"",""value"":""925 Sterling Silver""}]",40283596,0,null,Jewelry & Watches,null,Fine Single Ring,SHEIN,"[""one-size""]"
"14pcs Set: Creative Triangle Wood Pencils, HB Macaron Colors Pencils, Ergonomic Pencils (Unsharpened)","Free Returns ✓ Free Shipping✓. 14pcs Set: Creative Triangle Wood Pencils, HB Macaron Colors Pencils, Ergonomic Pencils (Unsharpened)- Standard Pencils at SHEIN.",3,1.8,USD,true,Multicolor,Macaron Triangle Pencil,0,https://img.ltwebstatic.com/images3_spmp/2024/07/12/36/1720793248e034d6566df17ce7a4b5f8e6e70cd12c.jpg,https://us.shein.com/Standard-Pencils-c-3680.html,"https://us.shein.com/14pcs-Set:-Creative-Triangle-Wood-Pencils,-HB-Macaron-Colors-Pencils,-Ergonomic-Pencils-(Unsharpened)-p-40252833.html","[{""name"":""Office & School Supplies"",""url"":""https://us.shein.com/Office-School-Supplies-c-2297.html""},{""name"":""Writing & Correction Supplies"",""url"":""https://us.shein.com/Writing-Correction-Supplies-c-3654.html""},{""name"":""Pencils"",""url"":""https://us.shein.com/Pencils-c-4108.html""},{""name"":""Standard Pencils"",""url"":""https://us.shein.com/Standard-Pencils-c-3680.html""}]",US,us.shein.com,10,"[""https://img.ltwebstatic.com/images3_spmp/2024/07/12/8b/172079290856508d425db596351b877a9e195fdcab.jpg"",""https://img.ltwebstatic.com/images3_spmp/2024/07/12/8b/17207929084f7d284991fd14ab72eca5fbf1ca78ba.jpg"",""https://img.ltwebstatic.com/images3_spmp/2024/07/12/8b/17207929080ba9561a3695f01dea1e10c7cc3e892b.jpg"",""https://img.ltwebstatic.com/images3_spmp/2024/07/12/df/172079347773124401cd808645096f6723812cfc50.jpg"",""https://img.ltwebstatic.com/images3_spmp/2024/07/12/36/1720793248e034d6566df17ce7a4b5f8e6e70cd12c.jpg"",""https://img.ltwebstatic.com/images3_spmp/2024/07/12/2f/17207932606b97c326a0895c9bdb109ea1bba78e77.jpg"",""https://img.ltwebstatic.com/images3_spmp/2024/07/12/4a/17207932578f1f1ab8b37fab8a623dd66162e6deb0.jpg"",""https://img.ltwebstatic.com/images3_spmp/2024/07/12/4a/1720793257e64d423a9024e65fb6605c097903cc80.jpg"",""https://img.ltwebstatic.com/images3_spmp/2024/07/12/4a/17207932578b94c406bb8df46c15b8873bf8637a74.jpg"",""https://img.ltwebstatic.com/images3_spmp/2024/07/12/91/172079346775202b810813a7e7efcfdad9eec63152.jpg""]",ss2407129040126815,null,"[{""name"":""Color"",""value"":""Multicolor""},{""name"":""Material"",""value"":""Wood""}]",40252833,0,null,Office & School Supplies,null,Standard Pencils,SHEIN,"[""Macaron Triangle Pencil""]"
"Unbeatablesale Kdar N8HD100 7.9 In. Heavy Duty Standard Cable Ties, Natural - Pack Of 100","Free Returns ✓ Free Shipping✓. Unbeatablesale Kdar N8HD100 7.9 In. Heavy Duty Standard Cable Ties, Natural - Pack Of 100- Labeling Supplies at SHEIN.",19.13,19.13,USD,true,Multicolor,one-size,0,https://img.ltwebstatic.com/images3_spmp/2024/08/12/7d/1723422056901b7847e7e8d5f6e81d72a3a6142cf6.jpg,https://us.shein.com/Labeling-Supplies-c-6628.html,"https://us.shein.com/Kdar-N8HD100-7.9-In.-Heavy-Duty-Standard-Cable-Ties,-Natural---Pack-Of-100-p-40576265.html","[{""name"":""Home & Living"",""url"":""https://us.shein.com/Home-Living-c-2032.html""},{""name"":""Kitchen & Dining"",""url"":""https://us.shein.com/Kitchen-Dining-c-1948.html""},{""name"":""Barware & Wine Making"",""url"":""https://us.shein.com/Barware-Wine-Making-c-3979.html""},{""name"":""Labeling Supplies"",""url"":""https://us.shein.com/Labeling-Supplies-c-6628.html""}]",US,us.shein.com,3,"[""https://img.ltwebstatic.com/images3_spmp/2024/08/12/7d/1723422056901b7847e7e8d5f6e81d72a3a6142cf6.jpg"",""https://img.ltwebstatic.com/images3_spmp/2024/08/12/7d/1723422056901b7847e7e8d5f6e81d72a3a6142cf6.jpg"",""https://img.ltwebstatic.com/images3_spmp/2024/08/12/7d/1723422056901b7847e7e8d5f6e81d72a3a6142cf6.jpg""]",sh2408123677027761,null,"[{""name"":""Color"",""value"":""Multicolor""},{""name"":""Material"",""value"":""PP""}]",40576265,0,null,Home & Living,null,Labeling Supplies,Unbeatablesale,"[""one-size""]"
"1pc Unisex Children & Adults Rhinestone Studded Belt, Punk Fashion Rivet Leather Belt For Jeans, Jackets, Millennium Punk, Hip Hop, Cosplay, Halloween","Free Returns ✓ Free Shipping✓. 1pc Unisex Children & Adults Rhinestone Studded Belt, Punk Fashion Rivet Leather Belt For Jeans, Jackets, Millennium Punk, Hip Hop, Cosplay, Halloween- Kids Belts & Suspenders at SHEIN.",3.6,3.1,USD,true,Black,90,0,https://img.ltwebstatic.com/images3_spmp/2024/08/09/ab/1723197833fd825c74c4826e0cad4a429a6f60e73e.jpg,https://us.shein.com/Kids-Belts-Suspenders-c-2076.html,"https://us.shein.com/1pc-Unisex-Children-&amp;-Adults-Rhinestone-Studded-Belt,-Punk-Fashion-Rivet-Leather-Belt-For-Jeans,-Jackets,-Millennium-Punk,-Hip-Hop,-Cosplay,-Halloween-p-40741149.html","[{""name"":""Kids"",""url"":""https://us.shein.com/Kids-c-2031.html""},{""name"":""Kids Accessories"",""url"":""https://us.shein.com/Kids-Accessories-c-2022.html""},{""name"":""Kids Belts & Suspenders"",""url"":""https://us.shein.com/Kids-Belts-Suspenders-c-2076.html""}]",US,us.shein.com,12,"[""https://img.ltwebstatic.com/images3_spmp/2024/08/09/ab/1723197833fd825c74c4826e0cad4a429a6f60e73e.jpg"",""https://img.ltwebstatic.com/images3_spmp/2024/08/09/f6/1723197832515f9354aba0b097a0bbaee5c6542821.jpg"",""https://img.ltwebstatic.com/images3_spmp/2024/08/09/f6/172319783233132645573bbb669fe58d72755dab97.jpg"",""https://img.ltwebstatic.com/images3_spmp/2024/08/09/f6/1723197832ba62c6d82210674e1401aaad6ca4fcc1.jpg"",""https://img.ltwebstatic.com/images3_spmp/2024/08/09/ab/1723197833d3fdd8a54c67d064486859bf4372c7af.jpg"",""https://img.ltwebstatic.com/images3_spmp/2024/08/09/f6/1723197832d587d1e4877bbfb0b8b7c44032f28624.jpg"",""https://img.ltwebstatic.com/images3_spmp/2024/08/09/f7/172319785154be3bf43264ee9e84146dec14eed751.jpg"",""https://img.ltwebstatic.com/images3_spmp/2024/08/09/f7/1723197851d2e73d0ceedafc35f612dffe02f01d01.jpg"",""https://img.ltwebstatic.com/images3_spmp/2024/08/09/f7/1723197851d46f469936a844a9ff03bedd42be4b6a.jpg"",""https://img.ltwebstatic.com/images3_spmp/2024/08/09/f7/172319785190babfdceb0be751dfb08c0a8cb0df89.jpg"",""https://img.ltwebstatic.com/images3_spmp/2024/08/09/f7/17231978513138d9b7c72484617e1c41cb5bcb44c0.jpg"",""https://img.ltwebstatic.com/images3_spmp/2024/08/09/f7/17231978514be3a0dc2f2c14a3eb38322e14a9240f.jpg""]",sk2405149892739534,null,"[{""name"":""Style"",""value"":""Casual""},{""name"":""Buckle Type"",""value"":""Square""},{""name"":""Color"",""value"":""Black""},{""name"":""Stretch"",""value"":""Non-Stretch""},{""name"":""Gender"",""value"":""Boys""},{""name"":""Gender"",""value"":""Girls""},{""name"":""Pattern Type"",""value"":""Colorblock""},{""name"":""Pattern Type"",""value"":""Plain""},{""name"":""Pattern Type"",""value"":""Striped""},{""name"":""Belts Width"",""value"":""Medium Belt""},{""name"":""Composition"",""value"":""100% Polyurethane""},{""name"":""Material"",""value"":""PU Leather""},{""name"":""Applicable Age"",""value"":""14-16Y""}]",40741149,0,null,Kids,null,Kids Belts & Suspenders,SHEIN,"[""90""]"
Unbeatablesale T Black Halter - 800-1100 Lbs - Medium,"Free Returns ✓ Free Shipping✓. Unbeatablesale T Black Halter - 800-1100 Lbs - Medium- Pet Collars, Leashes & Harnesses Sets at SHEIN.",48.12,48.12,USD,true,Multicolor,one-size,0,https://img.ltwebstatic.com/images3_spmp/2024/08/02/51/1722598781a2ca0acade614e2f3286a29bc2342fc6.jpg,"https://us.shein.com/Pet-Collars,-Leashes-Harnesses-Sets-c-2982.html",https://us.shein.com/T-Black-Halter---800-1100-Lbs---Medium-p-40081975.html,"[{""name"":""Pet Supplies"",""url"":""https://us.shein.com/Pet-Supplies-c-2400.html""},{""name"":""Pet Collars, Leashes & Harnesses"",""url"":""https://us.shein.com/Pet-Collars,-Leashes-Harnesses-c-2949.html""},{""name"":""Pet Collars, Leashes & Harnesses Sets"",""url"":""https://us.shein.com/Pet-Collars,-Leashes-Harnesses-Sets-c-2982.html""}]",US,us.shein.com,3,"[""https://img.ltwebstatic.com/images3_spmp/2024/08/02/51/1722598781a2ca0acade614e2f3286a29bc2342fc6.jpg"",""https://img.ltwebstatic.com/images3_spmp/2024/08/02/37/1722598783b478288b7897036b234f58dcd51696c9.jpg"",""https://img.ltwebstatic.com/images3_spmp/2024/08/02/51/1722598781a2ca0acade614e2f3286a29bc2342fc6.jpg""]",sp2408035414066590,null,"[{""name"":""Color"",""value"":""Multicolor""},{""name"":""Pattern Type"",""value"":""Colorblock""},{""name"":""Material"",""value"":""PP""}]",40081975,0,null,Pet Supplies,null,"Pet Collars, Leashes & Harnesses Sets",Unbeatablesale,"[""one-size""]"
"1set Butterfly Girl Digit Oil Painting Kit, Art Painting Set For Bedroom Decor And Wall Art, Simple And Fun Painting Hobby, Best Gift For Friend, 40*50CM","Free Returns ✓ Free Shipping✓. 1set Butterfly Girl Digit Oil Painting Kit, Art Painting Set For Bedroom Decor And Wall Art, Simple And Fun Painting Hobby, Best Gift For Friend, 40*50CM- Paint By Number & Accessories at SHEIN.",6.4,6.2,USD,true,Apricot,40*50,0,https://img.ltwebstatic.com/images3_spmp/2024/07/26/53/17219742075631670468ad01cfe50f48f549cb0d9b.jpg,https://us.shein.com/Paint-By-Number-Accessories-c-4896.html,"https://us.shein.com/1-Set-Flowers-&amp;-Butterflies-Themed-DIY-Digital-Oil-Painting-Kit---40*50CM,--Artistic-Oil-Painting-Set-For-Bedroom-Decor-&amp;-Wall-Art,-Simple-&amp;-Fun-Painting-Hobby,-Best-Gift-For-Friends-p-39745267.html","[{""name"":""Home & Living"",""url"":""https://us.shein.com/Home-Living-c-2032.html""},{""name"":""Arts,Crafts & Sewing"",""url"":""https://us.shein.com/Arts,Crafts-Sewing-c-3497.html""},{""name"":""Paint By Number Accessories"",""url"":""https://us.shein.com/Paint-By-Number-Accessories-c-6905.html""},{""name"":""Paint By Number & Accessories"",""url"":""https://us.shein.com/Paint-By-Number-Accessories-c-4896.html""}]",US,us.shein.com,5,"[""https://img.ltwebstatic.com/images3_spmp/2024/07/26/53/17219742075631670468ad01cfe50f48f549cb0d9b.jpg"",""https://img.ltwebstatic.com/images3_spmp/2024/07/26/53/172197420746b1e955d44b696497e35c24cef12402.jpg"",""https://img.ltwebstatic.com/images3_spmp/2024/07/26/a7/172197438440224b3d80887d933b0f61a5d91fbaa4.jpg"",""https://img.ltwebstatic.com/images3_spmp/2024/07/26/4e/1721974385136e08acd442113cce6a7aaf18c57a20.jpg"",""https://img.ltwebstatic.com/images3_spmp/2024/07/26/a7/172197438478609bdf9f02687e6f88ecf03f1d53d9.jpg""]",sh2407267592837734,null,"[{""name"":""Color"",""value"":""Apricot""},{""name"":""Material"",""value"":""Acrylic""}]",39745267,0,null,Home & Living,null,Paint By Number & Accessories,SHEIN,"[""40*50""]"
Swimming Pool Cover Protector Dustproof Waterproof Paddling Pool Cover 10,Free Returns ✓ Free Shipping✓. Swimming Pool Cover Protector Dustproof Waterproof Paddling Pool Cover 10- Other (Swim Gear) at SHEIN.,59.99,30.99,USD,true,Blue,M,0,https://img.ltwebstatic.com/images3_spmp/2023/05/24/16849328078a31d24f445654c92c3b68e740f5c777_square.jpg,https://us.shein.com/Other-(Swim-Gear)-c-5802.html,https://us.shein.com/Swimming-Pool-Cover-Protector-Dustproof-Waterproof-Paddling-Pool-Cover-10-p-16665007.html,"[{""name"":""Sports & Outdoor"",""url"":""https://us.shein.com/Sports-Outdoor-c-3195.html""},{""name"":""Water Sports"",""url"":""https://us.shein.com/Water-Sports-c-5797.html""},{""name"":""Swim Gear"",""url"":""https://us.shein.com/Swim-Gear-c-7625.html""},{""name"":""Other (Swim Gear)"",""url"":""https://us.shein.com/Other-(Swim-Gear)-c-5802.html""}]",US,us.shein.com,9,"[""https://img.ltwebstatic.com/images3_spmp/2023/05/24/16849328078a31d24f445654c92c3b68e740f5c777_square.jpg"",""https://img.ltwebstatic.com/images3_spmp/2023/05/24/1684932813e524e87fdf9b16a53ce24118c88e8a09_square.jpg"",""https://img.ltwebstatic.com/images3_spmp/2023/05/24/16849328134212f1bd2ee5611a7a9021ca7707d573_square.jpg"",""https://img.ltwebstatic.com/images3_spmp/2023/05/24/1684932813e17826e70cfd8ad771f4050163176961_square.jpg"",""https://img.ltwebstatic.com/images3_spmp/2023/05/24/16849328133d290199f5286751519c92fcedbdd262_square.jpg"",""https://img.ltwebstatic.com/images3_spmp/2023/05/24/1684932813cc301a04401140597e73b1d590555063_square.jpg"",""https://img.ltwebstatic.com/images3_spmp/2023/05/24/16849328145468f8a4b30c1d8268fbd5015da5e49f_square.jpg"",""https://img.ltwebstatic.com/images3_spmp/2023/05/24/1684932813942bac01db2551ca92a013871635c715_square.jpg"",""https://img.ltwebstatic.com/images3_spmp/2023/05/24/16849328180a133b933923f1b3c69a70a6c16ffce4_square.jpg""]",st2305243087281216,null,"[{""name"":""Color"",""value"":""Blue""},{""name"":""Material"",""value"":""PVC""}]",16665007,0,null,Sports & Outdoor,null,Other (Swim Gear),SHEIN,"[""M""]"
Asics Women's Gel Kayano 30 Running Shoes In Blue Denim,Free Returns ✓ Free Shipping✓. Asics Women's Gel Kayano 30 Running Shoes In Blue Denim- Women's Running Shoes at SHEIN.,162.75,162.75,USD,true,Blue Denim,US 11,0,https://img.ltwebstatic.com/images3_spmp/2024/07/27/d2/172207923159a69ddfb21fd9317d9c8e101f3a349f_square.jpg,https://us.shein.com/Women-s-Running-Shoes-c-8611.html,https://us.shein.com/Women%27s-Gel-Kayano-30-Running-Shoes-In-Blue-Denim-p-39598728.html,"[{""name"":""Sports & Outdoor"",""url"":""https://us.shein.com/Sports-Outdoor-c-3195.html""},{""name"":""Sports & Outdoor Shoes"",""url"":""https://us.shein.com/Sports-Outdoor-Shoes-c-8776.html""},{""name"":""Women's Outdoor Athletic Shoes"",""url"":""https://us.shein.com/Women-s-Outdoor-Athletic-Shoes-c-8603.html""},{""name"":""Women's Running Shoes"",""url"":""https://us.shein.com/Women-s-Running-Shoes-c-8611.html""}]",US,us.shein.com,6,"[""https://img.ltwebstatic.com/images3_spmp/2024/07/27/d2/172207923159a69ddfb21fd9317d9c8e101f3a349f_square.jpg"",""https://img.ltwebstatic.com/images3_spmp/2024/07/27/d2/172207923159a69ddfb21fd9317d9c8e101f3a349f_square.jpg"",""https://img.ltwebstatic.com/images3_spmp/2024/07/27/a4/172207923329704bcc40242e6266f83fb71197cecb_square.jpg"",""https://img.ltwebstatic.com/images3_spmp/2024/07/27/39/1722079236c865c79a9bdfbfc5797cea0d6b1ea4cf.png"",""https://img.ltwebstatic.com/images3_spmp/2024/07/27/d2/172207923159a69ddfb21fd9317d9c8e101f3a349f_square.jpg"",""https://img.ltwebstatic.com/images3_spmp/2024/07/27/a4/172207923329704bcc40242e6266f83fb71197cecb_square.jpg""]",st2407271691779759,null,"[{""name"":""Color"",""value"":""Blue Denim""}]",39598728,0,null,Sports & Outdoor,null,Women's Running Shoes,Asics,"[""US 11""]"
Kapuluan Coconut Oil Jar 2oz And Coconut Pulling Oil Tropical Breeze Flavor 8oz,Free Returns ✓ Free Shipping✓. Kapuluan Coconut Oil Jar 2oz And Coconut Pulling Oil Tropical Breeze Flavor 8oz- Mouthwash at SHEIN.,27,24.99,USD,true,Multicolor,one-size,0,https://img.ltwebstatic.com/images3_spmp/2024/08/22/c0/17243294574a071451f45037e4ef350b781551047e_square.jpg,https://us.shein.com/Mouthwash-c-2479.html,https://us.shein.com/Kapuluan-Coconut-Oil-Jar-2oz-And-Coconut-Pulling-Oil-Tropical-Breeze-Flavor-8oz-p-41282072.html,"[{""name"":""Beauty & Health"",""url"":""https://us.shein.com/Beauty-Health-c-1864.html""},{""name"":""Personal Care"",""url"":""https://us.shein.com/Personal-Care-c-2171.html""},{""name"":""Oral & Nose Care"",""url"":""https://us.shein.com/Oral-Nose-Care-c-2463.html""},{""name"":""Mouthwash"",""url"":""https://us.shein.com/Mouthwash-c-2479.html""}]",US,us.shein.com,4,"[""https://img.ltwebstatic.com/images3_spmp/2024/08/22/c0/17243294574a071451f45037e4ef350b781551047e_square.jpg"",""https://img.ltwebstatic.com/images3_spmp/2024/08/22/1b/1724329497f7bd31cab5302aeef60dbfb386083029_square.jpg"",""https://img.ltwebstatic.com/images3_spmp/2024/08/22/b8/172432949676ff1f0f8c7745457d7a2b618a300da6_square.jpg"",""https://img.ltwebstatic.com/images3_spmp/2024/08/22/b8/1724329496627b47a1152203ee707ff19a2f2d8344_square.jpg""]",sb2408227000744804,null,"[{""name"":""Color"",""value"":""Multicolor""},{""name"":""Benefits"",""value"":""Alcohol-Free""},{""name"":""Benefits"",""value"":""Clean Ingredients""},{""name"":""Benefits"",""value"":""Cruelty-Free""},{""name"":""Benefits"",""value"":""Vegan""}]",41282072,0,null,Beauty & Health,null,Mouthwash,SHEIN,"[""one-size""]"
20pcs Flower Design Hair Claw Boho,Free Returns ✓ Free Shipping✓. 20pcs Flower Design Hair Claw Boho- Hair Claws at SHEIN.,1.6,1.6,USD,true,Gold,one-size,0,https://img.ltwebstatic.com/images3_pi/2021/11/05/1636112455082d3e6b024df62b5b20959fd6eca9b3.jpg,https://us.shein.com/Hair-Claws-c-3018.html,https://us.shein.com/20pcs-Solid-Hair-Claw-p-1685563.html,"[{""name"":""Apparel Accessories"",""url"":""https://us.shein.com/Apparel-Accessories-c-3631.html""},{""name"":""Women Accessories"",""url"":""https://us.shein.com/Women-Accessories-c-1765.html""},{""name"":""Women Hair Accessories"",""url"":""https://us.shein.com/Women-Hair-Accessories-c-3013.html""},{""name"":""Hair Claws"",""url"":""https://us.shein.com/Hair-Claws-c-3018.html""}]",US,us.shein.com,7,"[""https://img.ltwebstatic.com/images3_pi/2021/11/05/1636112455082d3e6b024df62b5b20959fd6eca9b3.jpg"",""https://img.ltwebstatic.com/images3_pi/2021/11/05/1636112459fdcf98a461084c41bbb1c9c1db797b36.jpg"",""https://img.ltwebstatic.com/images3_pi/2021/11/05/163611246104fc6ce8d43bfce2c1ce8bd313146a7d.jpg"",""https://img.ltwebstatic.com/images3_pi/2021/11/05/16361124632ba1c3502651fb0ade2e94c75ca36539.jpg"",""https://img.ltwebstatic.com/images3_pi/2021/11/05/16361124663947ee8b8dd24c2a9e35e99f9e1bffeb.jpg"",""https://img.ltwebstatic.com/images3_pi/2021/11/05/1636112468b23ccb4d77ab084c76cbad42d001afe5.jpg"",""https://img.ltwebstatic.com/images3_pi/2021/11/05/1636112470cf668839b54ed72760a9ed45fb63fb91.jpg""]",swhairac18200930709,null,"[{""name"":""Details"",""value"":""Flowers""},{""name"":""Style"",""value"":""Boho""},{""name"":""Color"",""value"":""Gold""},{""name"":""Pattern Type"",""value"":""Floral""},{""name"":""Shape"",""value"":""Flowers""},{""name"":""Material"",""value"":""Plastic""},{""name"":""Element"",""value"":""None""},{""name"":""Type"",""value"":""Small Hair Claw""}]",1685563,0,null,Apparel Accessories,null,Hair Claws,SHEIN,"[""one-size""]"
Syncfun 28 Pcs Valentine 28 Mochi Squishy Filled Heart Toys And Cards,Free Returns ✓ Free Shipping✓. Syncfun 28 Pcs Valentine 28 Mochi Squishy Filled Heart Toys And Cards- Fidget Toys for Teenager at SHEIN.,24.8,18.8,USD,true,Multicolor,one-size,0,https://img.ltwebstatic.com/images3_spmp/2024/01/04/b8/1704350813c58cb43bae20fe1f1c3dcbb760d6aa8b.jpg,https://us.shein.com/Fidget-Toys-for-Teenager-c-2852.html,https://us.shein.com/Syncfun-28-Pcs-Valentine-28-Mochi-Squishy-Filled-Heart-Toys-And-Cards-p-12795447.html,"[{""name"":""Toys & Games"",""url"":""https://us.shein.com/Toys-Games-c-4328.html""},{""name"":""Hobbies, Collections, Parties"",""url"":""https://us.shein.com/Hobbies,-Collections,-Parties-c-7163.html""},{""name"":""Teenager Novelty & Gag Toys"",""url"":""https://us.shein.com/Teenager-Novelty-Gag-Toys-c-7165.html""},{""name"":""Fidget Toys for Teenager"",""url"":""https://us.shein.com/Fidget-Toys-for-Teenager-c-2852.html""}]",US,us.shein.com,10,"[""https://img.ltwebstatic.com/images3_spmp/2024/01/04/b8/1704350813c58cb43bae20fe1f1c3dcbb760d6aa8b.jpg"",""https://img.ltwebstatic.com/gspCenter/goodsImage/2023/1/16/1761374602_1035573/ECA5144C76D8DA1787537DF43DB8AD23.jpg"",""https://img.ltwebstatic.com/gspCenter/goodsImage/2023/1/16/1761374602_1035573/EBAE56DFA8170BAB8E9FC0DFEFED2D7A.jpg"",""https://img.ltwebstatic.com/gspCenter/goodsImage/2023/1/16/1761374602_1035573/9A7EC892F7B5F587CC0D30B42BBFF12C.jpg"",""https://img.ltwebstatic.com/gspCenter/goodsImage/2023/1/16/1761374602_1035573/BAC122D89E914C566DAFD8DD8A897893.jpg"",""https://img.ltwebstatic.com/gspCenter/goodsImage/2023/1/16/1761374602_1035573/987093AF9F8C6A94BB8B9D58C0FE76D5.jpg"",""https://img.ltwebstatic.com/gspCenter/goodsImage/2023/1/16/1761374602_1035573/248E2524B3627A3C6AF2CF5D87BF1EC5.jpg"",""https://img.ltwebstatic.com/images3_spmp/2024/01/03/95/17042644440c9c54ff9b702b8f792de2a99f51fb75.jpg"",""https://img.ltwebstatic.com/images3_spmp/2024/01/03/a1/17042644450813b3011da21f75f9ceafe10f701520.jpg"",""https://img.ltwebstatic.com/images3_spmp/2024/01/03/95/170426444448551ba24848e690d8aa25d2b7c6bc6d.jpg""]",sh2301179159566154,null,"[{""name"":""Color"",""value"":""Multicolor""},{""name"":""Material"",""value"":""Paper""}]",12795447,0,null,Toys & Games,null,Fidget Toys for Teenager,SHEIN,"[""one-size""]"
"1pc Travel Portable Door Lock, Reliable Safety For Travel And Hotel Stays, Provides Extra Privacy And Security Against Unauthorized Entry For Homes, Hotels, And Apartments Travel Essentials School Back To School School Supplies Holiday Camping Holiday Essentials Vacation Accessories Mini Summer","Free Returns ✓ Free Shipping✓. 1pc Travel Portable Door Lock, Reliable Safety For Travel And Hotel Stays, Provides Extra Privacy And Security Against Unauthorized Entry For Homes, Hotels, And Apartments Travel Essentials School Back To School School Supplies Holiday Camping Holiday Essentials Vacation Accessories Mini Summer- Cipher Locks at SHEIN.",4,3.8,USD,true,Multicolor,one-size,0,https://img.ltwebstatic.com/images3_spmp/2024/08/09/2e/17231981258bfda4979cd0c12b3d83e5fd290bea66.jpg,https://us.shein.com/Cipher-Locks-c-9074.html,"https://us.shein.com/1pc-Travel-Portable-Door-Lock,-Reliable-Safety-For-Travel-And-Hotel-Stays,-Provides-Extra-Privacy-And-Security-Against-Unauthorized-Entry-For-Homes,-Hotels,-And-Apartments-p-40616315.html","[{""name"":""Bags & Luggage"",""url"":""https://us.shein.com/Bags-Luggage-c-3637.html""},{""name"":""Luggage & Travel Gear"",""url"":""https://us.shein.com/Luggage-Travel-Gear-c-4099.html""},{""name"":""Travel Accessories & Supplies"",""url"":""https://us.shein.com/Travel-Accessories-Supplies-c-4284.html""},{""name"":""Cipher Locks"",""url"":""https://us.shein.com/Cipher-Locks-c-9074.html""}]",US,us.shein.com,4,"[""https://img.ltwebstatic.com/images3_spmp/2024/08/09/2e/17231981258bfda4979cd0c12b3d83e5fd290bea66.jpg"",""https://img.ltwebstatic.com/images3_spmp/2024/08/09/19/1723198124e4a71b5d7717c327ad9402cb2d989af3.jpg"",""https://img.ltwebstatic.com/images3_spmp/2024/08/09/8f/1723198126789fdb34c24c5c02448ef4590822931f.jpg"",""https://img.ltwebstatic.com/images3_spmp/2024/08/09/2e/1723198125327f3b9d9ee26a05ad7279b7e1500136.jpg""]",sg2408095949594202,null,"[{""name"":""Color"",""value"":""Multicolor""},{""name"":""Type"",""value"":""TSA Lock""},{""name"":""Pattern Type"",""value"":""Colorblock""},{""name"":""Pattern Type"",""value"":""Letter""},{""name"":""Pattern Type"",""value"":""Plain""},{""name"":""Material"",""value"":""Iron""},{""name"":""Power Supply"",""value"":""None""},{""name"":""Plating"",""value"":""No Precious Metal Plated""},{""name"":""Gender"",""value"":""Men""},{""name"":""Gender"",""value"":""Women""}]",40616315,0,null,Bags & Luggage,null,Cipher Locks,SHEIN,"[""one-size""]"
"Unbeatablesale 36 In. Spiral Eucalyptus Vine Artificial Flower Leaf,; Burgundy","Free Returns ✓ Free Shipping✓. Unbeatablesale 36 In. Spiral Eucalyptus Vine Artificial Flower Leaf,; Burgundy- Artificial Grass at SHEIN.",24.5,24.5,USD,true,Multicolor,one-size,0,https://img.ltwebstatic.com/images3_spmp/2024/08/10/c1/17232871674989fef21224d3d834a33f78424748cd.jpg,https://us.shein.com/Artificial-Grass-c-8004.html,"https://us.shein.com/36-In.-Spiral-Eucalyptus-Vine-Artificial-Flower-Leaf,;-Burgundy-p-40542602.html","[{""name"":""Sports & Outdoor"",""url"":""https://us.shein.com/Sports-Outdoor-c-3195.html""},{""name"":""Outdoor Renovation"",""url"":""https://us.shein.com/Outdoor-Renovation-c-8001.html""},{""name"":""Outdoor Décor"",""url"":""https://us.shein.com/Outdoor-D%C3%A9cor-c-8002.html""},{""name"":""Artificial Grass"",""url"":""https://us.shein.com/Artificial-Grass-c-8004.html""}]",US,us.shein.com,3,"[""https://img.ltwebstatic.com/images3_spmp/2024/08/10/c1/17232871674989fef21224d3d834a33f78424748cd.jpg"",""https://img.ltwebstatic.com/images3_spmp/2024/08/10/c1/17232871674989fef21224d3d834a33f78424748cd.jpg"",""https://img.ltwebstatic.com/images3_spmp/2024/08/10/c1/17232871674989fef21224d3d834a33f78424748cd.jpg""]",st2408105028333280,null,"[{""name"":""Color"",""value"":""Multicolor""},{""name"":""Material"",""value"":""PP""}]",40542602,0,null,Sports & Outdoor,null,Artificial Grass,Unbeatablesale,"[""one-size""]"
Fossil Women's Harlow Linear Texture Gold-Tone Stainless Steel Chain Necklace,Free Returns ✓ Free Shipping✓. Fossil Women's Harlow Linear Texture Gold-Tone Stainless Steel Chain Necklace- Women Pendant Necklaces at SHEIN.,54.25,54.25,USD,true,Gold,Small/Medium,0,https://img.ltwebstatic.com/images3_spmp/2024/08/11/5f/1723382230ceaee53147ff27c7ac76e2ad2a10fd48_square.jpg,https://us.shein.com/Women-Pendant-Necklaces-c-1755.html,https://us.shein.com/Women%27s-Harlow-Linear-Texture-Gold-Tone-Stainless-Steel-Chain-Necklace-p-40508996.html,"[{""name"":""Jewelry & Watches"",""url"":""https://us.shein.com/Jewelry-Watches-c-3634.html""},{""name"":""Women Fashion Jewelry"",""url"":""https://us.shein.com/Women-Fashion-Jewelry-c-3632.html""},{""name"":""Women Necklaces"",""url"":""https://us.shein.com/Women-Necklaces-c-4208.html""},{""name"":""Women Pendant Necklaces"",""url"":""https://us.shein.com/Women-Pendant-Necklaces-c-1755.html""}]",US,us.shein.com,3,"[""https://img.ltwebstatic.com/images3_spmp/2024/08/11/5f/1723382230ceaee53147ff27c7ac76e2ad2a10fd48_square.jpg"",""https://img.ltwebstatic.com/images3_spmp/2024/08/11/7c/172338223438acbc2622f400192069d3cdb437d780_square.jpg"",""https://img.ltwebstatic.com/images3_spmp/2024/08/11/7c/172338223438acbc2622f400192069d3cdb437d780_square.jpg""]",sj2408116992017767,null,"[{""name"":""Color"",""value"":""Gold""}]",40508996,0,null,Jewelry & Watches,null,Women Pendant Necklaces,Fossil,"[""Small/Medium""]"
Judy Blue HIGH WAIST STRAIGHT LEG JEAN,Free Returns ✓ Free Shipping✓. Judy Blue HIGH WAIST STRAIGHT LEG JEAN- Women Jeans at SHEIN.,78,55,USD,true,Medium Blue,18w,0,https://img.ltwebstatic.com/images3_spmp/2024/08/07/35/17229932844b82802b240758239f52465e973074c5.jpg,https://us.shein.com/Women-Jeans-c-1934.html,https://us.shein.com/Judy-Blue-HIGH-WAIST-STRAIGHT-LEG-JEAN-p-40243485.html,"[{""name"":""Women Apparel"",""url"":""https://us.shein.com/Women-Apparel-c-4436.html""},{""name"":""Women Clothing"",""url"":""https://us.shein.com/Women-Clothing-c-2030.html""},{""name"":""Women Denim"",""url"":""https://us.shein.com/Women-Denim-c-1930.html""},{""name"":""Women Jeans"",""url"":""https://us.shein.com/Women-Jeans-c-1934.html""}]",US,us.shein.com,3,"[""https://img.ltwebstatic.com/images3_spmp/2024/08/07/35/17229932844b82802b240758239f52465e973074c5.jpg"",""https://img.ltwebstatic.com/images3_spmp/2024/08/07/af/1722993287bde2ab41faa99a2dd40dd29c95482db2.jpg"",""https://img.ltwebstatic.com/images3_spmp/2024/08/07/1b/172299328975563a70c1b5e07ebb2bfb85b3c07e38.jpg""]",sz2408077080878379,null,"[{""name"":""Details"",""value"":""Pocket""},{""name"":""Details"",""value"":""Ripped""},{""name"":""Closure Type"",""value"":""Zipper Fly""},{""name"":""Color"",""value"":""Medium Blue""},{""name"":""Pattern Type"",""value"":""Plain""},{""name"":""Type"",""value"":""Straight Leg""},{""name"":""Waist Line"",""value"":""High Waist""},{""name"":""Length"",""value"":""Long""},{""name"":""Fit Type"",""value"":""Regular Fit""}]",40243485,0,null,Women Apparel,null,Women Jeans,SHEIN,"[""18w""]"
"1pc Unisex Fashionable Wraparound Sports Sunglasses, Suitable For Hiking, Running, Outdoor, Travel","Free Returns ✓ Free Shipping✓. 1pc Unisex Fashionable Wraparound Sports Sunglasses, Suitable For Hiking, Running, Outdoor, Travel- Women Sports Glasses at SHEIN.",4.4,4.2,USD,true,N/A,Grey,0,https://img.ltwebstatic.com/images3_spmp/2024/08/07/7b/17230349977d8dfe1d29aefbed239025dc78ad2016.jpg,https://us.shein.com/Women-Sports-Glasses-c-5843.html,"https://us.shein.com/1pc-Unisex-Fashionable-Wraparound-Sports-Sunglasses,-Suitable-For-Hiking,-Running,-Outdoor,-Travel-p-40359348.html","[{""name"":""Apparel Accessories"",""url"":""https://us.shein.com/Apparel-Accessories-c-3631.html""},{""name"":""Women Accessories"",""url"":""https://us.shein.com/Women-Accessories-c-1765.html""},{""name"":""Women Glasses & Eyewear Accessories"",""url"":""https://us.shein.com/Women-Glasses-Eyewear-Accessories-c-2841.html""},{""name"":""Women Sports Glasses"",""url"":""https://us.shein.com/Women-Sports-Glasses-c-5843.html""}]",US,us.shein.com,10,"[""https://img.ltwebstatic.com/images3_spmp/2024/08/07/7b/17230349977d8dfe1d29aefbed239025dc78ad2016.jpg"",""https://img.ltwebstatic.com/images3_spmp/2024/08/07/e8/1723034996e6f10631681f2b860e3637468c26c520.jpg"",""https://img.ltwebstatic.com/images3_spmp/2024/08/07/e8/1723034996db3cc1f71ef8396d94743bc17421f2be.jpg"",""https://img.ltwebstatic.com/images3_spmp/2024/08/07/e8/17230349969df05a28e19d0c6fa7e28f4f1dc5af9a.jpg"",""https://img.ltwebstatic.com/images3_spmp/2024/08/07/e8/17230349961c02c41578ef5b7b4fd95cd1be47336d.jpg"",""https://img.ltwebstatic.com/images3_spmp/2024/08/07/c8/17230350097e3d7a02115db6068557fc3ff21e1b0a.jpg"",""https://img.ltwebstatic.com/images3_spmp/2024/08/07/c8/17230350094420c20dee5c03e37e0dfa0963f5317a.jpg"",""https://img.ltwebstatic.com/images3_spmp/2024/08/07/c8/1723035009ef214cb5960d95254f681c14c3d56cae.jpg"",""https://img.ltwebstatic.com/images3_spmp/2024/08/07/c8/1723035009b6edde31db173119b25ab5580064264d.jpg"",""https://img.ltwebstatic.com/images3_spmp/2024/08/07/c8/172303500965e1570630093d355f429de5e5a008ca.jpg""]",sc2408073346868050,null,"[{""name"":""Lens Color"",""value"":""Grey""},{""name"":""Lens Material"",""value"":""PC""},{""name"":""Frame Material"",""value"":""PC""},{""name"":""Lens Function"",""value"":""None""},{""name"":""Frame Structure"",""value"":""Full Rim Glasses""},{""name"":""Element"",""value"":""None""},{""name"":""Shape"",""value"":""Irregular""}]",40359348,0,null,Apparel Accessories,null,Women Sports Glasses,SHEIN,"[""Grey""]"
"Summer Orange Juice Drink Scented Candle - Candle Gift Set, Smokeless Candle, Healthy & , Orange Juice Fragrance Candle To Bring Vitality & Freshness To Your Space","Free Returns ✓ Free Shipping✓. Summer Orange Juice Drink Scented Candle - Candle Gift Set, Smokeless Candle, Healthy & , Orange Juice Fragrance Candle To Bring Vitality & Freshness To Your Space- Jar Candles at SHEIN.",9,8.7,USD,true,Burnt Orange,9*9*10cm,0,https://img.ltwebstatic.com/images3_spmp/2024/08/12/43/1723462724c111e31196826c844d48bea4dbbafc5a_square.jpg,https://us.shein.com/Jar-Candles-c-11748.html,"https://us.shein.com/Summer-Orange-Juice-Drink-Scented-Candle---Candle-Gift-Set,-Smokeless-Candle,-Healthy-&amp;-,-Orange-Juice-Fragrance-Candle-To-Bring-Vitality-&amp;-Freshness-To-Your-Space-p-40779415.html","[{""name"":""Home & Living"",""url"":""https://us.shein.com/Home-Living-c-2032.html""},{""name"":""Home Decor"",""url"":""https://us.shein.com/Home-Decor-c-1954.html""},{""name"":""Candles & Holders"",""url"":""https://us.shein.com/Candles-Holders-c-3464.html""},{""name"":""Jar Candles"",""url"":""https://us.shein.com/Jar-Candles-c-11748.html""}]",US,us.shein.com,15,"[""https://img.ltwebstatic.com/images3_spmp/2024/08/12/10/17234623525c3bd9b2892115c4cdaadb5f8b04e7cf_square.jpg"",""https://img.ltwebstatic.com/images3_spmp/2024/08/12/43/1723462724c111e31196826c844d48bea4dbbafc5a_square.jpg"",""https://img.ltwebstatic.com/images3_spmp/2024/08/12/bf/17234627310292713e829b05c47dd6a8c42f26e444_square.jpg"",""https://img.ltwebstatic.com/images3_spmp/2024/08/12/44/17234627427aca7961e0bf67b475a7a6a309ea62fb_square.jpg"",""https://img.ltwebstatic.com/images3_spmp/2024/08/12/67/172346275061404f16b3d3b7dcd5ee5866fafe00c0_square.jpg"",""https://img.ltwebstatic.com/images3_spmp/2024/08/12/49/1723462778bfdf6c60e8a5b7f3104e49a6e7549cd7_square.jpg"",""https://img.ltwebstatic.com/images3_spmp/2024/08/12/fc/1723462790634f91f964ba541edd3ba36a2958c715_square.jpg"",""https://img.ltwebstatic.com/images3_spmp/2024/08/12/99/1723462852e7bb021051da21d06a221292fd9c6080_square.jpg"",""https://img.ltwebstatic.com/images3_spmp/2024/08/12/99/17234628140c8e500bedccbd821d3d58f2f3e0de18.jpg"",""https://img.ltwebstatic.com/images3_spmp/2024/08/12/99/172346281404205d10890f01c43bf53ba29448a329.jpg"",""https://img.ltwebstatic.com/images3_spmp/2024/08/12/99/17234628149aa522859357cbc8bd0fbf0fc4453b66.jpg"",""https://img.ltwebstatic.com/images3_spmp/2024/08/12/99/1723462814d797ea813b79c4d575eac662880cf6f7.jpg"",""https://img.ltwebstatic.com/images3_spmp/2024/08/12/99/1723462814f64a06933fe3b48ed38e99422f74c1e6.jpg"",""https://img.ltwebstatic.com/images3_spmp/2024/08/12/99/1723462814afe7cbc8f1e8844a1be5c8176d36a814.jpg"",""https://img.ltwebstatic.com/images3_spmp/2024/08/12/03/1723462822fd8d8931763f3f2cece949c074d3faca.jpg""]",sh2408128406555146,null,"[{""name"":""Color"",""value"":""Burnt Orange""},{""name"":""Material"",""value"":""Wax""}]",40779415,0,null,Home & Living,null,Jar Candles,SHEIN,"[""9*9*10cm""]"
10pcs Student Cartoon Pencil Writing Wooden Pencil With Rubber Head Exam Learning Prize (Random Style),Free Returns ✓ Free Shipping✓. 10pcs Student Cartoon Pencil Writing Wooden Pencil With Rubber Head Exam Learning Prize (Random Style)- Kids Writing Tools at SHEIN.,2.3,2.3,USD,true,Multicolor,one-size,0,https://img.ltwebstatic.com/images3_spmp/2024/08/08/9b/17230838309bf7f02c25b17a09a038edd6d0b66652_square.jpg,https://us.shein.com/Kids-Writing-Tools-c-7067.html,https://us.shein.com/10pcs-Student-Cartoon-Pencil-Writing-Wooden-Pencil-With-Rubber-Head-Exam-Learning-Prize-(Random-Style)-p-40614094.html,"[{""name"":""Toys & Games"",""url"":""https://us.shein.com/Toys-Games-c-4328.html""},{""name"":""Kids Educational Toys"",""url"":""https://us.shein.com/Kids-Educational-Toys-c-6996.html""},{""name"":""Kids Reading & Writing"",""url"":""https://us.shein.com/Kids-Reading-Writing-c-7064.html""},{""name"":""Kids Writing Tools"",""url"":""https://us.shein.com/Kids-Writing-Tools-c-7067.html""}]",US,us.shein.com,16,"[""https://img.ltwebstatic.com/images3_spmp/2024/08/08/9b/17230838309bf7f02c25b17a09a038edd6d0b66652_square.jpg"",""https://img.ltwebstatic.com/images3_spmp/2024/08/08/9b/1723083830866e75baa7ac88be0e697da7dad8a5d7_square.jpg"",""https://img.ltwebstatic.com/images3_spmp/2024/08/08/02/1723083829e90d47f011e190f712a249bf4436393d_square.jpg"",""https://img.ltwebstatic.com/images3_spmp/2024/08/08/9b/1723083830d600ca16df544bb63d26164ffaf63caa_square.jpg"",""https://img.ltwebstatic.com/images3_spmp/2024/08/08/9b/1723083830af897573441d55a2749ebb08c5583d69_square.jpg"",""https://img.ltwebstatic.com/images3_spmp/2024/08/08/9b/17230838307c8860954b21154c9ed466bd2c6fd6ad_square.jpg"",""https://img.ltwebstatic.com/images3_spmp/2024/08/08/9b/1723083830f5a27c131129bf263b358a52384ecea9_square.jpg"",""https://img.ltwebstatic.com/images3_spmp/2024/08/08/9b/1723083830aa641f9f9ec14144a31e9b7facb5523d_square.jpg"",""https://img.ltwebstatic.com/images3_spmp/2024/08/08/bf/1723083845b0b34a0eba9eec8fcbda5b7d48f38dc2.jpg"",""https://img.ltwebstatic.com/images3_spmp/2024/08/08/bf/1723083845ab5732fc727bead76a74e38fbcaea2e9.jpg"",""https://img.ltwebstatic.com/images3_spmp/2024/08/08/bf/1723083845d4c4242a538da41d30afd3b4edbfc073.jpg"",""https://img.ltwebstatic.com/images3_spmp/2024/08/08/bf/1723083845bc861ee5adede683cad4260ce721309d.jpg"",""https://img.ltwebstatic.com/images3_spmp/2024/08/08/bf/1723083845852e610039bd52a6c6ff9c26385e92f9.jpg"",""https://img.ltwebstatic.com/images3_spmp/2024/08/08/bf/1723083845efcf25dcd90169d73a30c759a8c8216f.jpg"",""https://img.ltwebstatic.com/images3_spmp/2024/08/08/bf/1723083845c72e02f9c35acc9aecbf8df86cc06032.jpg"",""https://img.ltwebstatic.com/images3_spmp/2024/08/08/bf/1723083845558e7e13588b7db89c38d849217700cb.jpg""]",sl2408088655242668,null,"[{""name"":""Color"",""value"":""Multicolor""},{""name"":""Suitable Age"",""value"":""3-6years""},{""name"":""Suitable Age"",""value"":""6-12years""},{""name"":""Suitable Age"",""value"":""over 12years""},{""name"":""Material"",""value"":""WPC""},{""name"":""Batteries Included"",""value"":""No""},{""name"":""Power Supply"",""value"":""None""}]",40614094,0,null,Toys & Games,null,Kids Writing Tools,SHEIN,"[""one-size""]"
"1PC-PANCERKA- Electric Kettle For Coffee & Tea - 1.8L Water Boiler 1000-1500W, Borosilicate Glass, Easy Clean Wide Opening, Auto Shut-Off, Cool Touch Handle, LED Light. 360° Rotation, Boil Dry Protection","Free Returns ✓ Free Shipping✓. 1PC-PANCERKA- Electric Kettle For Coffee & Tea - 1.8L Water Boiler 1000-1500W, Borosilicate Glass, Easy Clean Wide Opening, Auto Shut-Off, Cool Touch Handle, LED Light. 360° Rotation, Boil Dry Protection- Electric Kettles at SHEIN.",37.8,18.9,USD,true,N/A,Black,0,https://img.ltwebstatic.com/images3_spmp/2024/08/08/97/1723099611d6f411f95c3c889dec9fecaeb8573413_square.jpg,https://us.shein.com/Electric-Kettles-c-4633.html,"https://us.shein.com/1PC-PANCERKA--Electric-Kettle-For-Coffee-&amp;-Tea---1.8L-Water-Boiler-1000-1500W,-Borosilicate-Glass,-Easy-Clean-Wide-Opening,-Auto-Shut-Off,-Cool-Touch-Handle,-LED-Light.-360%C2%B0-Rotation,-Boil-Dry-Protection-p-40560621.html","[{""name"":""Home Appliances"",""url"":""https://us.shein.com/Home-Appliances-c-3650.html""},{""name"":""Kitchen Appliances"",""url"":""https://us.shein.com/Kitchen-Appliances-c-4628.html""},{""name"":""Coffee & Tea Appliances"",""url"":""https://us.shein.com/Coffee-Tea-Appliances-c-5451.html""},{""name"":""Electric Kettles"",""url"":""https://us.shein.com/Electric-Kettles-c-4633.html""}]",US,us.shein.com,11,"[""https://img.ltwebstatic.com/images3_spmp/2024/08/08/97/1723099611d6f411f95c3c889dec9fecaeb8573413_square.jpg"",""https://img.ltwebstatic.com/images3_spmp/2024/08/08/97/1723099611e21fc04ce27f6e298dba3e4de125020d_square.jpg"",""https://img.ltwebstatic.com/images3_spmp/2024/08/08/97/17230996117efdb58794996c60c02eabadef844672_square.jpg"",""https://img.ltwebstatic.com/images3_spmp/2024/08/08/97/1723099611d2db6c649be2b6158823d6fd1bb3be1b_square.jpg"",""https://img.ltwebstatic.com/images3_spmp/2024/08/08/97/172309961114d8dae4a831c39d1a69ba0c1c8f48f9_square.jpg"",""https://img.ltwebstatic.com/images3_spmp/2024/08/08/97/1723099611722dd5a1a6f98124673ac8a36d01b054_square.jpg"",""https://img.ltwebstatic.com/images3_spmp/2024/08/08/97/1723099611429d548de42bb473f427fb669c5750ba_square.jpg"",""https://img.ltwebstatic.com/images3_spmp/2024/08/08/fb/1723099621b98a38e9ffa9e398f0c7a529f356e5f6.jpg"",""https://img.ltwebstatic.com/images3_spmp/2024/08/08/fb/1723099621a52806d061fee4b25df513d47337f303.jpg"",""https://img.ltwebstatic.com/images3_spmp/2024/08/08/fb/1723099621e59b777167ecb8cef9754065ac72df1d.jpg"",""https://img.ltwebstatic.com/images3_spmp/2024/08/08/fb/172309962120915deddba7cc49c8c0b4a33761e734.jpg""]",sv2408083031834411,null,"[{""name"":""Plug(Voltage)"",""value"":""US B Type Plug(110-127V)""},{""name"":""Material"",""value"":""PP""},{""name"":""Charger Certification"",""value"":""CE""},{""name"":""Batteries Included"",""value"":""No""},{""name"":""Batteries Required"",""value"":""No""},{""name"":""Power Supply"",""value"":""Wall Plug""},{""name"":""Voltage"",""value"":""200V-240V""}]",40560621,0,null,Home Appliances,null,Electric Kettles,SHEIN,"[""Black""]"
"JENNIFER 24 Inches Of Natural Layered Long Curly Hair With Fringe Wig, Specially Designed For Girls A Beautiful Wig, Suitable For Women Festival Cosplay Friends Party Daily Wear","Free Returns ✓ Free Shipping✓. JENNIFER 24 Inches Of Natural Layered Long Curly Hair With Fringe Wig, Specially Designed For Girls A Beautiful Wig, Suitable For Women Festival Cosplay Friends Party Daily Wear- Synthetic Woven Wigs at SHEIN.",14.6,12.7,USD,true,Black,24 inch,0,https://img.ltwebstatic.com/images3_spmp/2024/08/08/00/1723106146a56beb7465d8eada402eca7c32cc3b51.jpg,https://us.shein.com/Synthetic-Woven-Wigs-c-1926.html,"https://us.shein.com/JENNIFER-24-Inches-Of-Natural-Layered-Long-Curly-Hair-With-Fringe-Wig,-Specially-Designed-For-Girls-A-Beautiful-Wig,-Suitable-For-Women-Festival-Cosplay-Friends-Party-Daily-Wear-p-41012321.html","[{""name"":""Beauty & Health"",""url"":""https://us.shein.com/Beauty-Health-c-1864.html""},{""name"":""Wigs & Accs"",""url"":""https://us.shein.com/Wigs-Accs-c-3644.html""},{""name"":""Synthetic Hair Wigs"",""url"":""https://us.shein.com/Synthetic-Hair-Wigs-c-3838.html""},{""name"":""Synthetic Woven Wigs"",""url"":""https://us.shein.com/Synthetic-Woven-Wigs-c-1926.html""}]",US,us.shein.com,22,"[""https://img.ltwebstatic.com/images3_spmp/2024/08/08/87/1723106359c6620092ec68465958950ed4f1a3087d.jpg"",""https://img.ltwebstatic.com/images3_spmp/2024/08/08/00/1723106146a56beb7465d8eada402eca7c32cc3b51.jpg"",""https://img.ltwebstatic.com/images3_spmp/2024/08/08/00/1723106146e725c8b4d1264434fa8c5e13441e6322.jpg"",""https://img.ltwebstatic.com/images3_spmp/2024/08/08/00/1723106146a03fa701b9621426377ba40233dbcce5.jpg"",""https://img.ltwebstatic.com/images3_spmp/2024/08/08/14/17231061453b9f5ae45e42fa33e9f8a6d3a068cf17.jpg"",""https://img.ltwebstatic.com/images3_spmp/2024/08/08/00/1723106146d01dc6068ba882f70c97b42a90a14647.jpg"",""https://img.ltwebstatic.com/images3_spmp/2024/08/08/14/1723106145d4ca0579bbfa14ac1ad29c9f9decd0ae.jpg"",""https://img.ltwebstatic.com/images3_spmp/2024/08/08/00/172310614615899d0d6ef55967031bb514752c65e3.jpg"",""https://img.ltwebstatic.com/images3_spmp/2024/08/08/14/172310614500a880aac38cd47205a836fc637c9f5b.jpg"",""https://img.ltwebstatic.com/images3_spmp/2024/08/08/72/1723106144a3705ed5520bd92e0d6e65ef3607ed4d.jpg"",""https://img.ltwebstatic.com/images3_spmp/2024/08/08/14/17231061458b1c238cf3f94035e94511e9032d9fc5.jpg"",""https://img.ltwebstatic.com/images3_spmp/2024/08/08/d9/17231063532bb0638ff2aa878e193afb6006c6f438.jpg"",""https://img.ltwebstatic.com/images3_spmp/2024/08/08/a7/1723106162cb831d48908eeb9015fb0ab8b81e0eaa.jpg"",""https://img.ltwebstatic.com/images3_spmp/2024/08/08/83/1723106161a47726370ffc4ba317a9d16c8513efdd.jpg"",""https://img.ltwebstatic.com/images3_spmp/2024/08/08/83/1723106161a6e2eb970398c996248f7020dc3dffbf.jpg"",""https://img.ltwebstatic.com/images3_spmp/2024/08/08/83/1723106161fcb411c006a61e09978f6acedfe08f66.jpg"",""https://img.ltwebstatic.com/images3_spmp/2024/08/08/83/1723106161fefd50d2544ce2f3ccc2484064c65cba.jpg"",""https://img.ltwebstatic.com/images3_spmp/2024/08/08/83/17231061612963ef6d284673414c9608ae5592acc5.jpg"",""https://img.ltwebstatic.com/images3_spmp/2024/08/08/83/17231061615b1a86324f850a365036d53cd6753103.jpg"",""https://img.ltwebstatic.com/images3_spmp/2024/08/08/83/17231061617bc129474c1b98a02718d3c204061712.jpg"",""https://img.ltwebstatic.com/images3_spmp/2024/08/08/83/1723106161bd6497094935fd7060e68ef75f7b259b.jpg"",""https://img.ltwebstatic.com/images3_spmp/2024/08/08/83/172310616139b58a259d23275e80eb0f22f6f126d7.jpg""]",sb2408087150355754,null,"[{""name"":""Features"",""value"":""Heat-Resistant""},{""name"":""Color"",""value"":""Black""},{""name"":""Type"",""value"":""Bangs Wig""},{""name"":""Cap Type"",""value"":""Other""},{""name"":""Crowd"",""value"":""Women""},{""name"":""Theme"",""value"":""Daily""},{""name"":""Hairstyle"",""value"":""Medium Wigs""},{""name"":""Curl"",""value"":""Body Wave""},{""name"":""Dye/Bleach/Perm"",""value"":""Perm""},{""name"":""Heat Tolerence"",""value"":""150℃""},{""name"":""Material"",""value"":""High Temperature Fiber""}]",41012321,0,null,Beauty & Health,null,Synthetic Woven Wigs,SHEIN,"[""24 inch""]"
"20pcs Furniture Chair Leg Protectors, Silicone Chair Leg Covers, Anti-Slip Chair Leg Pads","Free Returns ✓ Free Shipping✓. 20pcs Furniture Chair Leg Protectors, Silicone Chair Leg Covers, Anti-Slip Chair Leg Pads- Edge Protection at SHEIN.",2.2,2.1,USD,true,White,one-size,0,https://img.ltwebstatic.com/images3_spmp/2024/08/11/ad/1723356787529151cd4931d61b144c33f64f361f04.jpg,https://us.shein.com/Edge-Protection-c-9057.html,"https://us.shein.com/20pcs-Furniture-Chair-Leg-Protectors,-Silicone-Chair-Leg-Covers,-Anti-Slip-Chair-Leg-Pads-p-40706762.html","[{""name"":""Home & Living"",""url"":""https://us.shein.com/Home-Living-c-2032.html""},{""name"":""Home Essentials"",""url"":""https://us.shein.com/Home-Essentials-c-1959.html""},{""name"":""Furniture Protection"",""url"":""https://us.shein.com/Furniture-Protection-c-9052.html""},{""name"":""Edge Protection"",""url"":""https://us.shein.com/Edge-Protection-c-9057.html""}]",US,us.shein.com,10,"[""https://img.ltwebstatic.com/images3_spmp/2024/08/11/ad/1723356787529151cd4931d61b144c33f64f361f04.jpg"",""https://img.ltwebstatic.com/images3_spmp/2024/08/11/82/172335679113728eb4b53caaaf101626a46e3cc7dc.jpg"",""https://img.ltwebstatic.com/images3_spmp/2024/08/11/d3/1723356793beb9b8435580be12a79b5f6b35b72684.jpg"",""https://img.ltwebstatic.com/images3_spmp/2024/08/11/5c/1723356796e51c26819d8996df7e2e6da6695ece41.jpg"",""https://img.ltwebstatic.com/images3_spmp/2024/08/11/c4/17233568007b23b9509cb39a753038ebf042a8286b.jpg"",""https://img.ltwebstatic.com/images3_spmp/2024/08/11/30/17233568031061f56c1f50857926418c5d05a01e6e.jpg"",""https://img.ltwebstatic.com/images3_spmp/2024/08/11/78/172335680647cbf81ee8abbfac351959b29503c2ef.jpg"",""https://img.ltwebstatic.com/images3_spmp/2024/08/11/a9/172335680942914ec96857d6d76a0ef1081c634225.jpg"",""https://img.ltwebstatic.com/images3_spmp/2024/08/11/43/17233568125e552444b7e6eab370bc2a4b8b0fb57f.jpg"",""https://img.ltwebstatic.com/images3_spmp/2024/08/11/9e/1723356815eca9eb35de5adbd58ab834532cd6ff6e.jpg""]",sh2408111577877781,null,"[{""name"":""Color"",""value"":""White""},{""name"":""Material"",""value"":""Silicone""}]",40706762,0,null,Home & Living,null,Edge Protection,SHEIN,"[""one-size""]"
New Student Pencil Case Ins Large Capacity Simple Front Window Pencil Case Girl Cosmetic Bag Storage Bag Pencil Case,Free Returns ✓ Free Shipping✓. New Student Pencil Case Ins Large Capacity Simple Front Window Pencil Case Girl Cosmetic Bag Storage Bag Pencil Case- Pencil Bags at SHEIN.,4.3,2.15,USD,true,Multicolor,Pink,0,https://img.ltwebstatic.com/images3_spmp/2024/08/15/d5/17236994844fadf0b9c4a89ccb26b5b724cae9f9a7_square.jpg,https://us.shein.com/Pencil-Bags-c-3685.html,https://us.shein.com/New-Student-Pencil-Case-Ins-Large-Capacity-Simple-Front-Window-Pencil-Case-Girl-Cosmetic-Bag-Storage-Bag-Pencil-Case-p-40996757.html,"[{""name"":""Office & School Supplies"",""url"":""https://us.shein.com/Office-School-Supplies-c-2297.html""},{""name"":""Filing Products"",""url"":""https://us.shein.com/Filing-Products-c-4153.html""},{""name"":""Pen,Pencil & Marker Cases"",""url"":""https://us.shein.com/Pen,Pencil-Marker-Cases-c-4154.html""},{""name"":""Pencil Bags"",""url"":""https://us.shein.com/Pencil-Bags-c-3685.html""}]",US,us.shein.com,10,"[""https://img.ltwebstatic.com/images3_spmp/2024/08/15/d5/17236994844fadf0b9c4a89ccb26b5b724cae9f9a7_square.jpg"",""https://img.ltwebstatic.com/images3_spmp/2024/08/15/43/1723699486467ed3b644144b695cac46e9fc5b73e4_square.jpg"",""https://img.ltwebstatic.com/images3_spmp/2024/08/15/ec/1723699489e48ba1d71e9db0cc09101b808dff247e_square.jpg"",""https://img.ltwebstatic.com/images3_spmp/2024/08/15/e1/17236994911d1d9c87be1d3ee498c6745ba55bf06d_square.jpg"",""https://img.ltwebstatic.com/images3_spmp/2024/08/15/6a/1723699494f6ed2724dec18a02ffce6fe0c7f84540_square.jpg"",""https://img.ltwebstatic.com/images3_spmp/2024/08/15/f1/17236994961d30a999de41a13709d374a4697c524f_square.jpg"",""https://img.ltwebstatic.com/images3_spmp/2024/08/15/58/1723699499f2245ca4c9acfd58026dec0b057b8875_square.jpg"",""https://img.ltwebstatic.com/images3_spmp/2024/08/15/ed/1723699502f713c581d0d618f4187121792e9e3caa_square.jpg"",""https://img.ltwebstatic.com/images3_spmp/2024/08/15/89/1723699504cc72a2c8370ddebbb6bdbed00955d16b_square.jpg"",""https://img.ltwebstatic.com/images3_spmp/2024/08/15/35/1723699506bde3bf1c99725a7e3c90ae6c38871206_square.jpg""]",ss2408157094598001,null,"[{""name"":""Color"",""value"":""Multicolor""},{""name"":""Material"",""value"":""Polyester""},{""name"":""Composition"",""value"":""100% Polyester""}]",40996757,0,null,Office & School Supplies,null,Pencil Bags,SHEIN,"[""Pink""]"
"20Pcs Pretty Girl Series DIY Charms For Shoe Key Chain Sandals Beach Bags, PVC Shoe Charms For Clogs Premium Quality Popular Decorations Accessories Great Gifts For Christmas, Birthday, Party","Free Returns ✓ Free Shipping✓. 20Pcs Pretty Girl Series DIY Charms For Shoe Key Chain Sandals Beach Bags, PVC Shoe Charms For Clogs Premium Quality Popular Decorations Accessories Great Gifts For Christmas, Birthday, Party- Fittings DIY & Tools at SHEIN.",2.2,2.1,USD,true,Multicolor,20Pcs,0,https://img.ltwebstatic.com/images3_spmp/2024/07/26/6b/17219889340d5f35a0450a06fc2b8b74dcece3a576.jpg,https://us.shein.com/Fittings-DIY-Tools-c-5807.html,"https://us.shein.com/20Pcs-Pretty-Girl-Series-DIY-Charms-For-Shoe-Key-Chain-Sandals-Beach-Bags,-PVC-Shoe-Charms-For-Clogs-Premium-Quality-Popular-Decorations-Accessories-Great-Gifts-For-Christmas,-Birthday,-Party-p-39701902.html","[{""name"":""Apparel Accessories"",""url"":""https://us.shein.com/Apparel-Accessories-c-3631.html""},{""name"":""Accessories DIY & Tools"",""url"":""https://us.shein.com/Accessories-DIY-Tools-c-5806.html""},{""name"":""Fittings DIY & Tools"",""url"":""https://us.shein.com/Fittings-DIY-Tools-c-5807.html""}]",US,us.shein.com,9,"[""https://img.ltwebstatic.com/images3_spmp/2024/07/26/42/172198888194b334be105b67b3bebffd9b10eb05b5.jpg"",""https://img.ltwebstatic.com/images3_spmp/2024/07/26/42/1721988881be1777110fa6bff321c829f5dee28128.jpg"",""https://img.ltwebstatic.com/images3_spmp/2024/07/26/42/17219888819b0751e8f0865d6642d4741cca65927d.jpg"",""https://img.ltwebstatic.com/images3_spmp/2024/07/26/42/17219888819ef5516b336669349af09ee58544a8b2.jpg"",""https://img.ltwebstatic.com/images3_spmp/2024/07/26/42/17219888814a6c516f82ae577923fe0a2388e41687.jpg"",""https://img.ltwebstatic.com/images3_spmp/2024/07/26/42/1721988881b52158d3b200de9411bd4a546e589914.jpg"",""https://img.ltwebstatic.com/images3_spmp/2024/07/26/6b/17219889340d5f35a0450a06fc2b8b74dcece3a576.jpg"",""https://img.ltwebstatic.com/images3_spmp/2024/07/26/81/17219889424d6f190b887dd2da872f4ba4c1dee3f1_square.jpg"",""https://img.ltwebstatic.com/images3_spmp/2024/07/26/fa/1721988937a9593b267861c2a22a5680e2815eecc8.jpg""]",sc2407262877257724,null,"[{""name"":""Color"",""value"":""Multicolor""},{""name"":""Material"",""value"":""PVC""}]",39701902,0,null,Apparel Accessories,null,Fittings DIY & Tools,SHEIN,"[""20Pcs""]"
Unbeatablesale Super Talent FNX512MORM NGFF DX3 512GB M.2 SATA3 Solid State Drive,Free Returns ✓ Free Shipping✓. Unbeatablesale Super Talent FNX512MORM NGFF DX3 512GB M.2 SATA3 Solid State Drive- Computer & Office Accessories at SHEIN.,48.79,48.79,USD,true,Multicolor,one-size,0,https://img.ltwebstatic.com/images3_spmp/2024/07/23/5d/17216866944fbaa0088fab4b4e3354c6654293d6ef.jpg,https://us.shein.com/Computer-Office-Accessories-c-9450.html,https://us.shein.com/Super-Talent-FNX512MORM-NGFF-DX3-512GB-M.2-SATA3-Solid-State-Drive-p-39407333.html,"[{""name"":""Office & School Supplies"",""url"":""https://us.shein.com/Office-School-Supplies-c-2297.html""},{""name"":""Computer & Office"",""url"":""https://us.shein.com/Computer-Office-c-8290.html""},{""name"":""Computer & Office Accessories"",""url"":""https://us.shein.com/Computer-Office-Accessories-c-9450.html""}]",US,us.shein.com,3,"[""https://img.ltwebstatic.com/images3_spmp/2024/07/23/5d/17216866944fbaa0088fab4b4e3354c6654293d6ef.jpg"",""https://img.ltwebstatic.com/images3_spmp/2024/07/23/5d/17216866944fbaa0088fab4b4e3354c6654293d6ef.jpg"",""https://img.ltwebstatic.com/images3_spmp/2024/07/23/5d/17216866944fbaa0088fab4b4e3354c6654293d6ef.jpg""]",ss2407231507716628,null,"[{""name"":""Color"",""value"":""Multicolor""},{""name"":""Material"",""value"":""PP""}]",39407333,0,null,Office & School Supplies,null,Computer & Office Accessories,Unbeatablesale,"[""one-size""]"
30.7inches Outdoor Water Fountain - 6-Tiers Rock Waterfall Fountain With Led Lights For Home Garden Decor,Free Returns ✓ Free Shipping✓. 30.7inches Outdoor Water Fountain - 6-Tiers Rock Waterfall Fountain With Led Lights For Home Garden Decor- Floor-Standing Fountains at SHEIN.,235.6,170.4,USD,true,N/A,Grey,0,https://img.ltwebstatic.com/images3_spmp/2024/08/15/64/1723705625a659bc9b53bc2be5844752e4423b2c5f_square.jpg,https://us.shein.com/Floor-Standing-Fountains-c-7805.html,https://us.shein.com/30.7inches-Outdoor-Water-Fountain---6-Tiers-Rock-Waterfall-Fountain-With-Led-Lights-For-Home-Garden-Decor-p-40859170.html,"[{""name"":""Home & Living"",""url"":""https://us.shein.com/Home-Living-c-2032.html""},{""name"":""Home Decor"",""url"":""https://us.shein.com/Home-Decor-c-1954.html""},{""name"":""Water Features And Accessories"",""url"":""https://us.shein.com/Water-Features-And-Accessories-c-7803.html""},{""name"":""Floor-Standing Fountains"",""url"":""https://us.shein.com/Floor-Standing-Fountains-c-7805.html""}]",US,us.shein.com,10,"[""https://img.ltwebstatic.com/images3_spmp/2024/08/15/64/1723705625a659bc9b53bc2be5844752e4423b2c5f_square.jpg"",""https://img.ltwebstatic.com/images3_spmp/2024/08/15/64/17237056258f7c21742d16af0e60637eeae515e01f_square.jpg"",""https://img.ltwebstatic.com/images3_spmp/2024/08/15/45/17237056240dc810ccf0dbc1702a9109f5f5d884ea_square.jpg"",""https://img.ltwebstatic.com/images3_spmp/2024/08/15/45/1723705624d01bcb0b8da9a5c2dd2c4b7925047c39_square.jpg"",""https://img.ltwebstatic.com/images3_spmp/2024/08/15/64/17237056254c623392c662b563f4be73499bf421ea_square.jpg"",""https://img.ltwebstatic.com/images3_spmp/2024/08/15/64/1723705625d6914f74e4a92a91e5985cf8ded11db6_square.jpg"",""https://img.ltwebstatic.com/images3_spmp/2024/08/15/45/17237056248eca79eac3c531f50abe30fdab16ec3d_square.jpg"",""https://img.ltwebstatic.com/images3_spmp/2024/08/15/64/1723705625970a8aded006612da744e6d1c490fa88_square.jpg"",""https://img.ltwebstatic.com/images3_spmp/2024/08/15/45/17237056249de4fabc104573955f39ecdbc70fd004_square.jpg"",""https://img.ltwebstatic.com/images3_spmp/2024/08/15/c9/17237056572e48b7ac2a1fa5db81133d2f7d0620b0.jpg""]",sh2408159448780108,null,"[{""name"":""Plug(Voltage)"",""value"":""US B Type Plug(110-127V)""},{""name"":""Power Supply"",""value"":""Wall Plug""},{""name"":""Material"",""value"":""ABS""}]",40859170,0,null,Home & Living,null,Floor-Standing Fountains,SHEIN,"[""Grey""]"
30pcs-2024 Graduation Cap Gift Box Graduation Party Favors Box Candy Treat Box With Gold Tassel - Class Of 2024 Congrats Grad Centerpieces For Table Graduation Party Decorations 2024 - Black Gold,Free Returns ✓ Free Shipping✓. 30pcs-2024 Graduation Cap Gift Box Graduation Party Favors Box Candy Treat Box With Gold Tassel - Class Of 2024 Congrats Grad Centerpieces For Table Graduation Party Decorations 2024 - Black Gold- Gift Wrap Boxes at SHEIN.,7.3,7.1,USD,true,Multicolor,30pcs Graduation Candy Box,0,https://img.ltwebstatic.com/images3_spmp/2024/08/19/c8/1724060490521d0bfd87031882b746acef5853772d_square.jpg,https://us.shein.com/Gift-Wrap-Boxes-c-6137.html,https://us.shein.com/30pcs-2024-Graduation-Cap-Gift-Box-Graduation-Party-Favors-Box-Candy-Treat-Box-With-Gold-Tassel---Class-Of-2024-Congrats-Grad-Centerpieces-For-Table-Graduation-Party-Decorations-2024---Black-Gold-p-41167689.html,"[{""name"":""Home & Living"",""url"":""https://us.shein.com/Home-Living-c-2032.html""},{""name"":""Event & Party Supplies"",""url"":""https://us.shein.com/Event-Party-Supplies-c-2496.html""},{""name"":""Gift Wrapping Supplies"",""url"":""https://us.shein.com/Gift-Wrapping-Supplies-c-6132.html""},{""name"":""Gift Wrap Boxes"",""url"":""https://us.shein.com/Gift-Wrap-Boxes-c-6137.html""}]",US,us.shein.com,4,"[""https://img.ltwebstatic.com/images3_spmp/2024/08/19/c8/1724060490521d0bfd87031882b746acef5853772d_square.jpg"",""https://img.ltwebstatic.com/images3_spmp/2024/08/19/b2/1724060304daff28f4882503efc8b148211bf5a529_square.jpg"",""https://img.ltwebstatic.com/images3_abc/2024/08/19/5d/172406031622e30384702cc5922adc95e656943618_square.png"",""https://img.ltwebstatic.com/images3_spmp/2024/08/19/b2/1724060304715b22221d16d7a91afd3cfa196b06b9_square.jpg""]",sh2408191282099918,null,"[{""name"":""Color"",""value"":""Multicolor""},{""name"":""Material"",""value"":""Paper""},{""name"":""Batteries Included"",""value"":""No""},{""name"":""Power Supply"",""value"":""None""}]",41167689,0,null,Home & Living,null,Gift Wrap Boxes,SHEIN,"[""30pcs Graduation Candy Box""]"
Unbeatablesale 2066-11x14-GC 11 X 14 In. Sidewalk Cafe Poster Print By Van Gogh,Free Returns ✓ Free Shipping✓. Unbeatablesale 2066-11x14-GC 11 X 14 In. Sidewalk Cafe Poster Print By Van Gogh- Posters & Prints at SHEIN.,10.67,10.67,USD,true,Multicolor,one-size,0,https://img.ltwebstatic.com/images3_spmp/2024/08/04/ed/1722704691c290497fe336b04ca8c498b649324abb.jpg,https://us.shein.com/Posters-Prints-c-9789.html,https://us.shein.com/2066-11x14-GC-11-X-14-In.-Sidewalk-Cafe-Poster-Print-By-Van-Gogh-p-40098222.html,"[{""name"":""Home & Living"",""url"":""https://us.shein.com/Home-Living-c-2032.html""},{""name"":""Home Decor"",""url"":""https://us.shein.com/Home-Decor-c-1954.html""},{""name"":""Home Stickers"",""url"":""https://us.shein.com/Home-Stickers-c-3471.html""},{""name"":""Posters & Prints"",""url"":""https://us.shein.com/Posters-Prints-c-9789.html""}]",US,us.shein.com,3,"[""https://img.ltwebstatic.com/images3_spmp/2024/08/04/ed/1722704691c290497fe336b04ca8c498b649324abb.jpg"",""https://img.ltwebstatic.com/images3_spmp/2024/08/04/64/1722704693c99432467067a3b2cc2f13070fe34e42.jpg"",""https://img.ltwebstatic.com/images3_spmp/2024/08/04/ed/1722704691c290497fe336b04ca8c498b649324abb.jpg""]",sh2408055345231367,null,"[{""name"":""Color"",""value"":""Multicolor""},{""name"":""Material"",""value"":""PP""}]",40098222,0,null,Home & Living,null,Posters & Prints,Unbeatablesale,"[""one-size""]"
Infant Anti-Fall Pillow Head Protector Toddler Walking Safety Pad,Free Returns ✓ Free Shipping✓. Infant Anti-Fall Pillow Head Protector Toddler Walking Safety Pad- Baby Safety Harnesses & Leashes at SHEIN.,17.4,11.31,USD,true,Multicolor,Elephant Anti-fall Pillow,0,https://img.ltwebstatic.com/images3_spmp/2024/08/09/cd/1723167062b4209de743b6b078e8266e86ae71dcba.jpg,https://us.shein.com/Baby-Safety-Harnesses-Leashes-c-3259.html,https://us.shein.com/Infant-Anti-Fall-Pillow-Head-Protector-Toddler-Walking-Safety-Pad-p-40137355.html,"[{""name"":""Baby"",""url"":""https://us.shein.com/Baby-c-3224.html""},{""name"":""Baby Supplies"",""url"":""https://us.shein.com/Baby-Supplies-c-4745.html""},{""name"":""Baby Travel Gear"",""url"":""https://us.shein.com/Baby-Travel-Gear-c-3227.html""},{""name"":""Baby Safety Harnesses & Leashes"",""url"":""https://us.shein.com/Baby-Safety-Harnesses-Leashes-c-3259.html""}]",US,us.shein.com,8,"[""https://img.ltwebstatic.com/images3_spmp/2024/08/09/cd/1723167062b4209de743b6b078e8266e86ae71dcba.jpg"",""https://img.ltwebstatic.com/images3_spmp/2024/08/08/73/17231095407a2025f121ca4b861cf0bbcf84cf5a25.jpg"",""https://img.ltwebstatic.com/images3_spmp/2024/08/08/73/17231095400c3f6fce185306c65f287dad972b4b10.jpg"",""https://img.ltwebstatic.com/images3_spmp/2024/08/08/73/1723109540c7bd5b276aa56a781ca91975c2bb199e.jpg"",""https://img.ltwebstatic.com/images3_spmp/2024/08/08/73/17231095405ab9c6bf51b65e802a3786814f77682e.jpg"",""https://img.ltwebstatic.com/images3_spmp/2024/08/08/73/17231095404743c55275dbc28d3dfe59ea44dd31c5.jpg"",""https://img.ltwebstatic.com/images3_spmp/2024/08/19/6b/17240281226c1ab7f8c11deffa3c33debf8dfa51fb.jpg"",""https://img.ltwebstatic.com/images3_spmp/2024/08/01/5e/17224832077e160d222313ae8aac41023fca6467fb.jpg""]",sa2408011886868533,null,"[{""name"":""Composition"",""value"":""100% Polyester""},{""name"":""Color"",""value"":""Multicolor""},{""name"":""Material"",""value"":""Polyester""},{""name"":""Type"",""value"":""Fall Protecteor For Head""},{""name"":""Pattern Type"",""value"":""Cartoon""},{""name"":""Pattern Type"",""value"":""Graphic""},{""name"":""Filling"",""value"":""100% Polyester""}]",40137355,0,null,Baby,null,Baby Safety Harnesses & Leashes,SHEIN,"[""Elephant Anti-fall Pillow""]"
"JAKEHOE Multi-Purpose Fabric Stain Remover, Gentle Cleaning For Stubborn Grease And Dirt","Free Returns ✓ Free Shipping✓. JAKEHOE Multi-Purpose Fabric Stain Remover, Gentle Cleaning For Stubborn Grease And Dirt- Clothes, Carpets and Leather Cleaners, Bleaches & Softeners at SHEIN.",3.5,3.4,USD,true,Multicolor,one-size,0,https://img.ltwebstatic.com/images3_spmp/2024/07/31/94/1722416674443db2693a3262ac546bc7ecaad3391c.jpg,"https://us.shein.com/Clothes,-Carpets-and-Leather-Cleaners,-Bleaches-Softeners-c-5092.html","https://us.shein.com/JAKEHOE-Multi-Purpose-Fabric-Stain-Remover,-Gentle-Cleaning-For-Stubborn-Grease-And-Dirt-p-40020209.html","[{""name"":""Home & Living"",""url"":""https://us.shein.com/Home-Living-c-2032.html""},{""name"":""Household Cleaning & Personal Care"",""url"":""https://us.shein.com/Household-Cleaning-Personal-Care-c-3988.html""},{""name"":""Household Chemicals"",""url"":""https://us.shein.com/Household-Chemicals-c-5070.html""},{""name"":""Clothes, Carpets and Leather Cleaners, Bleaches & Softeners"",""url"":""https://us.shein.com/Clothes,-Carpets-and-Leather-Cleaners,-Bleaches-Softeners-c-5092.html""}]",US,us.shein.com,10,"[""https://img.ltwebstatic.com/images3_spmp/2024/07/31/94/1722416674443db2693a3262ac546bc7ecaad3391c.jpg"",""https://img.ltwebstatic.com/images3_spmp/2024/07/31/94/17224166745f774d06b5d10d22ba039286f27d336d.jpg"",""https://img.ltwebstatic.com/images3_spmp/2024/07/31/94/17224166744ba3d855e3d40570f2e97e93946f9819.jpg"",""https://img.ltwebstatic.com/images3_spmp/2024/07/31/b1/1722416675961b562ea8d7cf4101015ddbac52ae7e.png"",""https://img.ltwebstatic.com/images3_spmp/2024/07/31/94/1722416674c262e0f12ce98927a39a716ab997875f.jpg"",""https://img.ltwebstatic.com/images3_spmp/2024/07/31/83/1722416680203ddbf0684292142703c6f6529fb5e3.jpg"",""https://img.ltwebstatic.com/images3_spmp/2024/07/31/83/17224166800e4d85b4c9a18ab10b9e9ef97c472d4a.jpg"",""https://img.ltwebstatic.com/images3_spmp/2024/07/31/83/17224166805289a592bc9eedd31e7a7af90c13c293.jpg"",""https://img.ltwebstatic.com/images3_spmp/2024/07/31/2d/17224166812e9fb1b6f3966a42536684d47266e0fc.png"",""https://img.ltwebstatic.com/images3_spmp/2024/07/31/83/1722416680bd7c3a28259af79306112dd860e4831b.jpg""]",sh2407315515118117,null,"[{""name"":""Color"",""value"":""Multicolor""},{""name"":""Material"",""value"":""Coconut Shell""}]",40020209,0,null,Home & Living,null,"Clothes, Carpets and Leather Cleaners, Bleaches & Softeners",SHEIN,"[""one-size""]"
"1pc/3pcs 10mm Cute Flower Silicone Straw Caps, Reusable Straw Dust Plugs For 30oz & 40oz Tumblers, Valentine's Day Gift School Supplies,Back To School","Free Returns ✓ Free Shipping✓. 1pc/3pcs 10mm Cute Flower Silicone Straw Caps, Reusable Straw Dust Plugs For 30oz & 40oz Tumblers, Valentine's Day Gift School Supplies,Back To School- Straw at SHEIN.",1.9,1.8,USD,true,Rice Flower 3 Pieces,10mm,0,https://img.ltwebstatic.com/images3_spmp/2024/05/15/64/171577681975546319995ac4ac7a9930170d6784df_square.jpg,https://us.shein.com/1/Straw-c-3481.html,"https://us.shein.com/1/3pcs-10mm-Cute-Flower-Silicone-Drink-Straw-Caps,-Reusable-Dust-Cover-For-30oz-&amp;-40oz-Tumblers,-Valentine%27s-GiftSchool-Supplies,Back-To-School-p-35487738.html","[{""name"":""Home & Living"",""url"":""https://us.shein.com/1/Home-Living-c-2032.html""},{""name"":""Kitchen & Dining"",""url"":""https://us.shein.com/1/Kitchen-Dining-c-1948.html""},{""name"":""Dinnerware"",""url"":""https://us.shein.com/1/Dinnerware-c-3461.html""},{""name"":""Straw"",""url"":""https://us.shein.com/1/Straw-c-3481.html""}]",US,us.shein.com,4,"[""https://img.ltwebstatic.com/images3_spmp/2024/05/15/64/171577681975546319995ac4ac7a9930170d6784df_square.jpg"",""https://img.ltwebstatic.com/images3_spmp/2024/05/15/64/1715776819951268ba9eef851ae2df7f4f77500dae_square.jpg"",""https://img.ltwebstatic.com/images3_spmp/2024/05/15/64/1715776819130482785ab4fdb7f886c488f8fd9c62_square.jpg"",""https://img.ltwebstatic.com/images3_spmp/2024/05/15/8d/171577682039440301f6ebaf9b51436e4ebd53320b_square.jpg""]",sh2311261151951113,null,"[{""name"":""Color"",""value"":""Rice Flower 3 Pieces""},{""name"":""Material"",""value"":""Silicone""},{""name"":""Microwave Safe"",""value"":""No""},{""name"":""Dishwasher Safe"",""value"":""No""},{""name"":""Oven Safe (-4~220 degrees Celsius)"",""value"":""No""}]",35487738,0,null,Home & Living,null,Straw,SHEIN,"[""10mm""]"
Unbeatablesale 15-1900-2424-608 PVC Board 24 X 24 In. - Dark Blue - 1 Piece,Free Returns ✓ Free Shipping✓. Unbeatablesale 15-1900-2424-608 PVC Board 24 X 24 In. - Dark Blue - 1 Piece- Whiteboard at SHEIN.,26.69,26.69,USD,true,Multicolor,one-size,0,https://img.ltwebstatic.com/images3_spmp/2024/08/13/8b/17235028011be5ac2bcc97c0cbe90907560b0f716b.jpg,https://us.shein.com/Whiteboard-c-4137.html,https://us.shein.com/15-1900-2424-608-PVC-Board-24-X-24-In.---Dark-Blue---1-Piece-p-40663617.html,"[{""name"":""Office & School Supplies"",""url"":""https://us.shein.com/Office-School-Supplies-c-2297.html""},{""name"":""Presentation Supplies"",""url"":""https://us.shein.com/Presentation-Supplies-c-4133.html""},{""name"":""Whiteboard"",""url"":""https://us.shein.com/Whiteboard-c-4137.html""}]",US,us.shein.com,3,"[""https://img.ltwebstatic.com/images3_spmp/2024/08/13/8b/17235028011be5ac2bcc97c0cbe90907560b0f716b.jpg"",""https://img.ltwebstatic.com/images3_spmp/2024/08/13/8b/17235028011be5ac2bcc97c0cbe90907560b0f716b.jpg"",""https://img.ltwebstatic.com/images3_spmp/2024/08/13/8b/17235028011be5ac2bcc97c0cbe90907560b0f716b.jpg""]",ss2408130090034993,null,"[{""name"":""Color"",""value"":""Multicolor""},{""name"":""Material"",""value"":""PP""}]",40663617,0,null,Office & School Supplies,null,Whiteboard,Unbeatablesale,"[""one-size""]"
"1pc Unique Design Gray Cubic Zirconia, White Jade Flower, Pearl & Tassel Decor Drop Earrings For Women Daily Wear","Free Returns ✓ Free Shipping✓. 1pc Unique Design Gray Cubic Zirconia, White Jade Flower, Pearl & Tassel Decor Drop Earrings For Women Daily Wear- Women Dangle Earrings at SHEIN.",14.7,14.7,USD,true,N/A,one-size,0,https://img.ltwebstatic.com/images3_spmp/2024/07/31/00/17224034422273ae8b668ee1ac55785da7a177be27_square.jpg,https://us.shein.com/Women-Dangle-Earrings-c-1757.html,"https://us.shein.com/1pc-Unique-Design-Gray-Cubic-Zirconia,-White-Jade-Flower,-Pearl-&amp;-Tassel-Decor-Drop-Earrings-For-Women-Daily-Wear-p-40016176.html","[{""name"":""Jewelry & Watches"",""url"":""https://us.shein.com/Jewelry-Watches-c-3634.html""},{""name"":""Women Fashion Jewelry"",""url"":""https://us.shein.com/Women-Fashion-Jewelry-c-3632.html""},{""name"":""Women Earrings"",""url"":""https://us.shein.com/Women-Earrings-c-4202.html""},{""name"":""Women Dangle Earrings"",""url"":""https://us.shein.com/Women-Dangle-Earrings-c-1757.html""}]",US,us.shein.com,8,"[""https://img.ltwebstatic.com/images3_spmp/2024/07/31/00/17224034422273ae8b668ee1ac55785da7a177be27_square.jpg"",""https://img.ltwebstatic.com/images3_spmp/2024/07/31/23/17224034435642f28089ffdcef913cd76d7cb37411_square.jpg"",""https://img.ltwebstatic.com/images3_spmp/2024/07/31/f8/1722403444a2a9cfaef24fca781bd153fa6228e3af_square.jpg"",""https://img.ltwebstatic.com/images3_spmp/2024/07/31/f8/17224034447e2284b2e702a3669b3c462629189aa2_square.jpg"",""https://img.ltwebstatic.com/images3_spmp/2024/07/31/78/1722403452ab8a6a19674b261115bb82b217849cee.jpg"",""https://img.ltwebstatic.com/images3_spmp/2024/07/31/c6/172240345342b4e6d0f217bd9d5a169c13b80b7769.jpg"",""https://img.ltwebstatic.com/images3_spmp/2024/07/31/c6/1722403453f63fcb9ea2736348f6944a5c14a87ca4.jpg"",""https://img.ltwebstatic.com/images3_spmp/2024/07/31/78/1722403452053653fa555fc8d322032b21a6596a99.jpg""]",sj2407312111090001,null,"[{""name"":""Style"",""value"":""Vacation""},{""name"":""Details"",""value"":""Pearls""},{""name"":""Gender"",""value"":""Women""},{""name"":""Material"",""value"":""Copper""},{""name"":""Style Type"",""value"":""White Jade Flower Pearl Water Drop Multi-drop Tassel Earrings""}]",40016176,0,null,Jewelry & Watches,null,Women Dangle Earrings,SHEIN,"[""one-size""]"
Unbeatablesale Summer Games Large,Free Returns ✓ Free Shipping✓. Unbeatablesale Summer Games Large- Bird Toys at SHEIN.,20.93,20.93,USD,true,Multicolor,one-size,0,https://img.ltwebstatic.com/images3_spmp/2024/08/11/b5/1723391450710b524c0e75f204c616f04a7d3a78a4.jpg,https://us.shein.com/Bird-Toys-c-4031.html,https://us.shein.com/Summer-Games-Large-p-40688279.html,"[{""name"":""Pet Supplies"",""url"":""https://us.shein.com/Pet-Supplies-c-2400.html""},{""name"":""Bird Supplies"",""url"":""https://us.shein.com/Bird-Supplies-c-4028.html""},{""name"":""Bird Toys"",""url"":""https://us.shein.com/Bird-Toys-c-4031.html""}]",US,us.shein.com,3,"[""https://img.ltwebstatic.com/images3_spmp/2024/08/11/b5/1723391450710b524c0e75f204c616f04a7d3a78a4.jpg"",""https://img.ltwebstatic.com/images3_spmp/2024/08/11/b5/1723391450710b524c0e75f204c616f04a7d3a78a4.jpg"",""https://img.ltwebstatic.com/images3_spmp/2024/08/11/b5/1723391450710b524c0e75f204c616f04a7d3a78a4.jpg""]",sp2408134810843249,null,"[{""name"":""Color"",""value"":""Multicolor""},{""name"":""Material"",""value"":""PP""}]",40688279,0,null,Pet Supplies,null,Bird Toys,Unbeatablesale,"[""one-size""]"
"1pc Unisex Square Color Changing Polarized Sunglasses, UV Protection For Driving, Fishing","Free Returns ✓ Free Shipping✓. 1pc Unisex Square Color Changing Polarized Sunglasses, UV Protection For Driving, Fishing- Sports Glasses at SHEIN.",3.6,2.74,USD,true,Black,one-size,0,https://img.ltwebstatic.com/images3_spmp/2024/07/22/79/1721642046b7d591681200a78fed153f6ae7b3ad70_square.jpg,https://us.shein.com/Sports-Glasses-c-3849.html,"https://us.shein.com/1pc-Unisex-Square-Color-Changing-Polarized-Sunglasses,-UV-Protection-For-Driving,-Fishing-p-39475342.html","[{""name"":""Sports & Outdoor"",""url"":""https://us.shein.com/Sports-Outdoor-c-3195.html""},{""name"":""Sports & Outdoor Accessories"",""url"":""https://us.shein.com/Sports-Outdoor-Accessories-c-4329.html""},{""name"":""Sports Glasses"",""url"":""https://us.shein.com/Sports-Glasses-c-3849.html""}]",US,us.shein.com,6,"[""https://img.ltwebstatic.com/images3_spmp/2024/07/22/f5/172164150379984b96f0b9c9d95451a0764503fe1b_square.jpg"",""https://img.ltwebstatic.com/images3_spmp/2024/07/22/79/1721642046b7d591681200a78fed153f6ae7b3ad70_square.jpg"",""https://img.ltwebstatic.com/images3_spmp/2024/07/22/65/1721641522d7cf6429723a4062b2df84edf376b33b_square.jpg"",""https://img.ltwebstatic.com/images3_spmp/2024/07/22/91/1721641532c9f19479242502b1143aca8732e00f87_square.png"",""https://img.ltwebstatic.com/images3_spmp/2024/07/22/fd/17216414966a605f23b52b6ffb08087bbdc1b38c4b_square.jpg"",""https://img.ltwebstatic.com/images3_spmp/2024/07/22/5b/17216415661a6be18c6a7d66d4de218b3d2f781858_square.jpg""]",st2407220870398886,null,"[{""name"":""Color"",""value"":""Black""},{""name"":""Type"",""value"":""Ordinary Cycling Glasses""},{""name"":""Lens Function"",""value"":""Decoration""},{""name"":""Shape"",""value"":""Other Shape""},{""name"":""Material"",""value"":""Aluminum Alloy""}]",39475342,0,null,Sports & Outdoor,null,Sports Glasses,SHEIN,"[""one-size""]"
Unbeatablesale TDI Brands 31-2052 Dewit Dutch Transplant Spade,Free Returns ✓ Free Shipping✓. Unbeatablesale TDI Brands 31-2052 Dewit Dutch Transplant Spade- Gardening Tools at SHEIN.,158.02,158.02,USD,true,Multicolor,one-size,0,https://img.ltwebstatic.com/images3_spmp/2024/07/24/83/1721831735afd2c9f360163d8fff06f976506c2a7d.jpg,https://us.shein.com/Gardening-Tools-c-3358.html,https://us.shein.com/TDI-Brands-31-2052-Dewit-Dutch-Transplant-Spade-p-39644189.html,"[{""name"":""Home & Living"",""url"":""https://us.shein.com/Home-Living-c-2032.html""},{""name"":""Outdoor & Garden"",""url"":""https://us.shein.com/Outdoor-Garden-c-3350.html""},{""name"":""Gardening Tools"",""url"":""https://us.shein.com/Gardening-Tools-c-3358.html""}]",US,us.shein.com,3,"[""https://img.ltwebstatic.com/images3_spmp/2024/07/24/83/1721831735afd2c9f360163d8fff06f976506c2a7d.jpg"",""https://img.ltwebstatic.com/images3_spmp/2024/07/24/83/1721831735afd2c9f360163d8fff06f976506c2a7d.jpg"",""https://img.ltwebstatic.com/images3_spmp/2024/07/24/83/1721831735afd2c9f360163d8fff06f976506c2a7d.jpg""]",sh2407268328838856,null,"[{""name"":""Color"",""value"":""Multicolor""},{""name"":""Material"",""value"":""PP""}]",39644189,0,null,Home & Living,null,Gardening Tools,Unbeatablesale,"[""one-size""]"
"Juli Kids Ski Goggles,Interchangeable Double Layer Spherical Lens,OTG Anti-Fog Snowboard Skate Snow Goggles Age 4-16 4300","Free Returns ✓ Free Shipping✓. Juli Kids Ski Goggles,Interchangeable Double Layer Spherical Lens,OTG Anti-Fog Snowboard Skate Snow Goggles Age 4-16 4300- Kids Sports Goggles at SHEIN.",39.99,29.99,USD,true,C2 Blue Frame/Blue Lens,one-size,0,https://img.ltwebstatic.com/images3_spmp/2024/08/01/0b/1722479778a95d3aea78f4508aa553eb11937672ab_square.jpg,https://us.shein.com/Kids-Sports-Goggles-c-12359.html,"https://us.shein.com/Juli-Kids-Ski-Goggles,Interchangeable-Double-Layer-Spherical-Lens,OTG-Anti-Fog-Snowboard-Skate-Snow-Goggles-Age-4-16-4300-p-39965381.html","[{""name"":""Kids"",""url"":""https://us.shein.com/Kids-c-2031.html""},{""name"":""Kids Sports & Outdoor Supplies"",""url"":""https://us.shein.com/Kids-Sports-Outdoor-Supplies-c-12320.html""},{""name"":""Kids Sports & Outdoor Accessories"",""url"":""https://us.shein.com/Kids-Sports-Outdoor-Accessories-c-12328.html""},{""name"":""Kids Sports Goggles"",""url"":""https://us.shein.com/Kids-Sports-Goggles-c-12359.html""}]",US,us.shein.com,10,"[""https://img.ltwebstatic.com/images3_spmp/2024/08/01/0b/1722479778a95d3aea78f4508aa553eb11937672ab_square.jpg"",""https://img.ltwebstatic.com/images3_spmp/2024/08/01/0b/172247977819a8d69c8dbc99c15540c4149e2ef7b3_square.jpg"",""https://img.ltwebstatic.com/images3_spmp/2024/08/01/07/1722479779f51e1a0826445c89be0c44111a5690dd_square.jpg"",""https://img.ltwebstatic.com/images3_spmp/2024/08/01/0b/1722479778d35bedf22d4ab616267f4756ec613c35_square.jpg"",""https://img.ltwebstatic.com/images3_spmp/2024/08/01/0b/17224797789221d6071e50a973e40e5ac469d52ebd_square.jpg"",""https://img.ltwebstatic.com/images3_spmp/2024/08/01/07/172247977986ee168c928455c959cb7c74357bdf40_square.jpg"",""https://img.ltwebstatic.com/images3_spmp/2024/08/01/0b/1722479778abea69226cfac0dd2f36721ad35d1514_square.jpg"",""https://img.ltwebstatic.com/images3_spmp/2024/08/01/01/17224798708eb6cd2f6310d54345b3b535b308afce.jpg"",""https://img.ltwebstatic.com/images3_spmp/2024/08/01/11/172247989330d320f8832a022d76000131e54c4db4.jpg"",""https://img.ltwebstatic.com/images3_spmp/2024/08/01/43/17224798994ff202e4b6b221e67d3caa4075cf102a.jpg""]",st2407266064600302,null,"[{""name"":""Color"",""value"":""C2 Blue Frame/Blue Lens""},{""name"":""Material"",""value"":""TPU""}]",39965381,0,null,Kids,null,Kids Sports Goggles,SHEIN,"[""one-size""]"
1pc Tulle Bow Headpiece Minimalist Wedding Veil Hair Accessory Witch,Free Returns ✓ Free Shipping✓. 1pc Tulle Bow Headpiece Minimalist Wedding Veil Hair Accessory Witch- Bridal Veils at SHEIN.,5.1,4.9,USD,true,White,one-size,0,https://img.ltwebstatic.com/images3_spmp/2024/07/13/09/1720858031dc2420f7a03c8bafd973d023cdd45ecc.jpg,https://us.shein.com/Bridal-Veils-c-3283.html,https://us.shein.com/1pc-Tulle-Bow-Headpiece-Minimalist-Wedding-Veil-Hair-Accessory-Witch-p-38924897.html,"[{""name"":""Apparel Accessories"",""url"":""https://us.shein.com/Apparel-Accessories-c-3631.html""},{""name"":""Wedding & Event"",""url"":""https://us.shein.com/Wedding-Event-c-5907.html""},{""name"":""Wedding Accessories"",""url"":""https://us.shein.com/Wedding-Accessories-c-3279.html""},{""name"":""Bridal Veils"",""url"":""https://us.shein.com/Bridal-Veils-c-3283.html""}]",US,us.shein.com,12,"[""https://img.ltwebstatic.com/images3_spmp/2024/07/13/09/1720858031dc2420f7a03c8bafd973d023cdd45ecc.jpg"",""https://img.ltwebstatic.com/images3_spmp/2024/07/13/16/172085760288cd4cb2f545677759393fbe2883244d.jpg"",""https://img.ltwebstatic.com/images3_spmp/2024/07/13/16/1720857602d0e1af8df8694cf8f19641bf045ef92f.jpg"",""https://img.ltwebstatic.com/images3_spmp/2024/07/13/16/172085760272424e60ce1806f147704de6f50ee8be.jpg"",""https://img.ltwebstatic.com/images3_spmp/2024/07/13/16/17208576026c115413d967cca9c7b953cdaf9102b4.jpg"",""https://img.ltwebstatic.com/images3_spmp/2024/07/13/e5/1720857614ed2632e1bfe65a121182c85402c9f3a5.jpg"",""https://img.ltwebstatic.com/images3_spmp/2024/07/13/e0/17208576093b8a37e8a7c4ff95c6b128a55dce0e70.jpg"",""https://img.ltwebstatic.com/images3_spmp/2024/07/13/cb/17208576100a11075d0befa4b826cfc29a5a802a00.jpg"",""https://img.ltwebstatic.com/images3_spmp/2024/07/13/cb/17208576102b8a0dc2d51444351bdcfc7f354d7a0d.jpg"",""https://img.ltwebstatic.com/images3_spmp/2024/07/13/cb/17208576109ede927b8518248e6aaa3b74a219dc62.jpg"",""https://img.ltwebstatic.com/images3_spmp/2024/07/13/cb/17208576107f93682bdfb2fc48ff5ca4de21f8bbfd.jpg"",""https://img.ltwebstatic.com/images3_spmp/2024/07/13/98/172085761190154affb5d94e269f4f7a7613400819.jpg""]",sc2407136359926553,null,"[{""name"":""Color"",""value"":""White""},{""name"":""Material"",""value"":""Polyester""},{""name"":""Composition"",""value"":""100% Polyester""},{""name"":""Type"",""value"":""Cathedral Veil""},{""name"":""Element"",""value"":""Bow""}]",38924897,0,null,Apparel Accessories,null,Bridal Veils,SHEIN,"[""one-size""]"
Jewellery Pop Beads Kid Toy  Gift 248 Pieces DIY Fashion Beads Set For Necklace Bracelet Art Crafts Motor Skill Training Toy For Girls 3+,Free Returns ✓ Free Shipping✓. Jewellery Pop Beads Kid Toy  Gift 248 Pieces DIY Fashion Beads Set For Necklace Bracelet Art Crafts Motor Skill Training Toy For Girls 3+- Kids Abacuses at SHEIN.,14.4,14.4,USD,true,Jewellery Pop Beads,248PCS,0,https://img.ltwebstatic.com/images3_spmp/2024/08/05/32/1722850786072c5bfa5fd7dcdaab81819c1649666a_square.jpg,https://us.shein.com/Kids-Abacuses-c-7028.html,https://us.shein.com/Jewellery-Pop-Beads-Kid-Toy--Gift-248-Pieces-DIY-Fashion-Beads-Set-For-Necklace-Bracelet-Art-Crafts-Motor-Skill-Training-Toy-For-Girls-3+-p-40452492.html,"[{""name"":""Toys & Games"",""url"":""https://us.shein.com/Toys-Games-c-4328.html""},{""name"":""Kids Educational Toys"",""url"":""https://us.shein.com/Kids-Educational-Toys-c-6996.html""},{""name"":""Kids Preschool Toys"",""url"":""https://us.shein.com/Kids-Preschool-Toys-c-7021.html""},{""name"":""Kids Abacuses"",""url"":""https://us.shein.com/Kids-Abacuses-c-7028.html""}]",US,us.shein.com,23,"[""https://img.ltwebstatic.com/images3_spmp/2024/08/13/f1/172351262145f6bbb7954a979a76ecb2457262e091_square.jpg"",""https://img.ltwebstatic.com/images3_spmp/2024/08/05/c4/1722850473d324561bb816225758779d90f1d2609b_square.jpg"",""https://img.ltwebstatic.com/images3_spmp/2024/08/05/e8/172285045327d257a29267b0ca437b31ee713162c6_square.jpg"",""https://img.ltwebstatic.com/images3_spmp/2024/08/05/e8/1722850453b2e9c8078faf96cb152809693319baeb_square.jpg"",""https://img.ltwebstatic.com/images3_spmp/2024/08/05/f9/172285067022b7263e5f560fdd7bcaa3c8a4f5f027_square.jpg"",""https://img.ltwebstatic.com/images3_spmp/2024/08/05/79/1722850731f8b4a236d5b90e46784e4c83c048cb36_square.jpg"",""https://img.ltwebstatic.com/images3_spmp/2024/08/05/e8/17228504533aab5fd949542866631902fd878b0d0f_square.jpg"",""https://img.ltwebstatic.com/images3_spmp/2024/08/05/e8/1722850631a36d8279dc7e26d4e36c78717a33431a_square.jpg"",""https://img.ltwebstatic.com/images3_spmp/2024/08/05/e8/1722850453df5de6e47b1b9f7e46b6e1563d1aca58_square.jpg"",""https://img.ltwebstatic.com/images3_spmp/2024/08/05/e8/1722850453f8f05c39c190705dc115cf8800f7a2d1_square.jpg"",""https://img.ltwebstatic.com/images3_spmp/2024/08/13/f1/17235126212126d3b3382d76a09b764bcbee9463ba_square.jpg"",""https://img.ltwebstatic.com/images3_spmp/2024/08/05/32/1722850786072c5bfa5fd7dcdaab81819c1649666a_square.jpg"",""https://img.ltwebstatic.com/images3_spmp/2024/08/05/8c/1722845191fba39f48264e36b5c84cfd39a91a71e1_square.jpg"",""https://img.ltwebstatic.com/images3_spmp/2024/08/13/b6/172351259264d3b82ad8932b5e71b6e081ddacc8d1.jpg"",""https://img.ltwebstatic.com/images3_spmp/2024/08/05/20/1722850843c99e7208f76bbb7defd9a0e4a7313d67.jpg"",""https://img.ltwebstatic.com/images3_spmp/2024/08/05/ea/17228508122a920624ab783ab26a1f829cf8aa88e3.jpg"",""https://img.ltwebstatic.com/images3_spmp/2024/08/05/ea/1722850812ca32294d94695a519598641aeab0e827.jpg"",""https://img.ltwebstatic.com/images3_spmp/2024/08/05/25/172285081129e0db599cdec9ca6f1f2008cf85bccc.jpg"",""https://img.ltwebstatic.com/images3_spmp/2024/08/05/ea/1722850812aeea78fd64a0a1eae4bc9445650504cf.jpg"",""https://img.ltwebstatic.com/images3_spmp/2024/08/05/ea/1722850812eabbeea232c1efb9e739710f2b1f5219.jpg"",""https://img.ltwebstatic.com/images3_spmp/2024/08/05/25/1722850811278eac0238aa17351d252973e6ddc51b.jpg"",""https://img.ltwebstatic.com/images3_spmp/2024/08/05/ea/172285081282d07b62223fc991288c4bed7292eb1c.jpg"",""https://img.ltwebstatic.com/images3_spmp/2024/08/13/b6/1723512592354fcb5ab5b00a65791efd68b66ce96f.jpg""]",sl2408056764272516,null,"[{""name"":""Color"",""value"":""Jewellery Pop Beads""},{""name"":""Suitable Age"",""value"":""3-6years""},{""name"":""Suitable Age"",""value"":""6-12years""},{""name"":""Suitable Age"",""value"":""over 12years""},{""name"":""Material"",""value"":""PP""}]",40452492,0,null,Toys & Games,null,Kids Abacuses,SHEIN,"[""248PCS""]"
"1 Set Of Socket Wrenches, Multifunctional Manual Tool Kit For Driving, Chrome Vanadium Steel, Professional Mechanical Car Motorcycle Bicycle Repair Tool, Durable Metal Shell 46-Piece Professional Socket Set - Durable 1/4 Inch Drive Ratchet Wrench Kit With Metric Sockets For Automotive Repair, Household Tasks, And DIY Projects - Includes Storage Case And Heavy-Duty Metal Construction","Free Returns ✓ Free Shipping✓. 1 Set Of Socket Wrenches, Multifunctional Manual Tool Kit For Driving, Chrome Vanadium Steel, Professional Mechanical Car Motorcycle Bicycle Repair Tool, Durable Metal Shell 46-Piece Professional Socket Set - Durable 1/4 Inch Drive Ratchet Wrench Kit With Metric Sockets For Automotive Repair, Household Tasks, And DIY Projects - Includes Storage Case And Heavy-Duty Metal Construction- Hand Tool Sets at SHEIN.",19.8,19.8,USD,true,Multicolor,Red 46,0,https://img.ltwebstatic.com/images3_spmp/2024/08/20/b6/172414583140881b15eb47ea6d8ca7312f448887c8_square.jpg,"https://us.shein.com/1-Set-Of-Socket-Wrenches,-Multifunctional-Manual-Tool-Kit-For-Driving,-Chrome-Vanadium-Steel,-Professional-Mechanical-Car-Motorcycle-Bicycle-Repair-Tool,-Durable-Metal-Shell-46-Piece-Professional-Socket-Set---Durable-1/Hand-Tool-Sets-c-5371.html","https://us.shein.com/1-Set-Of-Socket-Wrenches,-Multifunctional-Manual-Tool-Kit-For-Driving,-Chrome-Vanadium-Steel,-Professional-Mechanical-Car-Motorcycle-Bicycle-Repair-Tool,-Durable-Metal-Shell-46-Piece-Professional-Socket-Set---Durable-1/4-Inch-Drive-Ratchet-Wrench-Kit-With-Metric-Sockets-For-Automotive-Repair,-Household-Tasks,-And-DIY-Projects---Includes-Storage-Case-And-Heavy-Duty-Metal-Construction-p-41216598.html","[{""name"":""Tools & Home Improvement"",""url"":""https://us.shein.com/1-Set-Of-Socket-Wrenches,-Multifunctional-Manual-Tool-Kit-For-Driving,-Chrome-Vanadium-Steel,-Professional-Mechanical-Car-Motorcycle-Bicycle-Repair-Tool,-Durable-Metal-Shell-46-Piece-Professional-Socket-Set---Durable-1/Tools-Home-Improvement-c-4327.html""},{""name"":""Hand & Power Tool Sets"",""url"":""https://us.shein.com/1-Set-Of-Socket-Wrenches,-Multifunctional-Manual-Tool-Kit-For-Driving,-Chrome-Vanadium-Steel,-Professional-Mechanical-Car-Motorcycle-Bicycle-Repair-Tool,-Durable-Metal-Shell-46-Piece-Professional-Socket-Set---Durable-1/Hand-Power-Tool-Sets-c-5370.html""},{""name"":""Hand Tool Sets"",""url"":""https://us.shein.com/1-Set-Of-Socket-Wrenches,-Multifunctional-Manual-Tool-Kit-For-Driving,-Chrome-Vanadium-Steel,-Professional-Mechanical-Car-Motorcycle-Bicycle-Repair-Tool,-Durable-Metal-Shell-46-Piece-Professional-Socket-Set---Durable-1/Hand-Tool-Sets-c-5371.html""}]",US,us.shein.com,20,"[""https://img.ltwebstatic.com/images3_spmp/2024/08/20/b6/172414583140881b15eb47ea6d8ca7312f448887c8_square.jpg"",""https://img.ltwebstatic.com/images3_spmp/2024/08/20/78/17241458307fadfd8d56f88213d7e016c8469b4a75_square.jpg"",""https://img.ltwebstatic.com/images3_spmp/2024/08/20/78/172414583090d6ae836e2fd7761ed9396fae06cad7_square.jpg"",""https://img.ltwebstatic.com/images3_spmp/2024/08/20/b6/1724145831a6ea5d10bc25cfdc6d59b3097cba2307_square.jpg"",""https://img.ltwebstatic.com/images3_spmp/2024/08/20/78/1724145830370b9c5cc3bd9b9504651dc5d0db6a1c_square.jpg"",""https://img.ltwebstatic.com/images3_spmp/2024/08/20/78/1724145830dbe0b534790d159e918601aefabeecd4_square.jpg"",""https://img.ltwebstatic.com/images3_spmp/2024/08/20/78/1724145830b0a6d2ea42a9c6d5ed67a40079607529_square.jpg"",""https://img.ltwebstatic.com/images3_spmp/2024/08/20/78/17241458300c16b5d315dd9c6bfb451a6d163d467a_square.jpg"",""https://img.ltwebstatic.com/images3_spmp/2024/08/20/b6/1724145831814ca004aa55a8382502c949abfcec3b_square.jpg"",""https://img.ltwebstatic.com/images3_spmp/2024/08/25/c9/1724566071fa78875952637ba6d81bd203624d6989_square.jpg"",""https://img.ltwebstatic.com/images3_spmp/2024/08/20/b7/1724145868269a509708c47b409f65adfcaf8175cb.jpg"",""https://img.ltwebstatic.com/images3_spmp/2024/08/20/72/17241458670dcd3b5fa0d80389bc7057f0a541c88e.jpg"",""https://img.ltwebstatic.com/images3_spmp/2024/08/20/72/1724145867112aba14b5fc5976e365514f4a0d44cf.jpg"",""https://img.ltwebstatic.com/images3_spmp/2024/08/20/be/1724145866fece38b64d8d6178c58d27c7c3d884ca.jpg"",""https://img.ltwebstatic.com/images3_spmp/2024/08/20/be/172414586628cfd8269b79f9bd3f781679afb59fac.jpg"",""https://img.ltwebstatic.com/images3_spmp/2024/08/20/72/17241458676a3d318284807f8361f7f70114eb1521.jpg"",""https://img.ltwebstatic.com/images3_spmp/2024/08/20/be/1724145866ada722fe159438660ce858293ca4180a.jpg"",""https://img.ltwebstatic.com/images3_spmp/2024/08/20/72/17241458676ec1d4c6ab24bc1f7d8fdef7abe882fa.jpg"",""https://img.ltwebstatic.com/images3_spmp/2024/08/20/72/17241458672be7d5d908cf55f08b2c080e0d5a70ae.jpg"",""https://img.ltwebstatic.com/images3_spmp/2024/08/25/c2/172456609744d59849fc45891ac2fb5c54ccee0f3a.jpg""]",sr2404067588839433,null,"[{""name"":""Color"",""value"":""Multicolor""},{""name"":""Power Supply"",""value"":""None""},{""name"":""Material"",""value"":""Iron""}]",41216598,0,null,Tools & Home Improvement,null,Hand Tool Sets,SHEIN,"[""Red 46""]"
"1pc Unframed Glittery High-Glossy Fabric Rectangle Contemporary Canvas Poster - Reusable, Pre-Pasted, Multi-Surface Installation - Universe Spaceship UFO Painting, Starry Night Sky Artwork For Bedroom, Office, Living Room, Wall Decor, Home And Dormitory Decoration","Free Returns ✓ Free Shipping✓. 1pc Unframed Glittery High-Glossy Fabric Rectangle Contemporary Canvas Poster - Reusable, Pre-Pasted, Multi-Surface Installation - Universe Spaceship UFO Painting, Starry Night Sky Artwork For Bedroom, Office, Living Room, Wall Decor, Home And Dormitory Decoration- Decorative Painting & Calligraphy at SHEIN.",5,2.5,USD,true,As Pic,50×100cm/frameless,0,https://img.ltwebstatic.com/images3_spmp/2024/08/16/72/1723778991e23f2be9a37b2d319b9d96ebe6e8b1b3_square.jpg,https://us.shein.com/Decorative-Painting-Calligraphy-c-1955.html,"https://us.shein.com/1pc-Unframed-Glittery-High-Glossy-Fabric-Rectangle-Contemporary-Canvas-Poster---Reusable,-Pre-Pasted,-Multi-Surface-Installation---Universe-Spaceship-UFO-Painting,-Starry-Night-Sky-Artwork-For-Bedroom,-Office,-Living-Room,-Wall-Decor,-Home-And-Dormitory-Decoration-p-41016169.html","[{""name"":""Home & Living"",""url"":""https://us.shein.com/Home-Living-c-2032.html""},{""name"":""Home Decor"",""url"":""https://us.shein.com/Home-Decor-c-1954.html""},{""name"":""Painting & Calligraphy"",""url"":""https://us.shein.com/Painting-Calligraphy-c-7979.html""},{""name"":""Decorative Painting & Calligraphy"",""url"":""https://us.shein.com/Decorative-Painting-Calligraphy-c-1955.html""}]",US,us.shein.com,9,"[""https://img.ltwebstatic.com/images3_spmp/2024/08/16/09/172377901961b880d5b98e3899fa3d0f5f426199f9_square.jpg"",""https://img.ltwebstatic.com/images3_spmp/2024/08/16/72/1723778991e23f2be9a37b2d319b9d96ebe6e8b1b3_square.jpg"",""https://img.ltwebstatic.com/images3_spmp/2024/08/16/e6/17237789956f97571a5ee058e7ffada6613a7b8678_square.jpg"",""https://img.ltwebstatic.com/images3_spmp/2024/08/16/57/172377900017e84fcfd7f847d73385662bf121f68e_square.jpg"",""https://img.ltwebstatic.com/images3_spmp/2024/08/16/49/172377900594cc65ab255f4675a6d4e21b92154ba6_square.jpg"",""https://img.ltwebstatic.com/images3_spmp/2024/08/16/ea/17237790099cdd10cbb5ce835c51e09ac4456c0bef_square.jpg"",""https://img.ltwebstatic.com/images3_spmp/2024/08/16/c5/1723779011feedfc6c2dd8b3a49ae2649ddb30799f_square.jpg"",""https://img.ltwebstatic.com/images3_spmp/2024/08/16/72/172377901400713df7ef6109b5d211e65fb741372c_square.jpg"",""https://img.ltwebstatic.com/images3_spmp/2024/08/16/44/1723779021637a385cccb028771aec0e078c6210b3_square.jpg""]",sh2408167372626114,null,"[{""name"":""Style"",""value"":""Modern""},{""name"":""Color"",""value"":""As Pic""},{""name"":""Product Benefits"",""value"":""Removable""},{""name"":""Pattern Type"",""value"":""Galaxy""},{""name"":""Type"",""value"":""Unframed Painting""},{""name"":""Material"",""value"":""Faux Fur""}]",41016169,0,null,Home & Living,null,Decorative Painting & Calligraphy,SHEIN,"[""50×100cm/frameless""]"
Unbeatablesale KB WR1345 48 X 32 X 12 In. Wine Rack - Black,Free Returns ✓ Free Shipping✓. Unbeatablesale KB WR1345 48 X 32 X 12 In. Wine Rack - Black- Bars & Wine Cabinets at SHEIN.,227.62,227.62,USD,true,Multicolor,one-size,0,https://img.ltwebstatic.com/images3_spmp/2024/07/23/ce/1721722830a386c9d588d8d19ba908d5339f5c8e1a.jpg,https://us.shein.com/Bars-Wine-Cabinets-c-5021.html,https://us.shein.com/KB-WR1345-48-X-32-X-12-In.-Wine-Rack---Black-p-39481974.html,"[{""name"":""Tools & Home Improvement"",""url"":""https://us.shein.com/Tools-Home-Improvement-c-4327.html""},{""name"":""Furniture"",""url"":""https://us.shein.com/Furniture-c-4577.html""},{""name"":""Game & Recreation Room Furniture"",""url"":""https://us.shein.com/Game-Recreation-Room-Furniture-c-4978.html""},{""name"":""Bars & Wine Cabinets"",""url"":""https://us.shein.com/Bars-Wine-Cabinets-c-5021.html""}]",US,us.shein.com,3,"[""https://img.ltwebstatic.com/images3_spmp/2024/07/23/ce/1721722830a386c9d588d8d19ba908d5339f5c8e1a.jpg"",""https://img.ltwebstatic.com/images3_spmp/2024/07/23/ce/1721722830a386c9d588d8d19ba908d5339f5c8e1a.jpg"",""https://img.ltwebstatic.com/images3_spmp/2024/07/23/ce/1721722830a386c9d588d8d19ba908d5339f5c8e1a.jpg""]",sr2407231331276543,null,"[{""name"":""Color"",""value"":""Multicolor""},{""name"":""Material"",""value"":""PP""}]",39481974,0,null,Tools & Home Improvement,null,Bars & Wine Cabinets,Unbeatablesale,"[""one-size""]"
"1 Set Vintage Palace-Style British Floral Coffee Cup & Saucer Set, High-End Ceramic Coffee Cup & Saucer, French Afternoon Tea Dessert Cup & Saucer, Exquisite Gift Cup","Free Returns ✓ Free Shipping✓. 1 Set Vintage Palace-Style British Floral Coffee Cup & Saucer Set, High-End Ceramic Coffee Cup & Saucer, French Afternoon Tea Dessert Cup & Saucer, Exquisite Gift Cup- Mugs at SHEIN.",15.6,15.1,USD,true,Multicolor,one-size,0,https://img.ltwebstatic.com/images3_spmp/2024/08/03/08/1722666947e35ad2aff30cdf0571776760f09fadf6.jpg,https://us.shein.com/Mugs-c-3554.html,"https://us.shein.com/1-Set-Vintage-Palace-Style-British-Floral-Coffee-Cup-&amp;-Saucer-Set,-High-End-Ceramic-Coffee-Cup-&amp;-Saucer,-French-Afternoon-Tea-Dessert-Cup-&amp;-Saucer,-Exquisite-Gift-Cup-p-40225127.html","[{""name"":""Home & Living"",""url"":""https://us.shein.com/Home-Living-c-2032.html""},{""name"":""Kitchen & Dining"",""url"":""https://us.shein.com/Kitchen-Dining-c-1948.html""},{""name"":""Drinkware"",""url"":""https://us.shein.com/Drinkware-c-3553.html""},{""name"":""Mugs"",""url"":""https://us.shein.com/Mugs-c-3554.html""}]",US,us.shein.com,12,"[""https://img.ltwebstatic.com/images3_spmp/2024/08/03/08/1722666947e35ad2aff30cdf0571776760f09fadf6.jpg"",""https://img.ltwebstatic.com/images3_spmp/2024/08/03/ef/1722666946d47eeb174ee32446f2aa4472ff264dd5.jpg"",""https://img.ltwebstatic.com/images3_spmp/2024/08/03/08/17226669478db12e3fc1e935855dd3c8a86370b986.jpg"",""https://img.ltwebstatic.com/images3_spmp/2024/08/03/08/1722666947f8a00322112cf3274dec7209354f6bc5.jpg"",""https://img.ltwebstatic.com/images3_spmp/2024/08/03/08/172266694748179a4de76afa6b73aeccddffd299b6.jpg"",""https://img.ltwebstatic.com/images3_spmp/2024/08/03/08/1722666947fcca4c08c005cb414d58b6afd3e32da0.jpg"",""https://img.ltwebstatic.com/images3_spmp/2024/08/03/9d/17226669542e1a521943d015ba166e406f6b47f876.jpg"",""https://img.ltwebstatic.com/images3_spmp/2024/08/03/9d/17226669541880399b73dafaa756d91807c966fc72.jpg"",""https://img.ltwebstatic.com/images3_spmp/2024/08/03/9d/17226669546f9e9871fdec266f50eee8c3b3c39160.jpg"",""https://img.ltwebstatic.com/images3_spmp/2024/08/03/9d/1722666954b1177d2a08cb5ee44025c51d18a108fb.jpg"",""https://img.ltwebstatic.com/images3_spmp/2024/08/03/9d/172266695427c3407205e57eee2cf00118fea74956.jpg"",""https://img.ltwebstatic.com/images3_spmp/2024/08/03/9d/1722666954661ca4b82e5a47795a96e4a24daa2fbd.jpg""]",sh2408032049372671,null,"[{""name"":""Color"",""value"":""Multicolor""},{""name"":""Material"",""value"":""Porcelain""},{""name"":""Pattern Type"",""value"":""Plants""}]",40225127,0,null,Home & Living,null,Mugs,SHEIN,"[""one-size""]"
"DAZY 1PC Pink Color Solid Wide Headband, Classy Look, Elegent, For Casual And Daily Use","Free Returns ✓ Free Shipping✓. DAZY 1PC Pink Color Solid Wide Headband, Classy Look, Elegent, For Casual And Daily Use- Headbands at SHEIN.",1.7,0.97,USD,true,Dusty Pink,one-size,0,https://img.ltwebstatic.com/images3_pi/2023/01/31/16751430309b5ad77c6b8a58c0b9c35843dfea7b5a.jpg,https://us.shein.com/Headbands-c-1778.html,"https://us.shein.com/1PC-Pink-Color-Solid-Wide-Headband,-Classy-Look,-Elegent,-For-Casual-And-Daily-Use-p-12903227.html","[{""name"":""Apparel Accessories"",""url"":""https://us.shein.com/Apparel-Accessories-c-3631.html""},{""name"":""Women Accessories"",""url"":""https://us.shein.com/Women-Accessories-c-1765.html""},{""name"":""Women Hair Accessories"",""url"":""https://us.shein.com/Women-Hair-Accessories-c-3013.html""},{""name"":""Headbands"",""url"":""https://us.shein.com/Headbands-c-1778.html""}]",US,us.shein.com,9,"[""https://img.ltwebstatic.com/images3_pi/2023/01/31/16751430309b5ad77c6b8a58c0b9c35843dfea7b5a.jpg"",""https://img.ltwebstatic.com/images3_pi/2023/01/31/16751430365ed3fd7e73bc1b7d9c39194d74a129e0.jpg"",""https://img.ltwebstatic.com/images3_pi/2023/01/31/16751430400312efeb90ba8ee5eb2aa946a1064e9f.jpg"",""https://img.ltwebstatic.com/images3_pi/2023/01/31/1675143045bd6e2e1bbce75240c1c2b01a724bf90e.jpg"",""https://img.ltwebstatic.com/images3_pi/2023/01/31/16751430506d9db6b0fc2153b70b2075a435396b47.jpg"",""https://img.ltwebstatic.com/images3_pi/2023/01/31/167514305490efcc99f369c20219451f29e975ce93.jpg"",""https://img.ltwebstatic.com/images3_pi/2023/01/31/16751430596238cb948e256825d2648c8760659173.jpg"",""https://img.ltwebstatic.com/images3_pi/2023/01/31/1675143064b1dfc12a54149153bc0c70fa5bc9bd2e.jpg"",""https://img.ltwebstatic.com/images3_pi/2023/01/31/1675143069a26741bff7945c4d177c341099400328.jpg""]",sc2212289099220208,null,"[{""name"":""Color"",""value"":""Dusty Pink""},{""name"":""Material"",""value"":""Acrylic""},{""name"":""Style"",""value"":""Casual""}]",12903227,0,null,Apparel Accessories,null,Headbands,DAZY,"[""one-size""]"
32 Large Wooden Floral Shapes - Craft Wood Decorations & Embellishments,Free Returns ✓ Free Shipping✓. 32 Large Wooden Floral Shapes - Craft Wood Decorations & Embellishments- Wooden Diy Base & Board at SHEIN.,4.7,4.5,USD,true,As the Picture0,32 Pcs,0,https://img.ltwebstatic.com/images3_spmp/2024/08/15/af/1723701923ac8ed8b35e7cd96f5be734ae681dfa26_square.jpg,https://us.shein.com/Wooden-Diy-Base-Board-c-6232.html,https://us.shein.com/32-Large-Wooden-Floral-Shapes---Craft-Wood-Decorations-&amp;-Embellishments-p-40882545.html,"[{""name"":""Home & Living"",""url"":""https://us.shein.com/Home-Living-c-2032.html""},{""name"":""Arts,Crafts & Sewing"",""url"":""https://us.shein.com/Arts,Crafts-Sewing-c-3497.html""},{""name"":""Wood DIY & Accessories"",""url"":""https://us.shein.com/Wood-DIY-Accessories-c-8151.html""},{""name"":""Wooden Diy Base & Board"",""url"":""https://us.shein.com/Wooden-Diy-Base-Board-c-6232.html""}]",US,us.shein.com,7,"[""https://img.ltwebstatic.com/images3_spmp/2024/08/15/af/1723701923ac8ed8b35e7cd96f5be734ae681dfa26_square.jpg"",""https://img.ltwebstatic.com/images3_spmp/2024/08/15/1d/1723701925187e51bae26540e5214a297ed382335d_square.jpg"",""https://img.ltwebstatic.com/images3_spmp/2024/08/15/e1/1723701926eeef815102f421117e242a44b235f51f_square.jpg"",""https://img.ltwebstatic.com/images3_spmp/2024/08/15/a2/1723701928c788875d30cfa383c67720d2d75656aa_square.jpg"",""https://img.ltwebstatic.com/images3_spmp/2024/08/15/6a/1723701930fff2302c16b1ac5698b593c283a88873_square.jpg"",""https://img.ltwebstatic.com/images3_spmp/2024/08/15/af/1723701923ac8ed8b35e7cd96f5be734ae681dfa26_square.jpg"",""https://img.ltwebstatic.com/images3_spmp/2024/08/15/af/1723701923ac8ed8b35e7cd96f5be734ae681dfa26_square.jpg""]",sh2408155676433588,null,"[{""name"":""Color"",""value"":""As the Picture0""},{""name"":""Material"",""value"":""Wood""}]",40882545,0,null,Home & Living,null,Wooden Diy Base & Board,SHEIN,"[""32 Pcs""]"
"Unbeatablesale Tape Logic T933220012PK 0.50 In. X 60 Yards 2200 Masking Tape, Natural - Pack Of 12","Free Returns ✓ Free Shipping✓. Unbeatablesale Tape Logic T933220012PK 0.50 In. X 60 Yards 2200 Masking Tape, Natural - Pack Of 12- Masking Tape at SHEIN.",37.83,37.83,USD,true,Multicolor,one-size,0,https://img.ltwebstatic.com/images3_spmp/2024/08/13/1f/1723502774ae61ee77e4eab479dda04f7b7cc10df6.jpg,https://us.shein.com/Masking-Tape-c-3906.html,"https://us.shein.com/Tape-Logic-T933220012PK-0.50-In.-X-60-Yards-2200-Masking-Tape,-Natural---Pack-Of-12-p-40674323.html","[{""name"":""Office & School Supplies"",""url"":""https://us.shein.com/Office-School-Supplies-c-2297.html""},{""name"":""Tapes,Adhesives & Fasteners"",""url"":""https://us.shein.com/Tapes,Adhesives-Fasteners-c-4120.html""},{""name"":""Masking Tape"",""url"":""https://us.shein.com/Masking-Tape-c-3906.html""}]",US,us.shein.com,3,"[""https://img.ltwebstatic.com/images3_spmp/2024/08/13/1f/1723502774ae61ee77e4eab479dda04f7b7cc10df6.jpg"",""https://img.ltwebstatic.com/images3_spmp/2024/08/13/1f/1723502774ae61ee77e4eab479dda04f7b7cc10df6.jpg"",""https://img.ltwebstatic.com/images3_spmp/2024/08/13/1f/1723502774ae61ee77e4eab479dda04f7b7cc10df6.jpg""]",ss2408132988784681,null,"[{""name"":""Color"",""value"":""Multicolor""},{""name"":""Material"",""value"":""PP""}]",40674323,0,null,Office & School Supplies,null,Masking Tape,Unbeatablesale,"[""one-size""]"
"1 Piece S925 Sterling Silver DIY Bead For Daily Matching, Give To Girlfriend Or Best Friend","Free Returns ✓ Free Shipping✓. 1 Piece S925 Sterling Silver DIY Bead For Daily Matching, Give To Girlfriend Or Best Friend- Fine Beads at SHEIN.",10.6,9.45,USD,true,N/A,Silver,0,https://img.ltwebstatic.com/images3_spmp/2024/07/26/bc/17219833246164bf1a8055d7ef2e602db4a43f2a0e.jpg,https://us.shein.com/Fine-Beads-c-4225.html,"https://us.shein.com/1-Piece-S925-Sterling-Silver-DIY-Bead-For-Daily-Matching,-Give-To-Girlfriend-Or-Best-Friend-p-39764445.html","[{""name"":""Jewelry & Watches"",""url"":""https://us.shein.com/Jewelry-Watches-c-3634.html""},{""name"":""Fine Jewelry"",""url"":""https://us.shein.com/Fine-Jewelry-c-3035.html""},{""name"":""Fine Jewelry Making"",""url"":""https://us.shein.com/Fine-Jewelry-Making-c-6338.html""},{""name"":""Fine Beads"",""url"":""https://us.shein.com/Fine-Beads-c-4225.html""}]",US,us.shein.com,5,"[""https://img.ltwebstatic.com/images3_spmp/2024/07/26/bc/17219833246164bf1a8055d7ef2e602db4a43f2a0e.jpg"",""https://img.ltwebstatic.com/images3_spmp/2024/07/26/6e/1721983082ca9c0cb704d820b91ff571a8da72b3b6.jpg"",""https://img.ltwebstatic.com/images3_spmp/2024/07/26/6e/17219830820e6e57f99c1a05f9d237a9c72c9004fe.jpg"",""https://img.ltwebstatic.com/images3_spmp/2024/07/26/6e/1721983082c80f1e7e8667c37ece7ce86b057edf75.jpg"",""https://img.ltwebstatic.com/images3_spmp/2024/07/24/ed/172179760536766be2bef2339e0297b292adeab1dc.png""]",sj2407268387773681,null,"[{""name"":""Style Type"",""value"":""Stars and Moon""},{""name"":""Material"",""value"":""925 Sterling Silver""},{""name"":""Production Methods"",""value"":""Lab Created""},{""name"":""Main Stone"",""value"":""Cubic Zirconia""}]",39764445,0,null,Jewelry & Watches,null,Fine Beads,SHEIN,"[""Silver""]"
Women's Glitter Strappy Wrapped Wedge Heel Platform Sandals,Free Returns ✓ Free Shipping✓. Women's Glitter Strappy Wrapped Wedge Heel Platform Sandals- Women Platforms & Wedge Sandals at SHEIN.,39.95,39.95,USD,true,Rose Gold,US8.5,0,https://img.ltwebstatic.com/images3_spmp/2024/08/07/73/17229889509d5488c9085988ac0b3919d378714f63_square.jpg,https://us.shein.com/Women-Platforms-Wedge-Sandals-c-3186.html,https://us.shein.com/Women%27s-Glitter-Strappy-Wrapped-Wedge-Heel-Platform-Sandals-p-40278970.html,"[{""name"":""Shoes"",""url"":""https://us.shein.com/Shoes-c-3636.html""},{""name"":""Women Shoes"",""url"":""https://us.shein.com/Women-Shoes-c-1745.html""},{""name"":""Women Sandals"",""url"":""https://us.shein.com/Women-Sandals-c-3183.html""},{""name"":""Women Platforms & Wedge Sandals"",""url"":""https://us.shein.com/Women-Platforms-Wedge-Sandals-c-3186.html""}]",US,us.shein.com,4,"[""https://img.ltwebstatic.com/images3_spmp/2024/08/07/73/17229889509d5488c9085988ac0b3919d378714f63_square.jpg"",""https://img.ltwebstatic.com/images3_spmp/2024/08/07/d6/17229889689a1e5a9c8d09f85f663fa7f6cd7fff02_square.jpg"",""https://img.ltwebstatic.com/images3_spmp/2024/08/07/aa/1722988980552c34bfaa95e46a6e908140a6236022_square.jpg"",""https://img.ltwebstatic.com/images3_spmp/2024/08/07/f7/1722988988b73a88d8a4783e92aa37450ef823c303_square.jpg""]",sx2404238599522473,null,"[{""name"":""Color"",""value"":""Rose Gold""}]",40278970,0,null,Shoes,null,Women Platforms & Wedge Sandals,SHEIN,"[""US8.5""]"
"1 Roll 2cm X 5m Super Strong Waterproof Double Sided Tape: Heavy-Duty Adhesive For Wall Decor & Appliances, Essential For Home DIY Projects","Free Returns ✓ Free Shipping✓. 1 Roll 2cm X 5m Super Strong Waterproof Double Sided Tape: Heavy-Duty Adhesive For Wall Decor & Appliances, Essential For Home DIY Projects- Double Sided Tape at SHEIN.",2.7,2.7,USD,true,N/A,Transparent,0,https://img.ltwebstatic.com/images3_spmp/2024/08/29/56/17249019509fd1cb92d1301a11d95ddbf19d4e7441_square.jpg,https://us.shein.com/Double-Sided-Tape-c-6820.html,"https://us.shein.com/1-Roll-2cm-X-5m-Super-Strong-Waterproof-Double-Sided-Tape:-Heavy-Duty-Adhesive-For-Wall-Decor-&amp;-Appliances,-Essential-For-Home-DIY-Projects-p-40988569.html","[{""name"":""Office & School Supplies"",""url"":""https://us.shein.com/Office-School-Supplies-c-2297.html""},{""name"":""Tapes,Adhesives & Fasteners"",""url"":""https://us.shein.com/Tapes,Adhesives-Fasteners-c-4120.html""},{""name"":""Double Sided Tape"",""url"":""https://us.shein.com/Double-Sided-Tape-c-6820.html""}]",US,us.shein.com,18,"[""https://img.ltwebstatic.com/images3_spmp/2024/08/29/b7/1724901561ca35ed5ae451434040b7115e3d1a02ba_square.jpg"",""https://img.ltwebstatic.com/images3_spmp/2024/08/29/54/17249015955335d8ea4c24be0b363ab4516f21cb92_square.jpg"",""https://img.ltwebstatic.com/images3_spmp/2024/08/29/b7/172490156134cde5428f06110c54501e2fe54e4d3d_square.jpg"",""https://img.ltwebstatic.com/images3_spmp/2024/08/29/b7/1724901561ee535242667a24bd8e6ee5f50f19cada_square.jpg"",""https://img.ltwebstatic.com/images3_spmp/2024/08/29/d6/17249015625cb106b9dc8eafbda080154f6884ec7b_square.jpg"",""https://img.ltwebstatic.com/images3_spmp/2024/08/29/b7/1724901561cc67c525c68d1761e80a759178dc629e_square.jpg"",""https://img.ltwebstatic.com/images3_spmp/2024/08/29/ce/1724901711c0002ba337c0043e24f8187f9ba7931c_square.jpg"",""https://img.ltwebstatic.com/images3_spmp/2024/08/29/ce/1724901711fd4037a3a0258931232b1cc761d974a5_square.jpg"",""https://img.ltwebstatic.com/images3_spmp/2024/08/29/d1/17249017128dc70e999e44deea922e7f49c7075e60_square.jpg"",""https://img.ltwebstatic.com/images3_spmp/2024/08/29/56/17249019509fd1cb92d1301a11d95ddbf19d4e7441_square.jpg"",""https://img.ltwebstatic.com/images3_spmp/2024/08/29/c6/17249018999e00d087fa44da430a4c5e3e24bdb518_square_thumbnail_405x552.jpg"",""https://img.ltwebstatic.com/images3_spmp/2024/08/29/44/17249019484564d35eda6cd3a4ac31b6aaf19238e9_square_thumbnail_405x552.jpg"",""https://img.ltwebstatic.com/images3_spmp/2024/08/29/69/17249018104edb2dd1bfa5f63f83034ea220944c86_square.jpg"",""https://img.ltwebstatic.com/images3_spmp/2024/08/15/ae/1723720113e9e517339b75e580e0b888f596992cdb.jpg"",""https://img.ltwebstatic.com/images3_spmp/2024/08/15/ff/17237201264cede0fd02ee5268a4f29553308892a0.jpg"",""https://img.ltwebstatic.com/images3_spmp/2024/08/15/ff/17237201269acb7e7d90e6efe830b373b7abf226e3.jpg"",""https://img.ltwebstatic.com/images3_spmp/2024/08/15/ff/1723720126723ea67fa6461edf3abaf19255ab0879.jpg"",""https://img.ltwebstatic.com/images3_spmp/2024/08/15/ff/1723720126a501fe49ba5193d04f436af06f01bb8e.jpg""]",ss2408151111104424,null,"[{""name"":""Size"",""value"":""2cm × 5m""},{""name"":""Material"",""value"":""PP""}]",40988569,0,null,Office & School Supplies,null,Double Sided Tape,SHEIN,"[""Transparent""]"
Internet Celebrity PU Iridescent Laser Makeup Bag Ins Single Letter Embroidery Wash Bag Travel Portable Pillow Shaped Storage Bag,Free Returns ✓ Free Shipping✓. Internet Celebrity PU Iridescent Laser Makeup Bag Ins Single Letter Embroidery Wash Bag Travel Portable Pillow Shaped Storage Bag- Makeup Bags at SHEIN.,4.2,3.7,USD,true,Baby Blue,Light Blue a,0,https://img.ltwebstatic.com/images3_spmp/2024/08/07/02/1723040610c1694ad865238ff0b374aba042daf762.jpg,https://us.shein.com/Makeup-Bags-c-1909.html,https://us.shein.com/Internet-Celebrity-PU-Iridescent-Laser-Makeup-Bag-Ins-Single-Letter-Embroidery-Wash-Bag-Travel-Portable-Pillow-Shaped-Storage-Bag-p-40606128.html,"[{""name"":""Beauty & Health"",""url"":""https://us.shein.com/Beauty-Health-c-1864.html""},{""name"":""Beauty Tools"",""url"":""https://us.shein.com/Beauty-Tools-c-2041.html""},{""name"":""Makeup Bag & Storage"",""url"":""https://us.shein.com/Makeup-Bag-Storage-c-8494.html""},{""name"":""Makeup Bags"",""url"":""https://us.shein.com/Makeup-Bags-c-1909.html""}]",US,us.shein.com,9,"[""https://img.ltwebstatic.com/images3_spmp/2024/08/07/9b/17230418908a12949dedf2853fd698a3f99bfd9dec.jpg"",""https://img.ltwebstatic.com/images3_spmp/2024/08/07/02/1723040610c1694ad865238ff0b374aba042daf762.jpg"",""https://img.ltwebstatic.com/images3_spmp/2024/08/07/28/1723041036067d83d94b7611884068f60998eb2c31.jpg"",""https://img.ltwebstatic.com/images3_spmp/2024/08/07/6c/1723040625581e2e2877b985955ab9df1b9ab19841.jpg"",""https://img.ltwebstatic.com/images3_spmp/2024/08/07/c3/172304178091a2223b648a28bb85c5f697db761f66.jpg"",""https://img.ltwebstatic.com/images3_spmp/2024/08/07/26/1723040759fc737ddc1983fd22568f070c9a7e5195.jpg"",""https://img.ltwebstatic.com/images3_spmp/2024/08/07/31/1723041242e323abbcb07fc9273c252383f8694abd.jpg"",""https://img.ltwebstatic.com/images3_spmp/2024/08/09/dd/17232189476711d23c7a2df71405ee32e81a26ef0f.jpg"",""https://img.ltwebstatic.com/images3_spmp/2024/08/07/49/17230412463d9a2b7ba4387c468eeb1e98c8397b25.jpg""]",sb2408071255514081,null,"[{""name"":""Color"",""value"":""Baby Blue""},{""name"":""Power Supply"",""value"":""None""},{""name"":""Batteries Included"",""value"":""No""},{""name"":""Material"",""value"":""PU Leather""}]",40606128,0,null,Beauty & Health,null,Makeup Bags,SHEIN,"[""Light Blue a""]"
"New Retro Square Fashion Glasses, Unisex Chic Chain Big Frame Fashion Glasses, Stylish Outdoor High-End Party Street Snap Fashionable Glasses For Women","Free Returns ✓ Free Shipping✓. New Retro Square Fashion Glasses, Unisex Chic Chain Big Frame Fashion Glasses, Stylish Outdoor High-End Party Street Snap Fashionable Glasses For Women- Women Fashion Glasses at SHEIN.",3.5,2.48,USD,true,N/A,Orange,0,https://img.ltwebstatic.com/images3_spmp/2024/08/13/e9/1723531099bbca047d11d0cd3ae47e201dfca546f2.png,https://us.shein.com/Women-Fashion-Glasses-c-1770.html,"https://us.shein.com/New-Retro-Square-Fashion-Glasses,-Unisex-Chic-Chain-Big-Frame-Fashion-Glasses,-Stylish-Outdoor-High-End-Party-Street-Snap-Fashionable-Glasses-For-Women-p-40770660.html","[{""name"":""Apparel Accessories"",""url"":""https://us.shein.com/Apparel-Accessories-c-3631.html""},{""name"":""Women Accessories"",""url"":""https://us.shein.com/Women-Accessories-c-1765.html""},{""name"":""Women Glasses & Eyewear Accessories"",""url"":""https://us.shein.com/Women-Glasses-Eyewear-Accessories-c-2841.html""},{""name"":""Women Fashion Glasses"",""url"":""https://us.shein.com/Women-Fashion-Glasses-c-1770.html""}]",US,us.shein.com,12,"[""https://img.ltwebstatic.com/images3_spmp/2024/08/13/35/1723530857840ca58583b5cb34dfd0b91c9bd3697c.png"",""https://img.ltwebstatic.com/images3_spmp/2024/08/13/35/1723530857847f684bfd54a5369dc301123b8070ee.png"",""https://img.ltwebstatic.com/images3_spmp/2024/08/13/62/17235308339d90685df5013d069a3921a5c5664890.jpg"",""https://img.ltwebstatic.com/images3_spmp/2024/08/13/bf/172353088632a9cbc645ff35bc3af3616c6efa0b46.jpg"",""https://img.ltwebstatic.com/images3_spmp/2024/08/13/97/1723530913e3c43d2930a6841517f039a1f1d34f7c.jpg"",""https://img.ltwebstatic.com/images3_spmp/2024/08/13/e9/1723531099bbca047d11d0cd3ae47e201dfca546f2.png"",""https://img.ltwebstatic.com/images3_spmp/2024/08/13/1a/1723531117a5067835e04a8586bb22e747a26a33fe.png"",""https://img.ltwebstatic.com/images3_spmp/2024/08/13/20/172353111411516b6e34ba4b0ad6aa491a50447f54.png"",""https://img.ltwebstatic.com/images3_spmp/2024/08/13/52/1723531113fa4e59c9523f341c2ea428415a50cee6.png"",""https://img.ltwebstatic.com/images3_spmp/2024/08/13/d0/17235311114865319977370d3bc7a3415b0637d03e.jpg"",""https://img.ltwebstatic.com/images3_spmp/2024/08/13/d0/17235311112f9acb6195d337be00b624d526563d5e.jpg"",""https://img.ltwebstatic.com/images3_spmp/2024/08/13/25/17235311338ea7291080436d7696b3926726144565.jpg""]",sc2408137693397742,null,"[{""name"":""Batteries Included"",""value"":""No""},{""name"":""Power Supply"",""value"":""None""},{""name"":""Frame Color"",""value"":""Multicolor""},{""name"":""Style"",""value"":""Boho""},{""name"":""Style"",""value"":""Vintage""},{""name"":""Shape"",""value"":""Square""},{""name"":""Frame Material"",""value"":""PC""},{""name"":""Lens Material"",""value"":""PC""},{""name"":""Magnetic"",""value"":""No""},{""name"":""Material"",""value"":""Iron Alloy""},{""name"":""Frame Structure"",""value"":""Full Rim Glasses""},{""name"":""Element"",""value"":""Temple Decorations""}]",40770660,0,null,Apparel Accessories,null,Women Fashion Glasses,SHEIN,"[""Orange""]"
Unbeatablesale Jiallo 72468 12 X 3.25 In. Round Basket,Free Returns ✓ Free Shipping✓. Unbeatablesale Jiallo 72468 12 X 3.25 In. Round Basket- Dispensing Bottles & Storage Bottles at SHEIN.,55.16,55.16,USD,true,Multicolor,one-size,0,https://img.ltwebstatic.com/images3_spmp/2024/08/06/08/1722914971b8343dc4bb49986a65a9c3fef1c6121e.jpg,https://us.shein.com/Dispensing-Bottles-Storage-Bottles-c-2326.html,https://us.shein.com/Jiallo-72468-12-X-3.25-In.-Round-Basket-p-40188488.html,"[{""name"":""Home & Living"",""url"":""https://us.shein.com/Home-Living-c-2032.html""},{""name"":""Storage & Organization"",""url"":""https://us.shein.com/Storage-Organization-c-2298.html""},{""name"":""Storage Boxes , Bottles & Jars"",""url"":""https://us.shein.com/Storage-Boxes-,-Bottles-Jars-c-11989.html""},{""name"":""Dispensing Bottles & Storage Bottles"",""url"":""https://us.shein.com/Dispensing-Bottles-Storage-Bottles-c-2326.html""}]",US,us.shein.com,3,"[""https://img.ltwebstatic.com/images3_spmp/2024/08/06/08/1722914971b8343dc4bb49986a65a9c3fef1c6121e.jpg"",""https://img.ltwebstatic.com/images3_spmp/2024/08/06/08/1722914971b8343dc4bb49986a65a9c3fef1c6121e.jpg"",""https://img.ltwebstatic.com/images3_spmp/2024/08/06/08/1722914971b8343dc4bb49986a65a9c3fef1c6121e.jpg""]",sh2408061116011717,null,"[{""name"":""Color"",""value"":""Multicolor""},{""name"":""Material"",""value"":""PP""}]",40188488,0,null,Home & Living,null,Dispensing Bottles & Storage Bottles,Unbeatablesale,"[""one-size""]"
Unbeatablesale Jackson Professional Tools 027-1838200 Promotional Manure Fork,Free Returns ✓ Free Shipping✓. Unbeatablesale Jackson Professional Tools 027-1838200 Promotional Manure Fork- Garden Power Tool Accessories at SHEIN.,73.2,73.2,USD,true,Multicolor,one-size,0,https://img.ltwebstatic.com/images3_spmp/2024/07/26/2f/17219923182d85da1c31970b64cc2f09a8bcf7d30c.jpg,https://us.shein.com/Garden-Power-Tool-Accessories-c-9354.html,https://us.shein.com/Jackson-Professional-Tools-027-1838200-Promotional-Manure-Fork-p-39735167.html,"[{""name"":""Tools & Home Improvement"",""url"":""https://us.shein.com/Tools-Home-Improvement-c-4327.html""},{""name"":""Garden Tools"",""url"":""https://us.shein.com/Garden-Tools-c-4567.html""},{""name"":""Garden Tool Parts & Accessories"",""url"":""https://us.shein.com/Garden-Tool-Parts-Accessories-c-9297.html""},{""name"":""Garden Power Tool Accessories"",""url"":""https://us.shein.com/Garden-Power-Tool-Accessories-c-9354.html""}]",US,us.shein.com,3,"[""https://img.ltwebstatic.com/images3_spmp/2024/07/26/2f/17219923182d85da1c31970b64cc2f09a8bcf7d30c.jpg"",""https://img.ltwebstatic.com/images3_spmp/2024/07/26/2f/17219923182d85da1c31970b64cc2f09a8bcf7d30c.jpg"",""https://img.ltwebstatic.com/images3_spmp/2024/07/26/2f/17219923182d85da1c31970b64cc2f09a8bcf7d30c.jpg""]",sr2407289155313009,null,"[{""name"":""Color"",""value"":""Multicolor""},{""name"":""Material"",""value"":""PP""}]",39735167,0,null,Tools & Home Improvement,null,Garden Power Tool Accessories,Unbeatablesale,"[""one-size""]"
Unbeatablesale Tape Logic HLT157 0.88 In. Black Loop Individual Tape Dots - Pack Of 900,Free Returns ✓ Free Shipping✓. Unbeatablesale Tape Logic HLT157 0.88 In. Black Loop Individual Tape Dots - Pack Of 900- Adhesive Fastener Tape at SHEIN.,67.09,67.09,USD,true,Multicolor,one-size,0,https://img.ltwebstatic.com/images3_spmp/2024/08/07/97/17229951826c50977874133527dd735e635076d85c.jpg,https://us.shein.com/Adhesive-Fastener-Tape-c-6490.html,https://us.shein.com/Tape-Logic-HLT157-0.88-In.-Black-Loop-Individual-Tape-Dots---Pack-Of-900-p-40253869.html,"[{""name"":""Home & Living"",""url"":""https://us.shein.com/Home-Living-c-2032.html""},{""name"":""Arts,Crafts & Sewing"",""url"":""https://us.shein.com/Arts,Crafts-Sewing-c-3497.html""},{""name"":""Apparel Sewing & Fabric"",""url"":""https://us.shein.com/Apparel-Sewing-Fabric-c-3498.html""},{""name"":""Adhesive Fastener Tape"",""url"":""https://us.shein.com/Adhesive-Fastener-Tape-c-6490.html""}]",US,us.shein.com,3,"[""https://img.ltwebstatic.com/images3_spmp/2024/08/07/97/17229951826c50977874133527dd735e635076d85c.jpg"",""https://img.ltwebstatic.com/images3_spmp/2024/08/07/97/17229951826c50977874133527dd735e635076d85c.jpg"",""https://img.ltwebstatic.com/images3_spmp/2024/08/07/97/17229951826c50977874133527dd735e635076d85c.jpg""]",sh2408078229835137,null,"[{""name"":""Color"",""value"":""Multicolor""},{""name"":""Material"",""value"":""PP""}]",40253869,0,null,Home & Living,null,Adhesive Fastener Tape,Unbeatablesale,"[""one-size""]"
"Tactical Car Seat Back Storage Bag, Universal Car Rear Seat Protector, Upgraded 8 Cup Holder, Tool Accessory Storage Bag, Excellent Gift For Men","Free Returns ✓ Free Shipping✓. Tactical Car Seat Back Storage Bag, Universal Car Rear Seat Protector, Upgraded 8 Cup Holder, Tool Accessory Storage Bag, Excellent Gift For Men- Other Storage at SHEIN.",13.5,12.6,USD,true,Green,one-size,0,https://img.ltwebstatic.com/images3_spmp/2024/08/18/96/1723962064db8e87fa33b42907dadea81220cb1bb0_square.jpg,https://us.shein.com/Other-Storage-c-4463.html,"https://us.shein.com/Tactical-Car-Seat-Back-Storage-Bag,-Universal-Car-Rear-Seat-Protector,-Upgraded-8-Cup-Holder,-Tool-Accessory-Storage-Bag,-Excellent-Gift-For-Men-p-41151819.html","[{""name"":""Bags & Luggage"",""url"":""https://us.shein.com/Bags-Luggage-c-3637.html""},{""name"":""Functional Bags"",""url"":""https://us.shein.com/Functional-Bags-c-4458.html""},{""name"":""Storage Bag"",""url"":""https://us.shein.com/Storage-Bag-c-4460.html""},{""name"":""Other Storage"",""url"":""https://us.shein.com/Other-Storage-c-4463.html""}]",US,us.shein.com,5,"[""https://img.ltwebstatic.com/images3_spmp/2024/08/18/96/1723962064db8e87fa33b42907dadea81220cb1bb0_square.jpg"",""https://img.ltwebstatic.com/images3_spmp/2024/08/18/96/17239620647667823e0e2dbb7137d2d1390c4a4220_square.jpg"",""https://img.ltwebstatic.com/images3_spmp/2024/08/18/5e/1723962066894fe9e921dea709820828f0927a9c5d_square.jpg"",""https://img.ltwebstatic.com/images3_spmp/2024/08/18/89/17239620636c86a6b81470bc56171be3503a895bed_square.jpg"",""https://img.ltwebstatic.com/images3_spmp/2024/08/18/96/1723962064ad6c427caf219e83217324c40ae72c6a_square.jpg""]",sg2408186837602261,null,"[{""name"":""Details"",""value"":""Grommet Eyelet""},{""name"":""Color"",""value"":""Green""},{""name"":""Pattern Type"",""value"":""Plain""},{""name"":""Type"",""value"":""Car Storage""},{""name"":""Closure Type"",""value"":""No-closure""},{""name"":""Material"",""value"":""Polyester""},{""name"":""Composition"",""value"":""100% Polyester""},{""name"":""Gender"",""value"":""Men""},{""name"":""Gender"",""value"":""Women""}]",41151819,0,null,Bags & Luggage,null,Other Storage,SHEIN,"[""one-size""]"
Imperial Imperial The Oglethorpe Tonal Camo Cap (Light Grey),Free Returns ✓ Free Shipping✓. Imperial Imperial The Oglethorpe Tonal Camo Cap (Light Grey)- Men Baseball Cap at SHEIN.,34,26.99,USD,true,Grey,one-size,0,https://img.ltwebstatic.com/images3_spmp/2024/06/05/8f/17175741329faec5199139cbee7d21a2f2ca12f62c_square.jpg,https://us.shein.com/Men-Baseball-Cap-c-2136.html,https://us.shein.com/Imperial-The-Oglethorpe-Tonal-Camo-Cap-(Light-Grey)-p-36388951.html,"[{""name"":""Apparel Accessories"",""url"":""https://us.shein.com/Apparel-Accessories-c-3631.html""},{""name"":""Men Accessories"",""url"":""https://us.shein.com/Men-Accessories-c-2027.html""},{""name"":""Men Hats"",""url"":""https://us.shein.com/Men-Hats-c-5877.html""},{""name"":""Men Baseball Cap"",""url"":""https://us.shein.com/Men-Baseball-Cap-c-2136.html""}]",US,us.shein.com,2,"[""https://img.ltwebstatic.com/images3_spmp/2024/06/05/8f/17175741329faec5199139cbee7d21a2f2ca12f62c_square.jpg"",""https://img.ltwebstatic.com/images3_spmp/2024/06/05/0a/17175741431fe75d5e939a7923468ddbaaba9f201c_square.jpg""]",sc2406058676829288,null,"[{""name"":""Color"",""value"":""Grey""},{""name"":""Material"",""value"":""Fabric""}]",36388951,0,null,Apparel Accessories,null,Men Baseball Cap,Imperial,"[""one-size""]"
Unbeatablesale Jenlis OFN0014 16 X 16 In. Fish In Towel With Carabiner,Free Returns ✓ Free Shipping✓. Unbeatablesale Jenlis OFN0014 16 X 16 In. Fish In Towel With Carabiner- Towel Bars at SHEIN.,15.99,15.99,USD,true,Multicolor,one-size,0,https://img.ltwebstatic.com/images3_spmp/2024/07/29/0a/1722229073b778ea70a197d63fd839d56f5872df5d.jpg,https://us.shein.com/Towel-Bars-c-3538.html,https://us.shein.com/Jenlis-OFN0014-16-X-16-In.-Fish-In-Towel-With-Carabiner-p-39787493.html,"[{""name"":""Home & Living"",""url"":""https://us.shein.com/Home-Living-c-2032.html""},{""name"":""Storage & Organization"",""url"":""https://us.shein.com/Storage-Organization-c-2298.html""},{""name"":""Bathroom Storage & Organization"",""url"":""https://us.shein.com/Bathroom-Storage-Organization-c-3536.html""},{""name"":""Towel Bars"",""url"":""https://us.shein.com/Towel-Bars-c-3538.html""}]",US,us.shein.com,3,"[""https://img.ltwebstatic.com/images3_spmp/2024/07/29/0a/1722229073b778ea70a197d63fd839d56f5872df5d.jpg"",""https://img.ltwebstatic.com/images3_spmp/2024/07/29/0a/1722229073b778ea70a197d63fd839d56f5872df5d.jpg"",""https://img.ltwebstatic.com/images3_spmp/2024/07/29/0a/1722229073b778ea70a197d63fd839d56f5872df5d.jpg""]",sh2407290005068575,null,"[{""name"":""Color"",""value"":""Multicolor""},{""name"":""Material"",""value"":""PP""}]",39787493,0,null,Home & Living,null,Towel Bars,Unbeatablesale,"[""one-size""]"
1PC PumpkinHalloween Metal Frame Pattern Cutting Die For Paper Card Scrapbooking Greeting Card Album Crafts Decorative Metal Cutting Die.,Free Returns ✓ Free Shipping✓. 1PC PumpkinHalloween Metal Frame Pattern Cutting Die For Paper Card Scrapbooking Greeting Card Album Crafts Decorative Metal Cutting Die.- Cutting Dies at SHEIN.,2.2,2.1,USD,true,Silver,one-size,0,https://img.ltwebstatic.com/images3_spmp/2024/08/10/d7/1723264792e48da51337f3a6af807b7729c3781f02_square.jpg,https://us.shein.com/Cutting-Dies-c-6555.html,https://us.shein.com/1PC-PumpkinHalloween-Metal-Frame-Pattern-Cutting-Die-For-Paper-Card-Scrapbooking-Greeting-Card-Album-Crafts-Decorative-Metal-Cutting-Die.-p-40639383.html,"[{""name"":""Home & Living"",""url"":""https://us.shein.com/Home-Living-c-2032.html""},{""name"":""Arts,Crafts & Sewing"",""url"":""https://us.shein.com/Arts,Crafts-Sewing-c-3497.html""},{""name"":""Scrapbooking & Stamping Suppliers"",""url"":""https://us.shein.com/Scrapbooking-Stamping-Suppliers-c-6545.html""},{""name"":""Cutting Dies"",""url"":""https://us.shein.com/Cutting-Dies-c-6555.html""}]",US,us.shein.com,7,"[""https://img.ltwebstatic.com/images3_spmp/2024/08/10/3f/1723264759edd53b498e992664388600c25e1007b1.jpg"",""https://img.ltwebstatic.com/images3_spmp/2024/08/10/b1/1723264760ff798599e96621a8cf67c1e865e12d7d.jpg"",""https://img.ltwebstatic.com/images3_spmp/2024/08/10/3f/172326475929967ca2274ca56410503e60469fe14c.jpg"",""https://img.ltwebstatic.com/images3_spmp/2024/08/10/3f/1723264759d54b830bd32e4dfe3037536e477321ca.jpg"",""https://img.ltwebstatic.com/images3_spmp/2024/08/10/3f/17232647593b7412159e27341492a9cff2afd5fc89.jpg"",""https://img.ltwebstatic.com/images3_spmp/2024/08/10/3f/172326475953ee691815ecf6dc78854af85b0ef15d.jpg"",""https://img.ltwebstatic.com/images3_spmp/2024/08/10/d7/1723264792e48da51337f3a6af807b7729c3781f02_square.jpg""]",sh2408106756737566,null,"[{""name"":""Color"",""value"":""Silver""},{""name"":""Material"",""value"":""Iron""}]",40639383,0,null,Home & Living,null,Cutting Dies,SHEIN,"[""one-size""]"
1pc Unisex Fashionable Minimalist Trouser Chain For Dress Decoration Halloween,Free Returns ✓ Free Shipping✓. 1pc Unisex Fashionable Minimalist Trouser Chain For Dress Decoration Halloween- Women Pants Chain at SHEIN.,1.3,1.2,USD,true,Silver,one-size,0,https://img.ltwebstatic.com/images3_pi/2023/03/26/16798136591817d37e8ba5a4fa609ae6ecadb0b615.jpg,https://us.shein.com/Women-Pants-Chain-c-5901.html,https://us.shein.com/1pc-Unisex-Fashionable-Minimalist-Trouser-Chain-For-Dress-Decoration-Halloween-p-14169964.html,"[{""name"":""Apparel Accessories"",""url"":""https://us.shein.com/Apparel-Accessories-c-3631.html""},{""name"":""Women Accessories"",""url"":""https://us.shein.com/Women-Accessories-c-1765.html""},{""name"":""Women Belts & Belts Accessories"",""url"":""https://us.shein.com/Women-Belts-Belts-Accessories-c-3868.html""},{""name"":""Women Pants Chain"",""url"":""https://us.shein.com/Women-Pants-Chain-c-5901.html""}]",US,us.shein.com,2,"[""https://img.ltwebstatic.com/images3_pi/2023/03/26/16798136591817d37e8ba5a4fa609ae6ecadb0b615.jpg"",""https://img.ltwebstatic.com/images3_pi/2023/03/26/1679813661bbb40eb84c0733fcfac931087e3a21f6.jpg""]",sc2303264441177116,null,"[{""name"":""Color"",""value"":""Silver""},{""name"":""Style"",""value"":""Street""},{""name"":""Belts Width"",""value"":""Thin Belt""},{""name"":""Stretch"",""value"":""Non-Stretch""},{""name"":""Material"",""value"":""Aluminum Alloy""}]",14169964,0,null,Apparel Accessories,null,Women Pants Chain,SHEIN,"[""one-size""]"
Unbeatablesale 14K Yellow Gold Two-Tone Diamond-Cut 15 Pendant,Free Returns ✓ Free Shipping✓. Unbeatablesale 14K Yellow Gold Two-Tone Diamond-Cut 15 Pendant- Pendants at SHEIN.,88.22,88.22,USD,true,Gold,one-size,0,https://img.ltwebstatic.com/images3_spmp/2024/08/09/6d/17231586934b4d605cd85c8751b006538418615dbe.jpg,https://us.shein.com/Pendants-c-7495.html,https://us.shein.com/14K-Yellow-Gold-Two-Tone-Diamond-Cut-15-Pendant-p-40433496.html,"[{""name"":""Jewelry & Watches"",""url"":""https://us.shein.com/Jewelry-Watches-c-3634.html""},{""name"":""Jewelry Making"",""url"":""https://us.shein.com/Jewelry-Making-c-4219.html""},{""name"":""Pendants & Charms"",""url"":""https://us.shein.com/Pendants-Charms-c-7493.html""},{""name"":""Pendants"",""url"":""https://us.shein.com/Pendants-c-7495.html""}]",US,us.shein.com,3,"[""https://img.ltwebstatic.com/images3_spmp/2024/08/09/6d/17231586934b4d605cd85c8751b006538418615dbe.jpg"",""https://img.ltwebstatic.com/images3_spmp/2024/08/09/6d/17231586934b4d605cd85c8751b006538418615dbe.jpg"",""https://img.ltwebstatic.com/images3_spmp/2024/08/09/6d/17231586934b4d605cd85c8751b006538418615dbe.jpg""]",sj2408097725747552,null,"[{""name"":""Color"",""value"":""Gold""}]",40433496,0,null,Jewelry & Watches,null,Pendants,Unbeatablesale,"[""one-size""]"
36pcs/Lot Extenda-Bond Mini Blue Lace Wig Tape Double Sided Adhesive Hair Tape For Lace Wigs/Wigs,Free Returns ✓ Free Shipping✓. 36pcs/Lot Extenda-Bond Mini Blue Lace Wig Tape Double Sided Adhesive Hair Tape For Lace Wigs/Wigs- Wig Tools at SHEIN.,3.5,2.43,USD,true,Blue,36pcs,0,https://img.ltwebstatic.com/images3_spmp/2024/08/06/3b/172293543101c92663892a2767b10fb76f1b2d647d_square.png,https://us.shein.com/36pcs/Lot-Extenda-Bond-Mini-Blue-Lace-Wig-Tape-Double-Sided-Adhesive-Hair-Tape-For-Lace-Wigs/Wig-Tools-c-3709.html,https://us.shein.com/36pcs/Lot-Extenda-Bond-Mini-Blue-Lace-Wig-Tape-Double-Sided-Adhesive-Hair-Tape-For-Lace-Wigs/Wigs-p-40501948.html,"[{""name"":""Beauty & Health"",""url"":""https://us.shein.com/36pcs/Lot-Extenda-Bond-Mini-Blue-Lace-Wig-Tape-Double-Sided-Adhesive-Hair-Tape-For-Lace-Wigs/Beauty-Health-c-1864.html""},{""name"":""Wigs & Accs"",""url"":""https://us.shein.com/36pcs/Lot-Extenda-Bond-Mini-Blue-Lace-Wig-Tape-Double-Sided-Adhesive-Hair-Tape-For-Lace-Wigs/Wigs-Accs-c-3644.html""},{""name"":""Wig Caps & Tools"",""url"":""https://us.shein.com/36pcs/Lot-Extenda-Bond-Mini-Blue-Lace-Wig-Tape-Double-Sided-Adhesive-Hair-Tape-For-Lace-Wigs/Wig-Caps-Tools-c-4857.html""},{""name"":""Wig Tools"",""url"":""https://us.shein.com/36pcs/Lot-Extenda-Bond-Mini-Blue-Lace-Wig-Tape-Double-Sided-Adhesive-Hair-Tape-For-Lace-Wigs/Wig-Tools-c-3709.html""}]",US,us.shein.com,17,"[""https://img.ltwebstatic.com/images3_spmp/2024/08/06/3b/172293543101c92663892a2767b10fb76f1b2d647d_square.png"",""https://img.ltwebstatic.com/images3_spmp/2024/08/06/e3/1722935560f569ec726952e2b64c97e9f61740eb58_square.jpg"",""https://img.ltwebstatic.com/images3_spmp/2024/08/06/e6/172293556181c949de526d8597289896b9a38cf3cc_square.jpg"",""https://img.ltwebstatic.com/images3_spmp/2024/08/06/e6/172293556191056703f275a182f927fc76deee2fdd_square.jpg"",""https://img.ltwebstatic.com/images3_spmp/2024/08/06/e6/17229355613e45d4310c102a1d29dfca6f9b334a3a_square.jpg"",""https://img.ltwebstatic.com/images3_spmp/2024/08/06/e6/1722935561de8511ab3c51d7759955af554ce45251_square.jpg"",""https://img.ltwebstatic.com/images3_spmp/2024/08/06/e6/172293556170dde109914d79ef5bc39ced561660bb_square.jpg"",""https://img.ltwebstatic.com/images3_spmp/2024/08/06/e3/1722935560f327e8528a10f4c4fb2f360e9fa352d8_square.jpg"",""https://img.ltwebstatic.com/images3_spmp/2024/08/06/bd/1722935434b4674ef03ffd52c1c9c14111d989ee76.png"",""https://img.ltwebstatic.com/images3_spmp/2024/08/06/1a/1722935594304cb47e75c47d1dfde0a075725fdf2a.jpg"",""https://img.ltwebstatic.com/images3_spmp/2024/08/06/5e/172293559326ce284a923d55ea4ea91290adc0a83c.jpg"",""https://img.ltwebstatic.com/images3_spmp/2024/08/06/1a/1722935594f83a50ced1525016b5e2b4c215edac13.jpg"",""https://img.ltwebstatic.com/images3_spmp/2024/08/06/5e/1722935593eb85e6fe779e0b1cab7cc3ddfce48eb2.jpg"",""https://img.ltwebstatic.com/images3_spmp/2024/08/06/5e/17229355934c591f79f276973d70ebbfc86a247474.jpg"",""https://img.ltwebstatic.com/images3_spmp/2024/08/06/5e/1722935593213f2186bb627c4b419eb01b49f54e13.jpg"",""https://img.ltwebstatic.com/images3_spmp/2024/08/06/5e/17229355936660f1d9cebd3125ff0056bc5535543d.jpg"",""https://img.ltwebstatic.com/images3_spmp/2024/08/06/1a/172293559480f8018ce514cf0b7a87175f4080a398.jpg""]",sb2408065822778848,null,"[{""name"":""Color"",""value"":""Blue""},{""name"":""Material"",""value"":""Synthetic Fiber""},{""name"":""Type"",""value"":""Wig Tape""}]",40501948,0,null,Beauty & Health,null,Wig Tools,SHEIN,"[""36pcs""]"
"20pcs/Set Travel Organisers, Shoe Bags, Packing Bags, Storage Drawstring Bags","Free Returns ✓ Free Shipping✓. 20pcs/Set Travel Organisers, Shoe Bags, Packing Bags, Storage Drawstring Bags- Storage Bags at SHEIN.",8.2,7.83,USD,true,White,20pcs/pack,0,https://img.ltwebstatic.com/images3_spmp/2024/07/19/28/17213763646825491bf27151a3f2776eba84aae273_square.jpg,https://us.shein.com/20pcs/Storage-Bags-c-11889.html,"https://us.shein.com/20pcs/Set-Travel-Organisers,-Shoe-Bags,-Packing-Bags,-Storage-Drawstring-Bags-p-39755684.html","[{""name"":""Home & Living"",""url"":""https://us.shein.com/20pcs/Home-Living-c-2032.html""},{""name"":""Household Cleaning & Personal Care"",""url"":""https://us.shein.com/20pcs/Household-Cleaning-Personal-Care-c-3988.html""},{""name"":""Cleaning Suppliers Storages"",""url"":""https://us.shein.com/20pcs/Cleaning-Suppliers-Storages-c-11880.html""},{""name"":""Storage Bags"",""url"":""https://us.shein.com/20pcs/Storage-Bags-c-11889.html""}]",US,us.shein.com,10,"[""https://img.ltwebstatic.com/images3_spmp/2024/07/19/28/17213763646825491bf27151a3f2776eba84aae273_square.jpg"",""https://img.ltwebstatic.com/images3_spmp/2024/07/19/40/172137636007f174b368d636156c783420fb1ba78a_square.jpg"",""https://img.ltwebstatic.com/images3_spmp/2024/07/19/28/172137636483c7126c6fa5cdad71a8ca5af9dd59f1_square.jpg"",""https://img.ltwebstatic.com/images3_spmp/2024/07/19/7b/1721376365acc3b68810a90c97a115d19dec77b26b_square.jpg"",""https://img.ltwebstatic.com/images3_spmp/2024/07/19/33/172137636163723a10701c0ab822e7facd005c7fc8_square.jpg"",""https://img.ltwebstatic.com/images3_spmp/2024/07/19/32/1721376358c35087dd3483c3d7603c6e1c0747b4b0_square.jpg"",""https://img.ltwebstatic.com/images3_spmp/2024/07/19/06/17213763505432706000b121c78ceefdad12805ea5_square.jpg"",""https://img.ltwebstatic.com/images3_spmp/2024/07/19/06/17213763500d54da2fb0e3b80e14df0edde595bbe5_square.jpg"",""https://img.ltwebstatic.com/images3_spmp/2024/07/19/32/1721376358a7acb3127f332ca9eb6f4129bb27fd34_square.jpg"",""https://img.ltwebstatic.com/images3_spmp/2024/07/19/94/1721376353ede1db9d34aab0dd14aec9a0bbc43f13_square.jpg""]",sh2407198407810605,null,"[{""name"":""Color"",""value"":""White""},{""name"":""Material"",""value"":""PEVA""}]",39755684,0,null,Home & Living,null,Storage Bags,SHEIN,"[""20pcs/pack""]"
"1pc Tropical Natural Seashell Handmade Beaded Necklace With Starfish Pendant, Fashionable Ocean-Inspired Jewelry For Women, Suitable For Vacation, Party And Daily Wear","Free Returns ✓ Free Shipping✓. 1pc Tropical Natural Seashell Handmade Beaded Necklace With Starfish Pendant, Fashionable Ocean-Inspired Jewelry For Women, Suitable For Vacation, Party And Daily Wear- Women Beaded Necklaces at SHEIN.",2.2,2.2,USD,true,N/A,Conch,0,https://img.ltwebstatic.com/images3_spmp/2024/07/19/a3/17213507143f781c316778c2b375d1081b426795fc.jpg,https://us.shein.com/Women-Beaded-Necklaces-c-4212.html,"https://us.shein.com/1pc-Tropical-Natural-Seashell-Handmade-Beaded-Necklace-With-Starfish-Pendant,-Fashionable-Ocean-Inspired-Jewelry-For-Women,-Suitable-For-Vacation,-Party-And-Daily-Wear-p-40054226.html","[{""name"":""Jewelry & Watches"",""url"":""https://us.shein.com/Jewelry-Watches-c-3634.html""},{""name"":""Women Fashion Jewelry"",""url"":""https://us.shein.com/Women-Fashion-Jewelry-c-3632.html""},{""name"":""Women Necklaces"",""url"":""https://us.shein.com/Women-Necklaces-c-4208.html""},{""name"":""Women Beaded Necklaces"",""url"":""https://us.shein.com/Women-Beaded-Necklaces-c-4212.html""}]",US,us.shein.com,8,"[""https://img.ltwebstatic.com/images3_spmp/2024/07/19/a3/17213507143f781c316778c2b375d1081b426795fc.jpg"",""https://img.ltwebstatic.com/images3_spmp/2024/07/19/57/17213507131fc6de102184789c69261e91aaf63f61.jpg"",""https://img.ltwebstatic.com/images3_spmp/2024/07/19/a3/1721350714a954b28dcd3b57ace45f482ea05c7fd9.jpg"",""https://img.ltwebstatic.com/images3_spmp/2024/07/19/3b/1721351084c85f75d180a2fde8ba0517c7c4e98cee.jpg"",""https://img.ltwebstatic.com/images3_spmp/2024/07/19/98/17213510951b6ef8976a4006dac29c384f10eb76da.jpg"",""https://img.ltwebstatic.com/images3_spmp/2024/07/19/98/172135109511dbe396e9716ed8fc89cb16b79e7c14.jpg"",""https://img.ltwebstatic.com/images3_spmp/2024/07/19/98/17213510958df14ab07ee0c05812171bea16b3cc5e.jpg"",""https://img.ltwebstatic.com/images3_spmp/2024/07/19/98/1721351095c8d0f129e1129bca9a2e8add403a171b.jpg""]",sj2407196861026961,null,"[{""name"":""Style"",""value"":""Fashionable""},{""name"":""Details"",""value"":""Marine Life""},{""name"":""Gender"",""value"":""Women""},{""name"":""Material"",""value"":""Shell""},{""name"":""Style Type"",""value"":""Conch + Starfish""},{""name"":""Magnetic"",""value"":""No""}]",40054226,0,null,Jewelry & Watches,null,Women Beaded Necklaces,SHEIN,"[""Conch""]"
"1pc Unisex Bicycle Chain Leather Bracelet, Trendy Motorcycle Style Genuine Leather Wristband","Free Returns ✓ Free Shipping✓. 1pc Unisex Bicycle Chain Leather Bracelet, Trendy Motorcycle Style Genuine Leather Wristband- Men Bracelets at SHEIN.",5.4,2.7,USD,true,Black,one-size,0,https://img.ltwebstatic.com/images3_spmp/2024/08/09/15/1723195805fdb088e0503030c15219e966794a28e1.jpg,https://us.shein.com/Men-Bracelets-c-12142.html,"https://us.shein.com/1pc-Unisex-Bicycle-Chain-Leather-Bracelet,-Trendy-Motorcycle-Style-Genuine-Leather-Wristband-p-40543900.html","[{""name"":""Men"",""url"":""https://us.shein.com/Men-c-2026.html""},{""name"":""Men Jewelry"",""url"":""https://us.shein.com/Men-Jewelry-c-12098.html""},{""name"":""Men Bracelets"",""url"":""https://us.shein.com/Men-Bracelets-c-12142.html""}]",US,us.shein.com,4,"[""https://img.ltwebstatic.com/images3_spmp/2024/08/09/15/1723195805fdb088e0503030c15219e966794a28e1.jpg"",""https://img.ltwebstatic.com/images3_spmp/2024/08/09/27/1723195804227dd6d09fc399787be010358d72ff7a.jpg"",""https://img.ltwebstatic.com/images3_spmp/2024/08/09/ba/1723195803cde9184a241c23173289d03cae8b44e9.jpg"",""https://img.ltwebstatic.com/images3_spmp/2024/08/09/27/1723195804bef3b1da67e0bc1e186140612789271b.jpg""]",sm2408094982763341,null,"[{""name"":""Color"",""value"":""Black""},{""name"":""Material"",""value"":""Zinc Alloy""},{""name"":""Style"",""value"":""Cartoon""},{""name"":""Style"",""value"":""Punk""},{""name"":""Style"",""value"":""Sporty""},{""name"":""Style"",""value"":""Vintage""},{""name"":""Style"",""value"":""Business""},{""name"":""Style"",""value"":""Fantasy""},{""name"":""Style"",""value"":""Fashionable""},{""name"":""Style"",""value"":""Minimalist""},{""name"":""Style"",""value"":""Hip-hop""},{""name"":""Style"",""value"":""Gothic""}]",40543900,0,null,Men,null,Men Bracelets,SHEIN,"[""one-size""]"
Unbeatablesale Kalalou CCG1308 12.5 X 40 In. Vertical Fish Mirror With Rope Hanger,Free Returns ✓ Free Shipping✓. Unbeatablesale Kalalou CCG1308 12.5 X 40 In. Vertical Fish Mirror With Rope Hanger- Decorative Mirrors at SHEIN.,157.95,157.95,USD,true,Multicolor,one-size,0,https://img.ltwebstatic.com/images3_spmp/2024/07/28/41/172215377923b53f4a1f6b7f1ce6c4a5d420d76c9f.jpg,https://us.shein.com/Decorative-Mirrors-c-3472.html,https://us.shein.com/Kalalou-CCG1308-12.5-X-40-In.-Vertical-Fish-Mirror-With-Rope-Hanger-p-39835183.html,"[{""name"":""Home & Living"",""url"":""https://us.shein.com/Home-Living-c-2032.html""},{""name"":""Home Decor"",""url"":""https://us.shein.com/Home-Decor-c-1954.html""},{""name"":""Home Stickers"",""url"":""https://us.shein.com/Home-Stickers-c-3471.html""},{""name"":""Decorative Mirrors"",""url"":""https://us.shein.com/Decorative-Mirrors-c-3472.html""}]",US,us.shein.com,3,"[""https://img.ltwebstatic.com/images3_spmp/2024/07/28/41/172215377923b53f4a1f6b7f1ce6c4a5d420d76c9f.jpg"",""https://img.ltwebstatic.com/images3_spmp/2024/07/28/41/172215377923b53f4a1f6b7f1ce6c4a5d420d76c9f.jpg"",""https://img.ltwebstatic.com/images3_spmp/2024/07/28/41/172215377923b53f4a1f6b7f1ce6c4a5d420d76c9f.jpg""]",sh2407282446243924,null,"[{""name"":""Color"",""value"":""Multicolor""},{""name"":""Material"",""value"":""PP""}]",39835183,0,null,Home & Living,null,Decorative Mirrors,Unbeatablesale,"[""one-size""]"
10pcs Random Style Milk Chocolate Shaped Pendant For Necklace Or Earrings,Free Returns ✓ Free Shipping✓. 10pcs Random Style Milk Chocolate Shaped Pendant For Necklace Or Earrings- Jewelry Making Charms at SHEIN.,2.5,2.5,USD,true,Multicolor,one-size,0,https://img.ltwebstatic.com/images3_spmp/2024/08/01/89/1722495003d9ed57ee0df13ebee4a090d788ef7779.jpg,https://us.shein.com/Jewelry-Making-Charms-c-3737.html,https://us.shein.com/10pcs-Random-Style-Milk-Chocolate-Shaped-Pendant-For-Necklace-Or-Earrings-p-40072856.html,"[{""name"":""Jewelry & Watches"",""url"":""https://us.shein.com/Jewelry-Watches-c-3634.html""},{""name"":""Jewelry Making"",""url"":""https://us.shein.com/Jewelry-Making-c-4219.html""},{""name"":""Pendants & Charms"",""url"":""https://us.shein.com/Pendants-Charms-c-7493.html""},{""name"":""Jewelry Making Charms"",""url"":""https://us.shein.com/Jewelry-Making-Charms-c-3737.html""}]",US,us.shein.com,3,"[""https://img.ltwebstatic.com/images3_spmp/2024/08/01/89/1722495003d9ed57ee0df13ebee4a090d788ef7779.jpg"",""https://img.ltwebstatic.com/images3_spmp/2024/08/01/89/1722495003fa6a1f86bb69706554db9987d1cf75be.jpg"",""https://img.ltwebstatic.com/images3_spmp/2024/08/01/89/1722495003a070f8d51eda037cbed79e07ad084411.jpg""]",sj2408015363926059,null,"[{""name"":""Style"",""value"":""Holiday""},{""name"":""Style"",""value"":""Family & Friendship""},{""name"":""Color"",""value"":""Multicolor""},{""name"":""Material"",""value"":""ABS""}]",40072856,0,null,Jewelry & Watches,null,Jewelry Making Charms,SHEIN,"[""one-size""]"
"1pc Triangle Pet Sunglasses, Suitable For Cats And Small Dogs, Personality Accessory For Photography And Outdoor Use","Free Returns ✓ Free Shipping✓. 1pc Triangle Pet Sunglasses, Suitable For Cats And Small Dogs, Personality Accessory For Photography And Outdoor Use- Pet Glasses at SHEIN.",1.4,1.26,USD,true,Pink,one-size,0,https://img.ltwebstatic.com/images3_spmp/2023/12/30/29/1703920525e5a4c0a777442a75fc80efdccf501b8e.jpg,https://us.shein.com/Pet-Glasses-c-2907.html,"https://us.shein.com/1pc-Triangle-Pet-Sunglasses,-Suitable-For-Cats-And-Small-Dogs,-Personality-Accessory-For-Photography-And-Outdoor-Use-p-24951995.html","[{""name"":""Pet Supplies"",""url"":""https://us.shein.com/Pet-Supplies-c-2400.html""},{""name"":""Pet Accessories"",""url"":""https://us.shein.com/Pet-Accessories-c-2892.html""},{""name"":""Pet Glasses"",""url"":""https://us.shein.com/Pet-Glasses-c-2907.html""}]",US,us.shein.com,18,"[""https://img.ltwebstatic.com/images3_spmp/2023/12/30/29/1703920525e5a4c0a777442a75fc80efdccf501b8e.jpg"",""https://img.ltwebstatic.com/images3_spmp/2024/03/07/40/17097836508cfd99ea71c9c02a06a18af852e5874a.jpg"",""https://img.ltwebstatic.com/images3_spmp/2024/03/07/fd/1709783649a412f690c2b4ace30f06904a0e899067.jpg"",""https://img.ltwebstatic.com/images3_spmp/2024/03/07/2a/1709783697a772c8eb282250a94a7c6f31a157de21.jpg"",""https://img.ltwebstatic.com/images3_spmp/2024/03/07/ac/1709783621da059e4fc92d115b883b24b5ece4ad2f.jpg"",""https://img.ltwebstatic.com/images3_spmp/2024/03/07/ac/1709783621644a9365295fea672829a5b1e122753d.jpg"",""https://img.ltwebstatic.com/images3_spmp/2024/03/07/fd/1709783649a0bc84ba8365f4e2808944da8ec8c988.jpg"",""https://img.ltwebstatic.com/images3_spmp/2023/12/30/29/17039205257753a25808fda60286c1be6da5c024c4.jpg"",""https://img.ltwebstatic.com/images3_spmp/2023/12/30/b0/1703920524b3b9c7c24828f7ff1c961b94c8010f84.jpg"",""https://img.ltwebstatic.com/images3_spmp/2023/12/30/29/17039205259677d480262830e9c2ea493201b49dbb.jpg"",""https://img.ltwebstatic.com/images3_spmp/2024/08/08/cc/1723080482e8f36ef8134a91bd8458f8f24d7f272a.jpg"",""https://img.ltwebstatic.com/images3_spmp/2024/08/08/cc/1723080482d92e0db7f414e519d976808e98eeaaf9.jpg"",""https://img.ltwebstatic.com/images3_spmp/2024/08/08/2e/1723080481153da8f35505711401cc17c451593555.jpg"",""https://img.ltwebstatic.com/images3_spmp/2024/08/08/2e/1723080481c3febb822db74a4db51cb69c91b647f5.jpg"",""https://img.ltwebstatic.com/images3_spmp/2024/08/08/2e/1723080481d6ea52fe04d7b92c49ec92753040f4be.jpg"",""https://img.ltwebstatic.com/images3_spmp/2024/08/08/2e/17230804815ea8a3220c1680f8cd74b9fb17bba2fc.jpg"",""https://img.ltwebstatic.com/images3_spmp/2024/08/08/aa/17230804835703314d1e50088ceab0ec8c3dbe1409.jpg"",""https://img.ltwebstatic.com/images3_spmp/2024/08/08/aa/17230804835bd10abe4a851dab378e438726bc2bb3.jpg""]",sp2310143334834109,null,"[{""name"":""Color"",""value"":""Pink""},{""name"":""Applicable Pet"",""value"":""Cat/Dog""},{""name"":""Material"",""value"":""PP""}]",24951995,0,null,Pet Supplies,null,Pet Glasses,SHEIN,"[""one-size""]"
Unbeatablesale Irwin Vise-Grip 586-20R 9 Inch Vise-Grip Locking Cha,Free Returns ✓ Free Shipping✓. Unbeatablesale Irwin Vise-Grip 586-20R 9 Inch Vise-Grip Locking Cha- Pliers at SHEIN.,44.44,44.44,USD,true,Multicolor,one-size,0,https://img.ltwebstatic.com/images3_spmp/2024/07/26/af/1721994959abdfb57b1346644fb2421fe38048e5b0.jpg,https://us.shein.com/Pliers-c-4507.html,https://us.shein.com/Irwin-Vise-Grip-586-20R-9-Inch-Vise-Grip-Locking-Cha-p-39742394.html,"[{""name"":""Tools & Home Improvement"",""url"":""https://us.shein.com/Tools-Home-Improvement-c-4327.html""},{""name"":""Hand Tools"",""url"":""https://us.shein.com/Hand-Tools-c-4501.html""},{""name"":""Pliers"",""url"":""https://us.shein.com/Pliers-c-4507.html""}]",US,us.shein.com,3,"[""https://img.ltwebstatic.com/images3_spmp/2024/07/26/af/1721994959abdfb57b1346644fb2421fe38048e5b0.jpg"",""https://img.ltwebstatic.com/images3_spmp/2024/07/26/af/1721994959abdfb57b1346644fb2421fe38048e5b0.jpg"",""https://img.ltwebstatic.com/images3_spmp/2024/07/26/af/1721994959abdfb57b1346644fb2421fe38048e5b0.jpg""]",sr2407287644884224,null,"[{""name"":""Color"",""value"":""Multicolor""},{""name"":""Material"",""value"":""PP""}]",39742394,0,null,Tools & Home Improvement,null,Pliers,Unbeatablesale,"[""one-size""]"
"30pcs Container Set, Food Storage Container With Lid, Airtight, Leak Proof, Easy To Lock, And Plastic Container Set Without Bisphenol A, Used For Grains, Nuts, Flour, And Rice, Kitchen Organizer And Storage Room, Kitchen Accessories","Free Returns ✓ Free Shipping✓. 30pcs Container Set, Food Storage Container With Lid, Airtight, Leak Proof, Easy To Lock, And Plastic Container Set Without Bisphenol A, Used For Grains, Nuts, Flour, And Rice, Kitchen Organizer And Storage Room, Kitchen Accessories- Food Dispensers at SHEIN.",48,31.23,USD,true,Black and White,30pcs,0,https://img.ltwebstatic.com/images3_spmp/2024/07/23/78/172173728585a42033482264f6201e0725466286a5.jpg,https://us.shein.com/Food-Dispensers-c-11846.html,"https://us.shein.com/30pcs-Container-Set,-Food-Storage-Container-With-Lid,-Airtight,-Leak-Proof,-Easy-To-Lock,-And-Plastic-Container-Set-Without-Bisphenol-A,-Used-For-Grains,-Nuts,-Flour,-And-Rice,-Kitchen-Organizer-And-Storage-Room,-Kitchen-Accessories-p-40163022.html","[{""name"":""Home & Living"",""url"":""https://us.shein.com/Home-Living-c-2032.html""},{""name"":""Storage & Organization"",""url"":""https://us.shein.com/Storage-Organization-c-2298.html""},{""name"":""Kitchen Storage & Organization"",""url"":""https://us.shein.com/Kitchen-Storage-Organization-c-3559.html""},{""name"":""Food Dispensers"",""url"":""https://us.shein.com/Food-Dispensers-c-11846.html""}]",US,us.shein.com,21,"[""https://us.shein.com/30pcs-Container-Set,-Food-Storage-Container-With-Lid,-Airtight,-Leak-Proof,-Easy-To-Lock,-And-Plastic-Container-Set-Without-Bisphenol-A,-Used-For-Grains,-Nuts,-Flour,-And-Rice,-Kitchen-Organizer-And-Storage-Room,-Kitchen-Accessories-p-40163022.html"",""https://img.ltwebstatic.com/images3_spmp/2024/07/23/6c/172173722702ace5a924c2405eb9fb07f1dc1e4736.jpg"",""https://img.ltwebstatic.com/images3_spmp/2024/07/23/78/1721737242aa0a08b8986dcaf1c1214afba8f1aae0.jpg"",""https://img.ltwebstatic.com/images3_spmp/2024/07/23/ba/172173737131e54a963b0619486bc44a0edea8377f.jpg"",""https://img.ltwebstatic.com/images3_spmp/2024/07/23/a7/1721737370d53c5ae5555febac86b169f73f86c596.jpg"",""https://img.ltwebstatic.com/images3_spmp/2024/07/23/a7/172173737020c698fe400a6517a27ceb55959bc3a8.jpg"",""https://img.ltwebstatic.com/images3_spmp/2024/07/23/ba/17217373715d0863f6d7c8a8b78c319f46d6b53659.jpg"",""https://img.ltwebstatic.com/images3_spmp/2024/07/23/a7/172173737004839093ac51074cb109848d2878e029.jpg"",""https://img.ltwebstatic.com/images3_spmp/2024/07/23/d9/17217373691731aaffdd7616a447b9c34c8d509e94.jpg"",""https://img.ltwebstatic.com/images3_spmp/2024/07/23/a7/1721737370ff636d8b9ef5dff458414e1170a1cc7a.jpg"",""https://img.ltwebstatic.com/images3_spmp/2024/07/23/78/172173728585a42033482264f6201e0725466286a5.jpg"",""https://img.ltwebstatic.com/images3_spmp/2024/07/23/76/172173729549ecbf21aef7e1b078d4f32b46a9f935.jpg"",""https://img.ltwebstatic.com/images3_spmp/2024/07/23/f8/17217372884adf3c78e2bf75bbf942587ddefd5ee1.jpg"",""https://img.ltwebstatic.com/images3_spmp/2024/07/23/de/172173735705c22f0decd2a80f1a5e0b954dc9e468.jpg"",""https://img.ltwebstatic.com/images3_spmp/2024/07/23/1e/172173737589458a115887eacf1fc851b36b875579.jpg"",""https://img.ltwebstatic.com/images3_spmp/2024/07/23/da/1721737374f96de37275e8edea4070fa85ecde936a.jpg"",""https://img.ltwebstatic.com/images3_spmp/2024/07/23/da/1721737374074296a2603185da52541ba1e483d43b.jpg"",""https://img.ltwebstatic.com/images3_spmp/2024/07/23/1e/1721737375b4d539e632f5fd2bf0fa13924ee4d128.jpg"",""https://img.ltwebstatic.com/images3_spmp/2024/07/23/da/1721737374624b81f8c3c6b3a813d2a8d9181b0d4c.jpg"",""https://img.ltwebstatic.com/images3_spmp/2024/07/23/88/17217373734c0bfd986697c93034bc4b1589e43f8b.jpg"",""https://img.ltwebstatic.com/images3_spmp/2024/07/23/81/17217373763cb9afc7a7f0055dbbad93cf2c47255f.jpg""]",sh2407237542777296,null,"[{""name"":""Color"",""value"":""Black and White""},{""name"":""Material"",""value"":""PP""}]",40163022,0,null,Home & Living,null,Food Dispensers,SHEIN,"[""30pcs""]"
"10pcs Mystery Party Queen Lace Mask, Unstructured Masquerade Mask, Sexy Venetian Carnival Eye Mask","Free Returns ✓ Free Shipping✓. 10pcs Mystery Party Queen Lace Mask, Unstructured Masquerade Mask, Sexy Venetian Carnival Eye Mask- Costume Eyewear at SHEIN.",4.8,3.68,USD,true,Black,one-size,0,https://img.ltwebstatic.com/images3_spmp/2024/08/20/2e/1724143234d4d372b655c0b534ad8b0a6eab0758af.jpg,https://us.shein.com/Costume-Eyewear-c-3082.html,"https://us.shein.com/10pcs-Mystery-Party-Queen-Lace-Mask,-Unstructured-Masquerade-Mask,-Sexy-Venetian-Carnival-Eye-Mask-p-41245064.html","[{""name"":""Apparel Accessories"",""url"":""https://us.shein.com/Apparel-Accessories-c-3631.html""},{""name"":""Costumes & Accessories"",""url"":""https://us.shein.com/Costumes-Accessories-c-5906.html""},{""name"":""Costume Accs"",""url"":""https://us.shein.com/Costume-Accs-c-3068.html""},{""name"":""Costume Eyewear"",""url"":""https://us.shein.com/Costume-Eyewear-c-3082.html""}]",US,us.shein.com,19,"[""https://img.ltwebstatic.com/images3_spmp/2024/08/20/2e/1724143234d4d372b655c0b534ad8b0a6eab0758af.jpg"",""https://img.ltwebstatic.com/images3_spmp/2024/08/20/39/17241432295282f4f1fd33e4cf9048bb06437cbea5.jpg"",""https://img.ltwebstatic.com/images3_spmp/2024/08/20/85/1724143232eeaccb7dc94a10da84518ae30dd9d5e9.jpg"",""https://img.ltwebstatic.com/images3_spmp/2024/08/20/8c/1724143233c2fc1d4b1f20a81b276cceef5c57d2e7.jpg"",""https://img.ltwebstatic.com/images3_spmp/2024/08/20/2e/17241432346aa7f30248918a158069942e346cc61f.jpg"",""https://img.ltwebstatic.com/images3_spmp/2024/08/20/01/1724143231918246c55ed50de34ce8056f590d243e.jpg"",""https://img.ltwebstatic.com/images3_spmp/2024/08/20/2e/17241432342b220d915e7327401f59b5bdb9eb6c18.jpg"",""https://img.ltwebstatic.com/images3_spmp/2024/08/20/2e/172414323453f1896b1cb20135bb47082665c6d476.jpg"",""https://img.ltwebstatic.com/images3_spmp/2024/08/20/84/17241432300aa13f96868e6f7fd9978638f6c87feb.jpg"",""https://img.ltwebstatic.com/images3_spmp/2024/08/20/08/1724143371b18d02c9acd6bd7b3d9ca7dca78d85f0.jpg"",""https://img.ltwebstatic.com/images3_spmp/2024/08/20/94/17241433706650c1446f334cfcec5326050cc2761d.jpg"",""https://img.ltwebstatic.com/images3_spmp/2024/08/20/08/17241433719e80e8a93ad41ab2ab9c662b1e22ee2e.jpg"",""https://img.ltwebstatic.com/images3_spmp/2024/08/20/94/172414337038b24ffc5a32d4f9894791396c11b6f4.jpg"",""https://img.ltwebstatic.com/images3_spmp/2024/08/20/08/1724143371b747fcd20250ad60075dfb28c79a4148.jpg"",""https://img.ltwebstatic.com/images3_spmp/2024/08/20/94/1724143370c4a5d6a3543531a406a763a814c0b9b2.jpg"",""https://img.ltwebstatic.com/images3_spmp/2024/08/20/94/17241433702b7ae34024a668cb9a8cdfb2c6ac983a.jpg"",""https://img.ltwebstatic.com/images3_spmp/2024/08/20/08/1724143371c8b83c4bbfc5b2b472ace2da16d89eb0.jpg"",""https://img.ltwebstatic.com/images3_spmp/2024/08/20/08/17241433717f09f6596684aa2ba7d3ab7d954d43ab.jpg"",""https://img.ltwebstatic.com/images3_spmp/2024/08/20/8c/17241433699a89c316e09eb4600d4178ba9f15c5c6.jpg""]",sc2407306060410556,null,"[{""name"":""Element"",""value"":""Solid Color""},{""name"":""Color"",""value"":""Black""},{""name"":""Style"",""value"":""Sexy""},{""name"":""Style"",""value"":""Party""},{""name"":""Pattern Type"",""value"":""Plain""},{""name"":""Pattern Type"",""value"":""Textured Pattern""},{""name"":""Material"",""value"":""Lace""}]",41245064,0,null,Apparel Accessories,null,Costume Eyewear,SHEIN,"[""one-size""]"
"1 Set Of 4 Reusable Magic Books, Arabic Alphabet Children's Writing Board, Word Practice Books, Calligraphy Practice Toys.","Free Returns ✓ Free Shipping✓. 1 Set Of 4 Reusable Magic Books, Arabic Alphabet Children's Writing Board, Word Practice Books, Calligraphy Practice Toys.- Kids Diaries, Journals, & Notebooks at SHEIN.",4.9,4.9,USD,true,Multicolor,One Set (without Pen),0,https://img.ltwebstatic.com/images3_spmp/2024/08/15/cc/1723713699e3d17ef6e9b324654e173f284938dc14_square.jpg,"https://us.shein.com/Kids-Diaries,-Journals,-Notebooks-c-7071.html","https://us.shein.com/1-Set-Of-4-Reusable-Magic-Books,-Arabic-Alphabet-Children%27s-Writing-Board,-Word-Practice-Books,-Calligraphy-Practice-Toys.-p-40910217.html","[{""name"":""Toys & Games"",""url"":""https://us.shein.com/Toys-Games-c-4328.html""},{""name"":""Kids Educational Toys"",""url"":""https://us.shein.com/Kids-Educational-Toys-c-6996.html""},{""name"":""Kids Reading & Writing"",""url"":""https://us.shein.com/Kids-Reading-Writing-c-7064.html""},{""name"":""Kids Diaries, Journals, & Notebooks"",""url"":""https://us.shein.com/Kids-Diaries,-Journals,-Notebooks-c-7071.html""}]",US,us.shein.com,11,"[""https://us.shein.com/1-Set-Of-4-Reusable-Magic-Books,-Arabic-Alphabet-Children%27s-Writing-Board,-Word-Practice-Books,-Calligraphy-Practice-Toys.-p-40910217.html"",""https://img.ltwebstatic.com/images3_spmp/2024/08/15/fa/1723713658f98edc44a1b6128f77a1efd25a0810cb_square.jpg"",""https://img.ltwebstatic.com/images3_spmp/2024/08/15/77/17237136693527e673df28b53cfc8c775bc8d13734_square.jpg"",""https://img.ltwebstatic.com/images3_spmp/2024/08/15/77/17237136694f1e52909dc3eebd1120d668f61b41b0_square.jpg"",""https://img.ltwebstatic.com/images3_spmp/2024/08/15/77/1723713669492f75ce0593b722ba03cc9624b49a33_square.jpg"",""https://img.ltwebstatic.com/images3_spmp/2024/08/15/77/1723713669f5f9bb148fc14a994ddafa30e59bde47_square.jpg"",""https://img.ltwebstatic.com/images3_spmp/2024/08/15/77/172371366902bcf94aa157eb7548b9abe82572ef94_square.jpg"",""https://img.ltwebstatic.com/images3_spmp/2024/08/15/77/1723713669ca3c4308ab2a033bfbdfd0fb380b2f02_square.jpg"",""https://img.ltwebstatic.com/images3_spmp/2024/08/15/de/172371368986984345d18a7c012e58370bfb59c461_square.jpg"",""https://img.ltwebstatic.com/images3_spmp/2024/08/15/cc/1723713699e3d17ef6e9b324654e173f284938dc14_square.jpg"",""https://img.ltwebstatic.com/images3_spmp/2024/08/15/9c/17237137082751e87e3987a69ff3cf6f0511d26b2f_square.jpg""]",sl2408157399811481,null,"[{""name"":""Color"",""value"":""Multicolor""},{""name"":""Suitable Age"",""value"":""3-6years""},{""name"":""Suitable Age"",""value"":""6-12years""},{""name"":""Suitable Age"",""value"":""over 12years""},{""name"":""Material"",""value"":""Paper""}]",40910217,0,null,Toys & Games,null,"Kids Diaries, Journals, & Notebooks",SHEIN,"[""One Set (without Pen)""]"
"20pcs Dragon Whistle For Christmas Party To Make Fun Of Creative Blow Rolls, Party Props","Free Returns ✓ Free Shipping✓. 20pcs Dragon Whistle For Christmas Party To Make Fun Of Creative Blow Rolls, Party Props- Noise Makers at SHEIN.",1.8,1.8,USD,true,Multicolor,Random Color-20pcs,0,https://img.ltwebstatic.com/images3_spmp/2024/07/24/b5/1721808970171e9235bda7446baa2ae6553d4e4a9b_square.jpg,https://us.shein.com/Noise-Makers-c-4071.html,"https://us.shein.com/20pcs-Dragon-Whistle-For-Christmas-Party-To-Make-Fun-Of-Creative-Blow-Rolls,-Party-Props-p-39533210.html","[{""name"":""Home & Living"",""url"":""https://us.shein.com/Home-Living-c-2032.html""},{""name"":""Event & Party Supplies"",""url"":""https://us.shein.com/Event-Party-Supplies-c-2496.html""},{""name"":""Party Accessories"",""url"":""https://us.shein.com/Party-Accessories-c-3598.html""},{""name"":""Noise Makers"",""url"":""https://us.shein.com/Noise-Makers-c-4071.html""}]",US,us.shein.com,12,"[""https://img.ltwebstatic.com/images3_spmp/2024/07/24/10/1721808875b0b59bff99b72ce26cd5b45a5dcb3324_square.jpg"",""https://img.ltwebstatic.com/images3_spmp/2024/07/24/95/17218088729acfa806a89ab7c0b4b4883e32df0ac8_square.jpg"",""https://img.ltwebstatic.com/images3_spmp/2024/07/24/73/172180887324b5812fd602851e4e7aae46d2b2f451_square.jpg"",""https://img.ltwebstatic.com/images3_spmp/2024/07/24/b0/172180887902adf3fd1b372ab70b0577ed15d62aa1_square.jpg"",""https://img.ltwebstatic.com/images3_spmp/2024/07/24/ff/1721808874eb81352db22a7576f4addd9ca7c0066b_square.jpg"",""https://img.ltwebstatic.com/images3_spmp/2024/07/24/b5/1721808970171e9235bda7446baa2ae6553d4e4a9b_square.jpg"",""https://img.ltwebstatic.com/images3_spmp/2024/07/24/88/1721808987e97ca493f4c98cc578e726919b883e98_square.jpg"",""https://img.ltwebstatic.com/images3_spmp/2024/07/24/c2/1721808976948290a8a0a72cba3d83a03eabfde56a.jpg"",""https://img.ltwebstatic.com/images3_spmp/2024/07/24/3b/17218089756fa07c21391816d2f993a9403b022dfb.jpg"",""https://img.ltwebstatic.com/images3_spmp/2024/07/24/3b/1721808975f3ee17d7905615afcd9f9e0a3e9664d8.jpg"",""https://img.ltwebstatic.com/images3_spmp/2024/07/24/b6/172180897956f48a641de0c8354e9e215da666c050.jpg"",""https://img.ltwebstatic.com/images3_spmp/2024/07/24/c2/17218089767571b278758578587d05117ab1cb63ee.jpg""]",sh2407244684474965,null,"[{""name"":""Occasion"",""value"":""Birthday Party""},{""name"":""Occasion"",""value"":""Graduation Party""},{""name"":""Occasion"",""value"":""Themed Party""},{""name"":""Color"",""value"":""Multicolor""},{""name"":""Material"",""value"":""PP""},{""name"":""Power Supply"",""value"":""None""}]",39533210,0,null,Home & Living,null,Noise Makers,SHEIN,"[""Random Color-20pcs""]"
"36 Pack Kraft Christmas Greeting Cards With Envelopes Bulk Box Set, 6 Winter Holiday Designs (4x6 In)","Free Returns ✓ Free Shipping✓. 36 Pack Kraft Christmas Greeting Cards With Envelopes Bulk Box Set, 6 Winter Holiday Designs (4x6 In)- Invitations Cards & Letters at SHEIN.",24.99,14.99,USD,true,Brown,one-size,0,https://img.ltwebstatic.com/images3_spmp/2023/11/10/f4/1699583393294f74fadbee9683c1eb0d731393f5ab.jpg,https://us.shein.com/Invitations-Cards-Letters-c-3608.html,"https://us.shein.com/36-Pack-Kraft-Christmas-Greeting-Cards-With-Envelopes-Bulk-Box-Set,-6-Winter-Holiday-Designs-(4x6-In)-p-26383785.html","[{""name"":""Home & Living"",""url"":""https://us.shein.com/Home-Living-c-2032.html""},{""name"":""Event & Party Supplies"",""url"":""https://us.shein.com/Event-Party-Supplies-c-2496.html""},{""name"":""Party Accessories"",""url"":""https://us.shein.com/Party-Accessories-c-3598.html""},{""name"":""Invitations Cards & Letters"",""url"":""https://us.shein.com/Invitations-Cards-Letters-c-3608.html""}]",US,us.shein.com,9,"[""https://img.ltwebstatic.com/images3_spmp/2023/11/10/f4/1699583393294f74fadbee9683c1eb0d731393f5ab.jpg"",""https://img.ltwebstatic.com/images3_spmp/2023/11/10/68/16995833992c3c81115980e744e2f0953db19c022e.jpg"",""https://img.ltwebstatic.com/images3_spmp/2023/11/10/60/16995834028defa39bc7194d390c82bc8a337a74bc.jpg"",""https://img.ltwebstatic.com/images3_spmp/2023/11/10/cb/16995834055682d37c66d64a9641a2beb45a5e99ee.jpg"",""https://img.ltwebstatic.com/images3_spmp/2023/11/10/2a/1699583407776947dbb0a25c4b1587e6a6404da31b.jpg"",""https://img.ltwebstatic.com/images3_spmp/2023/11/10/f1/16995834109add057dab3272bb9a4161ebfeb66e5f.jpg"",""https://img.ltwebstatic.com/images3_spmp/2023/11/10/fe/169958341238b631ea3156cf82d58962c29f6446a4.jpg"",""https://img.ltwebstatic.com/images3_spmp/2023/11/10/9a/169958341529237fe1d241eb4e36b01d716d236d9c.jpg"",""https://img.ltwebstatic.com/images3_spmp/2023/11/10/a8/169958341797db23be82b01ea3af65101cc3d0fa8f.jpg""]",sh2311106915509990,null,"[{""name"":""Color"",""value"":""Brown""}]",26383785,0,null,Home & Living,null,Invitations Cards & Letters,SHEIN,"[""one-size""]"
Unbeatablesale Tape Logic PL435 10 X 12 In. 2 Mil Poly Red Packing List Enclosed Envelopes,Free Returns ✓ Free Shipping✓. Unbeatablesale Tape Logic PL435 10 X 12 In. 2 Mil Poly Red Packing List Enclosed Envelopes- Paper Envelopes at SHEIN.,98.53,98.53,USD,true,Red,one-size,0,https://img.ltwebstatic.com/images3_spmp/2024/08/08/72/1723131572e0c4ec4769f206c4151e4bd0e71c5b82.jpg,https://us.shein.com/Paper-Envelopes-c-3655.html,https://us.shein.com/Tape-Logic-PL435-10-X-12-In.-2-Mil-Poly-Red-Packing-List-Enclosed-Envelopes-p-40417367.html,"[{""name"":""Office & School Supplies"",""url"":""https://us.shein.com/Office-School-Supplies-c-2297.html""},{""name"":""Mail & Shipping Supplies"",""url"":""https://us.shein.com/Mail-Shipping-Supplies-c-4150.html""},{""name"":""Paper Envelopes"",""url"":""https://us.shein.com/Paper-Envelopes-c-3655.html""}]",US,us.shein.com,3,"[""https://img.ltwebstatic.com/images3_spmp/2024/08/08/72/1723131572e0c4ec4769f206c4151e4bd0e71c5b82.jpg"",""https://img.ltwebstatic.com/images3_spmp/2024/08/08/72/1723131572e0c4ec4769f206c4151e4bd0e71c5b82.jpg"",""https://img.ltwebstatic.com/images3_spmp/2024/08/08/72/1723131572e0c4ec4769f206c4151e4bd0e71c5b82.jpg""]",ss2408085813550741,null,"[{""name"":""Color"",""value"":""Red""},{""name"":""Material"",""value"":""PP""}]",40417367,0,null,Office & School Supplies,null,Paper Envelopes,Unbeatablesale,"[""one-size""]"
"1 Small Fresh Style Turquoise Imitation Pearl, Small Gold Bead Split Bead String Rice Bead Adjustable Bracelet, Women's Vacation Daily Girlfriend Multifunctional Gift Jewelry","Free Returns ✓ Free Shipping✓. 1 Small Fresh Style Turquoise Imitation Pearl, Small Gold Bead Split Bead String Rice Bead Adjustable Bracelet, Women's Vacation Daily Girlfriend Multifunctional Gift Jewelry- Women Beaded Bracelets at SHEIN.",3.6,3.6,USD,true,Multicolor,one-size,0,https://img.ltwebstatic.com/images3_spmp/2024/07/26/9f/1721988201e5969c8c2400a4348a063ecf9e29b6fa.jpg,https://us.shein.com/Women-Beaded-Bracelets-c-4197.html,"https://us.shein.com/1-Small-Fresh-Style-Turquoise-Imitation-Pearl,-Small-Gold-Bead-Split-Bead-String-Rice-Bead-Adjustable-Bracelet,-Women%27s-Vacation-Daily-Girlfriend-Multifunctional-Gift-Jewelry-p-40925262.html","[{""name"":""Jewelry & Watches"",""url"":""https://us.shein.com/Jewelry-Watches-c-3634.html""},{""name"":""Women Fashion Jewelry"",""url"":""https://us.shein.com/Women-Fashion-Jewelry-c-3632.html""},{""name"":""Women Bracelets"",""url"":""https://us.shein.com/Women-Bracelets-c-4196.html""},{""name"":""Women Beaded Bracelets"",""url"":""https://us.shein.com/Women-Beaded-Bracelets-c-4197.html""}]",US,us.shein.com,10,"[""https://img.ltwebstatic.com/images3_spmp/2024/07/26/9f/1721988201e5969c8c2400a4348a063ecf9e29b6fa.jpg"",""https://img.ltwebstatic.com/images3_spmp/2024/07/26/9f/1721988201af2ace7e1393c45d20dda01159710bde.jpg"",""https://img.ltwebstatic.com/images3_spmp/2024/07/26/9f/172198820145396db76871e3ea667b64280a04bef1.jpg"",""https://img.ltwebstatic.com/images3_spmp/2024/07/26/da/1721988230973653d86020083331c6cc12b88e8a18.jpg"",""https://img.ltwebstatic.com/images3_spmp/2024/07/26/9f/1721988201f90ddd0bc879fbac17bb1079faa6aea4.jpg"",""https://img.ltwebstatic.com/images3_spmp/2024/07/26/81/17219882241970b408b2e85994d75403b4db02eec5.jpg"",""https://img.ltwebstatic.com/images3_spmp/2024/07/26/e5/172198822510bf426dbc468eead9dcd37b59a7d964.jpg"",""https://img.ltwebstatic.com/images3_spmp/2024/07/26/e5/17219882254469d60a57df86d23ea1d01ef299d42c.jpg"",""https://img.ltwebstatic.com/images3_spmp/2024/07/26/e5/1721988225f55781ed51aa13f05db290d660bd6c44.jpg"",""https://img.ltwebstatic.com/images3_spmp/2024/07/26/e5/1721988225701b59978e3fcb3349e639a398c891f0.jpg""]",sj2407267011686661,null,"[{""name"":""Details"",""value"":""Ball""},{""name"":""Details"",""value"":""Pearls""},{""name"":""Style"",""value"":""Fashionable""},{""name"":""Color"",""value"":""Multicolor""},{""name"":""Material"",""value"":""Stone""},{""name"":""Gender"",""value"":""Women""}]",40925262,0,null,Jewelry & Watches,null,Women Beaded Bracelets,SHEIN,"[""one-size""]"
"Karinear Electric Cooktop 30 Inch, 8400w 5 Burners Electric Stove Top, Countertop & Built-In Ceramic Cooktop With Glass Protection Metal Frame, Multifunctional Cooktop For 220-240v, Hard Wire, No Plug","Free Returns ✓ Free Shipping✓. Karinear Electric Cooktop 30 Inch, 8400w 5 Burners Electric Stove Top, Countertop & Built-In Ceramic Cooktop With Glass Protection Metal Frame, Multifunctional Cooktop For 220-240v, Hard Wire, No Plug- Hot Plates at SHEIN.",299.2,221.4,USD,true,Black,220V-240V,0,https://img.ltwebstatic.com/images3_spmp/2024/08/16/d3/17237760493e757fd1774e683f775c962b6fc1fbe2_square.jpg,https://us.shein.com/Hot-Plates-c-5419.html,"https://us.shein.com/Karinear-Electric-Cooktop-30-Inch,-8400w-5-Burners-Electric-Stove-Top,-Countertop-&amp;-Built-In-Ceramic-Cooktop-With-Glass-Protection-Metal-Frame,-Multifunctional-Cooktop-For-220-240v,-Hard-Wire,-No-Plug-p-40903643.html","[{""name"":""Home Appliances"",""url"":""https://us.shein.com/Home-Appliances-c-3650.html""},{""name"":""Kitchen Appliances"",""url"":""https://us.shein.com/Kitchen-Appliances-c-4628.html""},{""name"":""Cooking Appliances"",""url"":""https://us.shein.com/Cooking-Appliances-c-4631.html""},{""name"":""Hot Plates"",""url"":""https://us.shein.com/Hot-Plates-c-5419.html""}]",US,us.shein.com,10,"[""https://us.shein.com/Karinear-Electric-Cooktop-30-Inch,-8400w-5-Burners-Electric-Stove-Top,-Countertop-&amp;-Built-In-Ceramic-Cooktop-With-Glass-Protection-Metal-Frame,-Multifunctional-Cooktop-For-220-240v,-Hard-Wire,-No-Plug-p-40903643.html"",""https://img.ltwebstatic.com/images3_spmp/2024/08/16/d3/17237760493e757fd1774e683f775c962b6fc1fbe2_square.jpg"",""https://img.ltwebstatic.com/images3_spmp/2024/08/16/b0/1723776128d6f15cb5230453f1eee27555776a6cfd_square.jpg"",""https://img.ltwebstatic.com/images3_spmp/2024/08/16/61/172377608025bdbe2ef6a166211fee21c42b76a0db_square.jpg"",""https://img.ltwebstatic.com/images3_spmp/2024/08/16/9e/1723776068eea0a8c6d609af8efa05e876bbb3a995_square.jpg"",""https://img.ltwebstatic.com/images3_spmp/2024/08/16/63/17237760937e4d4a960f34ee3edc3ea298ce40b51c_square.jpg"",""https://img.ltwebstatic.com/images3_spmp/2024/08/16/32/1723776115e0dd0c708cdd3ba6d88e66adfd67186d_square.jpg"",""https://img.ltwebstatic.com/images3_spmp/2024/08/16/bf/1723776104eea18053b0988f83a43f54d88a7c0a8a_square.jpg"",""https://img.ltwebstatic.com/images3_spmp/2024/08/16/1c/1723776176721fe60f226d3d0f2f30070a8655d9a7.png"",""https://img.ltwebstatic.com/images3_spmp/2024/08/16/ec/1723776191e016e8785f83a5485623ca7d53c2243f.png""]",sv2408169244839874,null,"[{""name"":""Color"",""value"":""Black""},{""name"":""Power Supply"",""value"":""Wiring Type""},{""name"":""Batteries Included"",""value"":""No""},{""name"":""Batteries Required"",""value"":""No""},{""name"":""Material"",""value"":""Glass""},{""name"":""Voltage"",""value"":""200V-240V""},{""name"":""Heater Surface Material"",""value"":""Glass""},{""name"":""Heating Elements"",""value"":""5""},{""name"":""Features"",""value"":""Timer Function""}]",40903643,0,null,Home Appliances,null,Hot Plates,SHEIN,"[""220V-240V""]"
1PC Powdered Sugar Shaker Duster Stainless Steel Spice Sifter With Lid Seasoning Jar For Pepper Coffee Powder BBQ Spice  Salt Sugar Shaker Outdoor Camping & Kitchen Supplies,Free Returns ✓ Free Shipping✓. 1PC Powdered Sugar Shaker Duster Stainless Steel Spice Sifter With Lid Seasoning Jar For Pepper Coffee Powder BBQ Spice  Salt Sugar Shaker Outdoor Camping & Kitchen Supplies- Salt Cellars & Servers at SHEIN.,2.3,2.2,USD,true,Silver,1PC Powder Can,0,https://img.ltwebstatic.com/images3_spmp/2024/08/02/69/1722569806f8250cdbfcd00c6dc3b9a05224c1dcb5_square.jpg,https://us.shein.com/Salt-Cellars-Servers-c-3606.html,https://us.shein.com/1PC-Powdered-Sugar-Shaker-Duster-Stainless-Steel-Spice-Sifter-With-Lid-Seasoning-Jar-For-Pepper-Coffee-Powder-BBQ-Spice--Salt-Sugar-Shaker-Outdoor-Camping-&amp;-Kitchen-Supplies-p-40067899.html,"[{""name"":""Home & Living"",""url"":""https://us.shein.com/Home-Living-c-2032.html""},{""name"":""Kitchen & Dining"",""url"":""https://us.shein.com/Kitchen-Dining-c-1948.html""},{""name"":""Seasoning & Spice Tools"",""url"":""https://us.shein.com/Seasoning-Spice-Tools-c-3945.html""},{""name"":""Salt Cellars & Servers"",""url"":""https://us.shein.com/Salt-Cellars-Servers-c-3606.html""}]",US,us.shein.com,19,"[""https://us.shein.com/1PC-Powdered-Sugar-Shaker-Duster-Stainless-Steel-Spice-Sifter-With-Lid-Seasoning-Jar-For-Pepper-Coffee-Powder-BBQ-Spice--Salt-Sugar-Shaker-Outdoor-Camping-&amp;-Kitchen-Supplies-p-40067899.html"",""https://img.ltwebstatic.com/images3_spmp/2024/08/02/4f/17225695882f1f5da15e74a5946ff0a7e87505e26c_square.jpg"",""https://img.ltwebstatic.com/images3_spmp/2024/08/02/0d/1722569602f17cc605a546a11b048f77d54c106d06_square.jpg"",""https://img.ltwebstatic.com/images3_spmp/2024/08/02/e2/17225696141299ff854727d45209fc7cc6adcfdf87_square.jpg"",""https://img.ltwebstatic.com/images3_spmp/2024/08/02/f7/17225696216bcffad944b4e73d8a60d3b416296ea2_square.jpg"",""https://img.ltwebstatic.com/images3_spmp/2024/08/02/16/1722569630b85836bb008e340f94832e648c4d8dbd_square.jpg"",""https://img.ltwebstatic.com/images3_spmp/2024/08/02/d2/17225696386e0133aa0c14f104e3fba506339c0ebc_square.jpg"",""https://img.ltwebstatic.com/images3_spmp/2024/08/02/49/17225696446c1bb12fdf4544d2105c4bbf9d47a2fd_square.jpg"",""https://img.ltwebstatic.com/images3_spmp/2024/08/02/66/1722569662eecc03f1f6506ea75a73e223c0379c49_square.jpg"",""https://img.ltwebstatic.com/images3_spmp/2024/08/02/69/1722569806f8250cdbfcd00c6dc3b9a05224c1dcb5_square.jpg"",""https://img.ltwebstatic.com/images3_spmp/2024/08/02/5a/1722569906ed7ec58733e76a73abd7e4f21f59a4f5_square.jpg"",""https://img.ltwebstatic.com/images3_spmp/2024/08/02/3c/1722569816dd72122c2063bbc919ad41d9a324652f.jpg"",""https://img.ltwebstatic.com/images3_spmp/2024/08/02/43/17225698242adc807d01155a276dbcedde87c4c738.jpg"",""https://img.ltwebstatic.com/images3_spmp/2024/08/02/6f/17225698345333b0496ed88a9ca30409e6d8a86592.jpg"",""https://img.ltwebstatic.com/images3_spmp/2024/08/02/13/1722569839ccb159eb131ef59e1a8ce7f326b4a09e.jpg"",""https://img.ltwebstatic.com/images3_spmp/2024/08/02/91/17225698483901c6e8108fb56c78fc4f421b071b11.jpg"",""https://img.ltwebstatic.com/images3_spmp/2024/08/02/9d/1722569856f1173b316432e0e98e99e0b4125d2166.jpg"",""https://img.ltwebstatic.com/images3_spmp/2024/08/02/af/1722569862617e9a2bee98c507caa4d0915f82f0bd.jpg"",""https://img.ltwebstatic.com/images3_spmp/2024/08/02/e7/1722569873d6c8b566cd99415e90b15916703af01a.jpg""]",sh2408023287711778,null,"[{""name"":""Color"",""value"":""Silver""},{""name"":""Material"",""value"":""Stainless Steel""},{""name"":""Oven Safe (-4~220 degrees Celsius)"",""value"":""No""},{""name"":""Dishwasher Safe"",""value"":""No""},{""name"":""Microwave Safe"",""value"":""No""},{""name"":""Power Supply"",""value"":""None""}]",40067899,0,null,Home & Living,null,Salt Cellars & Servers,SHEIN,"[""1PC Powder Can""]"
"1PC Multifunctional Silicone Kitchen Sink Mat-Sink Organizer, Faucet Splash Protection And Dry Mat, Folding And Easy To Clean, Suitable For Kitchen, Bathroom, Farmhouse, RV","Free Returns ✓ Free Shipping✓. 1PC Multifunctional Silicone Kitchen Sink Mat-Sink Organizer, Faucet Splash Protection And Dry Mat, Folding And Easy To Clean, Suitable For Kitchen, Bathroom, Farmhouse, RV- Drying Mat & Dish Drying Mat at SHEIN.",7.4,6.75,USD,true,Multicolor,Black,0,https://img.ltwebstatic.com/images3_spmp/2024/08/17/be/1723876543ed95b0df69a0a634bb73dbfc47445f3a_square.jpg,https://us.shein.com/Drying-Mat-Dish-Drying-Mat-c-3596.html,"https://us.shein.com/1PC-Multifunctional-Silicone-Kitchen-Sink-Mat-Sink-Organizer,-Faucet-Splash-Protection-And-Dry-Mat,-Folding-And-Easy-To-Clean,-Suitable-For-Kitchen,-Bathroom,-Farmhouse,-RV-p-41041986.html","[{""name"":""Home & Living"",""url"":""https://us.shein.com/Home-Living-c-2032.html""},{""name"":""Kitchen & Dining"",""url"":""https://us.shein.com/Kitchen-Dining-c-1948.html""},{""name"":""Kitchen Tools & Gadgets"",""url"":""https://us.shein.com/Kitchen-Tools-Gadgets-c-3590.html""},{""name"":""Drying Mat & Dish Drying Mat"",""url"":""https://us.shein.com/Drying-Mat-Dish-Drying-Mat-c-3596.html""}]",US,us.shein.com,10,"[""https://us.shein.com/1PC-Multifunctional-Silicone-Kitchen-Sink-Mat-Sink-Organizer,-Faucet-Splash-Protection-And-Dry-Mat,-Folding-And-Easy-To-Clean,-Suitable-For-Kitchen,-Bathroom,-Farmhouse,-RV-p-41041986.html"",""https://img.ltwebstatic.com/images3_spmp/2024/08/20/df/17241411140974a510242e4d05785b3406e31fb4ed_square.jpg"",""https://img.ltwebstatic.com/images3_spmp/2024/08/17/ed/1723876646160374704c91d61705792c80a4dfe264_square.jpg"",""https://img.ltwebstatic.com/images3_spmp/2024/08/17/ed/17238766465d515d6e65fdc01890e0936b5e68db51_square.png"",""https://img.ltwebstatic.com/images3_spmp/2024/08/17/ed/172387664649a9295c671aeb542a9b159ab4816d17_square.jpg"",""https://img.ltwebstatic.com/images3_spmp/2024/08/17/ed/1723876646ef2a33d9e049603bc1399adfb41f7f67_square.jpg"",""https://img.ltwebstatic.com/images3_spmp/2024/08/17/be/1723876543ed95b0df69a0a634bb73dbfc47445f3a_square.jpg"",""https://img.ltwebstatic.com/images3_spmp/2024/08/17/7a/17238766218f1b0b9643e5b06fc1a32b5635447b21_square.jpg"",""https://img.ltwebstatic.com/images3_spmp/2024/08/17/94/1723876551e939264b97089b52350cc347e9a73528.jpg"",""https://img.ltwebstatic.com/images3_spmp/2024/08/17/94/1723876551ecf50e093bb45da1f223a5b6eb217f67.jpg""]",sh2408172165273743,null,"[{""name"":""Color"",""value"":""Multicolor""},{""name"":""Material"",""value"":""Silicone""},{""name"":""Oven Safe (-4~220 degrees Celsius)"",""value"":""No""},{""name"":""Dishwasher Safe"",""value"":""No""},{""name"":""Microwave Safe"",""value"":""No""}]",41041986,0,null,Home & Living,null,Drying Mat & Dish Drying Mat,SHEIN,"[""Black""]"
20pcs Floral Pattern Waterproof Temporary Tattoos,Free Returns ✓ Free Shipping✓. 20pcs Floral Pattern Waterproof Temporary Tattoos- Temporary Tattoos at SHEIN.,3.5,3.1,USD,true,Multicolor,20pcsHua-,0,https://img.ltwebstatic.com/images3_spmp/2024/08/17/56/172387572446f79aa85e597dfa8d12c17d72fa5a46_square.jpg,https://us.shein.com/Temporary-Tattoos-c-2148.html,https://us.shein.com/20pcs-Floral-Pattern-Waterproof-Temporary-Tattoos-p-40990145.html,"[{""name"":""Beauty & Health"",""url"":""https://us.shein.com/Beauty-Health-c-1864.html""},{""name"":""Beauty Tools"",""url"":""https://us.shein.com/Beauty-Tools-c-2041.html""},{""name"":""Tattoos & Body Art"",""url"":""https://us.shein.com/Tattoos-Body-Art-c-3620.html""},{""name"":""Temporary Tattoos"",""url"":""https://us.shein.com/Temporary-Tattoos-c-2148.html""}]",US,us.shein.com,7,"[""https://img.ltwebstatic.com/images3_spmp/2024/08/17/39/1723875651630f38633ea51ef1151bad2772e31e29_square.jpg"",""https://img.ltwebstatic.com/images3_spmp/2024/08/17/56/172387572446f79aa85e597dfa8d12c17d72fa5a46_square.jpg"",""https://img.ltwebstatic.com/images3_spmp/2024/08/17/00/1723875870d6a2ef4338b2439cbb5096760a868544_square.jpg"",""https://img.ltwebstatic.com/images3_spmp/2024/08/17/00/1723875870b432cc3a827b35123b262bf3aea82302_square.jpg"",""https://img.ltwebstatic.com/images3_spmp/2024/08/17/00/17238758704437b652cbe487250cef7d9494b43ab1_square.jpg"",""https://img.ltwebstatic.com/images3_spmp/2024/08/17/48/1723875680b73ee18db7daec936dcda406366c147b_square.jpg"",""https://img.ltwebstatic.com/images3_spmp/2024/08/17/8a/17238756768b043d06463e0e8e8cbb688af0761455.jpg""]",sb2408174016265773,null,"[{""name"":""Color"",""value"":""Multicolor""},{""name"":""Material"",""value"":""Paper""},{""name"":""Type"",""value"":""Sticker""},{""name"":""Pattern Type"",""value"":""Plants""}]",40990145,0,null,Beauty & Health,null,Temporary Tattoos,SHEIN,"[""20pcsHua-""]"
Unbeatablesale Juvenile Bowl Commercial Quality Toilet Seat- White,Free Returns ✓ Free Shipping✓. Unbeatablesale Juvenile Bowl Commercial Quality Toilet Seat- White- Toilet Seat Covers at SHEIN.,61.57,61.57,USD,true,White,one-size,0,https://img.ltwebstatic.com/images3_spmp/2024/08/09/7b/1723185460d68f1f3c33578aa0a1aca9355df650db.jpg,https://us.shein.com/Toilet-Seat-Covers-c-3399.html,https://us.shein.com/Juvenile-Bowl-Commercial-Quality-Toilet-Seat--White-p-40562999.html,"[{""name"":""Home & Living"",""url"":""https://us.shein.com/Home-Living-c-2032.html""},{""name"":""Bathroom"",""url"":""https://us.shein.com/Bathroom-c-2300.html""},{""name"":""Toilet Accessories"",""url"":""https://us.shein.com/Toilet-Accessories-c-3398.html""},{""name"":""Toilet Seat Covers"",""url"":""https://us.shein.com/Toilet-Seat-Covers-c-3399.html""}]",US,us.shein.com,3,"[""https://img.ltwebstatic.com/images3_spmp/2024/08/09/7b/1723185460d68f1f3c33578aa0a1aca9355df650db.jpg"",""https://img.ltwebstatic.com/images3_spmp/2024/08/09/7b/1723185460d68f1f3c33578aa0a1aca9355df650db.jpg"",""https://img.ltwebstatic.com/images3_spmp/2024/08/09/7b/1723185460d68f1f3c33578aa0a1aca9355df650db.jpg""]",sh2408107862205565,null,"[{""name"":""Color"",""value"":""White""},{""name"":""Material"",""value"":""PP""}]",40562999,0,null,Home & Living,null,Toilet Seat Covers,Unbeatablesale,"[""one-size""]"
Clarins Hydrating Gentle Foaming Cleanser 125ml Rinse Off Normal To Dry Skin,Free Returns ✓ Free Shipping✓. Clarins Hydrating Gentle Foaming Cleanser 125ml Rinse Off Normal To Dry Skin- Cleansers at SHEIN.,35,32,USD,true,Yellow,125ml,0,https://img.ltwebstatic.com/images3_spmp/2024/05/24/d2/17165336822173d4980059d176722f2b9de1742520_square.jpg,https://us.shein.com/Cleansers-c-2467.html,https://us.shein.com/Hydrating-Gentle-Foaming-Cleanser-125ml-Rinse-Off-Normal-To-Dry-Skin-p-35795381.html,"[{""name"":""Beauty & Health"",""url"":""https://us.shein.com/Beauty-Health-c-1864.html""},{""name"":""Personal Care"",""url"":""https://us.shein.com/Personal-Care-c-2171.html""},{""name"":""Skin Care"",""url"":""https://us.shein.com/Skin-Care-c-2462.html""},{""name"":""Cleansers"",""url"":""https://us.shein.com/Cleansers-c-2467.html""}]",US,us.shein.com,4,"[""https://img.ltwebstatic.com/images3_spmp/2024/05/24/d2/17165336822173d4980059d176722f2b9de1742520_square.jpg"",""https://img.ltwebstatic.com/images3_spmp/2024/05/27/bb/1716797893084b60fb66fae501ed1b6c226d4a5854_square.jpg"",""https://img.ltwebstatic.com/images3_spmp/2024/05/27/bb/17167978935d9a8f8260ec7a71b84efa16519801df_square.jpg"",""https://img.ltwebstatic.com/images3_spmp/2024/05/27/53/1716797976c376b549301d547576c5ca847e16f09b.jpg""]",sb2405246172449991,null,"[{""name"":""Color"",""value"":""Yellow""},{""name"":""Skin Type"",""value"":""Dry""},{""name"":""Skin Type"",""value"":""Normal""},{""name"":""Type"",""value"":""Cleansers""},{""name"":""Type"",""value"":""Cleansing Foam""},{""name"":""Effect"",""value"":""Hydrating""}]",35795381,0,null,Beauty & Health,null,Cleansers,Clarins,"[""125ml""]"
"10pcs Mini Cowboy Hats, Brown Resin, 1.81-Inch, Party Decor Accessories, Doll Ornament, Game Cake Topper, Bottle Decor, DIY Crafts","Free Returns ✓ Free Shipping✓. 10pcs Mini Cowboy Hats, Brown Resin, 1.81-Inch, Party Decor Accessories, Doll Ornament, Game Cake Topper, Bottle Decor, DIY Crafts- Cake Toppers at SHEIN.",2.3,1.77,USD,true,Brown,A,0,https://img.ltwebstatic.com/images3_spmp/2024/07/17/ec/1721200633365c7c76fe3192a450f79d2e045a2355.jpg,https://us.shein.com/Cake-Toppers-c-2499.html,"https://us.shein.com/10pcs-Mini-Cowboy-Hats,-Brown-Resin,-1.81-Inch,-Party-Decor-Accessories,-Doll-Ornament,-Game-Cake-Topper,-Bottle-Decor,-DIY-Crafts-p-39325262.html","[{""name"":""Home & Living"",""url"":""https://us.shein.com/Home-Living-c-2032.html""},{""name"":""Event & Party Supplies"",""url"":""https://us.shein.com/Event-Party-Supplies-c-2496.html""},{""name"":""Cake Decorating Supplies"",""url"":""https://us.shein.com/Cake-Decorating-Supplies-c-6126.html""},{""name"":""Cake Toppers"",""url"":""https://us.shein.com/Cake-Toppers-c-2499.html""}]",US,us.shein.com,14,"[""https://img.ltwebstatic.com/images3_spmp/2024/07/17/ec/1721200633365c7c76fe3192a450f79d2e045a2355.jpg"",""https://img.ltwebstatic.com/images3_spmp/2024/07/17/f7/1721200618bf40cdf3fc2233f5d19c192b6626f1b4.jpg"",""https://img.ltwebstatic.com/images3_spmp/2024/07/17/82/1721200626792deb45d3fa66e589c5e8ecf3fa2fc5.jpg"",""https://img.ltwebstatic.com/images3_spmp/2024/07/17/9b/1721200641719004304f4fce147e783453b9981420.jpg"",""https://img.ltwebstatic.com/images3_spmp/2024/07/17/fd/1721200650a735116d9f513c65e4c1d87a9a20db7c.jpg"",""https://img.ltwebstatic.com/images3_spmp/2024/07/17/77/1721200656925b77ce6f91141e2002edbdeb16fb59.jpg"",""https://img.ltwebstatic.com/images3_spmp/2024/07/17/9f/172120066396cafb594eb3d98fcf372860403cafed.jpg"",""https://img.ltwebstatic.com/images3_spmp/2024/07/17/99/1721200631b5d9fd652ba0e658095d07dbcdac0c96.jpg"",""https://img.ltwebstatic.com/images3_spmp/2024/07/17/81/1721200623939dbce2c6855338ffbd35b690aaa174.jpg"",""https://img.ltwebstatic.com/images3_spmp/2024/07/17/4d/172120063992a5295635837d6af3af31e4fdc2b2ad.jpg"",""https://img.ltwebstatic.com/images3_spmp/2024/07/17/01/1721200653f5877160e3bf00d69a10335d169e57f6.jpg"",""https://img.ltwebstatic.com/images3_spmp/2024/07/17/be/17212006595e1ca2ff40d085fbc4c4cc99deb8333c.jpg"",""https://img.ltwebstatic.com/images3_spmp/2024/07/17/dc/1721200666ac8e9ddecb852f1fb2e1a787b14f13cc.jpg"",""https://img.ltwebstatic.com/images3_spmp/2024/07/17/73/172120067541b6253a21577eb342d3b955a27fd39b.jpg""]",sh2407173498535941,null,"[{""name"":""Occasion"",""value"":""Birthday Party""},{""name"":""Occasion"",""value"":""Wedding Party""},{""name"":""Occasion"",""value"":""Baby Shower Party""},{""name"":""Occasion"",""value"":""Gender Reveal Party""},{""name"":""Occasion"",""value"":""Bridal Party""},{""name"":""Occasion"",""value"":""Anniversary Party""},{""name"":""Occasion"",""value"":""Stag Party""},{""name"":""Occasion"",""value"":""Hen Party""},{""name"":""Occasion"",""value"":""Graduation Party""},{""name"":""Occasion"",""value"":""Back to School Party""},{""name"":""Occasion"",""value"":""Themed Party""},{""name"":""Occasion"",""value"":""Housewarming Party""},{""name"":""Occasion"",""value"":""Retirement Party""},{""name"":""Color"",""value"":""Brown""},{""name"":""Material"",""value"":""PP""},{""name"":""Power Supply"",""value"":""None""}]",39325262,0,null,Home & Living,null,Cake Toppers,SHEIN,"[""A""]"
1 Set Of Skull Halloween Pumpkin Decorative Figurines Design Ghost Festival Resin Crafts,Free Returns ✓ Free Shipping✓. 1 Set Of Skull Halloween Pumpkin Decorative Figurines Design Ghost Festival Resin Crafts- Halloween Party Supplies at SHEIN.,11.8,11.4,USD,true,Multicolor,White Skull Hat,0,https://img.ltwebstatic.com/images3_spmp/2024/08/15/37/17237043892d2e3cf7962b47d2f2f66c2f2ea12969_square.jpg,https://us.shein.com/Halloween-Party-Supplies-c-8161.html,https://us.shein.com/1-Set-Of-Skull-Halloween-Pumpkin-Decorative-Figurines-Design-Ghost-Festival-Resin-Crafts-p-40902880.html,"[{""name"":""Home & Living"",""url"":""https://us.shein.com/Home-Living-c-2032.html""},{""name"":""Event & Party Supplies"",""url"":""https://us.shein.com/Event-Party-Supplies-c-2496.html""},{""name"":""Festival Party Supplies"",""url"":""https://us.shein.com/Festival-Party-Supplies-c-8140.html""},{""name"":""Halloween Party Supplies"",""url"":""https://us.shein.com/Halloween-Party-Supplies-c-8161.html""}]",US,us.shein.com,23,"[""https://img.ltwebstatic.com/images3_spmp/2024/08/15/b0/1723704290528d7e50c7c47603f28f26a4e0c8c3b4_square.jpg"",""https://img.ltwebstatic.com/images3_spmp/2024/08/15/b0/172370429050dde70dff580b9e0bd94d8763c2f9c2_square.jpg"",""https://img.ltwebstatic.com/images3_spmp/2024/08/15/b0/1723704290d83a1a40601ed02910fc8515d59da333_square.jpg"",""https://img.ltwebstatic.com/images3_spmp/2024/08/15/b0/1723704290a4ece3257cdf8cb747fbf17738efe2a5_square.jpg"",""https://img.ltwebstatic.com/images3_spmp/2024/08/15/b0/1723704290dc279754badb6fc5f21afc2356d98b8c_square.jpg"",""https://img.ltwebstatic.com/images3_spmp/2024/08/15/b0/17237042905f8d6509aa24797b71e5ce508b11af1b_square.jpg"",""https://img.ltwebstatic.com/images3_spmp/2024/08/15/c6/1723704329c5ed44b448af172823f2222b8dbb0298_square.jpg"",""https://img.ltwebstatic.com/images3_spmp/2024/08/15/27/172370428940ccd80ff5fddd20f1205c77e78a6138_square.jpg"",""https://img.ltwebstatic.com/images3_spmp/2024/08/15/27/17237042895faefbadb76383ab35715616c043547d_square.jpg"",""https://img.ltwebstatic.com/images3_spmp/2024/08/15/27/172370428975c8898f17f3b92674910da25e1feba7_square.jpg"",""https://img.ltwebstatic.com/images3_spmp/2024/08/15/b0/17237042904c7590f22358ac8b0574bb2fd0a882ac_square.jpg"",""https://img.ltwebstatic.com/images3_spmp/2024/08/15/37/17237043892d2e3cf7962b47d2f2f66c2f2ea12969_square.jpg"",""https://img.ltwebstatic.com/images3_spmp/2024/08/15/61/172370456767a7bf283ed3538424d2bcbd74fa4f9b_square.jpg"",""https://img.ltwebstatic.com/images3_spmp/2024/08/15/8c/17237044005400a1546058df2e5a64768447da536c.jpg"",""https://img.ltwebstatic.com/images3_spmp/2024/08/15/0f/172370442552ad4660f32c6d5355947d1500761836.jpg"",""https://img.ltwebstatic.com/images3_spmp/2024/08/15/0f/17237044250ae5322b8c8ec0ddd969b809009a75f6.jpg"",""https://img.ltwebstatic.com/images3_spmp/2024/08/15/0f/17237044250cd1504acf2a40f89323ef6a5c31e1e0.jpg"",""https://img.ltwebstatic.com/images3_spmp/2024/08/15/0f/172370442583d9e1dc4e8d2c6b52f95b23d0109c97.jpg"",""https://img.ltwebstatic.com/images3_spmp/2024/08/15/0f/17237044257a2bd1c2155747da84c93dca39ffd3b1.jpg"",""https://img.ltwebstatic.com/images3_spmp/2024/08/15/0f/172370442511636755887c93054f199d7278bd6e60.jpg"",""https://img.ltwebstatic.com/images3_spmp/2024/08/15/0f/17237044258c698c26b966df3c9a18cc88564c2bfc.jpg"",""https://img.ltwebstatic.com/images3_spmp/2024/08/15/0f/1723704425722b45d4d5b8bf1d4aee24e5a33a5829.jpg"",""https://img.ltwebstatic.com/images3_spmp/2024/08/15/0f/1723704425a84379d9d51f5e9c05c3c5a67cd55882.jpg""]",sh2408151978506100,null,"[{""name"":""Color"",""value"":""Multicolor""},{""name"":""Material"",""value"":""ABS""},{""name"":""Batteries Included"",""value"":""No""},{""name"":""Power Supply"",""value"":""None""}]",40902880,0,null,Home & Living,null,Halloween Party Supplies,SHEIN,"[""White Skull Hat""]"
1PC Plus Size Sexy Lingerie Body Stocking Hollow Out See Through Cover Bodystocking Without Underwear Valentine's Day Women's Swimwear & Clothing Swimsuit,Free Returns ✓ Free Shipping✓. 1PC Plus Size Sexy Lingerie Body Stocking Hollow Out See Through Cover Bodystocking Without Underwear Valentine's Day Women's Swimwear & Clothing Swimsuit- Plus Size Sexy Lingerie at SHEIN.,4.79,2.4,USD,true,Black,one-size,0,https://img.ltwebstatic.com/images3_spmp/2024/08/19/f3/1724056516f78d24a6d365c6217ebef304e179941a.jpg,https://us.shein.com/Plus-Size-Sexy-Lingerie-c-1944.html,https://us.shein.com/1PC-Plus-Size-Sexy-Lingerie-Body-Stocking-Hollow-Out-See-Through-Cover-Bodystocking-Without-Underwear-Valentine%27s-Day-Women%27s-Swimwear-&amp;-Clothing-Swimsuit-p-40973451.html,"[{""name"":""Underwear & Sleepwear"",""url"":""https://us.shein.com/Underwear-Sleepwear-c-2038.html""},{""name"":""Women Plus Intimates"",""url"":""https://us.shein.com/Women-Plus-Intimates-c-2347.html""},{""name"":""Plus Size Sexy Lingerie & Costumes"",""url"":""https://us.shein.com/Plus-Size-Sexy-Lingerie-Costumes-c-12780.html""},{""name"":""Plus Size Sexy Lingerie"",""url"":""https://us.shein.com/Plus-Size-Sexy-Lingerie-c-1944.html""}]",US,us.shein.com,4,"[""https://img.ltwebstatic.com/images3_spmp/2024/08/19/f3/1724056516f78d24a6d365c6217ebef304e179941a.jpg"",""https://img.ltwebstatic.com/images3_spmp/2024/08/19/fc/17240565175c8065438011ab1b0ef31b0e9593c808.jpg"",""https://img.ltwebstatic.com/images3_spmp/2024/08/09/29/17231925874fc54271ef0e615dfedb7a6d1a7a2e6c.jpg"",""https://img.ltwebstatic.com/images3_spmp/2024/08/19/47/17240564940fe5bc16396b1da709e013484ef5bcc5.jpg""]",si2408097297470333,null,"[{""name"":""Details"",""value"":""Cut Out""},{""name"":""Details"",""value"":""Sheer""},{""name"":""Color"",""value"":""Black""},{""name"":""Type"",""value"":""Teddies""},{""name"":""Pattern Type"",""value"":""Plain""},{""name"":""Bra Type"",""value"":""Bralettes""},{""name"":""Fabric"",""value"":""High Stretch""},{""name"":""Material"",""value"":""Fabric""},{""name"":""Composition"",""value"":""95% Polyamide""},{""name"":""Composition"",""value"":""5% Elastane""},{""name"":""Care Instructions"",""value"":""Hand wash,do not dry clean""}]",40973451,0,null,Underwear & Sleepwear,null,Plus Size Sexy Lingerie,SHEIN,"[""one-size""]"
"Hummingbird Houses For Outside Hanging, Natural Grass Hanging Bird Hut, Hand Woven Hummingbird Nest, Large Wren Finch Bird House For Garden Window Outdoor Home Decoration, 1 Pack","Free Returns ✓ Free Shipping✓. Hummingbird Houses For Outside Hanging, Natural Grass Hanging Bird Hut, Hand Woven Hummingbird Nest, Large Wren Finch Bird House For Garden Window Outdoor Home Decoration, 1 Pack- Bird Houses & Nests at SHEIN.",6,5.95,USD,true,Brown,M,0,https://img.ltwebstatic.com/images3_spmp/2024/07/12/cc/17207851066ae875f47a6436a49120f8e0879f3a4d_square.jpg,https://us.shein.com/Bird-Houses-Nests-c-4034.html,"https://us.shein.com/Hummingbird-Houses-For-Outside-Hanging,-Natural-Grass-Hanging-Bird-Hut,-Hand-Woven-Hummingbird-Nest,-Large-Wren-Finch-Bird-House-For-Garden-Window-Outdoor-Home-Decoration,-1-Pack-p-40991602.html","[{""name"":""Pet Supplies"",""url"":""https://us.shein.com/Pet-Supplies-c-2400.html""},{""name"":""Bird Supplies"",""url"":""https://us.shein.com/Bird-Supplies-c-4028.html""},{""name"":""Bird Houses & Nests"",""url"":""https://us.shein.com/Bird-Houses-Nests-c-4034.html""}]",US,us.shein.com,11,"[""https://us.shein.com/Hummingbird-Houses-For-Outside-Hanging,-Natural-Grass-Hanging-Bird-Hut,-Hand-Woven-Hummingbird-Nest,-Large-Wren-Finch-Bird-House-For-Garden-Window-Outdoor-Home-Decoration,-1-Pack-p-40991602.html"",""https://img.ltwebstatic.com/images3_spmp/2024/07/12/cc/17207851066ae875f47a6436a49120f8e0879f3a4d_square.jpg"",""https://img.ltwebstatic.com/images3_spmp/2024/07/12/53/17207851515bc042d97ff891d215996ed8c86a4f38_square.jpg"",""https://img.ltwebstatic.com/images3_spmp/2024/07/12/81/17207851914a87d9532b2eda07c1e6c47713d02e1b_square.jpg"",""https://img.ltwebstatic.com/images3_spmp/2024/07/12/e5/17207851972e8ba2e536765f40380290de43cc37a3_square.jpg"",""https://img.ltwebstatic.com/images3_spmp/2024/07/12/23/17207852090772919d049e02258c2d0304bb3d08ec_square.jpg"",""https://img.ltwebstatic.com/images3_spmp/2024/07/12/20/1720785466c258c2792792f9acead7feb3d0587390.jpg"",""https://img.ltwebstatic.com/images3_spmp/2024/08/01/a1/1722444171c574ec74de4ad0ab6194e06f9db0b7b4.jpg"",""https://img.ltwebstatic.com/images3_spmp/2024/08/01/d1/1722444185b137b11a421ab36da4e7756d6c66960b.jpg"",""https://img.ltwebstatic.com/images3_spmp/2024/08/01/c8/172244419373100e68a9a69703a5ca4642759f61ac.jpg"",""https://img.ltwebstatic.com/images3_spmp/2024/08/01/ea/1722444200f4c7ea83565be3595a7188383b483a9b.jpg""]",sp2408166386022648,null,"[{""name"":""Color"",""value"":""Brown""},{""name"":""Applicable Pet"",""value"":""Small Animal""},{""name"":""Material"",""value"":""Straw""}]",40991602,0,null,Pet Supplies,null,Bird Houses & Nests,SHEIN,"[""M""]"
"10pcs One-Way Check Valves, Suitable For Aquarium Air Pumps & Fish Tank Accessories, ABS Material, Non-Electrically Operated, Wear-Resistant Unidirectional Valve For Fuel, Gas, Liquid, Air, Chemical Industry, Blue Color","Free Returns ✓ Free Shipping✓. 10pcs One-Way Check Valves, Suitable For Aquarium Air Pumps & Fish Tank Accessories, ABS Material, Non-Electrically Operated, Wear-Resistant Unidirectional Valve For Fuel, Gas, Liquid, Air, Chemical Industry, Blue Color- Tank & Accessories at SHEIN.",2.6,1.3,USD,true,Blue,one-size,0,https://img.ltwebstatic.com/images3_spmp/2024/08/13/5c/1723523713910e8de9d9b85ae310b3bd847b0a8463_square.jpg,https://us.shein.com/Tank-Accessories-c-4036.html,"https://us.shein.com/10pcs-One-Way-Check-Valves,-Suitable-For-Aquarium-Air-Pumps-&amp;-Fish-Tank-Accessories,-ABS-Material,-Non-Electrically-Operated,-Wear-Resistant-Unidirectional-Valve-For-Fuel,-Gas,-Liquid,-Air,-Chemical-Industry,-Blue-Color-p-40833390.html","[{""name"":""Pet Supplies"",""url"":""https://us.shein.com/Pet-Supplies-c-2400.html""},{""name"":""Fish & Aquarium Supplies"",""url"":""https://us.shein.com/Fish-Aquarium-Supplies-c-4035.html""},{""name"":""Tank & Accessories"",""url"":""https://us.shein.com/Tank-Accessories-c-4036.html""}]",US,us.shein.com,5,"[""https://img.ltwebstatic.com/images3_spmp/2024/08/13/5c/1723523713910e8de9d9b85ae310b3bd847b0a8463_square.jpg"",""https://img.ltwebstatic.com/images3_spmp/2024/08/15/b4/1723730377a5b83604a728f2dc961de1796fda24da_square.png"",""https://img.ltwebstatic.com/images3_spmp/2024/08/13/0a/17235237080b8b6b3c50fc120567bdd6e4afbd3052_square.jpg"",""https://img.ltwebstatic.com/images3_spmp/2024/08/13/73/1723523707e6a4f4b504d9dd227cd7ccd37d8f8909_square.jpg"",""https://img.ltwebstatic.com/images3_spmp/2024/08/13/73/17235237078de27adab1b4be1c045db0f2e654152a_square.jpg""]",sp2408139984972699,null,"[{""name"":""Color"",""value"":""Blue""},{""name"":""Applicable Pet"",""value"":""Fish""},{""name"":""Material"",""value"":""PE""}]",40833390,0,null,Pet Supplies,null,Tank & Accessories,SHEIN,"[""one-size""]"
1PC It's Never Too Late For A Plot Twist Sticker | Waterproof Vinyl Sticker For Book Lovers | Literary Decal For Laptop & Water Bottle | Unique Gifts For Readers & Teachers | Bookworm Stickers & Reading Accessories,Free Returns ✓ Free Shipping✓. 1PC It's Never Too Late For A Plot Twist Sticker | Waterproof Vinyl Sticker For Book Lovers | Literary Decal For Laptop & Water Bottle | Unique Gifts For Readers & Teachers | Bookworm Stickers & Reading Accessories- Stickers at SHEIN.,1.3,1.06,USD,true,Multicolor,3 Inches,0,https://img.ltwebstatic.com/images3_spmp/2024/08/19/e1/1724081597e04ae7eef64d130675e753018eaa8d8f_square.jpg,https://us.shein.com/Stickers-c-6559.html,https://us.shein.com/1PC-It%27s-Never-Too-Late-For-A-Plot-Twist-Sticker-%7C-Waterproof-Vinyl-Sticker-For-Book-Lovers-%7C-Literary-Decal-For-Laptop-&amp;-Water-Bottle-%7C-Unique-Gifts-For-Readers-&amp;-Teachers-%7C-Bookworm-Stickers-&amp;-Reading-Accessories-p-41147387.html,"[{""name"":""Home & Living"",""url"":""https://us.shein.com/Home-Living-c-2032.html""},{""name"":""Arts,Crafts & Sewing"",""url"":""https://us.shein.com/Arts,Crafts-Sewing-c-3497.html""},{""name"":""Scrapbooking & Stamping Suppliers"",""url"":""https://us.shein.com/Scrapbooking-Stamping-Suppliers-c-6545.html""},{""name"":""Stickers"",""url"":""https://us.shein.com/Stickers-c-6559.html""}]",US,us.shein.com,11,"[""https://img.ltwebstatic.com/images3_spmp/2024/08/19/ee/1724081493ce0b14b601e5af4005e34f4b7a9eb6e0_square.jpg"",""https://img.ltwebstatic.com/images3_spmp/2024/08/19/37/172408150787c1765ba152828233a63b4c338faf36_square.jpg"",""https://img.ltwebstatic.com/images3_spmp/2024/08/19/cf/1724081509ba0e4c52904b4c62a9d05e5c9b50985c_square.png"",""https://img.ltwebstatic.com/images3_spmp/2024/08/19/cf/172408150993daa73b0877bd6a6b7f2f35ba558ea8_square.jpg"",""https://img.ltwebstatic.com/images3_spmp/2024/08/19/cf/1724081509e42c47f07e8d133dd6686db3b2482797_square.jpg"",""https://img.ltwebstatic.com/images3_spmp/2024/08/19/c3/1724081508c8d8a2b11dfb4b4c2107b3177834ee69_square.png"",""https://img.ltwebstatic.com/images3_spmp/2024/08/19/c3/1724081508dabb34f318f14001b84f73250e793cf1_square.png"",""https://img.ltwebstatic.com/images3_spmp/2024/08/19/cf/17240815099de487416f3becef69b9f1d04b29f4fe_square.jpg"",""https://img.ltwebstatic.com/images3_spmp/2024/08/19/c3/17240815084ad6fe829d298eebb99a9d0e086f03fc_square.jpg"",""https://img.ltwebstatic.com/images3_spmp/2024/08/19/e1/1724081597e04ae7eef64d130675e753018eaa8d8f_square.jpg"",""https://img.ltwebstatic.com/images3_spmp/2024/08/19/bc/1724081600b58b10df04857d440042726de41b3052_square.jpg""]",sh2408198104634854,null,"[{""name"":""Color"",""value"":""Multicolor""},{""name"":""Material"",""value"":""Paper""}]",41147387,0,null,Home & Living,null,Stickers,SHEIN,"[""3 Inches""]"
"TV Stand For 75 Inch TV, 70"" Entertainment Center For 75+ Inch TV With LED Storage TV Cabinet With 4 Glass Doors, LED TV Stands For Living Room, Bedroom, Grey","Free Returns ✓ Free Shipping✓. TV Stand For 75 Inch TV, 70"" Entertainment Center For 75+ Inch TV With LED Storage TV Cabinet With 4 Glass Doors, LED TV Stands For Living Room, Bedroom, Grey- Television Stands & Entertainment Centers at SHEIN.",709.99,185.99,USD,true,Brown,one-size,0,https://img.ltwebstatic.com/images3_spmp/2024/07/03/22/17200054047f10013549d28a23729935291b1db222_square.jpg,https://us.shein.com/Television-Stands-Entertainment-Centers-c-5035.html,"https://us.shein.com/TV-Stand-For-75-Inch-TV,-70%22-Entertainment-Center-For-75+-Inch-TV-With-LED-Storage-TV-Cabinet-With-4-Glass-Doors,-LED-TV-Stands-For-Living-Room,-Bedroom,-Grey-p-38070164.html","[{""name"":""Tools & Home Improvement"",""url"":""https://us.shein.com/Tools-Home-Improvement-c-4327.html""},{""name"":""Furniture"",""url"":""https://us.shein.com/Furniture-c-4577.html""},{""name"":""Living Room Furniture"",""url"":""https://us.shein.com/Living-Room-Furniture-c-4991.html""},{""name"":""Television Stands & Entertainment Centers"",""url"":""https://us.shein.com/Television-Stands-Entertainment-Centers-c-5035.html""}]",US,us.shein.com,11,"[""https://us.shein.com/TV-Stand-For-75-Inch-TV,-70%22-Entertainment-Center-For-75+-Inch-TV-With-LED-Storage-TV-Cabinet-With-4-Glass-Doors,-LED-TV-Stands-For-Living-Room,-Bedroom,-Grey-p-38070164.html"",""https://img.ltwebstatic.com/images3_spmp/2024/07/03/22/17200054047f10013549d28a23729935291b1db222_square.jpg"",""https://img.ltwebstatic.com/images3_spmp/2024/07/03/1f/172000540350416be71a9be6979e93f536960c22df_square.jpg"",""https://img.ltwebstatic.com/images3_spmp/2024/07/03/92/1720005401836f9d3958b959698318b4bf443442c2_square.jpg"",""https://img.ltwebstatic.com/images3_spmp/2024/07/03/d6/1720005402f3f8f3b60f5cd7f73983ee1a584c713d_square.jpg"",""https://img.ltwebstatic.com/images3_spmp/2024/07/03/22/1720005404909bba35c81f08540e788950c9a02dcc_square.jpg"",""https://img.ltwebstatic.com/images3_spmp/2024/07/03/22/17200054043e2de226ecef513fe132f31021886bfd_square.jpg"",""https://img.ltwebstatic.com/images3_spmp/2024/07/03/04/172000542414f3b204e976c14d8969cfea8b5b5f35.jpg"",""https://img.ltwebstatic.com/images3_spmp/2024/07/03/9e/172000542398d74b25a5d06d16fdda3388377ab3d4.jpg"",""https://img.ltwebstatic.com/images3_spmp/2024/07/03/9e/17200054239395d71b8774af304cc018778907935c.jpg"",""https://img.ltwebstatic.com/images3_spmp/2024/07/03/04/17200054240abae1212e2d634d5ff72e642f2e21c7.jpg""]",sr2407038900824425,null,"[{""name"":""Color"",""value"":""Brown""},{""name"":""Material"",""value"":""Composite Wood Products""}]",38070164,0,null,Tools & Home Improvement,null,Television Stands & Entertainment Centers,SHEIN,"[""one-size""]"
"Unbeatablesale K-Cliffs LM215 Navy Heavy Duty Cargo Duffle Gear Equipment Travel Bag, Navy","Free Returns ✓ Free Shipping✓. Unbeatablesale K-Cliffs LM215 Navy Heavy Duty Cargo Duffle Gear Equipment Travel Bag, Navy- Travel Duffel Bags at SHEIN.",38.69,38.69,USD,true,Multicolor,one-size,0,https://img.ltwebstatic.com/images3_spmp/2024/08/11/56/1723340408ce14ddae9305ee4be161599e25d404b6.jpg,https://us.shein.com/Travel-Duffel-Bags-c-4282.html,"https://us.shein.com/K-Cliffs-LM215-Navy-Heavy-Duty-Cargo-Duffle-Gear-Equipment-Travel-Bag,-Navy-p-40547665.html","[{""name"":""Bags & Luggage"",""url"":""https://us.shein.com/Bags-Luggage-c-3637.html""},{""name"":""Luggage & Travel Gear"",""url"":""https://us.shein.com/Luggage-Travel-Gear-c-4099.html""},{""name"":""Travel Bags"",""url"":""https://us.shein.com/Travel-Bags-c-9068.html""},{""name"":""Travel Duffel Bags"",""url"":""https://us.shein.com/Travel-Duffel-Bags-c-4282.html""}]",US,us.shein.com,3,"[""https://img.ltwebstatic.com/images3_spmp/2024/08/11/56/1723340408ce14ddae9305ee4be161599e25d404b6.jpg"",""https://img.ltwebstatic.com/images3_spmp/2024/08/11/56/1723340408ce14ddae9305ee4be161599e25d404b6.jpg"",""https://img.ltwebstatic.com/images3_spmp/2024/08/11/56/1723340408ce14ddae9305ee4be161599e25d404b6.jpg""]",sg2408117391398878,null,"[{""name"":""Style"",""value"":""Minimalist""},{""name"":""Color"",""value"":""Multicolor""},{""name"":""Pattern Type"",""value"":""Colorblock""},{""name"":""Pattern Type"",""value"":""All Over Print""},{""name"":""Material"",""value"":""PP""},{""name"":""Type"",""value"":""Duffel Bag""},{""name"":""Type"",""value"":""Fashion Travel Bag""},{""name"":""Strap Type"",""value"":""Double Handle""}]",40547665,0,null,Bags & Luggage,null,Travel Duffel Bags,Unbeatablesale,"[""one-size""]"
"KINGO 30 Inch Gray Wood Garin Wall-Mounted Bathroom Vanity And Sink Combo, Bathroom Cabinet With 2 Drawers, Bathroom Vanities With Ceramic Sink","Free Returns ✓ Free Shipping✓. KINGO 30 Inch Gray Wood Garin Wall-Mounted Bathroom Vanity And Sink Combo, Bathroom Cabinet With 2 Drawers, Bathroom Vanities With Ceramic Sink- Bathroom Furniture Sets at SHEIN.",371.8,263.9,USD,true,Gray wood grain,30 in. W * 18 in. D * 24 in. H,0,https://img.ltwebstatic.com/images3_spmp/2024/07/15/72/1721038725dc2e2e3aa49e07fb9b7c4ce978265183_square.jpg,https://us.shein.com/Bathroom-Furniture-Sets-c-5648.html,"https://us.shein.com/KINGO-30-Inch-Gray-Wood-Garin-Wall-Mounted-Bathroom-Vanity-And-Sink-Combo,-Bathroom-Cabinet-With-2-Drawers,-Bathroom-Vanities-With-Ceramic-Sink-p-38825321.html","[{""name"":""Tools & Home Improvement"",""url"":""https://us.shein.com/Tools-Home-Improvement-c-4327.html""},{""name"":""Furniture"",""url"":""https://us.shein.com/Furniture-c-4577.html""},{""name"":""Bathroom Furniture"",""url"":""https://us.shein.com/Bathroom-Furniture-c-4923.html""},{""name"":""Bathroom Furniture Sets"",""url"":""https://us.shein.com/Bathroom-Furniture-Sets-c-5648.html""}]",US,us.shein.com,5,"[""https://img.ltwebstatic.com/images3_spmp/2024/07/15/72/1721038725dc2e2e3aa49e07fb9b7c4ce978265183_square.jpg"",""https://img.ltwebstatic.com/images3_spmp/2024/07/15/72/1721038725686204ef492269d8b13fd6cb6b620d72_square.jpg"",""https://img.ltwebstatic.com/images3_spmp/2024/07/15/72/1721038725dc9c2f14a6bf78a941db60d7e5e89a21_square.jpg"",""https://img.ltwebstatic.com/images3_spmp/2024/07/15/a3/17210387303bef5c39b44af678df395db4293eedd9.jpg"",""https://img.ltwebstatic.com/images3_spmp/2024/07/15/c6/17210387291e27e8e9a090f99c4f53cb7fcb74b66f.jpg""]",sr2407154272990555,null,"[{""name"":""Color"",""value"":""Gray wood grain""},{""name"":""Material"",""value"":""Wood""},{""name"":""Power Supply"",""value"":""None""}]",38825321,0,null,Tools & Home Improvement,null,Bathroom Furniture Sets,SHEIN,"[""30 in. W * 18 in. D * 24 in. H""]"
"TOMATO CUTE 1 Pair Kids Flexible Pentagonal Rim Polarized Fashion Glasses, Outdoor Fashion Glasses For Boys & Girls","Free Returns ✓ Free Shipping✓. TOMATO CUTE 1 Pair Kids Flexible Pentagonal Rim Polarized Fashion Glasses, Outdoor Fashion Glasses For Boys & Girls- Kids Fashion Glasses at SHEIN.",4,3.3,USD,true,N/A,one-size,0,https://img.ltwebstatic.com/images3_spmp/2024/07/10/e1/17205791606fb87c05d852d32083d240cff131f5ea.jpg,https://us.shein.com/Kids-Fashion-Glasses-c-2073.html,"https://us.shein.com/TOMATO-CUTE-1-Pair-Kids-Flexible-Pentagonal-Rim-Polarized-Fashion-Glasses,-Outdoor-Fashion-Glasses-For-Boys-&amp;-Girls-p-38780674.html","[{""name"":""Kids"",""url"":""https://us.shein.com/Kids-c-2031.html""},{""name"":""Kids Accessories"",""url"":""https://us.shein.com/Kids-Accessories-c-2022.html""},{""name"":""Kids Glasses & Eyewear Accessories"",""url"":""https://us.shein.com/Kids-Glasses-Eyewear-Accessories-c-3850.html""},{""name"":""Kids Fashion Glasses"",""url"":""https://us.shein.com/Kids-Fashion-Glasses-c-2073.html""}]",US,us.shein.com,21,"[""https://us.shein.com/TOMATO-CUTE-1-Pair-Kids-Flexible-Pentagonal-Rim-Polarized-Fashion-Glasses,-Outdoor-Fashion-Glasses-For-Boys-&amp;-Girls-p-38780674.html"",""https://img.ltwebstatic.com/images3_spmp/2024/07/10/e1/17205791606fb87c05d852d32083d240cff131f5ea.jpg"",""https://img.ltwebstatic.com/images3_spmp/2024/07/10/30/1720579154e276e2d46274e503fe2356830832d53e.jpg"",""https://img.ltwebstatic.com/images3_spmp/2024/07/10/82/1720579157245940aec90180d147ef76f60ced4ac9.jpg"",""https://img.ltwebstatic.com/images3_spmp/2024/07/10/30/172057915421243be560ddc16d3cbbd42e4d8245c3.jpg"",""https://img.ltwebstatic.com/images3_spmp/2024/07/10/ea/172057915349049a1157a0bf6768231ee660c2e213.jpg"",""https://img.ltwebstatic.com/images3_spmp/2024/07/10/ea/1720579153ccf4c6469075a0ff2679ccb8419f35de.jpg"",""https://img.ltwebstatic.com/images3_spmp/2024/07/10/30/17205791544192eb59a4343f5f0642ccf0a67a4e93.jpg"",""https://img.ltwebstatic.com/images3_spmp/2024/07/10/ea/1720579153aa5c5eeb8e7bddfd47d3e80841a7b347.jpg"",""https://img.ltwebstatic.com/images3_spmp/2024/07/10/28/17205791522c91218d49ef9505ccb51471a8a1940e.jpg"",""https://img.ltwebstatic.com/images3_spmp/2024/07/10/28/1720579152b953fffe443b9d7b795538a13fe64c20.jpg"",""https://img.ltwebstatic.com/images3_spmp/2024/07/10/7c/172057918698e1a4a74a5f42b61d29df7856c0aa0b.jpg"",""https://img.ltwebstatic.com/images3_spmp/2024/07/10/b2/172057914346305804138816951d1446ffb92be3b2.jpg"",""https://img.ltwebstatic.com/images3_spmp/2024/07/10/c0/172057914951ec130f208dbca593835141a8757007.jpg"",""https://img.ltwebstatic.com/images3_spmp/2024/07/10/b2/172057914370dc1a1b5ca7cdd506e9426c0bbb8125.jpg"",""https://img.ltwebstatic.com/images3_spmp/2024/07/10/b2/1720579143b16646f6af9a8f7e4687c1bccef4e0e2.jpg"",""https://img.ltwebstatic.com/images3_spmp/2024/07/10/b2/17205791432480414647710a31a8449aa95d80625d.jpg"",""https://img.ltwebstatic.com/images3_spmp/2024/07/10/b2/1720579143ed166564709c820d9da981df7896e63a.jpg"",""https://img.ltwebstatic.com/images3_spmp/2024/07/10/b2/1720579143886fc3bda73627af97d57d1fa1abc6f8.jpg"",""https://img.ltwebstatic.com/images3_spmp/2024/07/10/b2/1720579143df45c876f6062444ee789a2f4c9548dd.jpg"",""https://img.ltwebstatic.com/images3_spmp/2024/07/10/d4/1720579145458c92ea0b1ada8a8949901b3597e004.jpg""]",sk2407106644075944,null,"[{""name"":""Style"",""value"":""Casual""},{""name"":""Frame Material"",""value"":""TPE""},{""name"":""Lens Material"",""value"":""TAC""},{""name"":""Frame Color"",""value"":""White""},{""name"":""Gender"",""value"":""Boys""},{""name"":""Gender"",""value"":""Girls""},{""name"":""Applicable Age"",""value"":""3-14Y""},{""name"":""Material"",""value"":""Silicone""}]",38780674,0,null,Kids,null,Kids Fashion Glasses,SHEIN,"[""one-size""]"
"15.6 Lightweight Business Laptop Computer, Intel N100 Processor (Up To 3.4GHz), 8GB RAM, 256GB SSD, FHD IPS (1920x1080) Backlit Keyboard, Fingerprint, 2 Years Warranty, WiFi 6, BT 5.2, Win 11(RoseGold)","Free Returns ✓ Free Shipping✓. 15.6 Lightweight Business Laptop Computer, Intel N100 Processor (Up To 3.4GHz), 8GB RAM, 256GB SSD, FHD IPS (1920x1080) Backlit Keyboard, Fingerprint, 2 Years Warranty, WiFi 6, BT 5.2, Win 11(RoseGold)- Laptops at SHEIN.",340.3,238.2,USD,true,Silver,256GB,0,https://img.ltwebstatic.com/images3_spmp/2024/08/07/34/1723017129b6be3ca27610096b6ba9242a4b8c57a6_square.jpg,https://us.shein.com/Laptops-c-7828.html,"https://us.shein.com/15.6-Lightweight-Business-Laptop-Computer,-Intel-N100-Processor-(Up-To-3.4GHz),-8GB-RAM,-256GB-SSD,-FHD-IPS-(1920x1080)-Backlit-Keyboard,-Fingerprint,-2-Years-Warranty,-WiFi-6,-BT-5.2,-Win-11(RoseGold)-p-40320661.html","[{""name"":""Electronics"",""url"":""https://us.shein.com/Electronics-c-2273.html""},{""name"":""Computer & Office"",""url"":""https://us.shein.com/Computer-Office-c-2275.html""},{""name"":""Laptops"",""url"":""https://us.shein.com/Laptops-c-7828.html""}]",US,us.shein.com,9,"[""https://us.shein.com/15.6-Lightweight-Business-Laptop-Computer,-Intel-N100-Processor-(Up-To-3.4GHz),-8GB-RAM,-256GB-SSD,-FHD-IPS-(1920x1080)-Backlit-Keyboard,-Fingerprint,-2-Years-Warranty,-WiFi-6,-BT-5.2,-Win-11(RoseGold)-p-40320661.html"",""https://img.ltwebstatic.com/images3_spmp/2024/08/07/34/1723017129b6be3ca27610096b6ba9242a4b8c57a6_square.jpg"",""https://img.ltwebstatic.com/images3_spmp/2024/07/26/4c/17219641958e68cb617ab312ea3bd2971293201fc8_square.jpg"",""https://img.ltwebstatic.com/images3_spmp/2024/07/26/2c/172196421892c74f64ef35ae43ea66290829b79302_square.jpg"",""https://img.ltwebstatic.com/images3_spmp/2024/08/07/fd/17230154713fd46d060821b68c2b1070c413148702_square.jpg"",""https://img.ltwebstatic.com/images3_spmp/2024/07/30/58/1722326131bd16dc6e7b39220abb049cb97fafac7b_square.jpg"",""https://img.ltwebstatic.com/images3_spmp/2024/08/07/8c/1723015347f568d4faf038b37cf119af4211d43812_square.jpg"",""https://img.ltwebstatic.com/images3_spmp/2024/07/26/4c/1721964195cab0d784b9f7fc54d0e710e70c6753a2_square.jpg"",""https://img.ltwebstatic.com/images3_spmp/2024/07/26/4c/17219641955ea0732fc269a8e3e0b9d7297296585b_square.jpg""]",se2408070726116683,null,"[{""name"":""Color"",""value"":""Silver""},{""name"":""Brand"",""value"":""Others""},{""name"":""Screen Size Range"",""value"":""15\"" - 15.9\""""},{""name"":""Screen Size"",""value"":""15.6\""""},{""name"":""CPU Brand"",""value"":""Intel""},{""name"":""GPU Brand"",""value"":""Intel""},{""name"":""Screen Resolution"",""value"":""1920 x 1080""},{""name"":""CPU Family"",""value"":""Core i3""},{""name"":""CPU Generation"",""value"":""12th Gen""},{""name"":""GPU Model"",""value"":""Intel Integrated""},{""name"":""Wireless Communication Technology"",""value"":""Wi-Fi""},{""name"":""Operating System"",""value"":""Windows 11""},{""name"":""Laptop Type"",""value"":""Ultrathin Laptops""},{""name"":""HDD Type"",""value"":""SSD""},{""name"":""Memory Type"",""value"":""DDR4""},{""name"":""Touchscreen"",""value"":""No""},{""name"":""Power Supply"",""value"":""None""}]",40320661,0,null,Electronics,null,Laptops,SHEIN,"[""256GB""]"
"Unbeatablesale TCpop90x156-WhiteP11 Polyester Poplin Rectangular Tablecloth, White - 90 X 156 In.","Free Returns ✓ Free Shipping✓. Unbeatablesale TCpop90x156-WhiteP11 Polyester Poplin Rectangular Tablecloth, White - 90 X 156 In.- Other Party Accessories at SHEIN.",35.46,35.46,USD,true,White,one-size,0,https://img.ltwebstatic.com/images3_spmp/2024/08/04/b6/17227297293a19afe7d0cec5a1b4e1a84627009170.jpg,https://us.shein.com/Other-Party-Accessories-c-9556.html,"https://us.shein.com/TCpop90x156-WhiteP11-Polyester-Poplin-Rectangular-Tablecloth,-White---90-X-156-In.-p-40093558.html","[{""name"":""Home & Living"",""url"":""https://us.shein.com/Home-Living-c-2032.html""},{""name"":""Event & Party Supplies"",""url"":""https://us.shein.com/Event-Party-Supplies-c-2496.html""},{""name"":""Party Accessories"",""url"":""https://us.shein.com/Party-Accessories-c-3598.html""},{""name"":""Other Party Accessories"",""url"":""https://us.shein.com/Other-Party-Accessories-c-9556.html""}]",US,us.shein.com,3,"[""https://img.ltwebstatic.com/images3_spmp/2024/08/04/b6/17227297293a19afe7d0cec5a1b4e1a84627009170.jpg"",""https://img.ltwebstatic.com/images3_spmp/2024/08/04/69/172272973162905021e9f4a81ba31468d4e5c7055c.jpg"",""https://img.ltwebstatic.com/images3_spmp/2024/08/04/b6/17227297293a19afe7d0cec5a1b4e1a84627009170.jpg""]",sh2408042258784784,null,"[{""name"":""Color"",""value"":""White""},{""name"":""Material"",""value"":""PP""}]",40093558,0,null,Home & Living,null,Other Party Accessories,Unbeatablesale,"[""one-size""]"
"Humidifiers For Bedroom, 4L Humidifier For Large Room, Top Fill  Cool Mist Humidifiers For Nursery, Home & Plants, Quiet Air Humidifier With LED Lights, Auto Shut-Off & Easy To Clean","Free Returns ✓ Free Shipping✓. Humidifiers For Bedroom, 4L Humidifier For Large Room, Top Fill  Cool Mist Humidifiers For Nursery, Home & Plants, Quiet Air Humidifier With LED Lights, Auto Shut-Off & Easy To Clean- Kitchen Air Purifier at SHEIN.",36.8,26.6,USD,true,White,4-liter,0,https://img.ltwebstatic.com/images3_spmp/2024/06/15/5c/171844246306a8709483357087d9ebc8fe6000905c_square.jpg,https://us.shein.com/Kitchen-Air-Purifier-c-12272.html,"https://us.shein.com/Humidifiers-For-Bedroom,-4L-Humidifier-For-Large-Room,-Top-Fill--Cool-Mist-Humidifiers-For-Nursery,-Home-&amp;-Plants,-Quiet-Air-Humidifier-With-LED-Lights,-Auto-Shut-Off-&amp;-Easy-To-Clean-p-40045065.html","[{""name"":""Home & Living"",""url"":""https://us.shein.com/Home-Living-c-2032.html""},{""name"":""Kitchen & Dining"",""url"":""https://us.shein.com/Kitchen-Dining-c-1948.html""},{""name"":""Kitchen Tools & Gadgets"",""url"":""https://us.shein.com/Kitchen-Tools-Gadgets-c-3590.html""},{""name"":""Kitchen Air Purifier"",""url"":""https://us.shein.com/Kitchen-Air-Purifier-c-12272.html""}]",US,us.shein.com,11,"[""https://img.ltwebstatic.com/images3_spmp/2024/06/15/5c/171844246306a8709483357087d9ebc8fe6000905c_square.jpg"",""https://img.ltwebstatic.com/images3_spmp/2024/06/15/d3/1718442465a7ac370ba801c857c9c8e3f8ac4b7667_square.jpg"",""https://img.ltwebstatic.com/images3_spmp/2024/06/15/f4/1718442470bdf48bbbecce9c617bcdc0b367084498_square.jpg"",""https://img.ltwebstatic.com/images3_spmp/2024/06/15/e6/171844247491b2ade848a16622218d8142d49c67e0_square.jpg"",""https://img.ltwebstatic.com/images3_spmp/2024/06/15/7c/171844247872fc3b50b0e070c4638d7e6b51e0df3d_square.jpg"",""https://img.ltwebstatic.com/images3_spmp/2024/06/15/d2/171844248098491fa9998c58d6239f1479dd731c56_square.jpg"",""https://img.ltwebstatic.com/images3_spmp/2024/06/15/18/171844249161b32ec8a940da8ea6e9372cc8f88cd7.jpg"",""https://img.ltwebstatic.com/images3_spmp/2024/06/15/76/1718442497d5715190abfd611560b32c500b70e8e6.jpg"",""https://img.ltwebstatic.com/images3_spmp/2024/06/15/e6/1718442501ba6d6e11e4de6254c8e9b5ccdf5a63b2.jpg"",""https://img.ltwebstatic.com/images3_spmp/2024/06/15/ec/171844250545dfa8fffaf5fe2688dbc6722962fb3e.jpg"",""https://img.ltwebstatic.com/images3_spmp/2024/06/15/47/17184425082dc390f43c2eae9f0118450e8a65af5a.jpg""]",sh2406154401942221,null,"[{""name"":""Color"",""value"":""White""}]",40045065,0,null,Home & Living,null,Kitchen Air Purifier,SHEIN,"[""4-liter""]"
Synthetic Heat Resistant Front Lace Wig With Baby Hair 13*4 Extra Long Black Straight Hair 34 Inches Daily Use Women's Wigs Natural And Beautiful High Quality Synthetic Soft Beginner Friendly Wigs,Free Returns ✓ Free Shipping✓. Synthetic Heat Resistant Front Lace Wig With Baby Hair 13*4 Extra Long Black Straight Hair 34 Inches Daily Use Women's Wigs Natural And Beautiful High Quality Synthetic Soft Beginner Friendly Wigs- Synthetic Lace Wigs at SHEIN.,34.4,30,USD,true,Black,34 inch,0,https://img.ltwebstatic.com/images3_spmp/2024/08/06/4e/172291064597cd2dbf99e2670b5a5313323b5b26bb.jpg,https://us.shein.com/Synthetic-Lace-Wigs-c-3839.html,https://us.shein.com/Synthetic-Heat-Resistant-Front-Lace-Wig-With-Baby-Hair-13*4-Extra-Long-Black-Straight-Hair-34-Inches-Daily-Use-Women%27s-Wigs-Natural-And-Beautiful-High-Quality-Synthetic-Soft-Beginner-Friendly-Wigs-p-40280305.html,"[{""name"":""Beauty & Health"",""url"":""https://us.shein.com/Beauty-Health-c-1864.html""},{""name"":""Wigs & Accs"",""url"":""https://us.shein.com/Wigs-Accs-c-3644.html""},{""name"":""Synthetic Hair Wigs"",""url"":""https://us.shein.com/Synthetic-Hair-Wigs-c-3838.html""},{""name"":""Synthetic Lace Wigs"",""url"":""https://us.shein.com/Synthetic-Lace-Wigs-c-3839.html""}]",US,us.shein.com,11,"[""https://img.ltwebstatic.com/images3_spmp/2024/08/06/4e/172291064597cd2dbf99e2670b5a5313323b5b26bb.jpg"",""https://img.ltwebstatic.com/images3_spmp/2024/08/06/ca/17229106463367459bce12cc46b210c47605f59a66.jpg"",""https://img.ltwebstatic.com/images3_spmp/2024/08/06/ca/1722910646c10926e804689fd7fe4219cdd0172346.jpg"",""https://img.ltwebstatic.com/images3_spmp/2024/08/06/ca/1722910646cba62e25d1f3fa256a92b6d17f838c58.jpg"",""https://img.ltwebstatic.com/images3_spmp/2024/08/06/77/1722910666d8f0c661fcab1fda75a0b1edcf380c1e.jpg"",""https://img.ltwebstatic.com/images3_spmp/2024/08/06/ca/1722910646318c2b3ade4eb86b12580c0f38cae5a3.jpg"",""https://img.ltwebstatic.com/images3_spmp/2024/08/06/2f/1722910647ba8d1e7a968c356623fabd8c4c71417c.jpg"",""https://img.ltwebstatic.com/images3_spmp/2024/08/06/ca/1722910646adea476b625b2f490f0456492812a7af.jpg"",""https://img.ltwebstatic.com/images3_spmp/2024/08/06/ca/1722910646af86476230b8b7dcaf7f71d6a8c18778.jpg"",""https://img.ltwebstatic.com/images3_spmp/2024/08/06/ca/17229106469114a6eff09f933606d5813f077e6cfc.jpg"",""https://img.ltwebstatic.com/images3_spmp/2024/08/06/0a/1722910678d93a2b3c8f52df789fa02e77fc93a245.jpg""]",sb2408060727261716,null,"[{""name"":""Features"",""value"":""Heat-Resistant""},{""name"":""Color"",""value"":""Black""},{""name"":""Type"",""value"":""Lace Front Wigs""},{""name"":""Crowd"",""value"":""Women""},{""name"":""Theme"",""value"":""Daily""},{""name"":""Hairstyle"",""value"":""Extra Long Wigs""},{""name"":""Cap Type"",""value"":""Elastic Mesh Cap""},{""name"":""Curl"",""value"":""Straight Hair""},{""name"":""Dye/Bleach/Perm"",""value"":""Perm""},{""name"":""Heat Tolerence"",""value"":""80℃""},{""name"":""Lace Area"",""value"":""13*4""},{""name"":""Composition"",""value"":""100% Polyester""},{""name"":""Material"",""value"":""High Temperature Fiber""}]",40280305,0,null,Beauty & Health,null,Synthetic Lace Wigs,SHEIN,"[""34 inch""]"
"JAKEHOE Latex Paint Remover, Easily Cleans Renovation Residue, Removes Putty Powder, Oil-Based Paint, Cleaning Agent","Free Returns ✓ Free Shipping✓. JAKEHOE Latex Paint Remover, Easily Cleans Renovation Residue, Removes Putty Powder, Oil-Based Paint, Cleaning Agent- Glass Cleaner at SHEIN.",4.7,4.6,USD,true,Multicolor,one-size,0,https://img.ltwebstatic.com/images3_spmp/2024/07/30/e0/1722271430a307d156d9bd60b46e0296da60a26cb1.png,https://us.shein.com/Glass-Cleaner-c-5091.html,"https://us.shein.com/JAKEHOE-Latex-Paint-Remover,-Easily-Cleans-Renovation-Residue,-Removes-Putty-Powder,-Oil-Based-Paint,-Cleaning-Agent-p-39911142.html","[{""name"":""Home & Living"",""url"":""https://us.shein.com/Home-Living-c-2032.html""},{""name"":""Household Cleaning & Personal Care"",""url"":""https://us.shein.com/Household-Cleaning-Personal-Care-c-3988.html""},{""name"":""Household Chemicals"",""url"":""https://us.shein.com/Household-Chemicals-c-5070.html""},{""name"":""Glass Cleaner"",""url"":""https://us.shein.com/Glass-Cleaner-c-5091.html""}]",US,us.shein.com,12,"[""https://img.ltwebstatic.com/images3_spmp/2024/07/30/e0/1722271430a307d156d9bd60b46e0296da60a26cb1.png"",""https://img.ltwebstatic.com/images3_spmp/2024/07/30/e9/1722271429b9b8405c5b83e8cb867e68f96b891a0f.png"",""https://img.ltwebstatic.com/images3_spmp/2024/07/30/e9/17222714295db368d9695d3ee3d6596116ab2847ae.png"",""https://img.ltwebstatic.com/images3_spmp/2024/07/30/e9/17222714291bad9301f617c38331079aad01053293.png"",""https://img.ltwebstatic.com/images3_spmp/2024/07/30/e9/1722271429466aaf8692007ee5c2691d2a1c047029.png"",""https://img.ltwebstatic.com/images3_spmp/2024/07/30/e9/172227142911704a28fdbc3d442985b9812dc2a6ff.png"",""https://img.ltwebstatic.com/images3_spmp/2024/07/30/68/1722271437f3e619dbbb0f9f5e5e05c05703150945.png"",""https://img.ltwebstatic.com/images3_spmp/2024/07/30/68/17222714375c53de744e4ecaaab8c511ffefb76b92.png"",""https://img.ltwebstatic.com/images3_spmp/2024/07/30/ca/1722271438136a304cab8ced515826f0c1b484bfa4.png"",""https://img.ltwebstatic.com/images3_spmp/2024/07/30/68/1722271437ee76b7f1c12f2c9576277eea65bab53b.png"",""https://img.ltwebstatic.com/images3_spmp/2024/07/30/ca/1722271438e4ecab23ab8e5499f7a16a3fac55ca35.png"",""https://img.ltwebstatic.com/images3_spmp/2024/07/30/68/17222714378067347201d206a9ec201e3ec009ca42.png""]",sh2407305966569686,null,"[{""name"":""Color"",""value"":""Multicolor""},{""name"":""Material"",""value"":""Coconut Shell""}]",39911142,0,null,Home & Living,null,Glass Cleaner,SHEIN,"[""one-size""]"
Unbeatablesale Jiallo 11750 Credit Card Holder RFID Blocking Aluminum Business Card Holder Pop-Up Card Case,Free Returns ✓ Free Shipping✓. Unbeatablesale Jiallo 11750 Credit Card Holder RFID Blocking Aluminum Business Card Holder Pop-Up Card Case- Binders at SHEIN.,16.92,16.92,USD,true,Red,one-size,0,https://img.ltwebstatic.com/images3_spmp/2024/08/06/f4/1722942376d9abc8dc9cda59ed4a17ed254786e592.jpg,https://us.shein.com/Binders-c-4149.html,https://us.shein.com/Jiallo-11750-Credit-Card-Holder-RFID-Blocking-Aluminum-Business-Card-Holder-Pop-Up-Card-Case-p-40268721.html,"[{""name"":""Office & School Supplies"",""url"":""https://us.shein.com/Office-School-Supplies-c-2297.html""},{""name"":""Notebooks & Writing Pads"",""url"":""https://us.shein.com/Notebooks-Writing-Pads-c-3921.html""},{""name"":""Binders"",""url"":""https://us.shein.com/Binders-c-4149.html""}]",US,us.shein.com,3,"[""https://img.ltwebstatic.com/images3_spmp/2024/08/06/f4/1722942376d9abc8dc9cda59ed4a17ed254786e592.jpg"",""https://img.ltwebstatic.com/images3_spmp/2024/08/06/f4/1722942376d9abc8dc9cda59ed4a17ed254786e592.jpg"",""https://img.ltwebstatic.com/images3_spmp/2024/08/06/f4/1722942376d9abc8dc9cda59ed4a17ed254786e592.jpg""]",ss2408061813853554,null,"[{""name"":""Color"",""value"":""Red""},{""name"":""Material"",""value"":""PP""}]",40268721,0,null,Office & School Supplies,null,Binders,Unbeatablesale,"[""one-size""]"
1 pair of diameter 12cm women's white super large exaggerated minimalism round big earrings prom party nightclub dance earrings for friends gifts Y2K style,Free Returns ✓ Free Shipping✓. 1 pair of diameter 12cm women's white super large exaggerated minimalism round big earrings prom party nightclub dance earrings for friends gifts Y2K style- Women Hoop Earrings at SHEIN.,1.3,1.3,USD,true,White,one-size,0,https://img.ltwebstatic.com/images3_spmp/2023/06/19/16871583755f2e89510a35d3859dc16c66fc1c43e2.jpg,https://us.shein.com/Women-Hoop-Earrings-c-4203.html,https://us.shein.com/1-pair-of-diameter-12cm-women%27s-white-super-large-exaggerated-minimalism-round-big-earrings-prom-party-nightclub-dance-earrings-for-friends-gifts-Y2K-style-p-18142300.html,"[{""name"":""Jewelry & Watches"",""url"":""https://us.shein.com/Jewelry-Watches-c-3634.html""},{""name"":""Women Fashion Jewelry"",""url"":""https://us.shein.com/Women-Fashion-Jewelry-c-3632.html""},{""name"":""Women Earrings"",""url"":""https://us.shein.com/Women-Earrings-c-4202.html""},{""name"":""Women Hoop Earrings"",""url"":""https://us.shein.com/Women-Hoop-Earrings-c-4203.html""}]",US,us.shein.com,5,"[""https://img.ltwebstatic.com/images3_spmp/2023/06/19/16871583755f2e89510a35d3859dc16c66fc1c43e2.jpg"",""https://img.ltwebstatic.com/images3_spmp/2023/06/19/1687158375b5f96faee86f21bf4e29d4ac108f7868.jpg"",""https://img.ltwebstatic.com/images3_spmp/2023/06/19/16871583753c2b345ae7a3a425ba3ada6a545132c1.jpg"",""https://img.ltwebstatic.com/images3_spmp/2023/06/19/168715837507b0ddf707a4c58dc93cea7c8112570c.jpg"",""https://img.ltwebstatic.com/images3_spmp/2023/06/19/1687158375c3c6af4ff208f3479aeff491879fe280.jpg""]",sj2306193828892052,null,"[{""name"":""Gender"",""value"":""Women""},{""name"":""Color"",""value"":""White""},{""name"":""Material"",""value"":""Iron""}]",18142300,0,null,Jewelry & Watches,null,Women Hoop Earrings,SHEIN,"[""one-size""]"
"304 Stainless Steel Food Clip, Korean Style Barbecue Clip, Household Steak Clip, Kitchen Tool, Buffet Bread Clip","Free Returns ✓ Free Shipping✓. 304 Stainless Steel Food Clip, Korean Style Barbecue Clip, Household Steak Clip, Kitchen Tool, Buffet Bread Clip- Other Kitchen Tools at SHEIN.",2.5,2.4,USD,true,Silver,one-size,0,https://img.ltwebstatic.com/images3_spmp/2024/07/29/28/172225060012e5165a813df828a41433f6b71a815d_square.jpg,https://us.shein.com/Other-Kitchen-Tools-c-3937.html,"https://us.shein.com/304-Stainless-Steel-Food-Clip,-Korean-Style-Barbecue-Clip,-Household-Steak-Clip,-Kitchen-Tool,-Buffet-Bread-Clip-p-39775974.html","[{""name"":""Home & Living"",""url"":""https://us.shein.com/Home-Living-c-2032.html""},{""name"":""Kitchen & Dining"",""url"":""https://us.shein.com/Kitchen-Dining-c-1948.html""},{""name"":""Kitchen Tools & Gadgets"",""url"":""https://us.shein.com/Kitchen-Tools-Gadgets-c-3590.html""},{""name"":""Other Kitchen Tools"",""url"":""https://us.shein.com/Other-Kitchen-Tools-c-3937.html""}]",US,us.shein.com,7,"[""https://img.ltwebstatic.com/images3_spmp/2024/07/29/28/172225060012e5165a813df828a41433f6b71a815d_square.jpg"",""https://img.ltwebstatic.com/images3_spmp/2024/07/29/02/1722250598ebeb658c5d95f815f32952efc412afb2_square.jpg"",""https://img.ltwebstatic.com/images3_spmp/2024/07/29/28/1722250600e1f98ff9671fad6dab3d0742d281aa76_square.jpg"",""https://img.ltwebstatic.com/images3_spmp/2024/07/29/28/1722250600c4cdb0630d66da414ffb7a6f3722db89_square.jpg"",""https://img.ltwebstatic.com/images3_spmp/2024/07/29/44/17222505997d120d358918c727c6782a85b58136ba_square.jpg"",""https://img.ltwebstatic.com/images3_spmp/2024/07/29/44/1722250599c10331e21b9c3dea34057cc875303880_square.jpg"",""https://img.ltwebstatic.com/images3_spmp/2024/07/29/44/17222505999f914f99dba51a571cb1a446329a5340_square.jpg""]",sh2407296164357994,null,"[{""name"":""Power Supply"",""value"":""None""},{""name"":""Color"",""value"":""Silver""},{""name"":""Material"",""value"":""Stainless Steel""},{""name"":""Oven Safe (-4~220 degrees Celsius)"",""value"":""No""},{""name"":""Dishwasher Safe"",""value"":""No""},{""name"":""Microwave Safe"",""value"":""No""}]",39775974,0,null,Home & Living,null,Other Kitchen Tools,SHEIN,"[""one-size""]"
"1 Set Of 4pcs Strawberry Scented Candles, Wholesale Aromatherapy Candle Gift Box, Creative Birthday Gift, Handmade Decorative Candles","Free Returns ✓ Free Shipping✓. 1 Set Of 4pcs Strawberry Scented Candles, Wholesale Aromatherapy Candle Gift Box, Creative Birthday Gift, Handmade Decorative Candles- Scented Candles at SHEIN.",2.9,2.8,USD,true,Red,one-size,0,https://img.ltwebstatic.com/images3_spmp/2024/07/30/f1/1722340378479db4e7287b049bd385402726b21b1b.jpg,https://us.shein.com/Scented-Candles-c-11752.html,"https://us.shein.com/1-Set-Of-4pcs-Strawberry-Scented-Candles,-Wholesale-Aromatherapy-Candle-Gift-Box,-Creative-Birthday-Gift,-Handmade-Decorative-Candles-p-39887458.html","[{""name"":""Home & Living"",""url"":""https://us.shein.com/Home-Living-c-2032.html""},{""name"":""Home Decor"",""url"":""https://us.shein.com/Home-Decor-c-1954.html""},{""name"":""Candles & Holders"",""url"":""https://us.shein.com/Candles-Holders-c-3464.html""},{""name"":""Scented Candles"",""url"":""https://us.shein.com/Scented-Candles-c-11752.html""}]",US,us.shein.com,16,"[""https://img.ltwebstatic.com/images3_spmp/2024/07/30/f1/1722340378479db4e7287b049bd385402726b21b1b.jpg"",""https://img.ltwebstatic.com/images3_spmp/2024/07/30/f1/1722340378a2603d5cb3e8e0a72a49ddb6426c8f92.jpg"",""https://img.ltwebstatic.com/images3_spmp/2024/07/30/f1/17223403780a35345fb95de27afc1cf09a1c4d2405.jpg"",""https://img.ltwebstatic.com/images3_spmp/2024/07/30/f1/172234037835544c3cce66f836855520a46726cf7e.jpg"",""https://img.ltwebstatic.com/images3_spmp/2024/07/30/f1/1722340378c00cd959f73f543095156a4a3b77ca0c.jpg"",""https://img.ltwebstatic.com/images3_spmp/2024/07/30/f1/1722340378d90f04db2375cd9abdc217db04842812.jpg"",""https://img.ltwebstatic.com/images3_spmp/2024/07/30/f1/17223403783f2cfb2dbbfbbdb9ab530dd4d507e96c.jpg"",""https://img.ltwebstatic.com/images3_spmp/2024/07/30/f1/1722340378c18a3d778453f56a6beb0a37fca09474.jpg"",""https://img.ltwebstatic.com/images3_spmp/2024/07/30/7d/1722340474f1717881dd270e7b067f114e5d6a37f4.jpg"",""https://img.ltwebstatic.com/images3_spmp/2024/07/30/7d/1722340474be8c1aad73cc62d9f89c9e1929f5654d.jpg"",""https://img.ltwebstatic.com/images3_spmp/2024/07/30/7d/172234047474645d712e4bf43c67c811a4d4a739dc.jpg"",""https://img.ltwebstatic.com/images3_spmp/2024/07/30/7d/17223404746bb1fbe25aba07a8522de27c1d82f377.jpg"",""https://img.ltwebstatic.com/images3_spmp/2024/07/30/7d/1722340474e6bd6a3691688534404d701be7189478.jpg"",""https://img.ltwebstatic.com/images3_spmp/2024/07/30/7d/17223404740875ea4d661bcf8ed697cb1739168d57.jpg"",""https://img.ltwebstatic.com/images3_spmp/2024/07/30/7d/1722340474d6bf8fe0358c3fb9db95591129a552fa.jpg"",""https://img.ltwebstatic.com/images3_spmp/2024/07/30/7d/172234047484acdcf0bef6b0be340b309d1cada1ec.jpg""]",sh2407300346879902,null,"[{""name"":""Color"",""value"":""Red""},{""name"":""Power Supply"",""value"":""None""},{""name"":""Material"",""value"":""Wax""}]",39887458,0,null,Home & Living,null,Scented Candles,SHEIN,"[""one-size""]"
"35pcs Colorful Pentagram Embroidered Patches, Small Sized Star Embroidery Stickers Suitable For Halloween, Holidays, Party, Glass, Gift Box, Birthday Gift Decoration","Free Returns ✓ Free Shipping✓. 35pcs Colorful Pentagram Embroidered Patches, Small Sized Star Embroidery Stickers Suitable For Halloween, Holidays, Party, Glass, Gift Box, Birthday Gift Decoration- Garment Decoration Excipients at SHEIN.",4.7,4.5,USD,true,Multicolor,35 Color Stars-35 Styles Full Set-self-adhesive,0,https://img.ltwebstatic.com/images3_spmp/2024/08/19/b6/1724035955133aa10dd7e758e5e2c41ee8a6b101ca_square.jpg,https://us.shein.com/Garment-Decoration-Excipients-c-4095.html,"https://us.shein.com/35pcs-Colorful-Pentagram-Embroidered-Patches,-Small-Sized-Star-Embroidery-Stickers-Suitable-For-Halloween,-Holidays,-Party,-Glass,-Gift-Box,-Birthday-Gift-Decoration-p-41157108.html","[{""name"":""Home & Living"",""url"":""https://us.shein.com/Home-Living-c-2032.html""},{""name"":""Arts,Crafts & Sewing"",""url"":""https://us.shein.com/Arts,Crafts-Sewing-c-3497.html""},{""name"":""Apparel Sewing & Fabric"",""url"":""https://us.shein.com/Apparel-Sewing-Fabric-c-3498.html""},{""name"":""Garment Decoration Excipients"",""url"":""https://us.shein.com/Garment-Decoration-Excipients-c-4095.html""}]",US,us.shein.com,18,"[""https://img.ltwebstatic.com/images3_spmp/2024/08/19/62/172403573407c8538d29ade91eba177bbd8bfbdff9_square.jpg"",""https://img.ltwebstatic.com/images3_spmp/2024/08/19/62/17240357344ea2dfd03c2eb724739316a2e6ccd738_square.jpg"",""https://img.ltwebstatic.com/images3_spmp/2024/08/19/62/1724035734227facb09c2226067d61d6e248317ef6_square.jpg"",""https://img.ltwebstatic.com/images3_spmp/2024/08/19/62/1724035734d0f93e043985d3fc41c95adb1bb758f3_square.jpg"",""https://img.ltwebstatic.com/images3_spmp/2024/08/19/62/172403573483b815a65bbd57ef0053a38368d771c3_square.jpg"",""https://img.ltwebstatic.com/images3_spmp/2024/08/19/62/1724035734ee3bb0511b3e7d45b97e9338a5318153_square.jpg"",""https://img.ltwebstatic.com/images3_spmp/2024/08/19/62/1724035734685182f380fa343b2d2fc378fe002330_square.jpg"",""https://img.ltwebstatic.com/images3_abc/2024/08/19/a2/1724035738fad23692d19bb10dc68af1e45d16c3da_square.png"",""https://img.ltwebstatic.com/images3_spmp/2024/08/19/b6/1724035955133aa10dd7e758e5e2c41ee8a6b101ca_square.jpg"",""https://img.ltwebstatic.com/images3_spmp/2024/08/19/e0/17240359726df1f1dacfcd81f47966db5b298afa19_square.jpg"",""https://img.ltwebstatic.com/images3_spmp/2024/08/19/51/17240359656ae2190a8bcc8523842ec6215f9933aa.jpg"",""https://img.ltwebstatic.com/images3_spmp/2024/08/19/51/172403596521a8675d5e1bf4a65c5959ce0693c13a.jpg"",""https://img.ltwebstatic.com/images3_spmp/2024/08/19/7a/17240359669d6c156826d1b2e9bb07dd0fce9aa571.jpg"",""https://img.ltwebstatic.com/images3_spmp/2024/08/19/51/17240359651b82ca4084c8b7acd2280ca8c874d864.jpg"",""https://img.ltwebstatic.com/images3_spmp/2024/08/19/7a/172403596650da0de97434dc0c644032bea1b5e213.jpg"",""https://img.ltwebstatic.com/images3_spmp/2024/08/19/51/17240359653bf987f194e9faf2429e575e5d6e6531.jpg"",""https://img.ltwebstatic.com/images3_spmp/2024/08/19/51/1724035965200f75f57fadf7b63a3f0cc494021519.jpg"",""https://img.ltwebstatic.com/images3_spmp/2024/08/19/51/1724035965ff66221e464a084d850fc58e276b9956.jpg""]",sh2408193683769656,null,"[{""name"":""Color"",""value"":""Multicolor""},{""name"":""Material"",""value"":""Polyester""},{""name"":""Composition"",""value"":""95% Polyester""},{""name"":""Composition"",""value"":""5% Viscose""}]",41157108,0,null,Home & Living,null,Garment Decoration Excipients,SHEIN,"[""35 Color Stars-35 Styles Full Set-self-adhesive""]"
"1 Roll Disposable Collar Pads, Anti-Sweat Shirt Collar Protector, Cap Brim Sweat Absorbing Sticker, Anti-Stain Collar Stickers, Transparent Jewelry Metal Glue, Upgraded Clear Gel Liquid Fabric Glue","Free Returns ✓ Free Shipping✓. 1 Roll Disposable Collar Pads, Anti-Sweat Shirt Collar Protector, Cap Brim Sweat Absorbing Sticker, Anti-Stain Collar Stickers, Transparent Jewelry Metal Glue, Upgraded Clear Gel Liquid Fabric Glue- Tape at SHEIN.",2.4,2.3,USD,true,White,1 Roll,0,https://img.ltwebstatic.com/images3_spmp/2024/08/09/91/172319459419a0749ef3643ff8d99834965cfaa45b.jpg,https://us.shein.com/Tape-c-11112.html,"https://us.shein.com/1-Roll-Disposable-Collar-Pads,-Anti-Sweat-Shirt-Collar-Protector,-Cap-Brim-Sweat-Absorbing-Sticker,-Anti-Stain-Collar-Stickers,-Transparent-Jewelry-Metal-Glue,-Upgraded-Clear-Gel-Liquid-Fabric-Glue-p-40636323.html","[{""name"":""Home & Living"",""url"":""https://us.shein.com/Home-Living-c-2032.html""},{""name"":""Home Essentials"",""url"":""https://us.shein.com/Home-Essentials-c-1959.html""},{""name"":""Daily Home Essentials"",""url"":""https://us.shein.com/Daily-Home-Essentials-c-3510.html""},{""name"":""Tape"",""url"":""https://us.shein.com/Tape-c-11112.html""}]",US,us.shein.com,16,"[""https://img.ltwebstatic.com/images3_spmp/2024/08/09/91/172319459419a0749ef3643ff8d99834965cfaa45b.jpg"",""https://img.ltwebstatic.com/images3_spmp/2024/08/09/91/17231945942bf65ec12171dfd37044b6d55cb3b691.jpg"",""https://img.ltwebstatic.com/images3_spmp/2024/08/09/91/172319459415dc61a88e149f9105cc92b888fe657d.jpg"",""https://img.ltwebstatic.com/images3_spmp/2024/08/09/99/1723194593186a2e40a80c6d5528d4fd431a3e0255.jpg"",""https://img.ltwebstatic.com/images3_spmp/2024/08/09/91/172319459453e5c10031ee7d820579882f57905264.jpg"",""https://img.ltwebstatic.com/images3_spmp/2024/08/09/91/1723194594fa3430867e6bb5f154c162cf26f9d6e9.jpg"",""https://img.ltwebstatic.com/images3_spmp/2024/08/09/91/17231945949fe2d06db5b463832c449d2c98e15b1a.jpg"",""https://img.ltwebstatic.com/images3_spmp/2024/08/09/32/17231946684a35e3b647194f43a4ac85ffc10531ca.jpg"",""https://img.ltwebstatic.com/images3_spmp/2024/08/09/32/1723194668a16ee3242e0227441723e96ae08569bd.jpg"",""https://img.ltwebstatic.com/images3_spmp/2024/08/09/32/172319466802ab233bf334f5240b79523d2f418220.jpg"",""https://img.ltwebstatic.com/images3_spmp/2024/08/09/32/172319466853d86d957b6afc66a3355fcef01995e1.jpg"",""https://img.ltwebstatic.com/images3_spmp/2024/08/09/32/17231946685a516446b51eebf6bf387622918a8bdb.jpg"",""https://img.ltwebstatic.com/images3_spmp/2024/08/09/32/1723194668cff43d491bc7da05197c883eabb1e40c.jpg"",""https://img.ltwebstatic.com/images3_spmp/2024/08/09/32/17231946686f5d1e8da999266f5d38ce5435551844.jpg"",""https://img.ltwebstatic.com/images3_spmp/2024/08/09/32/172319466826239567f9c0e5ac069e297c7faf51b1.jpg"",""https://img.ltwebstatic.com/images3_spmp/2024/08/09/34/17231946696a1d0e82a15548a412c66f1d5154bfe6.jpg""]",sh2408095375784488,null,"[{""name"":""Color"",""value"":""White""},{""name"":""Material"",""value"":""Fabric""},{""name"":""Composition"",""value"":""100% Viscose""}]",40636323,0,null,Home & Living,null,Tape,SHEIN,"[""1 Roll""]"
Unbeatablesale K904 Tan Seam-Fil 1 Oz. Tube,Free Returns ✓ Free Shipping✓. Unbeatablesale K904 Tan Seam-Fil 1 Oz. Tube- Caulking Guns at SHEIN.,24.56,24.56,USD,true,Multicolor,one-size,0,https://img.ltwebstatic.com/images3_spmp/2024/07/17/49/17212118367025dcfb444fd4af1c22770e7c1c8ac5.jpg,https://us.shein.com/Caulking-Guns-c-9337.html,https://us.shein.com/K904-Tan-Seam-Fil-1-Oz.-Tube-p-39750591.html,"[{""name"":""Tools & Home Improvement"",""url"":""https://us.shein.com/Tools-Home-Improvement-c-4327.html""},{""name"":""Hand Tools"",""url"":""https://us.shein.com/Hand-Tools-c-4501.html""},{""name"":""Caulking Guns"",""url"":""https://us.shein.com/Caulking-Guns-c-9337.html""}]",US,us.shein.com,3,"[""https://img.ltwebstatic.com/images3_spmp/2024/07/17/49/17212118367025dcfb444fd4af1c22770e7c1c8ac5.jpg"",""https://img.ltwebstatic.com/images3_spmp/2024/07/17/49/17212118367025dcfb444fd4af1c22770e7c1c8ac5.jpg"",""https://img.ltwebstatic.com/images3_spmp/2024/07/17/49/17212118367025dcfb444fd4af1c22770e7c1c8ac5.jpg""]",sr2407285351615580,null,"[{""name"":""Color"",""value"":""Multicolor""},{""name"":""Material"",""value"":""PP""}]",39750591,0,null,Tools & Home Improvement,null,Caulking Guns,Unbeatablesale,"[""one-size""]"
The North Face Inferno NF0A52DL1U5 Sleeping Bag Unisex Yellow Nylon Zip BG227,Free Returns ✓ Free Shipping✓. The North Face Inferno NF0A52DL1U5 Sleeping Bag Unisex Yellow Nylon Zip BG227- Sleeping Bags at SHEIN.,790,790,USD,true,Yellow,one-size,0,https://img.ltwebstatic.com/images3_spmp/2024/07/28/fa/1722105700e88c113f7961f30e043c1434f26053e1_square.jpg,https://us.shein.com/Sleeping-Bags-c-4400.html,https://us.shein.com/Inferno-NF0A52DL1U5-Sleeping-Bag-Unisex-Yellow-Nylon-Zip-BG227-p-39607471.html,"[{""name"":""Sports & Outdoor"",""url"":""https://us.shein.com/Sports-Outdoor-c-3195.html""},{""name"":""Camping & Hiking"",""url"":""https://us.shein.com/Camping-Hiking-c-4366.html""},{""name"":""Sleeping Bags & Camp Bedding"",""url"":""https://us.shein.com/Sleeping-Bags-Camp-Bedding-c-4394.html""},{""name"":""Sleeping Bags"",""url"":""https://us.shein.com/Sleeping-Bags-c-4400.html""}]",US,us.shein.com,7,"[""https://img.ltwebstatic.com/images3_spmp/2024/07/28/fa/1722105700e88c113f7961f30e043c1434f26053e1_square.jpg"",""https://img.ltwebstatic.com/images3_spmp/2024/07/28/31/1722105704aff5a1013bcfbea12796c821c8a6019a_square.jpg"",""https://img.ltwebstatic.com/images3_spmp/2024/07/28/aa/1722105706c9ff53ee8117ce00622310f4533b61d5_square.jpg"",""https://img.ltwebstatic.com/images3_spmp/2024/07/28/e3/1722105708ad83183e9b73bce31ba6138ba9787115_square.jpg"",""https://img.ltwebstatic.com/images3_spmp/2024/07/28/3b/17221057115270e8f743cb667187ab6aa10aa2ea63_square.jpg"",""https://img.ltwebstatic.com/images3_spmp/2024/07/28/ab/1722105713b37744d2b672f5b719cf0fab8e2c0675_square.jpg"",""https://img.ltwebstatic.com/images3_spmp/2024/07/28/df/17221057156c48f6a51a4b19c11b5b71f6d42708b3_square.jpg""]",sf2407286692616066,null,"[{""name"":""Color"",""value"":""Yellow""}]",39607471,0,null,Sports & Outdoor,null,Sleeping Bags,The North Face,"[""one-size""]"
1 Piece Stainless Steel Adjustable Metal Snake Bracelet,Free Returns ✓ Free Shipping✓. 1 Piece Stainless Steel Adjustable Metal Snake Bracelet- Women Bangles at SHEIN.,2.5,2.43,USD,true,Yellow Gold,one-size,0,https://img.ltwebstatic.com/images3_spmp/2024/08/21/60/17242303493a625c537ad5db68fa377eb87af656f3_square.jpg,https://us.shein.com/Women-Bangles-c-4198.html,https://us.shein.com/1-Piece-Stainless-Steel-Adjustable-Metal-Snake-Bracelet-p-41268833.html,"[{""name"":""Jewelry & Watches"",""url"":""https://us.shein.com/Jewelry-Watches-c-3634.html""},{""name"":""Women Fashion Jewelry"",""url"":""https://us.shein.com/Women-Fashion-Jewelry-c-3632.html""},{""name"":""Women Bracelets"",""url"":""https://us.shein.com/Women-Bracelets-c-4196.html""},{""name"":""Women Bangles"",""url"":""https://us.shein.com/Women-Bangles-c-4198.html""}]",US,us.shein.com,8,"[""https://img.ltwebstatic.com/images3_spmp/2024/08/21/64/17242297980dc7cacd704a5bc785b11e5c0aafaaac.jpg"",""https://img.ltwebstatic.com/images3_spmp/2024/08/21/23/17242297921dbb13e071d69195bb049cc7a26eed87.jpg"",""https://img.ltwebstatic.com/images3_spmp/2024/08/21/98/17242297936f37e14a7eb87540d1de032237a82ac6.jpg"",""https://img.ltwebstatic.com/images3_spmp/2024/08/21/fb/1724229794ca3adc80fe741067b3df9a7f70e4932e.jpg"",""https://img.ltwebstatic.com/images3_spmp/2024/08/21/98/1724229793ac0406351d48d5eb51c2d9ca6819d09e.jpg"",""https://img.ltwebstatic.com/images3_spmp/2024/08/21/98/1724229793b2f4628e9ade8d4c2794923de29eeb6a.jpg"",""https://img.ltwebstatic.com/images3_spmp/2024/08/21/60/17242303493a625c537ad5db68fa377eb87af656f3_square.jpg"",""https://img.ltwebstatic.com/images3_spmp/2024/08/21/2f/172422990777aabdfc9f5be34b4ad7a6106af28719_square.jpg""]",sj2408218688987188,null,"[{""name"":""Details"",""value"":""Metal""},{""name"":""Details"",""value"":""Texture Metal""},{""name"":""Style"",""value"":""Fashionable""},{""name"":""Details"",""value"":""Snake""},{""name"":""Gender"",""value"":""Women""},{""name"":""Color"",""value"":""Yellow Gold""},{""name"":""Material"",""value"":""Stainless Steel""}]",41268833,0,null,Jewelry & Watches,null,Women Bangles,SHEIN,"[""one-size""]"
"1pc UV LED Gel Nail Lamp UV Light Purple Nail Phototherapy Machine, Professional Manicure Lamp Plastic Ultraviolet Gel Nail Polish Dryer UV Gel Polish Nail Lamp Fast Curing Quick-Drying Nail Polish Glue Baking Lamp Nail Lamps Portable Handle Large Space Nail Machine Automatic Smart Sensor For Gel Polish Curing Salon Use & Home DIY Nail Art, Best Gifts For Girls, New Adhesive Diamond Nail Lamp Accessories For Fingernail Toenail Salon School Supplies","Free Returns ✓ Free Shipping✓. 1pc UV LED Gel Nail Lamp UV Light Purple Nail Phototherapy Machine, Professional Manicure Lamp Plastic Ultraviolet Gel Nail Polish Dryer UV Gel Polish Nail Lamp Fast Curing Quick-Drying Nail Polish Glue Baking Lamp Nail Lamps Portable Handle Large Space Nail Machine Automatic Smart Sensor For Gel Polish Curing Salon Use & Home DIY Nail Art, Best Gifts For Girls, New Adhesive Diamond Nail Lamp Accessories For Fingernail Toenail Salon School Supplies- Nail Curing Lamps & Dryers at SHEIN.",50.3,43.9,USD,true,N/A,one-size,0,https://img.ltwebstatic.com/images3_spmp/2024/08/20/31/1724143898890bc0895a7147390ed939c9943a2851.jpg,https://us.shein.com/Nail-Curing-Lamps-Dryers-c-9121.html,"https://us.shein.com/1pc-UV-LED-Gel-Nail-Lamp-UV-Light-Purple-Nail-Phototherapy-Machine,-Professional-Manicure-Lamp-Plastic-Ultraviolet-Gel-Nail-Polish-Dryer-UV-Gel-Polish-Nail-Lamp-Fast-Curing-Quick-Drying-Nail-Polish-Glue-Baking-Lamp-Nail-Lamps-Portable-Handle-Large-Space-Nail-Machine-Automatic-Smart-Sensor-For-Gel-Polish-Curing-Salon-Use-&amp;-Home-DIY-Nail-Art,-Best-Gifts-For-Girls,-New-Adhesive-Diamond-Nail-Lamp-Accessories-For-Fingernail-Toenail-Salon-School-Supplies-p-41135052.html","[{""name"":""Beauty & Health"",""url"":""https://us.shein.com/Beauty-Health-c-1864.html""},{""name"":""Personal Care Appliance"",""url"":""https://us.shein.com/Personal-Care-Appliance-c-3862.html""},{""name"":""Nail Art Equipments"",""url"":""https://us.shein.com/Nail-Art-Equipments-c-9120.html""},{""name"":""Nail Curing Lamps & Dryers"",""url"":""https://us.shein.com/Nail-Curing-Lamps-Dryers-c-9121.html""}]",US,us.shein.com,19,"[""https://img.ltwebstatic.com/images3_spmp/2024/08/20/31/1724143898890bc0895a7147390ed939c9943a2851.jpg"",""https://img.ltwebstatic.com/images3_spmp/2024/08/20/31/172414389885b4f61b64ae83a03cd3e83e82e11bec.jpg"",""https://img.ltwebstatic.com/images3_spmp/2024/08/20/31/1724143898ad171f17a1d287396d645701e2435305.jpg"",""https://img.ltwebstatic.com/images3_spmp/2024/08/20/31/1724143898ecf5e2caae28f71a84ae4485b8c8e670.jpg"",""https://img.ltwebstatic.com/images3_spmp/2024/08/20/31/172414389818dd217ebc38610a3498bcf3f490d6fb.jpg"",""https://img.ltwebstatic.com/images3_spmp/2024/08/20/31/17241438986fa0466ac7e15066ea10cb925a0a1b63.jpg"",""https://img.ltwebstatic.com/images3_spmp/2024/08/20/e8/17241438971bd10c596c4daaa49bb41f5f1176e9e0.jpg"",""https://img.ltwebstatic.com/images3_spmp/2024/08/20/31/1724143898442e385ae314b2e89e7d61f5ff41f170.jpg"",""https://img.ltwebstatic.com/images3_spmp/2024/08/20/31/17241438982946b28389fa11b2b9c8fae6b925f3d7.jpg"",""https://img.ltwebstatic.com/images3_spmp/2024/08/20/31/17241438985398f2d5e6ad854fb1d8147774f7072a.jpg"",""https://img.ltwebstatic.com/images3_spmp/2024/08/20/f4/1724143929fb3ca4622aa405eef372dd7dd0cf6af2.jpg"",""https://img.ltwebstatic.com/images3_spmp/2024/08/20/f4/17241439298ffad0c4e08ed83a7133792f7f9b1af1.jpg"",""https://img.ltwebstatic.com/images3_spmp/2024/08/20/f4/1724143929f5b1b9b2275a47692cbf137f769bf6c1.jpg"",""https://img.ltwebstatic.com/images3_spmp/2024/08/20/f4/1724143929f39b6c285b68c1f2223d79fa54dc36eb.jpg"",""https://img.ltwebstatic.com/images3_spmp/2024/08/20/f4/17241439290dd384108f423033915876b4ebbb2680.jpg"",""https://img.ltwebstatic.com/images3_spmp/2024/08/20/f4/17241439295ec9df77c03f59aafc0da725c7d22522.jpg"",""https://img.ltwebstatic.com/images3_spmp/2024/08/20/f4/17241439292fbb55cd3bf0134c0f3f08e219c76718.jpg"",""https://img.ltwebstatic.com/images3_spmp/2024/08/20/f4/172414392971396ab7b37dac88d111c943fe4f93c5.jpg"",""https://img.ltwebstatic.com/images3_spmp/2024/08/20/f4/1724143929dbdb7c2ba0c441dae65e772cb7885a21.jpg""]",sb2408200231938887,null,"[{""name"":""Plug(Voltage)"",""value"":""US A Type Plug(110-127V)""},{""name"":""Material"",""value"":""ABS""},{""name"":""Type"",""value"":""Nail Lamp""},{""name"":""Power Supply"",""value"":""Power Adapter""},{""name"":""Power Supply"",""value"":""Battery Powered(Rechargeable Battery)""},{""name"":""Batteries Included"",""value"":""Yes""},{""name"":""Batteries Required"",""value"":""No""},{""name"":""Charger Certification"",""value"":""CE""},{""name"":""Charger Certification"",""value"":""ROHS""},{""name"":""Charger Certification"",""value"":""FCC""}]",41135052,0,null,Beauty & Health,null,Nail Curing Lamps & Dryers,SHEIN,"[""one-size""]"
Unbeatablesale Hy-Ko Products KB352-BKT Matching Plastic Wrist & Whistle Ring- 20 Pieces,Free Returns ✓ Free Shipping✓. Unbeatablesale Hy-Ko Products KB352-BKT Matching Plastic Wrist & Whistle Ring- 20 Pieces- Keyrings & Keychains at SHEIN.,44.49,44.49,USD,true,Multicolor,one-size,0,https://img.ltwebstatic.com/images3_spmp/2024/08/11/46/172331067600217781a7e53d10d732b40744a3052d.jpg,https://us.shein.com/Keyrings-Keychains-c-1914.html,https://us.shein.com/Hy-Ko-Products-KB352-BKT-Matching-Plastic-Wrist-&amp;-Whistle-Ring--20-Pieces-p-40637891.html,"[{""name"":""Apparel Accessories"",""url"":""https://us.shein.com/Apparel-Accessories-c-3631.html""},{""name"":""Gender Neutral Accessories"",""url"":""https://us.shein.com/Gender-Neutral-Accessories-c-9289.html""},{""name"":""Keychains & Accessories"",""url"":""https://us.shein.com/Keychains-Accessories-c-5811.html""},{""name"":""Keyrings & Keychains"",""url"":""https://us.shein.com/Keyrings-Keychains-c-1914.html""}]",US,us.shein.com,3,"[""https://img.ltwebstatic.com/images3_spmp/2024/08/11/46/172331067600217781a7e53d10d732b40744a3052d.jpg"",""https://img.ltwebstatic.com/images3_spmp/2024/08/11/46/172331067600217781a7e53d10d732b40744a3052d.jpg"",""https://img.ltwebstatic.com/images3_spmp/2024/08/11/46/172331067600217781a7e53d10d732b40744a3052d.jpg""]",sc2408128786657988,null,"[{""name"":""Color"",""value"":""Multicolor""},{""name"":""Material"",""value"":""PP""},{""name"":""Element"",""value"":""Other""},{""name"":""Style"",""value"":""Boho""}]",40637891,0,null,Apparel Accessories,null,Keyrings & Keychains,Unbeatablesale,"[""one-size""]"
"In-Ear Earbuds Earphones Compatible With Iphone/Ipad Lightning Connector Wired Headphones With Remote To Control Music, Phone Calls, And Volume","Free Returns ✓ Free Shipping✓. In-Ear Earbuds Earphones Compatible With Iphone/Ipad Lightning Connector Wired Headphones With Remote To Control Music, Phone Calls, And Volume- Wired Earphone at SHEIN.",5.6,5.6,USD,true,White,Lightning,0,https://img.ltwebstatic.com/images3_spmp/2024/07/26/1a/172199016603d1a895fdcef2eab13f54a99579846c.jpg,https://us.shein.com/In-Ear-Earbuds-Earphones-Compatible-With-Iphone/Wired-Earphone-c-9777.html,"https://us.shein.com/In-Ear-Earbuds-Earphones-Compatible-With-Iphone/Ipad-Lightning-Connector-Wired-Headphones-With-Remote-To-Control-Music,-Phone-Calls,-And-Volume-p-39873254.html","[{""name"":""Cell Phones & Accessories"",""url"":""https://us.shein.com/In-Ear-Earbuds-Earphones-Compatible-With-Iphone/Cell-Phones-Accessories-c-2274.html""},{""name"":""Phone Accessories"",""url"":""https://us.shein.com/In-Ear-Earbuds-Earphones-Compatible-With-Iphone/Phone-Accessories-c-3649.html""},{""name"":""Earphone & Phone Audio"",""url"":""https://us.shein.com/In-Ear-Earbuds-Earphones-Compatible-With-Iphone/Earphone-Phone-Audio-c-12723.html""},{""name"":""Wired Earphone"",""url"":""https://us.shein.com/In-Ear-Earbuds-Earphones-Compatible-With-Iphone/Wired-Earphone-c-9777.html""}]",US,us.shein.com,6,"[""https://img.ltwebstatic.com/images3_spmp/2024/07/26/a8/172199002387888d9fd73028a3c083749f6b74256a.jpg"",""https://img.ltwebstatic.com/images3_spmp/2024/07/26/a8/1721990023dc58fbb406601a8f5d2dbb9bca1c390c.jpg"",""https://img.ltwebstatic.com/images3_spmp/2024/07/26/a8/172199002373f48d787a59499009e36384d5f1da73.jpg"",""https://img.ltwebstatic.com/images3_spmp/2024/07/26/a8/17219900232d722e5f5e47fc50b3ba9e46b11e349d.jpg"",""https://img.ltwebstatic.com/images3_spmp/2024/07/26/f2/172199002450fdf3707afadf992ad771e8c8281f78.jpg"",""https://img.ltwebstatic.com/images3_spmp/2024/07/26/1a/172199016603d1a895fdcef2eab13f54a99579846c.jpg""]",sw2407261600715800,null,"[{""name"":""Color"",""value"":""White""},{""name"":""Power Supply"",""value"":""None""},{""name"":""Material"",""value"":""ABS""}]",39873254,0,null,Cell Phones & Accessories,null,Wired Earphone,SHEIN,"[""Lightning""]"
"1 Set Spooky Skull Decanter, Suitable For Whiskey, Wine, Brandy, Gothic Skeleton Beverage Dispenser, Halloween, Party, Decorative Drink Cup","Free Returns ✓ Free Shipping✓. 1 Set Spooky Skull Decanter, Suitable For Whiskey, Wine, Brandy, Gothic Skeleton Beverage Dispenser, Halloween, Party, Decorative Drink Cup- Bar Measures at SHEIN.",38,32.3,USD,true,Clear,750ml+80ml*2,0,https://img.ltwebstatic.com/images3_spmp/2024/07/25/c8/17218712122ddf467bcba4e2211a4b519c262b7d34_square.jpg,https://us.shein.com/Bar-Measures-c-3980.html,"https://us.shein.com/1-Set-Spooky-Skull-Decanter,-Suitable-For-Whiskey,-Wine,-Brandy,-Gothic-Skeleton-Beverage-Dispenser,-Halloween,-Party,-Decorative-Drink-Cup-p-39525356.html","[{""name"":""Home & Living"",""url"":""https://us.shein.com/Home-Living-c-2032.html""},{""name"":""Kitchen & Dining"",""url"":""https://us.shein.com/Kitchen-Dining-c-1948.html""},{""name"":""Barware & Wine Making"",""url"":""https://us.shein.com/Barware-Wine-Making-c-3979.html""},{""name"":""Bar Measures"",""url"":""https://us.shein.com/Bar-Measures-c-3980.html""}]",US,us.shein.com,6,"[""https://img.ltwebstatic.com/images3_spmp/2024/07/25/c8/17218712122ddf467bcba4e2211a4b519c262b7d34_square.jpg"",""https://img.ltwebstatic.com/images3_spmp/2024/07/25/c8/1721871212c59056a350add3ebc05cfb4fedfd2214_square.jpg"",""https://img.ltwebstatic.com/images3_spmp/2024/07/25/0e/172187121148c357f9081832418c6cf8119b2b1963_square.jpg"",""https://img.ltwebstatic.com/images3_spmp/2024/07/25/c8/17218712127b8ff42e6ffb15e6dd5c898ec73fe545_square.jpg"",""https://img.ltwebstatic.com/images3_spmp/2024/07/25/c8/17218712127dd6e78c39a8e835a8fca3f1ce7d753f_square.jpg"",""https://img.ltwebstatic.com/images3_spmp/2024/07/25/d3/17218712105d015f39b1be9fdc3a0b06a7bbddc5c7_square.jpg""]",sh2407256962664968,null,"[{""name"":""Color"",""value"":""Clear""},{""name"":""Material"",""value"":""Glass""},{""name"":""Oven Safe (-4~220 degrees Celsius)"",""value"":""No""},{""name"":""Dishwasher Safe"",""value"":""Yes""},{""name"":""Microwave Safe"",""value"":""No""}]",39525356,0,null,Home & Living,null,Bar Measures,SHEIN,"[""750ml+80ml*2""]"
1PC Palmtop Maze Balance Ball,Free Returns ✓ Free Shipping✓. 1PC Palmtop Maze Balance Ball- Other Games & Accessories at SHEIN.,1.4,1.4,USD,true,Multicolor Random,one-size,0,https://img.ltwebstatic.com/images3_spmp/2024/08/15/67/1723697925473b85411c0f57dd1e5780551b5250bc_square.jpg,https://us.shein.com/Other-Games-Accessories-c-4659.html,https://us.shein.com/1PC-Palmtop-Maze-Balance-Ball-p-40756541.html,"[{""name"":""Toys & Games"",""url"":""https://us.shein.com/Toys-Games-c-4328.html""},{""name"":""Games & Entertainment"",""url"":""https://us.shein.com/Games-Entertainment-c-7169.html""},{""name"":""Game Supplies"",""url"":""https://us.shein.com/Game-Supplies-c-7173.html""},{""name"":""Other Games & Accessories"",""url"":""https://us.shein.com/Other-Games-Accessories-c-4659.html""}]",US,us.shein.com,8,"[""https://img.ltwebstatic.com/images3_spmp/2024/08/15/67/1723697925473b85411c0f57dd1e5780551b5250bc_square.jpg"",""https://img.ltwebstatic.com/images3_spmp/2024/08/15/67/172369792542c3f099c0d87480b0a9ac9e2876de56_square.jpg"",""https://img.ltwebstatic.com/images3_abc/2024/08/15/b9/1723697927c2a83ad7488954c3baa16e85e2eda013_square.png"",""https://img.ltwebstatic.com/images3_spmp/2024/08/15/67/17236979256a9bd31a2223e1bebd34509772a0698f_square.jpg"",""https://img.ltwebstatic.com/images3_spmp/2024/08/15/8c/1723697935fc4ef56d19eafe1710f749eacb1427a9.jpg"",""https://img.ltwebstatic.com/images3_spmp/2024/08/15/8c/1723697935f8403f3a7b1bf7d54a2fbf829121e2bf.jpg"",""https://img.ltwebstatic.com/images3_spmp/2024/08/15/92/17236979365bb9c1f0a1e930bca563a0de1d10f47c.jpg"",""https://img.ltwebstatic.com/images3_spmp/2024/08/15/92/17236979364ae511ab11036f01e27cd2976c91206b.jpg""]",sl2408128040938988,null,"[{""name"":""Color"",""value"":""Multicolor Random""},{""name"":""Test Certificate"",""value"":""8P""},{""name"":""Suitable Age"",""value"":""Over 14 Years""},{""name"":""Material"",""value"":""PP""}]",40756541,0,null,Toys & Games,null,Other Games & Accessories,SHEIN,"[""one-size""]"
"Unbeatablesale Sunpentown SCW-80M 103W Commercial Rice Warmer NSF Certified, Stianless Steel - 80 Cups","Free Returns ✓ Free Shipping✓. Unbeatablesale Sunpentown SCW-80M 103W Commercial Rice Warmer NSF Certified, Stianless Steel - 80 Cups- Pressure Cookers at SHEIN.",175.21,175.21,USD,true,Multicolor,one-size,0,https://img.ltwebstatic.com/images3_spmp/2024/07/29/90/172224320342732c00c44eef6e305a524595f0bf0c.jpg,https://us.shein.com/Pressure-Cookers-c-6079.html,"https://us.shein.com/Sunpentown-SCW-80M-103W-Commercial-Rice-Warmer-NSF-Certified,-Stianless-Steel---80-Cups-p-39784411.html","[{""name"":""Home & Living"",""url"":""https://us.shein.com/Home-Living-c-2032.html""},{""name"":""Kitchen & Dining"",""url"":""https://us.shein.com/Kitchen-Dining-c-1948.html""},{""name"":""Cookware & Parts"",""url"":""https://us.shein.com/Cookware-Parts-c-3963.html""},{""name"":""Pressure Cookers"",""url"":""https://us.shein.com/Pressure-Cookers-c-6079.html""}]",US,us.shein.com,3,"[""https://img.ltwebstatic.com/images3_spmp/2024/07/29/90/172224320342732c00c44eef6e305a524595f0bf0c.jpg"",""https://img.ltwebstatic.com/images3_spmp/2024/07/29/90/172224320342732c00c44eef6e305a524595f0bf0c.jpg"",""https://img.ltwebstatic.com/images3_spmp/2024/07/29/90/172224320342732c00c44eef6e305a524595f0bf0c.jpg""]",sh2407290964386636,null,"[{""name"":""Color"",""value"":""Multicolor""},{""name"":""Material"",""value"":""PP""}]",39784411,0,null,Home & Living,null,Pressure Cookers,Unbeatablesale,"[""one-size""]"
"30pcs/Pack  Copper Muslim Hijab Pins, Scarf Clips For Daily Use","Free Returns ✓ Free Shipping✓. 30pcs/Pack  Copper Muslim Hijab Pins, Scarf Clips For Daily Use- Women Scarves Accessories at SHEIN.",2.4,2.3,USD,true,White,one-size,0,https://img.ltwebstatic.com/images3_spmp/2024/08/02/6d/17226117066bc04b042d1fae42d9f92c3da2475799.jpg,https://us.shein.com/30pcs/Women-Scarves-Accessories-c-5822.html,"https://us.shein.com/30pcs/Pack--Copper-Muslim-Hijab-Pins,-Scarf-Clips-For-Daily-Use-p-40202753.html","[{""name"":""Apparel Accessories"",""url"":""https://us.shein.com/30pcs/Apparel-Accessories-c-3631.html""},{""name"":""Women Accessories"",""url"":""https://us.shein.com/30pcs/Women-Accessories-c-1765.html""},{""name"":""Women Scarves & Scarf Accessories"",""url"":""https://us.shein.com/30pcs/Women-Scarves-Scarf-Accessories-c-5817.html""},{""name"":""Women Scarves Accessories"",""url"":""https://us.shein.com/30pcs/Women-Scarves-Accessories-c-5822.html""}]",US,us.shein.com,6,"[""https://img.ltwebstatic.com/images3_spmp/2024/08/02/6d/17226117066bc04b042d1fae42d9f92c3da2475799.jpg"",""https://img.ltwebstatic.com/images3_spmp/2024/08/02/7b/17226117181cd024e564fcb28c36def525ed259e39.jpg"",""https://img.ltwebstatic.com/images3_spmp/2024/08/02/ca/172261173077bdbeb1fc88a32e30554cda85856e03.jpg"",""https://img.ltwebstatic.com/images3_spmp/2024/08/02/81/172261173983ed246269ab8771c1f041aebd5680c7.jpg"",""https://img.ltwebstatic.com/images3_spmp/2024/08/02/b2/17226117470173c83c14ff0c069008a80a19c19a24.jpg"",""https://img.ltwebstatic.com/images3_spmp/2024/08/02/3f/1722611787f10dc3ad3f59199f975964ad0ffe7b32.jpg""]",sc2408020043025168,null,"[{""name"":""Color"",""value"":""White""},{""name"":""Material"",""value"":""Iron""}]",40202753,0,null,Apparel Accessories,null,Women Scarves Accessories,SHEIN,"[""one-size""]"
"Unbeatablesale 1 Qt. Screw-On Poultry Waterer Base,; Yellow","Free Returns ✓ Free Shipping✓. Unbeatablesale 1 Qt. Screw-On Poultry Waterer Base,; Yellow- Bird Feeders & Animal Husbandry at SHEIN.",9.1,9.1,USD,true,Yellow,one-size,0,https://img.ltwebstatic.com/images3_spmp/2024/08/11/49/1723391464efbfc1e01b32731c5026e37e46aa6f84.jpg,https://us.shein.com/Bird-Feeders-Animal-Husbandry-c-6040.html,"https://us.shein.com/1-Qt.-Screw-On-Poultry-Waterer-Base,;-Yellow-p-40658505.html","[{""name"":""Home & Living"",""url"":""https://us.shein.com/Home-Living-c-2032.html""},{""name"":""Outdoor & Garden"",""url"":""https://us.shein.com/Outdoor-Garden-c-3350.html""},{""name"":""Watering & Irrigation"",""url"":""https://us.shein.com/Watering-Irrigation-c-4104.html""},{""name"":""Bird Feeders & Animal Husbandry"",""url"":""https://us.shein.com/Bird-Feeders-Animal-Husbandry-c-6040.html""}]",US,us.shein.com,3,"[""https://img.ltwebstatic.com/images3_spmp/2024/08/11/49/1723391464efbfc1e01b32731c5026e37e46aa6f84.jpg"",""https://img.ltwebstatic.com/images3_spmp/2024/08/11/49/1723391464efbfc1e01b32731c5026e37e46aa6f84.jpg"",""https://img.ltwebstatic.com/images3_spmp/2024/08/11/49/1723391464efbfc1e01b32731c5026e37e46aa6f84.jpg""]",sh2408139441182345,null,"[{""name"":""Color"",""value"":""Yellow""},{""name"":""Material"",""value"":""PP""}]",40658505,0,null,Home & Living,null,Bird Feeders & Animal Husbandry,Unbeatablesale,"[""one-size""]"
"20pcs Vivid Resin Cute Cartoon Bear Nail Art Decorations - Creative Craft For Women & Girls - Suitable For DIY Nail Art, Scrapbooking, Jewelry Making","Free Returns ✓ Free Shipping✓. 20pcs Vivid Resin Cute Cartoon Bear Nail Art Decorations - Creative Craft For Women & Girls - Suitable For DIY Nail Art, Scrapbooking, Jewelry Making- DIY Kits at SHEIN.",1.9,1.9,USD,true,Brown,View Image,0,https://img.ltwebstatic.com/images3_spmp/2024/07/29/45/17222343213d71858c9479c38a065989e6bb3ed3d9_square.jpg,https://us.shein.com/DIY-Kits-c-9006.html,"https://us.shein.com/20pcs-Vivid-Resin-Cute-Cartoon-Bear-Nail-Art-Decorations---Creative-Craft-For-Women-&amp;-Girls---Suitable-For-DIY-Nail-Art,-Scrapbooking,-Jewelry-Making-p-39993026.html","[{""name"":""Jewelry & Watches"",""url"":""https://us.shein.com/Jewelry-Watches-c-3634.html""},{""name"":""Jewelry Making"",""url"":""https://us.shein.com/Jewelry-Making-c-4219.html""},{""name"":""Jewelry Making Kit"",""url"":""https://us.shein.com/Jewelry-Making-Kit-c-9011.html""},{""name"":""DIY Kits"",""url"":""https://us.shein.com/DIY-Kits-c-9006.html""}]",US,us.shein.com,14,"[""https://img.ltwebstatic.com/images3_spmp/2024/07/29/d9/1722234215063d5748fd15f88f284818cd3d142b14_square.jpg"",""https://img.ltwebstatic.com/images3_spmp/2024/07/29/d9/17222342155b72a1f8a6f0e46ee8521d511ab0de5a_square.jpg"",""https://img.ltwebstatic.com/images3_spmp/2024/07/29/4b/1722234216471307e1203afc6e7742bcb1aa290792_square.jpg"",""https://img.ltwebstatic.com/images3_spmp/2024/07/29/ee/1722234217ac41f7b5e8ab2addf3f6dbdb7bb39cff_square.jpg"",""https://img.ltwebstatic.com/images3_spmp/2024/07/29/d9/1722234215b01d25c1e340a459f94bea282b101686_square.jpg"",""https://img.ltwebstatic.com/images3_spmp/2024/07/29/d9/17222342154324a008cc7ba87cd78c2be56360a3ea_square.jpg"",""https://img.ltwebstatic.com/images3_spmp/2024/07/29/45/17222343213d71858c9479c38a065989e6bb3ed3d9_square.jpg"",""https://img.ltwebstatic.com/images3_spmp/2024/07/29/26/1722234366d9353454cd4c0427ae0ce600ff2bbe6d_square.jpg"",""https://img.ltwebstatic.com/images3_spmp/2024/07/29/de/17222343519c3c83145b525e8fdabb8860a065b5c2.jpg"",""https://img.ltwebstatic.com/images3_spmp/2024/07/29/de/1722234351dbb4e4477c842c76b9b304b7d4b259f7.jpg"",""https://img.ltwebstatic.com/images3_spmp/2024/07/29/de/172223435158348d94f6aa08de78862121b4fa678a.jpg"",""https://img.ltwebstatic.com/images3_spmp/2024/07/29/de/1722234351960fdd023ad69fdf8e4d296b233149d0.jpg"",""https://img.ltwebstatic.com/images3_spmp/2024/07/29/de/1722234351a97d318831202a30fa0029aeef40b327.jpg"",""https://img.ltwebstatic.com/images3_spmp/2024/07/29/de/172223435144ad4fedafe118f639f28ef260e4bd0d.jpg""]",sj2407290563305948,null,"[{""name"":""Color"",""value"":""Brown""},{""name"":""Style"",""value"":""Fashionable""},{""name"":""Material"",""value"":""ABS""}]",39993026,0,null,Jewelry & Watches,null,DIY Kits,SHEIN,"[""View Image""]"
Supreme Supreme | Supreme Stripe Flannel Zip Up Shirt,Free Returns ✓ Free Shipping✓. Supreme Supreme | Supreme Stripe Flannel Zip Up Shirt- Men Shirts at SHEIN.,217.64,217.64,USD,true,Brown,M,0,https://img.ltwebstatic.com/images3_spmp/2024/08/24/db/172444390974698d1ae7d9c1b9f02ede180899140f_square.jpg,https://us.shein.com/Men-Shirts-c-1979.html,https://us.shein.com/Supreme-%7C-Supreme-Stripe-Flannel-Zip-Up-Shirt-p-41427950.html,"[{""name"":""Men"",""url"":""https://us.shein.com/Men-c-2026.html""},{""name"":""Men Clothing"",""url"":""https://us.shein.com/Men-Clothing-c-6273.html""},{""name"":""Men Tops"",""url"":""https://us.shein.com/Men-Tops-c-1970.html""},{""name"":""Men Shirts"",""url"":""https://us.shein.com/Men-Shirts-c-1979.html""}]",US,us.shein.com,3,"[""https://img.ltwebstatic.com/images3_spmp/2024/08/24/db/172444390974698d1ae7d9c1b9f02ede180899140f_square.jpg"",""https://img.ltwebstatic.com/images3_spmp/2024/08/24/b5/17244439126d11c5f2a384ceceb9249bd976c4249a_square.jpg"",""https://img.ltwebstatic.com/images3_spmp/2024/08/24/b5/17244439126d11c5f2a384ceceb9249bd976c4249a_square.jpg""]",sm2408245884587000,null,"[{""name"":""Hem Shaped"",""value"":""Asymmetrical""},{""name"":""Style"",""value"":""Casual""},{""name"":""Details"",""value"":""Pocket""},{""name"":""Type"",""value"":""Shirt""},{""name"":""Placket"",""value"":""Single Breasted""},{""name"":""Color"",""value"":""Brown""},{""name"":""Pattern Type"",""value"":""Colorblock""},{""name"":""Pattern Type"",""value"":""Striped""},{""name"":""Neckline"",""value"":""Collar""},{""name"":""Sleeve Length"",""value"":""Long Sleeve""},{""name"":""Fit Type"",""value"":""Regular Fit""},{""name"":""Length"",""value"":""Long""}]",41427950,0,null,Men,null,Men Shirts,Supreme,"[""M""]"
"Unbeatablesale Jacks 10231-NV Lycra Helmet Cover, Navy","Free Returns ✓ Free Shipping✓. Unbeatablesale Jacks 10231-NV Lycra Helmet Cover, Navy- Safety Helmets at SHEIN.",22.53,22.53,USD,true,Multicolor,one-size,0,https://img.ltwebstatic.com/images3_spmp/2024/07/29/87/172224541111654e89db10e1911c6c82959185b087.jpg,https://us.shein.com/Safety-Helmets-c-7620.html,"https://us.shein.com/Jacks-10231-NV-Lycra-Helmet-Cover,-Navy-p-39804056.html","[{""name"":""Tools & Home Improvement"",""url"":""https://us.shein.com/Tools-Home-Improvement-c-4327.html""},{""name"":""Personal Protective Equipment"",""url"":""https://us.shein.com/Personal-Protective-Equipment-c-4549.html""},{""name"":""Safety Helmets"",""url"":""https://us.shein.com/Safety-Helmets-c-7620.html""}]",US,us.shein.com,3,"[""https://img.ltwebstatic.com/images3_spmp/2024/07/29/87/172224541111654e89db10e1911c6c82959185b087.jpg"",""https://img.ltwebstatic.com/images3_spmp/2024/07/29/87/172224541111654e89db10e1911c6c82959185b087.jpg"",""https://img.ltwebstatic.com/images3_spmp/2024/07/29/87/172224541111654e89db10e1911c6c82959185b087.jpg""]",sr2407290023899403,null,"[{""name"":""Color"",""value"":""Multicolor""},{""name"":""Material"",""value"":""PP""}]",39804056,0,null,Tools & Home Improvement,null,Safety Helmets,Unbeatablesale,"[""one-size""]"
"20pcs Adhesive Remover Wet Wipes, Clean Residue-Free Cleaning Wet Tissues, Portable","Free Returns ✓ Free Shipping✓. 20pcs Adhesive Remover Wet Wipes, Clean Residue-Free Cleaning Wet Tissues, Portable- Wet Wipes at SHEIN.",2.7,2.46,USD,true,Yellow,one-size,0,https://img.ltwebstatic.com/images3_spmp/2024/08/13/a3/172351803784302469611edcb840babaaa083102dc_square.jpg,https://us.shein.com/Wet-Wipes-c-5074.html,"https://us.shein.com/20pcs-Adhesive-Remover-Wet-Wipes,-Clean-Residue-Free-Cleaning-Wet-Tissues,-Portable-p-40814103.html","[{""name"":""Home & Living"",""url"":""https://us.shein.com/Home-Living-c-2032.html""},{""name"":""Household Cleaning & Personal Care"",""url"":""https://us.shein.com/Household-Cleaning-Personal-Care-c-3988.html""},{""name"":""Tissue"",""url"":""https://us.shein.com/Tissue-c-8951.html""},{""name"":""Wet Wipes"",""url"":""https://us.shein.com/Wet-Wipes-c-5074.html""}]",US,us.shein.com,12,"[""https://img.ltwebstatic.com/images3_spmp/2024/08/13/a3/172351803784302469611edcb840babaaa083102dc_square.jpg"",""https://img.ltwebstatic.com/images3_spmp/2024/08/13/a3/17235180373e00cc9b652684bb02db46d71b08790b_square.jpg"",""https://img.ltwebstatic.com/images3_spmp/2024/08/13/a3/1723518037dcc6f9fffdea2e677e8f9dae16e2b6c1_square.jpg"",""https://img.ltwebstatic.com/images3_spmp/2024/08/13/a3/17235180372e5c1f8bad2e6027ad5905952aa2f969_square.jpg"",""https://img.ltwebstatic.com/images3_spmp/2024/08/13/a3/172351803708a8562f839e3b0fcbe236dbe1c8b819_square.jpg"",""https://img.ltwebstatic.com/images3_spmp/2024/08/13/a3/17235180379dfc563179c36eee959af5816a32cb05_square.jpg"",""https://img.ltwebstatic.com/images3_spmp/2024/08/13/27/1723518053c2c9ca5151251fc4de27220c2c2eb641.jpg"",""https://img.ltwebstatic.com/images3_spmp/2024/08/13/97/17235180609317acf21dfa75c3859ce6bf9002687c.jpg"",""https://img.ltwebstatic.com/images3_spmp/2024/08/13/97/1723518060665539b2c8b45dfbedd801c280d8829c.jpg"",""https://img.ltwebstatic.com/images3_spmp/2024/08/13/97/1723518060cdd320bd3025194fb98c957b1fc6e059.jpg"",""https://img.ltwebstatic.com/images3_spmp/2024/08/13/97/1723518060253fb7797879082be607bdbd471130b9.jpg"",""https://img.ltwebstatic.com/images3_spmp/2024/08/13/97/17235180601e04542b3ed61b467ee846bf4598104b.jpg""]",sh2408131972557218,null,"[{""name"":""Color"",""value"":""Yellow""},{""name"":""Type"",""value"":""Wet Wipes""},{""name"":""Material"",""value"":""Non-woven Fabric""}]",40814103,0,null,Home & Living,null,Wet Wipes,SHEIN,"[""one-size""]"
Unbeatablesale Kellogg Plastics 49317 0.125 In. Holiday  Christmas Indoor  Outdoor LED- Multi Color - Cone,Free Returns ✓ Free Shipping✓. Unbeatablesale Kellogg Plastics 49317 0.125 In. Holiday  Christmas Indoor  Outdoor LED- Multi Color - Cone- Christmas Party Supplies at SHEIN.,20.17,20.17,USD,true,Multicolor,one-size,0,https://img.ltwebstatic.com/images3_spmp/2024/07/24/7f/1721831934e5a092a37788705195a322c38069beec.jpg,https://us.shein.com/Christmas-Party-Supplies-c-8162.html,https://us.shein.com/Kellogg-Plastics-49317-0.125-In.-Holiday--Christmas-Indoor--Outdoor-LED--Multi-Color---Cone-p-39644211.html,"[{""name"":""Home & Living"",""url"":""https://us.shein.com/Home-Living-c-2032.html""},{""name"":""Event & Party Supplies"",""url"":""https://us.shein.com/Event-Party-Supplies-c-2496.html""},{""name"":""Festival Party Supplies"",""url"":""https://us.shein.com/Festival-Party-Supplies-c-8140.html""},{""name"":""Christmas Party Supplies"",""url"":""https://us.shein.com/Christmas-Party-Supplies-c-8162.html""}]",US,us.shein.com,3,"[""https://img.ltwebstatic.com/images3_spmp/2024/07/24/7f/1721831934e5a092a37788705195a322c38069beec.jpg"",""https://img.ltwebstatic.com/images3_spmp/2024/07/24/7f/1721831934e5a092a37788705195a322c38069beec.jpg"",""https://img.ltwebstatic.com/images3_spmp/2024/07/24/7f/1721831934e5a092a37788705195a322c38069beec.jpg""]",sh2407269316936399,null,"[{""name"":""Color"",""value"":""Multicolor""},{""name"":""Material"",""value"":""PP""}]",39644211,0,null,Home & Living,null,Christmas Party Supplies,Unbeatablesale,"[""one-size""]"
"In The Dark Blanket For Birthday Gifts,Soft Cozy Warm Fuzzy Throw Blanket All Seasons Glowing Blankets","Free Returns ✓ Free Shipping✓. In The Dark Blanket For Birthday Gifts,Soft Cozy Warm Fuzzy Throw Blanket All Seasons Glowing Blankets- Sofa Blankets, Throw Blankets & Nap Blankets at SHEIN.",15.2,11,USD,true,Light Grey,50*60inc,0,https://img.ltwebstatic.com/images3_spmp/2024/08/06/53/17229283105c4d132798d6c8297cb71df2333701c4_square.jpg,"https://us.shein.com/Sofa-Blankets,-Throw-Blankets-Nap-Blankets-c-3421.html","https://us.shein.com/In-The-Dark-Blanket-For-Birthday-Gifts,Soft-Cozy-Warm-Fuzzy-Throw-Blanket-All-Seasons-Glowing-Blankets-p-40926753.html","[{""name"":""Home Textile"",""url"":""https://us.shein.com/Home-Textile-c-4083.html""},{""name"":""Blankets & Throws"",""url"":""https://us.shein.com/Blankets-Throws-c-8354.html""},{""name"":""Sofa Blankets, Throw Blankets & Nap Blankets"",""url"":""https://us.shein.com/Sofa-Blankets,-Throw-Blankets-Nap-Blankets-c-3421.html""}]",US,us.shein.com,12,"[""https://us.shein.com/In-The-Dark-Blanket-For-Birthday-Gifts,Soft-Cozy-Warm-Fuzzy-Throw-Blanket-All-Seasons-Glowing-Blankets-p-40926753.html"",""https://img.ltwebstatic.com/images3_spmp/2024/08/06/53/17229283105c4d132798d6c8297cb71df2333701c4_square.jpg"",""https://img.ltwebstatic.com/images3_spmp/2024/08/06/fe/17229283095e02da4bc8edd5df1512502f619e0438_square.jpg"",""https://img.ltwebstatic.com/images3_spmp/2024/08/06/fe/1722928309dd8d3bdcfc5084e35f6f7d0129c969a0_square.jpg"",""https://img.ltwebstatic.com/images3_spmp/2024/08/06/fe/172292830985c8601baf75d0f7b188498a8143df0b_square.jpg"",""https://img.ltwebstatic.com/images3_spmp/2024/08/06/fe/1722928309335e327104bfb94bedc7c5b06690721c_square.jpg"",""https://img.ltwebstatic.com/images3_spmp/2024/08/06/53/1722928310947aa63c8c0692157df988e30cbb1119_square.jpg"",""https://img.ltwebstatic.com/images3_spmp/2024/08/06/b9/17229283302eaba23483a8855f833dead4591eea9f.jpg"",""https://img.ltwebstatic.com/images3_spmp/2024/08/06/d0/1722928329acd8dacf9852a0b092d6454ccfc33042.jpg"",""https://img.ltwebstatic.com/images3_spmp/2024/08/06/b9/1722928330b3947c9ee76efba20824830ed656c908.jpg"",""https://img.ltwebstatic.com/images3_spmp/2024/08/06/d0/17229283293c43c2d0fa2a775e52b0a34520999926.jpg"",""https://img.ltwebstatic.com/images3_spmp/2024/08/06/b9/1722928330f1c99176e7b473243e7f79cd4c9863df.jpg""]",sf2408066867815751,null,"[{""name"":""Occasion"",""value"":""Christmas""},{""name"":""Occasion"",""value"":""Halloween""},{""name"":""Features"",""value"":""Portable""},{""name"":""Features"",""value"":""Warm""},{""name"":""Occasion"",""value"":""Thanksgiving Day""},{""name"":""Features"",""value"":""Machine Washable""},{""name"":""Features"",""value"":""Ultra-Soft""},{""name"":""Care Instructions"",""value"":""Hand wash, machine wash, dry cleaning can be used""},{""name"":""Color"",""value"":""Light Grey""},{""name"":""Room"",""value"":""Living Room""},{""name"":""Room"",""value"":""Bedroom""},{""name"":""Product Technique"",""value"":""Printing""},{""name"":""Style"",""value"":""Light luxury Style""},{""name"":""Washing Temperature"",""value"":""The washing temperature is below 30 degrees Celsius""},{""name"":""Material"",""value"":""Polyester""},{""name"":""Composition"",""value"":""100% Polyester""},{""name"":""Pattern Type"",""value"":""Geometric""},{""name"":""Pattern Type"",""value"":""Tribal""}]",40926753,0,null,Home Textile,null,"Sofa Blankets, Throw Blankets & Nap Blankets",SHEIN,"[""50*60inc""]"
"35pcs Bubble Wands, Heart-Shaped Wedding Gifts For Guests Birthday Party Decoration Happy Wedding Bridal Favors, Without Water","Free Returns ✓ Free Shipping✓. 35pcs Bubble Wands, Heart-Shaped Wedding Gifts For Guests Birthday Party Decoration Happy Wedding Bridal Favors, Without Water- Other Party Favors at SHEIN.",5.3,5.1,USD,true,White,one-size,0,https://img.ltwebstatic.com/images3_spmp/2024/08/14/9f/17236285632e8ca0906807da4df51cba6885bbe1f2_square.png,https://us.shein.com/Other-Party-Favors-c-3604.html,"https://us.shein.com/35pcs-Bubble-Wands,-Heart-Shaped-Wedding-Gifts-For-Guests-Birthday-Party-Decoration-Happy-Wedding-Bridal-Favors,-Without-Water-p-39563901.html","[{""name"":""Home & Living"",""url"":""https://us.shein.com/Home-Living-c-2032.html""},{""name"":""Event & Party Supplies"",""url"":""https://us.shein.com/Event-Party-Supplies-c-2496.html""},{""name"":""Party Favors"",""url"":""https://us.shein.com/Party-Favors-c-11875.html""},{""name"":""Other Party Favors"",""url"":""https://us.shein.com/Other-Party-Favors-c-3604.html""}]",US,us.shein.com,10,"[""https://img.ltwebstatic.com/images3_spmp/2024/08/14/9f/17236285632e8ca0906807da4df51cba6885bbe1f2_square.png"",""https://img.ltwebstatic.com/images3_spmp/2024/07/26/8f/1721977796e35d9955bcaa70fe097d43698c7ae21f_square.jpg"",""https://img.ltwebstatic.com/images3_spmp/2024/07/26/5f/172197781427df9d285a469fa037d2cf4e48e4022a_square.jpg"",""https://img.ltwebstatic.com/images3_spmp/2024/07/26/5f/1721977814cd1ed9ac1becfb2f92480b9718d5cb6f_square.jpg"",""https://img.ltwebstatic.com/images3_spmp/2024/07/26/8f/17219777962ab5321ae75f2fdb1df57a082c82559f_square.jpg"",""https://img.ltwebstatic.com/images3_spmp/2024/07/26/3d/17219777974d218a37ac604d258fe6c7cd204bf5f6_square.jpg"",""https://img.ltwebstatic.com/images3_spmp/2024/07/26/8f/1721977796220a24a56a213e716c473590274c74ad_square.jpg"",""https://img.ltwebstatic.com/images3_spmp/2024/07/26/8f/1721977796684a317134409b51d5c4ed0e7b87ae82_square.jpg"",""https://img.ltwebstatic.com/images3_spmp/2024/07/26/3c/172197780910d6db9083027bd4491bc0894312c020.jpg"",""https://img.ltwebstatic.com/images3_spmp/2024/07/26/3c/172197780991f32fa77e36275231240feb1ba0f273.jpg""]",sh2407266150563269,null,"[{""name"":""Power Supply"",""value"":""None""},{""name"":""Color"",""value"":""White""},{""name"":""Material"",""value"":""PVC""}]",39563901,0,null,Home & Living,null,Other Party Favors,SHEIN,"[""one-size""]"
POEDAGAR Men Quartz Watch Luxury Sports Waterproof Chronograph Luminous Date Man Wristwatch Business Leather Men's Watches Clock,Free Returns ✓ Free Shipping✓. POEDAGAR Men Quartz Watch Luxury Sports Waterproof Chronograph Luminous Date Man Wristwatch Business Leather Men's Watches Clock- Men Quartz Watches at SHEIN.,16.6,16.6,USD,true,N/A,one-size,0,https://img.ltwebstatic.com/images3_spmp/2024/07/26/e3/172199255948d68e5a326603b0afb90114680540ce_square.jpg,https://us.shein.com/Men-Quartz-Watches-c-6222.html,https://us.shein.com/POEDAGAR-Men-Quartz-Watch-Luxury-Sports-Waterproof-Chronograph-Luminous-Date-Man-Wristwatch-Business-Leather-Men%27s-Watches-Clock-p-39854120.html,"[{""name"":""Jewelry & Watches"",""url"":""https://us.shein.com/Jewelry-Watches-c-3634.html""},{""name"":""Men Watches"",""url"":""https://us.shein.com/Men-Watches-c-6216.html""},{""name"":""Men Quartz Watches"",""url"":""https://us.shein.com/Men-Quartz-Watches-c-6222.html""}]",US,us.shein.com,30,"[""https://img.ltwebstatic.com/images3_spmp/2024/08/26/60/17246694112f7f93bdffe1c8f44cd116683fcfe07b_square.jpg"",""https://img.ltwebstatic.com/images3_spmp/2024/07/26/ae/172199261927552bf6c53e4521f78ff50c1a0e19eb_square.jpg"",""https://img.ltwebstatic.com/images3_spmp/2024/07/26/46/17219926240a6322a5daba6194dfd4f0f8988a2d79_square.png"",""https://img.ltwebstatic.com/images3_spmp/2024/07/26/51/1721992630dae494e9b0811760c84fe47a1b53e36d_square.jpg"",""https://img.ltwebstatic.com/images3_spmp/2024/07/26/b3/172199263383e4bf0546c486ac9d9198e870e47b98_square.jpg"",""https://img.ltwebstatic.com/images3_spmp/2024/07/26/81/1721992638432dd19b98c50bb68d7e0046fb8c64c9_square.jpg"",""https://img.ltwebstatic.com/images3_spmp/2024/07/26/35/1721992642493dbcbf602bf9b6a036f477090429a9_square.jpg"",""https://img.ltwebstatic.com/images3_spmp/2024/07/26/ca/172199264613a0287fd09eddb1657f6c97546b37ef_square.jpg"",""https://img.ltwebstatic.com/images3_spmp/2024/07/26/aa/17219926497d966dd15beab18ac32fd34a1ee1199a_square.jpg"",""https://img.ltwebstatic.com/images3_spmp/2024/07/26/e5/1721992655fb4a3178957ba4c4e70ba6c53ca2fd84_square.jpg"",""https://img.ltwebstatic.com/images3_spmp/2024/07/26/c9/17219926596ef563cad875ff9968db7a061f06f6ad_square.jpg"",""https://img.ltwebstatic.com/images3_spmp/2024/07/26/e3/172199255948d68e5a326603b0afb90114680540ce_square.jpg"",""https://img.ltwebstatic.com/images3_spmp/2024/07/26/5c/1721992550f98a2e07fe88b67224567b49751483f1_square_thumbnail_405x552.jpg"",""https://img.ltwebstatic.com/images3_spmp/2024/07/26/61/1721992523cf285a7d48e132e60c234e283571abd3_square_thumbnail_405x552.jpg"",""https://img.ltwebstatic.com/images3_spmp/2024/07/26/3b/1721992503a80abe3080041904bec40d65fb414886_square_thumbnail_405x552.jpg"",""https://img.ltwebstatic.com/images3_spmp/2024/07/26/d0/17219925444c472a93ed05bc267d759953972c538e_square_thumbnail_405x552.jpg"",""https://img.ltwebstatic.com/images3_spmp/2024/07/26/8c/1721992533a2b09ed3335ebecd553216af36913c07_square_thumbnail_405x552.jpg"",""https://img.ltwebstatic.com/images3_spmp/2024/07/26/ca/1721992538bfeca299d25ec74979464e3e0029358b_square_thumbnail_405x552.jpg"",""https://img.ltwebstatic.com/images3_spmp/2024/07/26/a6/17219925555cc81eafa6aff67096fd14806483afa2_square_thumbnail_405x552.jpg"",""https://img.ltwebstatic.com/images3_spmp/2024/07/26/e3/172199255948d68e5a326603b0afb90114680540ce_square.jpg"",""https://img.ltwebstatic.com/images3_spmp/2024/07/26/4a/172199256900e498eab7ed5744747915052f3cb479.jpg"",""https://img.ltwebstatic.com/images3_spmp/2024/07/26/37/172199257375c9dc30f7a44ab1a885d586663ff708.png"",""https://img.ltwebstatic.com/images3_spmp/2024/07/26/c5/1721992575fc2e844ed822bb72984bc41aefd1aad8.png"",""https://img.ltwebstatic.com/images3_spmp/2024/07/26/f2/172199257723303220b980070992bb1558b85a7511.jpg"",""https://img.ltwebstatic.com/images3_spmp/2024/07/26/2c/172199258115cf14fdbe3d589a46143a653609c43d.jpg"",""https://img.ltwebstatic.com/images3_spmp/2024/07/26/74/17219925852c0accc02da37a11fc655e2aecb4446e.jpg"",""https://img.ltwebstatic.com/images3_spmp/2024/07/26/f9/17219925904313b3b115fcfedd639cc0c333026520.jpg"",""https://img.ltwebstatic.com/images3_spmp/2024/07/26/33/1721992594036ccf93e272ac0cd34a44074e93acf4.jpg"",""https://img.ltwebstatic.com/images3_spmp/2024/07/26/20/172199259853d706e774f7a2e7c8336e1cdb314d6a.jpg"",""https://img.ltwebstatic.com/images3_spmp/2024/07/26/4a/17219926072624ad218a1cc62c2af7e3e6fba3c565.png""]",sj2407269133195616,null,"[{""name"":""Watch Shape"",""value"":""Round""},{""name"":""Display Type"",""value"":""Pointer""},{""name"":""Features"",""value"":""Date""},{""name"":""Features"",""value"":""Chronograph""},{""name"":""Features"",""value"":""Water Resistant""},{""name"":""Details"",""value"":""Glow In The Dark""},{""name"":""Strap Color"",""value"":""Red""},{""name"":""Boxes Included"",""value"":""No""},{""name"":""Type"",""value"":""Chronograph Watches""},{""name"":""Material"",""value"":""PU Leather""},{""name"":""Case Material"",""value"":""Zinc Alloy""},{""name"":""Style"",""value"":""Casual""},{""name"":""Style"",""value"":""Sporty""},{""name"":""Style"",""value"":""Street""},{""name"":""Style"",""value"":""Vintage""},{""name"":""Style"",""value"":""Simple""},{""name"":""Style"",""value"":""Business""},{""name"":""Style"",""value"":""Industrial Style""},{""name"":""Style"",""value"":""Naturalistic""},{""name"":""Style"",""value"":""Gorgeous""},{""name"":""Style"",""value"":""Trendy Personality""},{""name"":""Power Supply"",""value"":""Battery Powered(Button/Coin Cell Battery)""},{""name"":""Batteries Included"",""value"":""Yes""},{""name"":""Gender"",""value"":""Men""},{""name"":""Water Resistance"",""value"":""30m""},{""name"":""Scale Display"",""value"":""Bar Scale""}]",39854120,0,null,Jewelry & Watches,null,Men Quartz Watches,SHEIN,"[""one-size""]"
"PANCERKA 1PC Belgian Waffle Maker With Adjustable Temperature Control, Non-Stick Plates And Cool Touch Handle, Makes 8"" Waffles, Stainless Steel","Free Returns ✓ Free Shipping✓. PANCERKA 1PC Belgian Waffle Maker With Adjustable Temperature Control, Non-Stick Plates And Cool Touch Handle, Makes 8"" Waffles, Stainless Steel- Waffle Makers at SHEIN.",39.8,29.5,USD,true,N/A,Silver,0,https://img.ltwebstatic.com/images3_spmp/2024/07/24/9a/17218122390dfedc2d1658b4bed7003842bc638d0c_square.jpg,https://us.shein.com/Waffle-Makers-c-4649.html,"https://us.shein.com/PANCERKA-1PC-Belgian-Waffle-Maker-With-Adjustable-Temperature-Control,-Non-Stick-Plates-And-Cool-Touch-Handle,-Makes-8%22-Waffles,-Stainless-Steel-p-39381079.html","[{""name"":""Home Appliances"",""url"":""https://us.shein.com/Home-Appliances-c-3650.html""},{""name"":""Kitchen Appliances"",""url"":""https://us.shein.com/Kitchen-Appliances-c-4628.html""},{""name"":""Cooking Appliances"",""url"":""https://us.shein.com/Cooking-Appliances-c-4631.html""},{""name"":""Waffle Makers"",""url"":""https://us.shein.com/Waffle-Makers-c-4649.html""}]",US,us.shein.com,15,"[""https://img.ltwebstatic.com/images3_spmp/2024/07/24/9a/17218122390dfedc2d1658b4bed7003842bc638d0c_square.jpg"",""https://img.ltwebstatic.com/images3_spmp/2024/07/24/6d/172181219422e588a181aa72e0a07fd76ce1b2e427_square.jpg"",""https://img.ltwebstatic.com/images3_spmp/2024/07/24/88/17218121956e00654a7078c6032af9333b1c2dad97_square.jpg"",""https://img.ltwebstatic.com/images3_spmp/2024/07/24/57/1721812198f28713bbfe093b87faca4dd77a86bd29_square.jpg"",""https://img.ltwebstatic.com/images3_spmp/2024/07/24/a1/1721812197b6a41e3f381872a9d1d0b1d1eaf5ae64_square.jpg"",""https://img.ltwebstatic.com/images3_spmp/2024/07/24/be/1721812193bbb6b911a8d8f274b05c1b6771d0da47_square.jpg"",""https://img.ltwebstatic.com/images3_spmp/2024/07/24/a1/17218121975d18da53bc342dd15eb10b485c058740_square.jpg"",""https://img.ltwebstatic.com/images3_spmp/2024/07/24/66/1721812196cb9a0a9412b84305ce82d8eae768ee0c_square.jpg"",""https://img.ltwebstatic.com/images3_spmp/2024/07/24/6d/1721812194b47d261e54897b4f694866efcacf47a3_square.jpg"",""https://img.ltwebstatic.com/images3_spmp/2024/07/24/be/1721812193686f28bf61144917463f5e768b21f5dc_square.jpg"",""https://img.ltwebstatic.com/images3_spmp/2024/07/24/2c/172181226673970b1e2d55684ec2960ae316e89e0f.jpg"",""https://img.ltwebstatic.com/images3_spmp/2024/07/24/f9/1721812268f5b1ad238282981587808656870b3867.jpg"",""https://img.ltwebstatic.com/images3_spmp/2024/07/24/63/17218122692d93727d5e2c8a974db599db67af14b8.jpg"",""https://img.ltwebstatic.com/images3_spmp/2024/07/24/cb/1721812267fde002e06d13e24307a2aec1fdd06d7d.jpg"",""https://img.ltwebstatic.com/images3_spmp/2024/07/24/25/17218122723966341ccb7d2856d220e0bae740d774.jpg""]",sv2407249994636230,null,"[{""name"":""Plug(Voltage)"",""value"":""US B Type Plug(110-127V)""},{""name"":""Material"",""value"":""PP""},{""name"":""Charger Certification"",""value"":""UL""},{""name"":""Batteries Included"",""value"":""No""},{""name"":""Batteries Required"",""value"":""No""},{""name"":""Power Supply"",""value"":""Wall Plug""},{""name"":""Voltage"",""value"":""110V-130V""}]",39381079,0,null,Home Appliances,null,Waffle Makers,SHEIN,"[""Silver""]"
Unbeatablesale Kathy Ireland Ingenue Dining Room Chair Slipcover Cobalt,Free Returns ✓ Free Shipping✓. Unbeatablesale Kathy Ireland Ingenue Dining Room Chair Slipcover Cobalt- Dining Chairs at SHEIN.,21.95,21.95,USD,true,Multicolor,one-size,0,https://img.ltwebstatic.com/images3_spmp/2024/08/03/51/172262089975c07179d3aa4e84dd57d784a58e89e3.jpg,https://us.shein.com/Dining-Chairs-c-4935.html,https://us.shein.com/Kathy-Ireland-Ingenue-Dining-Room-Chair-Slipcover-Cobalt-p-40077173.html,"[{""name"":""Tools & Home Improvement"",""url"":""https://us.shein.com/Tools-Home-Improvement-c-4327.html""},{""name"":""Furniture"",""url"":""https://us.shein.com/Furniture-c-4577.html""},{""name"":""Dining Room Furniture"",""url"":""https://us.shein.com/Dining-Room-Furniture-c-4932.html""},{""name"":""Dining Chairs"",""url"":""https://us.shein.com/Dining-Chairs-c-4935.html""}]",US,us.shein.com,3,"[""https://img.ltwebstatic.com/images3_spmp/2024/08/03/51/172262089975c07179d3aa4e84dd57d784a58e89e3.jpg"",""https://img.ltwebstatic.com/images3_spmp/2024/08/03/cd/1722620901c71e93a57d539693d45e98d143cf9daf.jpg"",""https://img.ltwebstatic.com/images3_spmp/2024/08/03/51/172262089975c07179d3aa4e84dd57d784a58e89e3.jpg""]",sr2408030024226369,null,"[{""name"":""Color"",""value"":""Multicolor""},{""name"":""Material"",""value"":""PP""}]",40077173,0,null,Tools & Home Improvement,null,Dining Chairs,Unbeatablesale,"[""one-size""]"
"1.1m Extendable Metal Tripod With E-Type Phone Clip Holder, Portable Outdoor Photography Tripod For Live Streaming And Shooting","Free Returns ✓ Free Shipping✓. 1.1m Extendable Metal Tripod With E-Type Phone Clip Holder, Portable Outdoor Photography Tripod For Live Streaming And Shooting- Selfiestick & Tripod Head at SHEIN.",10.5,10.5,USD,true,Black,one-size,0,https://img.ltwebstatic.com/images3_spmp/2024/08/10/ae/172327481817fc4e27276e582e2de2ee6901280c44.jpg,https://us.shein.com/Selfiestick-Tripod-Head-c-2489.html,"https://us.shein.com/1.1m-Extendable-Metal-Tripod-With-E-Type-Phone-Clip-Holder,-Portable-Outdoor-Photography-Tripod-For-Live-Streaming-And-Shooting-p-40537615.html","[{""name"":""Cell Phones & Accessories"",""url"":""https://us.shein.com/Cell-Phones-Accessories-c-2274.html""},{""name"":""Cell Phone Photo & Accessories"",""url"":""https://us.shein.com/Cell-Phone-Photo-Accessories-c-3327.html""},{""name"":""Selfiestick & Tripod Head"",""url"":""https://us.shein.com/Selfiestick-Tripod-Head-c-2489.html""}]",US,us.shein.com,13,"[""https://img.ltwebstatic.com/images3_spmp/2024/08/10/ae/172327481817fc4e27276e582e2de2ee6901280c44.jpg"",""https://img.ltwebstatic.com/images3_spmp/2024/08/09/0e/1723191655fdc8be27164bb275a5f8f67779e885ab.jpg"",""https://img.ltwebstatic.com/images3_spmp/2024/08/09/0e/1723191655ccf6477792227da5d808eb5ef83f4a9d.jpg"",""https://img.ltwebstatic.com/images3_spmp/2024/08/09/85/172319165494c31574e00f300479cdf5596aa306c3.jpg"",""https://img.ltwebstatic.com/images3_spmp/2024/08/09/0e/1723191655eb2e8444e06ef3e50114679f38511ce3.jpg"",""https://img.ltwebstatic.com/images3_spmp/2024/08/09/85/1723191654f5463860daebde84e66f5520ee93dcce.jpg"",""https://img.ltwebstatic.com/images3_spmp/2024/08/09/85/1723191654a8f6053f05b386a1a31001efc0b913b9.jpg"",""https://img.ltwebstatic.com/images3_spmp/2024/08/09/0e/1723191655c0042e8cc33b7e255084ce9a40b5f2c7.jpg"",""https://img.ltwebstatic.com/images3_spmp/2024/08/09/0e/1723191655c24c25488a044b6c95fd6168c6532a2d.jpg"",""https://img.ltwebstatic.com/images3_spmp/2024/08/09/85/172319165416821de3cd52e32a4cd3a25c60788198.jpg"",""https://img.ltwebstatic.com/images3_spmp/2024/08/09/f5/1723191708296bd6749ebb3c0aab004b10d0af9a85.jpg"",""https://img.ltwebstatic.com/images3_spmp/2024/08/09/59/172319170768a1e59142c6114aa9719bab8a7997e5.jpg"",""https://img.ltwebstatic.com/images3_spmp/2024/08/09/59/1723191707ac353b1213799ddb64e1aeea98383820.jpg""]",sw2408091864993149,null,"[{""name"":""Material"",""value"":""ABS""},{""name"":""Color"",""value"":""Black""},{""name"":""Batteries Included"",""value"":""No""},{""name"":""Power Supply"",""value"":""None""}]",40537615,0,null,Cell Phones & Accessories,null,Selfiestick & Tripod Head,SHEIN,"[""one-size""]"
"300pcs/Pack Assorted Alloy Flower Beads, End Caps, Chains And Tassels Jewelry Findings For DIY","Free Returns ✓ Free Shipping✓. 300pcs/Pack Assorted Alloy Flower Beads, End Caps, Chains And Tassels Jewelry Findings For DIY- Jewelry Making Basic Jewelry at SHEIN.",2.4,2.36,USD,true,N/A,Yellow Gold,0,https://img.ltwebstatic.com/images3_spmp/2024/07/26/ba/1721975962771edd2665c30b0518dad1a18fe9ecca_square.jpg,https://us.shein.com/300pcs/Jewelry-Making-Basic-Jewelry-c-9017.html,"https://us.shein.com/300pcs/Pack-Assorted-Alloy-Flower-Beads,-End-Caps,-Chains-And-Tassels-Jewelry-Findings-For-DIY-p-39580301.html","[{""name"":""Jewelry & Watches"",""url"":""https://us.shein.com/300pcs/Jewelry-Watches-c-3634.html""},{""name"":""Jewelry Making"",""url"":""https://us.shein.com/300pcs/Jewelry-Making-c-4219.html""},{""name"":""Jewelry Findings & Components"",""url"":""https://us.shein.com/300pcs/Jewelry-Findings-Components-c-4221.html""},{""name"":""Jewelry Making Basic Jewelry"",""url"":""https://us.shein.com/300pcs/Jewelry-Making-Basic-Jewelry-c-9017.html""}]",US,us.shein.com,9,"[""https://img.ltwebstatic.com/images3_spmp/2024/07/26/ba/1721975962771edd2665c30b0518dad1a18fe9ecca_square.jpg"",""https://img.ltwebstatic.com/images3_spmp/2024/07/26/b3/17219759633cb2909eb3a9ae30bcd247625d2e382e_square.jpg"",""https://img.ltwebstatic.com/images3_spmp/2024/07/26/5b/17219761937fe3486cba1aa0e7e4a0dabfdcb246cf_square.jpg"",""https://img.ltwebstatic.com/images3_spmp/2024/07/26/0a/172197597586cdf89df234c1cb0fecc4ae6e944306.jpg"",""https://img.ltwebstatic.com/images3_spmp/2024/07/26/a4/1721976086d22ed3c2dbd2d48e5ce14d7c9806b97b.jpg"",""https://img.ltwebstatic.com/images3_spmp/2024/07/26/d6/17219761528ec152a59121f55221414ef5602eb2be.jpg"",""https://img.ltwebstatic.com/images3_spmp/2024/07/26/15/1721976161c36672a57a3f9796d28935838ed8e22d.jpg"",""https://img.ltwebstatic.com/images3_spmp/2024/07/26/fa/1721976182d1cb3d209d20c831a62665b88da0e684.jpg"",""https://img.ltwebstatic.com/images3_spmp/2024/07/26/5e/1721976201da11e07f09f438105d0cbc72bb0f176e.jpg""]",sj2407269085316198,null,"[{""name"":""Style Type"",""value"":""J26""},{""name"":""Type"",""value"":""Earring Base""},{""name"":""Type"",""value"":""Necklace Base""},{""name"":""Type"",""value"":""Bracelet Base""},{""name"":""Material"",""value"":""Stainless Steel""}]",39580301,0,null,Jewelry & Watches,null,Jewelry Making Basic Jewelry,SHEIN,"[""Yellow Gold""]"
"10pcs Upgraded Commercial Style Drawer Slide Kits With Roller Stops, Fits Dresser, Nightstand And Most Furniture Drawers","Free Returns ✓ Free Shipping✓. 10pcs Upgraded Commercial Style Drawer Slide Kits With Roller Stops, Fits Dresser, Nightstand And Most Furniture Drawers- Slides at SHEIN.",17.1,17.1,USD,true,Multicolor,10pcs,0,https://img.ltwebstatic.com/images3_spmp/2024/08/05/9d/1722853480e524034281b9602f6d11239d01bdb798_square.jpg,https://us.shein.com/Slides-c-4504.html,"https://us.shein.com/10pcs-Upgraded-Commercial-Style-Drawer-Slide-Kits-With-Roller-Stops,-Fits-Dresser,-Nightstand-And-Most-Furniture-Drawers-p-39794065.html","[{""name"":""Tools & Home Improvement"",""url"":""https://us.shein.com/Tools-Home-Improvement-c-4327.html""},{""name"":""Hardware"",""url"":""https://us.shein.com/Hardware-c-3524.html""},{""name"":""Cabinet Hardware"",""url"":""https://us.shein.com/Cabinet-Hardware-c-4486.html""},{""name"":""Slides"",""url"":""https://us.shein.com/Slides-c-4504.html""}]",US,us.shein.com,7,"[""https://img.ltwebstatic.com/images3_spmp/2024/08/05/9d/1722853480e524034281b9602f6d11239d01bdb798_square.jpg"",""https://img.ltwebstatic.com/images3_spmp/2024/07/07/7c/172034048089cc0f27de51bb220c7fead17028c1cf_square.jpg"",""https://img.ltwebstatic.com/images3_spmp/2024/07/07/7c/17203404801a92952a847ea954d5860eff1921f5b4_square.jpg"",""https://img.ltwebstatic.com/images3_spmp/2024/07/07/7c/17203404806e4dd414343145894d3a845bff7cd854_square.jpg"",""https://img.ltwebstatic.com/images3_spmp/2024/07/07/f3/172034047952e081abe7824f6470fd242d6bf4745c_square.jpg"",""https://img.ltwebstatic.com/images3_spmp/2024/07/07/7c/1720340480a6810eb9d4d487831618301950184b6f_square.jpg"",""https://img.ltwebstatic.com/images3_spmp/2024/07/07/f3/17203404799ac2f3f5845975722f3deb64ac5ee8a6_square.jpg""]",sr2407077656599149,null,"[{""name"":""Color"",""value"":""Multicolor""},{""name"":""Material"",""value"":""ABS""},{""name"":""Batteries Included"",""value"":""No""},{""name"":""Power Supply"",""value"":""None""}]",39794065,0,null,Tools & Home Improvement,null,Slides,SHEIN,"[""10pcs""]"
"JJS Modern Round Nesting Coffee Table Set Of 2, Large Living Room Accent Tables, Stacking Sofa End Side Table Cocktail Table With Metal Frame, Marble And Black…","Free Returns ✓ Free Shipping✓. JJS Modern Round Nesting Coffee Table Set Of 2, Large Living Room Accent Tables, Stacking Sofa End Side Table Cocktail Table With Metal Frame, Marble And Black…- Coffee Tables at SHEIN.",129.99,105.99,USD,true,RusticBrown/Black,one-size,0,https://img.ltwebstatic.com/images3_spmp/2024/05/05/59/17149013306911a4b5cf02861a9b473868fe887770_square.jpg,https://us.shein.com/Coffee-Tables-c-5014.html,"https://us.shein.com/JJS-Modern-Round-Nesting-Coffee-Table-Set-Of-2,-Large-Living-Room-Accent-Tables,-Stacking-Sofa-End-Side-Table-Cocktail-Table-With-Metal-Frame,-Marble-And-Black%E2%80%A6-p-34527528.html","[{""name"":""Tools & Home Improvement"",""url"":""https://us.shein.com/Tools-Home-Improvement-c-4327.html""},{""name"":""Furniture"",""url"":""https://us.shein.com/Furniture-c-4577.html""},{""name"":""Living Room Furniture"",""url"":""https://us.shein.com/Living-Room-Furniture-c-4991.html""},{""name"":""Coffee Tables"",""url"":""https://us.shein.com/Coffee-Tables-c-5014.html""}]",US,us.shein.com,16,"[""https://us.shein.com/JJS-Modern-Round-Nesting-Coffee-Table-Set-Of-2,-Large-Living-Room-Accent-Tables,-Stacking-Sofa-End-Side-Table-Cocktail-Table-With-Metal-Frame,-Marble-And-Black%E2%80%A6-p-34527528.html"",""https://img.ltwebstatic.com/images3_spmp/2024/05/05/59/17149013306911a4b5cf02861a9b473868fe887770_square.jpg"",""https://img.ltwebstatic.com/images3_spmp/2024/05/05/bf/17149013327fae80b4969a7e660d422111074509c7_square.jpg"",""https://img.ltwebstatic.com/images3_spmp/2024/05/20/c4/1716175685c4812fab335ad033ef7f15d763f3d77f_square.jpg"",""https://img.ltwebstatic.com/images3_spmp/2024/05/20/15/17161756847021bceed270c65375c8a9ef0e7f48ee_square.jpg"",""https://img.ltwebstatic.com/images3_spmp/2024/05/05/8a/1714901329a43b9b61eeb67ff364527dbfcbe99af4_square.jpg"",""https://img.ltwebstatic.com/images3_spmp/2024/05/05/fd/1714901326ae0e36587325474368b51c99f199d800_square.jpg"",""https://img.ltwebstatic.com/images3_spmp/2024/05/05/7b/1714901328457418e67803eb3cc76757902d3e04a4_square.jpg"",""https://img.ltwebstatic.com/images3_spmp/2024/05/20/64/1716175680f317ac480e14e09263712b00f7169e16_square.jpg"",""https://img.ltwebstatic.com/images3_spmp/2024/05/20/76/17161756818a55bd07a5fe2f169a8ea66759cd895e_square.jpg"",""https://img.ltwebstatic.com/images3_spmp/2024/05/05/1d/1714901364ca590a82ea08898d04d7540468b5a3cb.jpg"",""https://img.ltwebstatic.com/images3_spmp/2024/05/05/2d/1714901361d1bc9a1fb4a587d9dbab76de824410c2.jpg"",""https://img.ltwebstatic.com/images3_spmp/2024/05/05/af/1714901365b98db17ff7fc6629c945b8aacfd83eb3.jpg"",""https://img.ltwebstatic.com/images3_spmp/2024/05/05/af/17149013650f3480176c76e6c8a065d8d4e938ab0d.jpg"",""https://img.ltwebstatic.com/images3_spmp/2024/05/05/1d/1714901364cfed6d2a1435b636c84f3d4bb1993fbf.jpg"",""https://img.ltwebstatic.com/images3_spmp/2024/05/05/f4/1714901362e931364ab4aea2e0d745161328793952.jpg""]",sr2404307510176762,null,"[{""name"":""Color"",""value"":""RusticBrown/Black""},{""name"":""Material"",""value"":""MDF""}]",34527528,0,null,Tools & Home Improvement,null,Coffee Tables,SHEIN,"[""one-size""]"
14.5 Inch Baby Girl Doll Clothes Accessories Set African American Washable Realistic Silicone Dolls With Cute Dresses Sunglass Camera And Shoes For Halloween Gifts,Free Returns ✓ Free Shipping✓. 14.5 Inch Baby Girl Doll Clothes Accessories Set African American Washable Realistic Silicone Dolls With Cute Dresses Sunglass Camera And Shoes For Halloween Gifts- Kids Clothing Accessory Sets at SHEIN.,31.4,23.9,USD,true,Multicolor,one-size,0,https://img.ltwebstatic.com/images3_spmp/2024/08/20/7e/172412574534cf1be5ea3a0c0363c107dd215c0de1_square.jpg,https://us.shein.com/Kids-Clothing-Accessory-Sets-c-7305.html,https://us.shein.com/14.5-Inch-Baby-Girl-Doll-Clothes-Accessories-Set-African-American-Washable-Realistic-Silicone-Dolls-With-Cute-Dresses-Sunglass-Camera-And-Shoes-p-41173460.html,"[{""name"":""Toys & Games"",""url"":""https://us.shein.com/Toys-Games-c-4328.html""},{""name"":""Kids Dolls & Stuffed Toys"",""url"":""https://us.shein.com/Kids-Dolls-Stuffed-Toys-c-7288.html""},{""name"":""Kids Doll Toys"",""url"":""https://us.shein.com/Kids-Doll-Toys-c-7290.html""},{""name"":""Kids Clothing Accessory Sets"",""url"":""https://us.shein.com/Kids-Clothing-Accessory-Sets-c-7305.html""}]",US,us.shein.com,18,"[""https://img.ltwebstatic.com/images3_spmp/2024/08/20/7e/172412574534cf1be5ea3a0c0363c107dd215c0de1_square.jpg"",""https://img.ltwebstatic.com/images3_spmp/2024/08/20/fe/17241257466017ca482d0b2513919b58ad793856e5_square.jpg"",""https://img.ltwebstatic.com/images3_spmp/2024/08/20/71/17241257476e9ac50a96f228a15e7e8ae5b09d2fa8_square.jpg"",""https://img.ltwebstatic.com/images3_spmp/2024/08/20/7e/1724125745476383c5c27f94fd38fd50047e1ad4cb_square.jpg"",""https://img.ltwebstatic.com/images3_spmp/2024/08/20/7e/1724125745ae822d260204d724762da72835bc5a8a_square.jpg"",""https://img.ltwebstatic.com/images3_spmp/2024/08/20/fe/1724125746daa6dd69e034e767a910e0564a3a29e8_square.jpg"",""https://img.ltwebstatic.com/images3_spmp/2024/08/20/fe/17241257468f9d36ce6910328ded7c6de1b2e4e049_square.jpg"",""https://img.ltwebstatic.com/images3_spmp/2024/08/20/7e/17241257450f49fa7e496dc89c7daf29a0f422661b_square.jpg"",""https://img.ltwebstatic.com/images3_spmp/2024/08/20/7e/1724125745db3012226a88f974c366348d76be7659_square.jpg"",""https://img.ltwebstatic.com/images3_spmp/2024/08/20/24/17241257559d0ad37d8650ef3ba2668e86b621143a.jpg"",""https://img.ltwebstatic.com/images3_spmp/2024/08/20/24/1724125755bc9cea1b425d0b3dabc1d14e34ebb9d2.jpg"",""https://img.ltwebstatic.com/images3_spmp/2024/08/20/64/172412575615737a0fe5f9997dc68d74bc6c2fd157.jpg"",""https://img.ltwebstatic.com/images3_spmp/2024/08/20/ce/1724125754b63a367a8123890742fab39729900ece.jpg"",""https://img.ltwebstatic.com/images3_spmp/2024/08/20/ce/17241257544b16574ee750831fababcba83beaaacc.jpg"",""https://img.ltwebstatic.com/images3_spmp/2024/08/20/24/17241257554665cf2b808ca930a7d97c1920fd3bef.jpg"",""https://img.ltwebstatic.com/images3_spmp/2024/08/20/64/17241257561a4c20bb11f731ca955e35f560adc5b8.jpg"",""https://img.ltwebstatic.com/images3_spmp/2024/08/20/24/1724125755f9626b7fbdf2da942de9126f1ec73cbc.jpg"",""https://img.ltwebstatic.com/images3_spmp/2024/08/20/ce/1724125754d48577380ea70220be4b12216ecd43ad.jpg""]",sl2408208506455224,null,"[{""name"":""Color"",""value"":""Multicolor""},{""name"":""Suitable Age"",""value"":""3-6years""},{""name"":""Suitable Age"",""value"":""6-12years""},{""name"":""Suitable Age"",""value"":""over 12years""},{""name"":""Material"",""value"":""Polyester""}]",41173460,0,null,Toys & Games,null,Kids Clothing Accessory Sets,SHEIN,"[""one-size""]"
"33in/83cm White Soft Umbrella, Photography Light Reflector Softbox","Free Returns ✓ Free Shipping✓. 33in/83cm White Soft Umbrella, Photography Light Reflector Softbox- Photo Studio at SHEIN.",4.5,4.5,USD,true,White,33 Inch,0,https://img.ltwebstatic.com/images3_spmp/2024/08/22/e0/1724321712cb7d3abd947b1ca8b00aa142a96b5907_square.jpg,https://us.shein.com/33in/Photo-Studio-c-4715.html,"https://us.shein.com/33in/83cm-White-Soft-Umbrella,-Photography-Light-Reflector-Softbox-p-41326776.html","[{""name"":""Electronics"",""url"":""https://us.shein.com/33in/Electronics-c-2273.html""},{""name"":""Consumer Electronic"",""url"":""https://us.shein.com/33in/Consumer-Electronic-c-4671.html""},{""name"":""Camera & Photo"",""url"":""https://us.shein.com/33in/Camera-Photo-c-4682.html""},{""name"":""Photo Studio"",""url"":""https://us.shein.com/33in/Photo-Studio-c-4715.html""}]",US,us.shein.com,9,"[""https://img.ltwebstatic.com/images3_spmp/2024/08/22/e0/1724321712cb7d3abd947b1ca8b00aa142a96b5907_square.jpg"",""https://img.ltwebstatic.com/images3_spmp/2024/08/22/e0/17243217120b977151c06893a50290e36b1fe3dfa8_square.jpg"",""https://img.ltwebstatic.com/images3_spmp/2024/08/22/e0/1724321712293ab584311b5eeafb31bfa125de483a_square.jpg"",""https://img.ltwebstatic.com/images3_spmp/2024/08/22/e0/1724321712dd8faebddbedd615c9692781052800e9_square.jpg"",""https://img.ltwebstatic.com/images3_spmp/2024/08/22/e0/1724321712bfacd34c372ef0feeb66211c64799b7b_square.jpg"",""https://img.ltwebstatic.com/images3_spmp/2024/08/22/fc/17243226787b575879c2696f502411fb0c53dc0570.jpg"",""https://img.ltwebstatic.com/images3_spmp/2024/08/22/5d/1724322679e49b67f7dd37571e3034439ec3c55e3e.jpg"",""https://img.ltwebstatic.com/images3_spmp/2024/08/22/5d/1724322679145d9d2042989a35d7b1944d103c13d1.jpg"",""https://img.ltwebstatic.com/images3_spmp/2024/08/22/5d/1724322679b5220866af5389e630636cb056e17be1.jpg""]",se2408223873753311,null,"[{""name"":""Batteries Included"",""value"":""No""},{""name"":""Type"",""value"":""Soft Umbrella""},{""name"":""Color"",""value"":""White""},{""name"":""Material"",""value"":""Aluminum""},{""name"":""Power Supply"",""value"":""None""}]",41326776,0,null,Electronics,null,Photo Studio,SHEIN,"[""33 Inch""]"
"My Hero Academia Takara Tomy - My Hero Academia - Izuku Midoriya 1/4 PVC Figure (MHA)  [COLLECTABLES] Figure, Collectible","Free Returns ✓ Free Shipping✓. My Hero Academia Takara Tomy - My Hero Academia - Izuku Midoriya 1/4 PVC Figure (MHA)  [COLLECTABLES] Figure, Collectible- Statue, Maquette & Bust Action Figures at SHEIN.",317.68,317.68,USD,true,Multicolor,one-size,0,https://img.ltwebstatic.com/images3_spmp/2024/07/03/23/1719980757cfe4c0c87855281955c8b5465a6a3e9d_square.jpg,"https://us.shein.com/Takara-Tomy---My-Hero-Academia---Izuku-Midoriya-1/Statue,-Maquette-Bust-Action-Figures-c-7178.html","https://us.shein.com/Takara-Tomy---My-Hero-Academia---Izuku-Midoriya-1/4-PVC-Figure-(MHA)--[COLLECTABLES]-Figure,-Collectible-p-40669371.html","[{""name"":""Toys & Games"",""url"":""https://us.shein.com/Takara-Tomy---My-Hero-Academia---Izuku-Midoriya-1/Toys-Games-c-4328.html""},{""name"":""Hobbies, Collections, Parties"",""url"":""https://us.shein.com/Takara-Tomy---My-Hero-Academia---Izuku-Midoriya-1/Hobbies,-Collections,-Parties-c-7163.html""},{""name"":""Collectible Toys"",""url"":""https://us.shein.com/Takara-Tomy---My-Hero-Academia---Izuku-Midoriya-1/Collectible-Toys-c-7164.html""},{""name"":""Statue, Maquette & Bust Action Figures"",""url"":""https://us.shein.com/Takara-Tomy---My-Hero-Academia---Izuku-Midoriya-1/Statue,-Maquette-Bust-Action-Figures-c-7178.html""}]",US,us.shein.com,2,"[""https://img.ltwebstatic.com/images3_spmp/2024/07/03/23/1719980757cfe4c0c87855281955c8b5465a6a3e9d_square.jpg"",""https://img.ltwebstatic.com/images3_spmp/2024/07/03/68/1719980770778c2e1431fea625a24f649d6916c33f_square.jpg""]",sl2408139015936096,null,"[{""name"":""Color"",""value"":""Multicolor""},{""name"":""Batteries Included"",""value"":""No""},{""name"":""Power Supply"",""value"":""None""}]",40669371,0,null,Toys & Games,null,"Statue, Maquette & Bust Action Figures",My Hero Academia,"[""one-size""]"
"Ray-Ban Sunglasses, RB4068 60","Free Returns ✓ Free Shipping✓. Ray-Ban Sunglasses, RB4068 60- Women Sunglasses at SHEIN.",184.96,184.96,USD,true,HAVANA/PINK GRADIENT BROWN,60mm,0,https://img.ltwebstatic.com/images3_spmp/2024/05/30/c6/1717057734d4b6685fe75692752d9058559515fbc2_square.jpg,https://us.shein.com/Women-Sunglasses-c-3927.html,"https://us.shein.com/Sunglasses,-RB4068-60-p-36041801.html","[{""name"":""Apparel Accessories"",""url"":""https://us.shein.com/Apparel-Accessories-c-3631.html""},{""name"":""Women Accessories"",""url"":""https://us.shein.com/Women-Accessories-c-1765.html""},{""name"":""Women Glasses & Eyewear Accessories"",""url"":""https://us.shein.com/Women-Glasses-Eyewear-Accessories-c-2841.html""},{""name"":""Women Sunglasses"",""url"":""https://us.shein.com/Women-Sunglasses-c-3927.html""}]",US,us.shein.com,13,"[""https://img.ltwebstatic.com/images3_spmp/2024/05/30/c6/1717057734d4b6685fe75692752d9058559515fbc2_square.jpg"",""https://img.ltwebstatic.com/images3_spmp/2024/05/30/c6/1717057734d4b6685fe75692752d9058559515fbc2_square.jpg"",""https://img.ltwebstatic.com/images3_spmp/2024/05/30/0f/1717057738d5778a00d512ecc19d1703d3c8c8953b_square.jpg"",""https://img.ltwebstatic.com/images3_spmp/2024/05/30/2b/1717057741e246bbf40ca3b1e7f13f70cb2e3a7433_square.jpg"",""https://img.ltwebstatic.com/images3_spmp/2024/05/30/0c/17170577433fb19306b893990e7324d88bdd50f7ff_square.jpg"",""https://img.ltwebstatic.com/images3_spmp/2024/05/30/8f/1717057746af712c1f62454fff1e1e5c417780d66b_square.jpg"",""https://img.ltwebstatic.com/images3_spmp/2024/05/30/71/171705774843222405abdce822b344e0e276b28003_square.jpg"",""https://img.ltwebstatic.com/images3_spmp/2024/05/30/c6/1717057734d4b6685fe75692752d9058559515fbc2_square.jpg"",""https://img.ltwebstatic.com/images3_spmp/2024/05/30/0f/1717057738d5778a00d512ecc19d1703d3c8c8953b_square.jpg"",""https://img.ltwebstatic.com/images3_spmp/2024/05/30/2b/1717057741e246bbf40ca3b1e7f13f70cb2e3a7433_square.jpg"",""https://img.ltwebstatic.com/images3_spmp/2024/05/30/0c/17170577433fb19306b893990e7324d88bdd50f7ff_square.jpg"",""https://img.ltwebstatic.com/images3_spmp/2024/05/30/8f/1717057746af712c1f62454fff1e1e5c417780d66b_square.jpg"",""https://img.ltwebstatic.com/images3_spmp/2024/05/30/71/171705774843222405abdce822b344e0e276b28003_square.jpg""]",sc2405301461816653,null,"[{""name"":""Color"",""value"":""HAVANA/PINK GRADIENT BROWN""},{""name"":""Style"",""value"":""Casual""},{""name"":""Shape"",""value"":""Square""},{""name"":""Type"",""value"":""Full Rim Glasses""},{""name"":""Frame Structure"",""value"":""Full Rim Glasses""},{""name"":""Element"",""value"":""None""}]",36041801,0,null,Apparel Accessories,null,Women Sunglasses,Ray-Ban,"[""60mm""]"
Tom Ford TOM FORD | Gray Classic Fit Briefs,Free Returns ✓ Free Shipping✓. Tom Ford TOM FORD | Gray Classic Fit Briefs- Men Briefs at SHEIN.,78.42,78.42,USD,true,Default,XXL,0,https://img.ltwebstatic.com/images3_spmp/2024/08/23/d0/1724413368c364f6f4978b53491bb113881346f0d7_square.jpg,https://us.shein.com/Men-Briefs-c-4324.html,https://us.shein.com/TOM-FORD-%7C-Gray-Classic-Fit-Briefs-p-41400744.html,"[{""name"":""Underwear & Sleepwear"",""url"":""https://us.shein.com/Underwear-Sleepwear-c-2038.html""},{""name"":""Men Underwear"",""url"":""https://us.shein.com/Men-Underwear-c-4323.html""},{""name"":""Men Briefs"",""url"":""https://us.shein.com/Men-Briefs-c-4324.html""}]",US,us.shein.com,4,"[""https://img.ltwebstatic.com/images3_spmp/2024/08/23/d0/1724413368c364f6f4978b53491bb113881346f0d7_square.jpg"",""https://img.ltwebstatic.com/images3_spmp/2024/08/23/d2/172441337171baaddb608272323180f92590b49358_square.jpg"",""https://img.ltwebstatic.com/images3_spmp/2024/08/23/e1/1724413373c0965213e2382d555f808f6a7838f2bf.png"",""https://img.ltwebstatic.com/images3_spmp/2024/08/23/d2/172441337171baaddb608272323180f92590b49358_square.jpg""]",si2408231085556881,null,"[{""name"":""Style"",""value"":""Basics""},{""name"":""Color"",""value"":""Default""},{""name"":""Pattern Type"",""value"":""Letter""}]",41400744,0,null,Underwear & Sleepwear,null,Men Briefs,Tom Ford,"[""XXL""]"
1 Roll 10 Meters Green Leaf Willow Leaf Garland Decorative Simulated Green Plant DIY Handmade Wreath Material,Free Returns ✓ Free Shipping✓. 1 Roll 10 Meters Green Leaf Willow Leaf Garland Decorative Simulated Green Plant DIY Handmade Wreath Material- Artificial Vertical Vines at SHEIN.,1.4,1.3,USD,true,Green,one-size,0,https://img.ltwebstatic.com/images3_spmp/2024/08/13/f7/17235273970a5fa2f473b54514671b59e1d208dac2_square.jpg,https://us.shein.com/Artificial-Vertical-Vines-c-7750.html,https://us.shein.com/1-Roll-10-Meters-Green-Leaf-Willow-Leaf-Garland-Decorative-Simulated-Green-Plant-DIY-Handmade-Wreath-Material-p-40921694.html,"[{""name"":""Home & Living"",""url"":""https://us.shein.com/Home-Living-c-2032.html""},{""name"":""Home Decor"",""url"":""https://us.shein.com/Home-Decor-c-1954.html""},{""name"":""Artificial Decorations"",""url"":""https://us.shein.com/Artificial-Decorations-c-3429.html""},{""name"":""Artificial Vertical Vines"",""url"":""https://us.shein.com/Artificial-Vertical-Vines-c-7750.html""}]",US,us.shein.com,9,"[""https://img.ltwebstatic.com/images3_spmp/2024/08/13/f7/17235273970a5fa2f473b54514671b59e1d208dac2_square.jpg"",""https://img.ltwebstatic.com/images3_spmp/2024/08/13/8b/1723527398b630a3816b570e1221e941a6cf80d5dd_square.jpg"",""https://img.ltwebstatic.com/images3_spmp/2024/08/13/f7/17235273974069ee14158e1384ec5965dc09dd176f_square.jpg"",""https://img.ltwebstatic.com/images3_spmp/2024/08/13/dc/1723527396584abc33d0fe09e10d429877624ca193_square.jpg"",""https://img.ltwebstatic.com/images3_spmp/2024/08/13/dc/17235273965f33c15162bcff95515a077363726e88_square.jpg"",""https://img.ltwebstatic.com/images3_spmp/2024/08/13/8b/1723527398729120d5251d5ec2e8fbae04cbe33977_square.jpg"",""https://img.ltwebstatic.com/images3_spmp/2024/08/13/f7/172352739706cc64157d40e5232da6b2e54e23a980_square.jpg"",""https://img.ltwebstatic.com/images3_spmp/2024/08/13/a1/17235273951974d56069d2362fc296de232e55b609_square.jpg"",""https://img.ltwebstatic.com/images3_spmp/2024/08/13/98/1723527491ec54b4eb8f8f83d3f6184dffff09cf73.jpg""]",sh2408132405295688,null,"[{""name"":""Color"",""value"":""Green""},{""name"":""Material"",""value"":""Polyester""},{""name"":""Composition"",""value"":""100% Polyester""}]",40921694,0,null,Home & Living,null,Artificial Vertical Vines,SHEIN,"[""one-size""]"
"IDsarah For IPhone 12 Pro Max Case With Build-In Kickstand,Heavy Duty Protection Shockproof Anti-Scratch Slim Fit Protective Sturdy Case Hard Cover For IPhone 12 Pro Max 6.7 Inch,Purple/Pink H,Blue/Sapphire Blue,Red,Black,Light Blue/Pink","Free Returns ✓ Free Shipping✓. IDsarah For IPhone 12 Pro Max Case With Build-In Kickstand,Heavy Duty Protection Shockproof Anti-Scratch Slim Fit Protective Sturdy Case Hard Cover For IPhone 12 Pro Max 6.7 Inch,Purple/Pink H,Blue/Sapphire Blue,Red,Black,Light Blue/Pink- Stand Phone Case at SHEIN.",12.7,8.6,USD,true,Purple,iPhone 12 Pro Max,0,https://img.ltwebstatic.com/images3_spmp/2024/08/23/d1/1724415221b7f1bd145b45cfc2d7c9fd58f7a53949_square.jpg,"https://us.shein.com/IDsarah-For-IPhone-12-Pro-Max-Case-With-Build-In-Kickstand,Heavy-Duty-Protection-Shockproof-Anti-Scratch-Slim-Fit-Protective-Sturdy-Case-Hard-Cover-For-IPhone-12-Pro-Max-6.7-Inch,Purple/Pink-H,Blue/Sapphire-Blue,Red,Black,Light-Blue/Stand-Phone-Case-c-12755.html","https://us.shein.com/IDsarah-For-IPhone-12-Pro-Max-Case-With-Build-In-Kickstand,Heavy-Duty-Protection-Shockproof-Anti-Scratch-Slim-Fit-Protective-Sturdy-Case-Hard-Cover-For-IPhone-12-Pro-Max-6.7-Inch,Purple/Pink-H,Blue/Sapphire-Blue,Red,Black,Light-Blue/Pink-p-41415479.html","[{""name"":""Cell Phones & Accessories"",""url"":""https://us.shein.com/IDsarah-For-IPhone-12-Pro-Max-Case-With-Build-In-Kickstand,Heavy-Duty-Protection-Shockproof-Anti-Scratch-Slim-Fit-Protective-Sturdy-Case-Hard-Cover-For-IPhone-12-Pro-Max-6.7-Inch,Purple/Pink-H,Blue/Sapphire-Blue,Red,Black,Light-Blue/Cell-Phones-Accessories-c-2274.html""},{""name"":""Cases"",""url"":""https://us.shein.com/IDsarah-For-IPhone-12-Pro-Max-Case-With-Build-In-Kickstand,Heavy-Duty-Protection-Shockproof-Anti-Scratch-Slim-Fit-Protective-Sturdy-Case-Hard-Cover-For-IPhone-12-Pro-Max-6.7-Inch,Purple/Pink-H,Blue/Sapphire-Blue,Red,Black,Light-Blue/Cases-c-3340.html""},{""name"":""Phone Cases"",""url"":""https://us.shein.com/IDsarah-For-IPhone-12-Pro-Max-Case-With-Build-In-Kickstand,Heavy-Duty-Protection-Shockproof-Anti-Scratch-Slim-Fit-Protective-Sturdy-Case-Hard-Cover-For-IPhone-12-Pro-Max-6.7-Inch,Purple/Pink-H,Blue/Sapphire-Blue,Red,Black,Light-Blue/Phone-Cases-c-8953.html""},{""name"":""Stand Phone Case"",""url"":""https://us.shein.com/IDsarah-For-IPhone-12-Pro-Max-Case-With-Build-In-Kickstand,Heavy-Duty-Protection-Shockproof-Anti-Scratch-Slim-Fit-Protective-Sturdy-Case-Hard-Cover-For-IPhone-12-Pro-Max-6.7-Inch,Purple/Pink-H,Blue/Sapphire-Blue,Red,Black,Light-Blue/Stand-Phone-Case-c-12755.html""}]",US,us.shein.com,15,"[""https://us.shein.com/IDsarah-For-IPhone-12-Pro-Max-Case-With-Build-In-Kickstand,Heavy-Duty-Protection-Shockproof-Anti-Scratch-Slim-Fit-Protective-Sturdy-Case-Hard-Cover-For-IPhone-12-Pro-Max-6.7-Inch,Purple/Pink-H,Blue/Sapphire-Blue,Red,Black,Light-Blue/Pink-p-41415479.html"",""https://img.ltwebstatic.com/images3_spmp/2024/08/23/d1/1724415221b7f1bd145b45cfc2d7c9fd58f7a53949_square.jpg"",""https://img.ltwebstatic.com/images3_spmp/2024/08/23/d1/17244152214b3becd47abf282e4ab583455f226001_square.jpg"",""https://img.ltwebstatic.com/images3_spmp/2024/08/23/d1/172441522184609be8fb482d496ee9fccdd2254562_square.jpg"",""https://img.ltwebstatic.com/images3_spmp/2024/08/23/59/1724415222f7954f22e2a0fb42e4e7fccbd655ae2e_square.jpg"",""https://img.ltwebstatic.com/images3_spmp/2024/08/23/59/17244152225e6dd388fd52be74e76015b3aadb9eeb_square.jpg"",""https://img.ltwebstatic.com/images3_spmp/2024/08/23/d1/17244152215af1bc58275d9b2f7ff4a35dd7794b66_square.jpg"",""https://img.ltwebstatic.com/images3_spmp/2024/08/23/d1/1724415221f529b4c606a1ea618c5e3581aec0f7b4_square.jpg"",""https://img.ltwebstatic.com/images3_spmp/2024/08/23/d1/172441522199d29d78f3a36f0b7a605196fc502ed7_square.jpg"",""https://img.ltwebstatic.com/images3_spmp/2024/08/23/76/1724415791d7f73a3027179be75435e9b4aa234f95.jpg"",""https://img.ltwebstatic.com/images3_spmp/2024/08/23/9f/17244157902cabf15c550ca78a1443c6b78f03aa19.jpg"",""https://img.ltwebstatic.com/images3_spmp/2024/08/23/9f/1724415790fe658235bd9e32dc476bbd8662487b58.jpg"",""https://img.ltwebstatic.com/images3_spmp/2024/08/23/9f/1724415790827c55145eae33b529ac7c1413aae645.jpg"",""https://img.ltwebstatic.com/images3_spmp/2024/08/23/9f/172441579081180dedd34225d77fc4b1b4cd5f6fa8.jpg"",""https://img.ltwebstatic.com/images3_spmp/2024/08/23/9f/1724415790739aba407abf9cff3644d486b6d32eaa.jpg""]",sw2408233788183887,null,"[{""name"":""Features"",""value"":""Shockproof""},{""name"":""Features"",""value"":""Scratch Resistant""},{""name"":""Features"",""value"":""Wireless Charging Compatible""},{""name"":""Color"",""value"":""Purple""},{""name"":""Type"",""value"":""Ordinary Mobile Phone Case""},{""name"":""Material"",""value"":""TPU""},{""name"":""Case Type"",""value"":""Hard Case""},{""name"":""Gender"",""value"":""Unisex""},{""name"":""Brand Compatibility"",""value"":""iPhone""},{""name"":""Included Components"",""value"":""Kickstand""}]",41415479,0,null,Cell Phones & Accessories,null,Stand Phone Case,SHEIN,"[""iPhone 12 Pro Max""]"
Couples TPU Black & Silver Car Anti-Drop Key Case + For Chevrolet Malibu XI/Corvette/Cruze/Trax/Sail Exclusive Use,Free Returns ✓ Free Shipping✓. Couples TPU Black & Silver Car Anti-Drop Key Case + For Chevrolet Malibu XI/Corvette/Cruze/Trax/Sail Exclusive Use- Car Key Case at SHEIN.,2.3,2.3,USD,true,Black,one-size,0,https://img.ltwebstatic.com/images3_spmp/2024/08/02/4a/1722580878d4864b8ed432eca43af9e8a9c2226916.jpg,https://us.shein.com/TPU-Cherry-Blossom-Pink-Couples-Car-Anti-Drop-Key-Cover-Case-For-Chevrolet-Malibu-XI/Cavalier/Cruze/Trax/Car-Key-Case-c-3892.html,https://us.shein.com/TPU-Cherry-Blossom-Pink-Couples-Car-Anti-Drop-Key-Cover-Case-For-Chevrolet-Malibu-XI/Cavalier/Cruze/Trax/Sail-Dedicated-p-40121298.html,"[{""name"":""Automotive"",""url"":""https://us.shein.com/TPU-Cherry-Blossom-Pink-Couples-Car-Anti-Drop-Key-Cover-Case-For-Chevrolet-Malibu-XI/Cavalier/Cruze/Trax/Automotive-c-3657.html""},{""name"":""Automotive Interior Accessories"",""url"":""https://us.shein.com/TPU-Cherry-Blossom-Pink-Couples-Car-Anti-Drop-Key-Cover-Case-For-Chevrolet-Malibu-XI/Cavalier/Cruze/Trax/Automotive-Interior-Accessories-c-3883.html""},{""name"":""Interior Accessories"",""url"":""https://us.shein.com/TPU-Cherry-Blossom-Pink-Couples-Car-Anti-Drop-Key-Cover-Case-For-Chevrolet-Malibu-XI/Cavalier/Cruze/Trax/Interior-Accessories-c-3884.html""},{""name"":""Car Key Case"",""url"":""https://us.shein.com/TPU-Cherry-Blossom-Pink-Couples-Car-Anti-Drop-Key-Cover-Case-For-Chevrolet-Malibu-XI/Cavalier/Cruze/Trax/Car-Key-Case-c-3892.html""}]",US,us.shein.com,15,"[""https://us.shein.com/TPU-Cherry-Blossom-Pink-Couples-Car-Anti-Drop-Key-Cover-Case-For-Chevrolet-Malibu-XI/Cavalier/Cruze/Trax/Sail-Dedicated-p-40121298.html"",""https://img.ltwebstatic.com/images3_spmp/2024/08/02/4a/1722580878d4864b8ed432eca43af9e8a9c2226916.jpg"",""https://img.ltwebstatic.com/images3_spmp/2024/08/02/4a/17225808781eea94b04d922480f5c79dd4c37e076d.jpg"",""https://img.ltwebstatic.com/images3_spmp/2024/08/02/51/17225808778f4c7e9685e93f00d0b47c16191b1f38.jpg"",""https://img.ltwebstatic.com/images3_spmp/2024/08/02/51/1722580877bada36afa8e0799708dc6088b5ddc184.jpg"",""https://img.ltwebstatic.com/images3_spmp/2024/08/02/51/17225808779c115457ec5a8accbbc1c02518cd2086.jpg"",""https://img.ltwebstatic.com/images3_spmp/2024/08/02/51/17225808774088f1f6ec3911453f4a84c16cb7f871.jpg"",""https://img.ltwebstatic.com/images3_spmp/2024/08/02/51/1722580877b806833348712dc5f5f408cb2f40e194.jpg"",""https://img.ltwebstatic.com/images3_spmp/2024/08/02/6e/172258091060406e15e4a6c14cd20f5eed91538a7f.jpg"",""https://img.ltwebstatic.com/images3_spmp/2024/08/02/6e/17225809108c0404b9818757554d37f5e76fd380b8.jpg"",""https://img.ltwebstatic.com/images3_spmp/2024/08/02/0a/1722580909a6d1203a73c0f5dbe044118bc2e18d9f.jpg"",""https://img.ltwebstatic.com/images3_spmp/2024/08/02/0a/172258090982cf61295be839764ff86e9e6d1c3544.jpg"",""https://img.ltwebstatic.com/images3_spmp/2024/08/02/0a/1722580909710461a71f24bc5ef3cbd1f5cafeb38a.jpg"",""https://img.ltwebstatic.com/images3_spmp/2024/08/02/0a/1722580909a8556d428c42b22e8db021d1fc29093c.jpg"",""https://img.ltwebstatic.com/images3_spmp/2024/08/02/0a/1722580909d48065196407e39eece57c37cc327632.jpg""]",sq2401038645847272,null,"[{""name"":""Batteries Included"",""value"":""No""},{""name"":""Power Supply"",""value"":""None""},{""name"":""Color"",""value"":""Black""},{""name"":""Type"",""value"":""Customized Car Key Case""},{""name"":""Compatible Brand"",""value"":""Chevrolet""},{""name"":""Material"",""value"":""TPU""}]",40121298,0,null,Automotive,null,Car Key Case,SHEIN,"[""one-size""]"
1PC Solar Powered Skull Head Wind Chime Lights With 6 LED Color Changing Hanging Lamp Outdoor Decorations Garden Light Suitable For Halloween Theme Haunted Party Garden Yard Bar Decoration,Free Returns ✓ Free Shipping✓. 1PC Solar Powered Skull Head Wind Chime Lights With 6 LED Color Changing Hanging Lamp Outdoor Decorations Garden Light Suitable For Halloween Theme Haunted Party Garden Yard Bar Decoration- Outdoor Pendant Lights at SHEIN.,8.7,8.7,USD,true,N/A,Camouflage Skull-wind Chime Lamp,0,https://img.ltwebstatic.com/images3_spmp/2024/07/25/70/17218867158fd518f8b2b925eeeeaa2da18fa7f8be_square.jpg,https://us.shein.com/Outdoor-Pendant-Lights-c-12183.html,https://us.shein.com/1PC-Solar-Powered-Skull-Head-Wind-Chime-Lights-With-6-LED-Color-Changing-Hanging-Lamp-Outdoor-Decorations-Garden-Light-Suitable-For-Halloween-Theme-Haunted-Party-Garden-Yard-Bar-Decoration-p-39548686.html,"[{""name"":""Tools & Home Improvement"",""url"":""https://us.shein.com/Tools-Home-Improvement-c-4327.html""},{""name"":""Lighting & Lamp"",""url"":""https://us.shein.com/Lighting-Lamp-c-2299.html""},{""name"":""Outdoor Lighting"",""url"":""https://us.shein.com/Outdoor-Lighting-c-3375.html""},{""name"":""Outdoor Pendant Lights"",""url"":""https://us.shein.com/Outdoor-Pendant-Lights-c-12183.html""}]",US,us.shein.com,13,"[""https://img.ltwebstatic.com/images3_spmp/2024/07/25/70/17218867158fd518f8b2b925eeeeaa2da18fa7f8be_square.jpg"",""https://img.ltwebstatic.com/images3_spmp/2024/07/25/70/1721886715dae893e1b3b1b99fcb2105b1497618b3_square.jpg"",""https://img.ltwebstatic.com/images3_spmp/2024/07/25/70/1721886715dcbee9786b8d0e3a172f438a46b69123_square.jpg"",""https://img.ltwebstatic.com/images3_spmp/2024/07/25/70/1721886715578dcf78d4d5caee99f208f71b5c8f71_square.jpg"",""https://img.ltwebstatic.com/images3_spmp/2024/07/25/70/17218867151bbe7b3b185a1b2f84a857aacbf9a023_square.jpg"",""https://img.ltwebstatic.com/images3_spmp/2024/07/25/70/1721886715fe40be3f61f98a4806193d9dc47f2c33_square.jpg"",""https://img.ltwebstatic.com/images3_spmp/2024/07/25/70/1721886721a209193337b04bee15f98950d853587f_square.jpg"",""https://img.ltwebstatic.com/images3_spmp/2024/07/25/5a/1721886719228d5115f72a4a1e29878e83fd2c6c57.jpg"",""https://img.ltwebstatic.com/images3_spmp/2024/07/25/5a/172188671951b50b22f4987bcaa102c376c854519a.jpg"",""https://img.ltwebstatic.com/images3_spmp/2024/07/25/5a/172188671982c660cb09715cb8bbe15c96a9ee8aae.jpg"",""https://img.ltwebstatic.com/images3_spmp/2024/07/25/5a/17218867190cbbe983d1779ce66aef2cf720b9a1a4.jpg"",""https://img.ltwebstatic.com/images3_spmp/2024/07/25/5a/17218867197fc714dcb0d450315e584654a90930ca.jpg"",""https://img.ltwebstatic.com/images3_spmp/2024/07/25/5a/172188671976945fee031e4b4c80a7413140086d4c.jpg""]",sh2407209810961588,null,"[{""name"":""Light Color"",""value"":""Multicolor""},{""name"":""Power Supply"",""value"":""Solar Power""},{""name"":""Material"",""value"":""PC""}]",39548686,0,null,Tools & Home Improvement,null,Outdoor Pendant Lights,SHEIN,"[""Camouflage Skull-wind Chime Lamp""]"
"1pc Travel Storage Bag, TPU Bread Bag With Buckle, Reusable  TPU Bread Bag With Lovely Pattern, Suitable For Grocery Shopping, Bread & Other Food Storage","Free Returns ✓ Free Shipping✓. 1pc Travel Storage Bag, TPU Bread Bag With Buckle, Reusable  TPU Bread Bag With Lovely Pattern, Suitable For Grocery Shopping, Bread & Other Food Storage- Kitchen Bags at SHEIN.",6.3,6.1,USD,true,Beige,one-size,0,https://img.ltwebstatic.com/images3_spmp/2024/08/16/da/17237932883139789366a257f462fc4de9a7c8aa52_square.jpg,https://us.shein.com/Kitchen-Bags-c-7863.html,"https://us.shein.com/1pc-Travel-Storage-Bag,-TPU-Bread-Bag-With-Buckle,-Reusable--TPU-Bread-Bag-With-Lovely-Pattern,-Suitable-For-Grocery-Shopping,-Bread-&amp;-Other-Food-Storage-p-40926390.html","[{""name"":""Home & Living"",""url"":""https://us.shein.com/Home-Living-c-2032.html""},{""name"":""Storage & Organization"",""url"":""https://us.shein.com/Storage-Organization-c-2298.html""},{""name"":""Kitchen Storage & Organization"",""url"":""https://us.shein.com/Kitchen-Storage-Organization-c-3559.html""},{""name"":""Kitchen Bags"",""url"":""https://us.shein.com/Kitchen-Bags-c-7863.html""}]",US,us.shein.com,9,"[""https://img.ltwebstatic.com/images3_spmp/2024/08/16/da/17237932883139789366a257f462fc4de9a7c8aa52_square.jpg"",""https://img.ltwebstatic.com/images3_spmp/2024/08/16/bf/17237932875e8a86742d8ad645e96a5e8de35101b0_square.jpg"",""https://img.ltwebstatic.com/images3_spmp/2024/08/16/da/1723793288e0c87b83bb0982fed99479b8476e0af5_square.jpg"",""https://img.ltwebstatic.com/images3_spmp/2024/08/16/07/1723793289afca005d3d7e9969e0de94207654cb54_square.jpg"",""https://img.ltwebstatic.com/images3_spmp/2024/08/16/da/1723793288c7e7dd95c5d873bc76a0364c5923e6f6_square.jpg"",""https://img.ltwebstatic.com/images3_spmp/2024/08/16/bf/1723793287f604fbd583f0e38250dacbd2863af282_square.jpg"",""https://img.ltwebstatic.com/images3_spmp/2024/08/16/da/172379328892b4be14ed5a367e01700cf4992b22d2_square.jpg"",""https://img.ltwebstatic.com/images3_spmp/2024/08/16/33/1723793351dcb067bfc046f74028e74b0bc9d7741c_square.jpg"",""https://img.ltwebstatic.com/images3_spmp/2024/08/16/d6/172379339501586d9902808558a2bb54a8ab5d8b45_square.jpg""]",sh2408161199122917,null,"[{""name"":""Color"",""value"":""Beige""},{""name"":""Material"",""value"":""Fabric""},{""name"":""Composition"",""value"":""100% Polyester""}]",40926390,0,null,Home & Living,null,Kitchen Bags,SHEIN,"[""one-size""]"
"20pcs Transparent Circular Acrylic Blanks Ornaments, 5cm Clear Acrylic Circular Disc Decorative Blanks With Holes For Christmas Tree Hanging Decoration, Carving, Painting, And DIY Crafts","Free Returns ✓ Free Shipping✓. 20pcs Transparent Circular Acrylic Blanks Ornaments, 5cm Clear Acrylic Circular Disc Decorative Blanks With Holes For Christmas Tree Hanging Decoration, Carving, Painting, And DIY Crafts- Festival Decor at SHEIN.",3.1,3,USD,true,Clear,20pcs,0,https://img.ltwebstatic.com/images3_spmp/2024/08/19/f6/1724059346fc8df75620acbbfdad58e00c6d16b8eb.jpg,https://us.shein.com/Festival-Decor-c-3439.html,"https://us.shein.com/20pcs-Transparent-Circular-Acrylic-Blanks-Ornaments,-5cm-Clear-Acrylic-Circular-Disc-Decorative-Blanks-With-Holes-For-Christmas-Tree-Hanging-Decoration,-Carving,-Painting,-And-DIY-Crafts-p-41153149.html","[{""name"":""Home & Living"",""url"":""https://us.shein.com/Home-Living-c-2032.html""},{""name"":""Event & Party Supplies"",""url"":""https://us.shein.com/Event-Party-Supplies-c-2496.html""},{""name"":""Decorations"",""url"":""https://us.shein.com/Decorations-c-3422.html""},{""name"":""Festival Decor"",""url"":""https://us.shein.com/Festival-Decor-c-3439.html""}]",US,us.shein.com,10,"[""https://img.ltwebstatic.com/images3_spmp/2024/08/19/da/1724059296514519b45c5690b53d7f0fb9ec62e589.jpg"",""https://img.ltwebstatic.com/images3_spmp/2024/08/19/ec/1724059299808bc419119ad1dcad2e10a28fd6cd7c.jpg"",""https://img.ltwebstatic.com/images3_spmp/2024/08/30/d9/17249854856db778819d3295a6687c792c63a4b612.jpg"",""https://img.ltwebstatic.com/images3_spmp/2024/08/19/62/172405929537e802cfe6e227358c3fdb9d43fa2219.jpg"",""https://img.ltwebstatic.com/images3_spmp/2024/08/19/ec/172405929905c46c91808c3638a69f72978785ab1e.jpg"",""https://img.ltwebstatic.com/images3_spmp/2024/08/19/ee/1724059297e2319d69d3c929e55cf7f91f4f40532b.jpg"",""https://img.ltwebstatic.com/images3_spmp/2024/08/19/d5/1724059298d386d2455584ee23485368e311951019.jpg"",""https://img.ltwebstatic.com/images3_spmp/2024/08/19/da/1724059296b271ded1e10af75fab1d390eb4b67478.jpg"",""https://img.ltwebstatic.com/images3_spmp/2024/08/19/f6/1724059346fc8df75620acbbfdad58e00c6d16b8eb.jpg"",""https://img.ltwebstatic.com/images3_spmp/2024/08/30/57/1724985497c9f07bb0ada2bc497c6a4f7b2136e00e.jpg""]",sh2408198943294594,null,"[{""name"":""Power Supply"",""value"":""None""},{""name"":""Color"",""value"":""Clear""},{""name"":""Batteries Included"",""value"":""No""},{""name"":""Material"",""value"":""PMMA""}]",41153149,0,null,Home & Living,null,Festival Decor,SHEIN,"[""20pcs""]"
304 Stainless Steel Oil Pot European Dustproof And Insect Proof Oil Pot Kitchen Soy Sauce Vinegar Bottle Seasoning Bottle Large Capacity,Free Returns ✓ Free Shipping✓. 304 Stainless Steel Oil Pot European Dustproof And Insect Proof Oil Pot Kitchen Soy Sauce Vinegar Bottle Seasoning Bottle Large Capacity- Oil Sprayer & Oil Reservoirs at SHEIN.,16.3,15.7,USD,true,Silver,9cm*15cm,0,https://img.ltwebstatic.com/images3_spmp/2024/07/28/61/172212963122a659e7dc47b188a73dcc087f1ce5ed.jpg,https://us.shein.com/Oil-Sprayer-Oil-Reservoirs-c-11602.html,https://us.shein.com/304-Stainless-Steel-Oil-Pot-European-Dustproof-And-Insect-Proof-Oil-Pot-Kitchen-Soy-Sauce-Vinegar-Bottle-Seasoning-Bottle-Large-Capacity-p-39765392.html,"[{""name"":""Home & Living"",""url"":""https://us.shein.com/Home-Living-c-2032.html""},{""name"":""Kitchen & Dining"",""url"":""https://us.shein.com/Kitchen-Dining-c-1948.html""},{""name"":""Kitchen Tools & Gadgets"",""url"":""https://us.shein.com/Kitchen-Tools-Gadgets-c-3590.html""},{""name"":""Oil Sprayer & Oil Reservoirs"",""url"":""https://us.shein.com/Oil-Sprayer-Oil-Reservoirs-c-11602.html""}]",US,us.shein.com,8,"[""https://img.ltwebstatic.com/images3_spmp/2024/07/28/8d/17221281364d3ec16562bccb0f7b1bb9da61da7349.jpg"",""https://img.ltwebstatic.com/images3_spmp/2024/07/28/4f/1722128439748a4522d84f1e460f86fed022de8acb.jpg"",""https://img.ltwebstatic.com/images3_spmp/2024/07/28/cf/17221284382a53ab1a83185aada9d33454ec8d9a87.jpg"",""https://img.ltwebstatic.com/images3_spmp/2024/07/28/92/1722128447359bf284f68acfa74a1d33f0b68e7140.png"",""https://img.ltwebstatic.com/images3_spmp/2024/07/28/cf/17221284389acb6efd453e16bf46f428c8d8c5585f.jpg"",""https://img.ltwebstatic.com/images3_spmp/2024/07/28/61/172212963122a659e7dc47b188a73dcc087f1ce5ed.jpg"",""https://img.ltwebstatic.com/images3_spmp/2024/07/28/c7/17221297790b06e9e438d2a9de3cbe502d1b7d748f.jpg"",""https://img.ltwebstatic.com/images3_spmp/2024/07/28/e2/17221291286896bc6ea4c6fa01a9a474aedc9af021.jpg""]",sh2407284014232792,null,"[{""name"":""Color"",""value"":""Silver""},{""name"":""Material"",""value"":""Stainless Steel""}]",39765392,0,null,Home & Living,null,Oil Sprayer & Oil Reservoirs,SHEIN,"[""9cm*15cm""]"
1PC Rustic Horse Grave Marker: Metal Sign With Stake - Perfect Memorial Decor For Ranches And Gardens,Free Returns ✓ Free Shipping✓. 1PC Rustic Horse Grave Marker: Metal Sign With Stake - Perfect Memorial Decor For Ranches And Gardens- Decorative Garden Stakes at SHEIN.,6.5,6.3,USD,true,Black,TY4845,0,https://img.ltwebstatic.com/images3_spmp/2024/07/27/e7/1722073195d5527fa9ebcc3d7af6e9e013991890df_square.png,https://us.shein.com/Decorative-Garden-Stakes-c-3363.html,https://us.shein.com/1PC-Rustic-Horse-Grave-Marker:-Metal-Sign-With-Stake---Perfect-Memorial-Decor-For-Ranches-And-Gardens-p-39757106.html,"[{""name"":""Home & Living"",""url"":""https://us.shein.com/Home-Living-c-2032.html""},{""name"":""Outdoor & Garden"",""url"":""https://us.shein.com/Outdoor-Garden-c-3350.html""},{""name"":""Decorative Garden Stakes"",""url"":""https://us.shein.com/Decorative-Garden-Stakes-c-3363.html""}]",US,us.shein.com,9,"[""https://img.ltwebstatic.com/images3_spmp/2024/07/20/e4/17214683161d1e10cd5284220e46756a5d24dcec17_square.jpg"",""https://img.ltwebstatic.com/images3_spmp/2024/07/20/5b/1721468318a0e2d4d5732aefc114c2cd3408a59292_square.jpg"",""https://img.ltwebstatic.com/images3_spmp/2024/07/20/68/172146832877a5abb5f2b64f38b5008dc581b48367_square.jpg"",""https://img.ltwebstatic.com/images3_spmp/2024/07/26/8d/172196168171b6b073052656f8c3edfedbfaddc24d_square.jpg"",""https://img.ltwebstatic.com/images3_spmp/2024/07/20/75/17214683211097c525f4bd94b7119503dc8f101c25_square.jpg"",""https://img.ltwebstatic.com/images3_spmp/2024/07/20/aa/17214683255c7288262c999062bf7703ab7addc0a1_square.jpg"",""https://img.ltwebstatic.com/images3_spmp/2024/07/20/f1/172146833221794d2b872d9c2f75f0f665b94afd8e_square.jpg"",""https://img.ltwebstatic.com/images3_spmp/2024/07/27/e7/1722073195d5527fa9ebcc3d7af6e9e013991890df_square.png"",""https://img.ltwebstatic.com/images3_spmp/2024/07/26/a2/17219617093f643fa5477c10f420e6a557af2dd284_square.jpg""]",sh2407202686089786,null,"[{""name"":""Color"",""value"":""Black""},{""name"":""Material"",""value"":""Iron""},{""name"":""Batteries Included"",""value"":""No""},{""name"":""Power Supply"",""value"":""None""}]",39757106,0,null,Home & Living,null,Decorative Garden Stakes,SHEIN,"[""TY4845""]"
Unbeatablesale Intensity N3220603XLG Men Football Practice Jersey Maroon - Extra Large,Free Returns ✓ Free Shipping✓. Unbeatablesale Intensity N3220603XLG Men Football Practice Jersey Maroon - Extra Large- Men Football Uniforms at SHEIN.,22.34,22.34,USD,true,Multicolor,one-size,0,https://img.ltwebstatic.com/images3_spmp/2024/07/29/bb/1722203886818dff12391259616cc689c03a92cdcb.jpg,https://us.shein.com/Men-Football-Uniforms-c-8995.html,https://us.shein.com/Intensity-N3220603XLG-Men-Football-Practice-Jersey-Maroon---Extra-Large-p-39919397.html,"[{""name"":""Sports & Outdoor"",""url"":""https://us.shein.com/Sports-Outdoor-c-3195.html""},{""name"":""Men Activewear"",""url"":""https://us.shein.com/Men-Activewear-c-2443.html""},{""name"":""Men Sports & Entertainment Wear"",""url"":""https://us.shein.com/Men-Sports-Entertainment-Wear-c-6359.html""},{""name"":""Men Football Uniforms"",""url"":""https://us.shein.com/Men-Football-Uniforms-c-8995.html""}]",US,us.shein.com,3,"[""https://img.ltwebstatic.com/images3_spmp/2024/07/29/bb/1722203886818dff12391259616cc689c03a92cdcb.jpg"",""https://img.ltwebstatic.com/images3_spmp/2024/07/29/bb/1722203886818dff12391259616cc689c03a92cdcb.jpg"",""https://img.ltwebstatic.com/images3_spmp/2024/07/29/bb/1722203886818dff12391259616cc689c03a92cdcb.jpg""]",st2407317498141187,null,"[{""name"":""Color"",""value"":""Multicolor""},{""name"":""Sleeve Length"",""value"":""Short Sleeve""},{""name"":""Length"",""value"":""Regular""},{""name"":""Fit Type"",""value"":""Regular Fit""}]",39919397,0,null,Sports & Outdoor,null,Men Football Uniforms,Unbeatablesale,"[""one-size""]"
"10pcs Mini Halloween Cauldron Black Water Pitcher Candy Buckets, Flame Pattern, For Halloween & St.Patrick's Day Party Home Room Decoration Halloween Party","Free Returns ✓ Free Shipping✓. 10pcs Mini Halloween Cauldron Black Water Pitcher Candy Buckets, Flame Pattern, For Halloween & St.Patrick's Day Party Home Room Decoration Halloween Party- Sugar & Creamer Pots at SHEIN.",9.8,9.5,USD,true,Black,10pcs,0,https://img.ltwebstatic.com/images3_spmp/2024/07/10/50/1720587832c216f29f6eab979eb249c140517e0de0_square.jpg,https://us.shein.com/Sugar-Creamer-Pots-c-6618.html,"https://us.shein.com/10pcs-Mini-Halloween-Cauldron-Black-Water-Pitcher-Candy-Buckets,-Flame-Pattern,-For-Halloween-&amp;-St.Patrick%27s-Day-Party-Home-Room-Decoration-Halloween-Party-p-38786965.html","[{""name"":""Home & Living"",""url"":""https://us.shein.com/Home-Living-c-2032.html""},{""name"":""Kitchen & Dining"",""url"":""https://us.shein.com/Kitchen-Dining-c-1948.html""},{""name"":""Dinnerware"",""url"":""https://us.shein.com/Dinnerware-c-3461.html""},{""name"":""Sugar & Creamer Pots"",""url"":""https://us.shein.com/Sugar-Creamer-Pots-c-6618.html""}]",US,us.shein.com,12,"[""https://img.ltwebstatic.com/images3_spmp/2024/07/10/9b/172058775737ae29936fef6005d684a9b820afd212_square.jpg"",""https://img.ltwebstatic.com/images3_spmp/2024/07/10/41/172058941789c57d364b09b3b14bcb5a6f301701a0_square.jpg"",""https://img.ltwebstatic.com/images3_spmp/2024/07/10/b7/1720589318433597a98e37248f2109d956a3abe027_square.jpg"",""https://img.ltwebstatic.com/images3_spmp/2024/07/10/b7/17205893181e04d453c4389afb292dcc9306aab37a_square.jpg"",""https://img.ltwebstatic.com/images3_spmp/2024/07/10/64/172058932846cbe821e0b6524375aeb09342f6ce6f_square.jpg"",""https://img.ltwebstatic.com/images3_spmp/2024/07/10/64/1720589328499345076ccdaaeb47febe17be2eb0c8_square.jpg"",""https://img.ltwebstatic.com/images3_spmp/2024/07/10/64/172058932867da4003a6dbbaceacefc4da2fe4309c_square.jpg"",""https://img.ltwebstatic.com/images3_spmp/2024/07/10/64/172058932881b4c312af188040e552e3f9a9103aad_square.jpg"",""https://img.ltwebstatic.com/images3_spmp/2024/07/10/64/17205893288ffb1657f1f25e935961e635768239a5_square.jpg"",""https://img.ltwebstatic.com/images3_spmp/2024/07/10/64/1720589328879aac5c83db842eb43d093fe6a2a89e_square.jpg"",""https://img.ltwebstatic.com/images3_spmp/2024/07/10/50/1720587832c216f29f6eab979eb249c140517e0de0_square.jpg"",""https://img.ltwebstatic.com/images3_spmp/2024/07/10/fe/17205886707b4639519cca1054e6b3cf6e525dfaf4_square.jpg""]",sh2407106045055827,null,"[{""name"":""Color"",""value"":""Black""},{""name"":""Material"",""value"":""PP""}]",38786965,0,null,Home & Living,null,Sugar & Creamer Pots,SHEIN,"[""10pcs""]"
"30ml Facial Serum With Salicylic Acid, Centella Asiatica Extract, Hydrating & Brightening Facial Essence, Nourishing & Repairing Facial Care, Suitable For Face & Neck","Free Returns ✓ Free Shipping✓. 30ml Facial Serum With Salicylic Acid, Centella Asiatica Extract, Hydrating & Brightening Facial Essence, Nourishing & Repairing Facial Care, Suitable For Face & Neck- Serums & Facial Treatment at SHEIN.",2.5,2.2,USD,true,Burgundy,30ml,0,https://img.ltwebstatic.com/images3_spmp/2024/08/13/8b/1723546357d6d1dcec413bd316fca98fc32eafcfa4_square.jpg,https://us.shein.com/Serums-Facial-Treatment-c-4829.html,"https://us.shein.com/30ml-Facial-Serum-With-Salicylic-Acid,-Centella-Asiatica-Extract,-Hydrating-&amp;-Brightening-Facial-Essence,-Nourishing-&amp;-Repairing-Facial-Care,-Suitable-For-Face-&amp;-Neck-p-40806319.html","[{""name"":""Beauty & Health"",""url"":""https://us.shein.com/Beauty-Health-c-1864.html""},{""name"":""Personal Care"",""url"":""https://us.shein.com/Personal-Care-c-2171.html""},{""name"":""Skin Care"",""url"":""https://us.shein.com/Skin-Care-c-2462.html""},{""name"":""Serums & Facial Treatment"",""url"":""https://us.shein.com/Serums-Facial-Treatment-c-4829.html""}]",US,us.shein.com,9,"[""https://img.ltwebstatic.com/images3_spmp/2024/08/13/8b/1723546357d6d1dcec413bd316fca98fc32eafcfa4_square.jpg"",""https://img.ltwebstatic.com/images3_spmp/2024/08/13/8b/172354635759a09ef10fc82c66f459adc200b04f0d_square.jpg"",""https://img.ltwebstatic.com/images3_spmp/2024/08/13/8b/1723546357fe34991c32a9dd629950b666c884e752_square.jpg"",""https://img.ltwebstatic.com/images3_spmp/2024/08/13/8b/1723546357357c71858ab244db7194a64914b75a2e_square.jpg"",""https://img.ltwebstatic.com/images3_spmp/2024/08/13/08/1723546358f2aab0494f6839375c6315892d53b892_square.jpg"",""https://img.ltwebstatic.com/images3_spmp/2024/08/13/8b/17235463570f9281ee0e1bbb9dcb32b59865db749a_square.jpg"",""https://img.ltwebstatic.com/images3_spmp/2024/08/13/8b/17235463579c004c3bf068ee514bbf125826d56a0e_square.jpg"",""https://img.ltwebstatic.com/images3_spmp/2024/08/13/8b/172354635747f727151bdfed00888be73d6c67ae68_square.jpg"",""https://img.ltwebstatic.com/images3_spmp/2024/08/13/8b/1723546357add0298d663a37fdf31d7804ece5a41a_square.jpg""]",sb2408137535268113,null,"[{""name"":""Color"",""value"":""Burgundy""},{""name"":""Skin Type"",""value"":""Dry""},{""name"":""Skin Type"",""value"":""Normal""},{""name"":""Skin Type"",""value"":""All Skin Types""},{""name"":""Benefits"",""value"":""Alcohol-Free""},{""name"":""Effect"",""value"":""Hydrating""},{""name"":""Effect"",""value"":""Firming""},{""name"":""Effect"",""value"":""Reduce Fine Lines""},{""name"":""Effect"",""value"":""Minimize Pores""},{""name"":""Effect"",""value"":""Anti-wrinkle""},{""name"":""Effect"",""value"":""Even Toning""}]",40806319,0,null,Beauty & Health,null,Serums & Facial Treatment,SHEIN,"[""30ml""]"
"1 Roll Of Cherry Blossom Shelf Liners, Washable Refrigerator Mats, Waterproof, Oil And Stain Resistant Cuttable Drawer Pads, Non-Slip Refrigerator Liners, Freezer Lid Pads, Glass Shelves, Cupboards, Cabinets, Household Kitchen Items","Free Returns ✓ Free Shipping✓. 1 Roll Of Cherry Blossom Shelf Liners, Washable Refrigerator Mats, Waterproof, Oil And Stain Resistant Cuttable Drawer Pads, Non-Slip Refrigerator Liners, Freezer Lid Pads, Glass Shelves, Cupboards, Cabinets, Household Kitchen Items- Kitchen Cabinet Parts & Accessories at SHEIN.",4.6,4.6,USD,true,Sakura Refrigerator Mat,1 Roll_17.7inchX47.2inch,0,https://img.ltwebstatic.com/images3_spmp/2024/08/05/c0/17228349412bc71b994d8ae9a24a182f7a6c1c483a_square.jpg,https://us.shein.com/Kitchen-Cabinet-Parts-Accessories-c-5698.html,"https://us.shein.com/1-Roll-Of-Cherry-Blossom-Shelf-Liners,-Washable-Refrigerator-Mats,-Waterproof,-Oil-And-Stain-Resistant-Cuttable-Drawer-Pads,-Non-Slip-Refrigerator-Liners,-Freezer-Lid-Pads,-Glass-Shelves,-Cupboards,-Cabinets,-Household-Kitchen-Items-p-40285456.html","[{""name"":""Tools & Home Improvement"",""url"":""https://us.shein.com/Tools-Home-Improvement-c-4327.html""},{""name"":""Kitchen Fixtures"",""url"":""https://us.shein.com/Kitchen-Fixtures-c-4542.html""},{""name"":""Kitchen Hardware"",""url"":""https://us.shein.com/Kitchen-Hardware-c-9067.html""},{""name"":""Kitchen Cabinet Parts & Accessories"",""url"":""https://us.shein.com/Kitchen-Cabinet-Parts-Accessories-c-5698.html""}]",US,us.shein.com,8,"[""https://img.ltwebstatic.com/images3_spmp/2024/08/05/c0/17228349412bc71b994d8ae9a24a182f7a6c1c483a_square.jpg"",""https://img.ltwebstatic.com/images3_spmp/2024/08/05/c0/172283494152e72a6e24d47dd9aefadce0a08696d0_square.jpg"",""https://img.ltwebstatic.com/images3_spmp/2024/08/05/c0/1722834941da558c595dc7c4209d8be25cad84809e_square.jpg"",""https://img.ltwebstatic.com/images3_spmp/2024/08/05/c0/1722834941e3e63f35b7302ce38fcbf8623b400de8_square.jpg"",""https://img.ltwebstatic.com/images3_spmp/2024/08/05/c0/17228349417795c69f435100bcd33f3b6a3102c07b_square.jpg"",""https://img.ltwebstatic.com/images3_spmp/2024/08/05/c0/17228349419c38338b9a5edb1eebf8619afa149001_square.jpg"",""https://img.ltwebstatic.com/images3_spmp/2024/08/05/c0/1722834941729c07f2a3767d27a5536b7a056a2acc_square.jpg"",""https://img.ltwebstatic.com/images3_spmp/2024/08/05/c0/172283494100dd26850988dddf1e760fcc848be1e3_square.jpg""]",sr2408058323638877,null,"[{""name"":""Color"",""value"":""Sakura Refrigerator Mat""},{""name"":""Material"",""value"":""EVA""},{""name"":""Power Supply"",""value"":""None""}]",40285456,0,null,Tools & Home Improvement,null,Kitchen Cabinet Parts & Accessories,SHEIN,"[""1 Roll_17.7inchX47.2inch""]"
KAHI - Wrinkle Bounce Multi Balm (9g) | K-Beauty Vegan Anti-Aging Moisturizing Balm For Hydration,Free Returns ✓ Free Shipping✓. KAHI - Wrinkle Bounce Multi Balm (9g) | K-Beauty Vegan Anti-Aging Moisturizing Balm For Hydration- Moisturizers at SHEIN.,22.99,20.99,USD,true,Multicolor,9 g,0,https://img.ltwebstatic.com/images3_spmp/2024/07/19/01/1721333690c48cc09deab48932abbbe69f2a4658dd_square.jpg,https://us.shein.com/Moisturizers-c-2468.html,https://us.shein.com/KAHI---Wrinkle-Bounce-Multi-Balm-(9g)-%7C-K-Beauty-Vegan-Anti-Aging-Moisturizing-Balm-For-Hydration-p-39288851.html,"[{""name"":""Beauty & Health"",""url"":""https://us.shein.com/Beauty-Health-c-1864.html""},{""name"":""Personal Care"",""url"":""https://us.shein.com/Personal-Care-c-2171.html""},{""name"":""Skin Care"",""url"":""https://us.shein.com/Skin-Care-c-2462.html""},{""name"":""Moisturizers"",""url"":""https://us.shein.com/Moisturizers-c-2468.html""}]",US,us.shein.com,11,"[""https://img.ltwebstatic.com/images3_spmp/2024/07/19/01/1721333690c48cc09deab48932abbbe69f2a4658dd_square.jpg"",""https://img.ltwebstatic.com/images3_spmp/2024/07/19/01/17213336903cc8d338438015ab5d4338f0ab6aba9d_square.jpg"",""https://img.ltwebstatic.com/images3_spmp/2024/07/19/01/17213336903024cc3da525548d45acf4b06b6b9b47_square.jpg"",""https://img.ltwebstatic.com/images3_spmp/2024/07/19/01/17213336900b86269a08c07621352e3ab461ca00b7_square.jpg"",""https://img.ltwebstatic.com/images3_spmp/2024/07/19/cf/17213337496fefd49b87348312422010bc6f21dc58_square.jpg"",""https://img.ltwebstatic.com/images3_spmp/2024/07/19/dd/172133370241c6773b9b82cd7699bf43900f7fd0bd.jpg"",""https://img.ltwebstatic.com/images3_spmp/2024/07/19/dd/1721333702f29eac772946a5593ddbdefaed872d5a.jpg"",""https://img.ltwebstatic.com/images3_spmp/2024/07/19/dd/1721333702116919ea6a665650a10ef8c770987587.jpg"",""https://img.ltwebstatic.com/images3_spmp/2024/07/19/dd/1721333702d5970c29d617758e94bf298da21d9666.jpg"",""https://img.ltwebstatic.com/images3_spmp/2024/07/19/dd/17213337027901c32b4a6f0736c48b5c15ec52e5ca.jpg"",""https://img.ltwebstatic.com/images3_spmp/2024/07/19/43/172133370365bce926fe9cdc87e3d27488ea806bfc.jpg""]",sb2407131283134397,null,"[{""name"":""Color"",""value"":""Multicolor""},{""name"":""Type"",""value"":""Night Cream""},{""name"":""Skin Type"",""value"":""Dry""},{""name"":""Skin Type"",""value"":""Normal""},{""name"":""Skin Type"",""value"":""Combination""},{""name"":""Skin Type"",""value"":""Oily""},{""name"":""Skin Type"",""value"":""Sensitive""},{""name"":""Skin Type"",""value"":""All Skin Types""},{""name"":""Benefits"",""value"":""Alcohol-Free""},{""name"":""Benefits"",""value"":""Clean Ingredients""},{""name"":""Benefits"",""value"":""Cruelty-Free""},{""name"":""Benefits"",""value"":""Vegan""},{""name"":""Effect"",""value"":""Moisturizing""},{""name"":""Effect"",""value"":""Hydrating""},{""name"":""Effect"",""value"":""Brightening""},{""name"":""Effect"",""value"":""Anti-Aging""},{""name"":""Effect"",""value"":""Anti-wrinkle""},{""name"":""Effect"",""value"":""Soothing & Repairing""}]",39288851,0,null,Beauty & Health,null,Moisturizers,SHEIN,"[""9 g""]"
"K-Pop Adult Costume Wig | Cosplay, Costume, & Leisure Wig | Brown Hair Color","Free Returns ✓ Free Shipping✓. K-Pop Adult Costume Wig | Cosplay, Costume, & Leisure Wig | Brown Hair Color- Costume Facial Hair & Wigs at SHEIN.",12.69,12.69,USD,true,Multicolor,one-size,0,https://img.ltwebstatic.com/images3_spmp/2024/07/31/66/1722375607f68d1585a7d30223e4849b8b7a410759_square.jpg,https://us.shein.com/Costume-Facial-Hair-Wigs-c-5912.html,"https://us.shein.com/K-Pop-Adult-Costume-Wig-%7C-Cosplay,-Costume,-&amp;-Leisure-Wig-%7C-Brown-Hair-Color-p-39940178.html","[{""name"":""Apparel Accessories"",""url"":""https://us.shein.com/Apparel-Accessories-c-3631.html""},{""name"":""Costumes & Accessories"",""url"":""https://us.shein.com/Costumes-Accessories-c-5906.html""},{""name"":""Costume Accs"",""url"":""https://us.shein.com/Costume-Accs-c-3068.html""},{""name"":""Costume Facial Hair & Wigs"",""url"":""https://us.shein.com/Costume-Facial-Hair-Wigs-c-5912.html""}]",US,us.shein.com,2,"[""https://img.ltwebstatic.com/images3_spmp/2024/07/31/66/1722375607f68d1585a7d30223e4849b8b7a410759_square.jpg"",""https://img.ltwebstatic.com/images3_spmp/2024/07/31/8a/17223756185f7776676b6f4ff58912a0d0b179ebb7_square.jpg""]",sc2407316278746172,null,"[{""name"":""Color"",""value"":""Multicolor""},{""name"":""Material"",""value"":""Synthetic Fiber""}]",39940178,0,null,Apparel Accessories,null,Costume Facial Hair & Wigs,SHEIN,"[""one-size""]"
1PC Mountain Bicycle Wheel Truing Stand Bike Rims Adjustment Tools MTB Bike Wheel Hub Straightener Holder Cycling Maintenance Tools,Free Returns ✓ Free Shipping✓. 1PC Mountain Bicycle Wheel Truing Stand Bike Rims Adjustment Tools MTB Bike Wheel Hub Straightener Holder Cycling Maintenance Tools- Tool Parts at SHEIN.,17.5,17.5,USD,true,Yellow,one-size,0,https://img.ltwebstatic.com/images3_spmp/2024/08/19/46/1724080690bed5925dbfdd8809c956e5ffc2426bc4_square.jpg,https://us.shein.com/Tool-Parts-c-4552.html,https://us.shein.com/1PC-Mountain-Bicycle-Wheel-Truing-Stand-Bike-Rims-Adjustment-Tools-MTB-Bike-Wheel-Hub-Straightener-Holder-Cycling-Maintenance-Tools-p-41139517.html,"[{""name"":""Tools & Home Improvement"",""url"":""https://us.shein.com/Tools-Home-Improvement-c-4327.html""},{""name"":""Tool Parts"",""url"":""https://us.shein.com/Tool-Parts-c-4552.html""}]",US,us.shein.com,23,"[""https://us.shein.com/1PC-Mountain-Bicycle-Wheel-Truing-Stand-Bike-Rims-Adjustment-Tools-MTB-Bike-Wheel-Hub-Straightener-Holder-Cycling-Maintenance-Tools-p-41139517.html"",""https://img.ltwebstatic.com/images3_spmp/2024/08/19/30/1724080747b0af6d06a5d3ef78ca51607db8c37833_square.jpg"",""https://img.ltwebstatic.com/images3_spmp/2024/08/19/46/1724080690bed5925dbfdd8809c956e5ffc2426bc4_square.jpg"",""https://img.ltwebstatic.com/images3_spmp/2024/08/19/ab/1724080689d9d8c05ff65dc82b4badc17db388010f_square.jpg"",""https://img.ltwebstatic.com/images3_spmp/2024/08/19/98/1724080691e7e2bc22cfa53755605c1d5df1e62abe_square.jpg"",""https://img.ltwebstatic.com/images3_spmp/2024/08/19/98/1724080691cd9928e623b830ba084f4d5cc4703bd7_square.jpg"",""https://img.ltwebstatic.com/images3_spmp/2024/08/19/46/17240806901fa4c6f569ae17494a08f0ef03426748_square.jpg"",""https://img.ltwebstatic.com/images3_spmp/2024/08/19/98/17240806919532d0f136f7539c00b60194156b0d4d_square.jpg"",""https://img.ltwebstatic.com/images3_spmp/2024/08/19/98/1724080691f43ce041c354bc1825b6aea1cf299563_square.jpg"",""https://img.ltwebstatic.com/images3_spmp/2024/08/19/46/172408069093da1e77dd97a174f8c5dee064ca34fe_square.jpg"",""https://img.ltwebstatic.com/images3_spmp/2024/08/19/98/17240806918440d646fa741fdb810a098b2babf55e_square.jpg"",""https://img.ltwebstatic.com/images3_spmp/2024/08/19/98/1724080691793eba53c26729e10cec807609cfffdb_square.jpg"",""https://img.ltwebstatic.com/images3_spmp/2024/08/19/53/172408097410f5b20467eae7d7088b9bc12e738283_square.jpg"",""https://img.ltwebstatic.com/images3_spmp/2024/08/19/5b/1724080928f1bd6b78a8fd6ac7174520de8714866f.jpg"",""https://img.ltwebstatic.com/images3_spmp/2024/08/19/5b/1724080928850bfaa5da9e570b6cf934535b91a0eb.jpg"",""https://img.ltwebstatic.com/images3_spmp/2024/08/19/69/17240809299cc2c38976955c83c75fb0e1a04e670d.jpg"",""https://img.ltwebstatic.com/images3_spmp/2024/08/19/a0/17240809270582972587271381fcd41cf7c63ce35c.jpg"",""https://img.ltwebstatic.com/images3_spmp/2024/08/19/5b/1724080928dad4db74f211c8e39d20471e264cd307.jpg"",""https://img.ltwebstatic.com/images3_spmp/2024/08/19/5b/172408092809e27f6c4ab11905221afadfa4a401c4.jpg"",""https://img.ltwebstatic.com/images3_spmp/2024/08/19/5b/1724080928c28036469bf33a4524b24e97003d3682.jpg"",""https://img.ltwebstatic.com/images3_spmp/2024/08/19/5b/1724080928c3be6284205ed8bc218c0cde06f583ab.jpg"",""https://img.ltwebstatic.com/images3_spmp/2024/08/19/69/17240809295dee6b1e7bb0de61cada886bbbd0893b.jpg"",""https://img.ltwebstatic.com/images3_spmp/2024/08/19/5b/17240809284152366b6dc8be8238f80bd87876579a.jpg""]",sr2408195675065674,null,"[{""name"":""Color"",""value"":""Yellow""},{""name"":""Material"",""value"":""ABS""},{""name"":""Batteries Included"",""value"":""No""}]",41139517,0,null,Tools & Home Improvement,null,Tool Parts,SHEIN,"[""one-size""]"
"1 Roll Daisy Shelf Liner For Kitchen Cabinets,Non-Adhesive Drawer Liner,Non-Slip Refrigerator Liner,EVA Waterproof Fridge Pad Cupboard Mat Easy Placemats.","Free Returns ✓ Free Shipping✓. 1 Roll Daisy Shelf Liner For Kitchen Cabinets,Non-Adhesive Drawer Liner,Non-Slip Refrigerator Liner,EVA Waterproof Fridge Pad Cupboard Mat Easy Placemats.- Drawer Liner at SHEIN.",2.3,1.15,USD,true,Multicolor,30*100cm,0,https://img.ltwebstatic.com/images3_spmp/2024/08/06/a7/17229130007fd99ddf3e29371c5b24f18732e31001.jpg,https://us.shein.com/Drawer-Liner-c-11585.html,"https://us.shein.com/1-Roll-Daisy-Shelf-Liner-For-Kitchen-Cabinets,Non-Adhesive-Drawer-Liner,Non-Slip-Refrigerator-Liner,EVA-Waterproof-Fridge-Pad-Cupboard-Mat-Easy-Placemats.-p-40346870.html","[{""name"":""Home & Living"",""url"":""https://us.shein.com/Home-Living-c-2032.html""},{""name"":""Kitchen & Dining"",""url"":""https://us.shein.com/Kitchen-Dining-c-1948.html""},{""name"":""Kitchen Storage & Organization"",""url"":""https://us.shein.com/Kitchen-Storage-Organization-c-11567.html""},{""name"":""Drawer Liner"",""url"":""https://us.shein.com/Drawer-Liner-c-11585.html""}]",US,us.shein.com,7,"[""https://img.ltwebstatic.com/images3_spmp/2024/08/06/a7/17229130007fd99ddf3e29371c5b24f18732e31001.jpg"",""https://img.ltwebstatic.com/images3_spmp/2024/08/06/a7/17229130005209b34e526ae0a88b79a1cc9bb09b11.jpg"",""https://img.ltwebstatic.com/images3_spmp/2024/08/06/a7/17229130005e7ba32db3cbbf55187f146efbbdaecb.jpg"",""https://img.ltwebstatic.com/images3_spmp/2024/08/06/a7/1722913000196860d7fc889c6bc29a55119c429ae8.jpg"",""https://img.ltwebstatic.com/images3_spmp/2024/08/06/59/17229129994588131ba0230d509107f8d40fe0a9a1.jpg"",""https://img.ltwebstatic.com/images3_spmp/2024/08/06/59/1722912999fc7eb33a859340b5fe90e4b7370b0727.jpg"",""https://img.ltwebstatic.com/images3_spmp/2024/08/06/59/1722912999ff46a6e1ca8b9862521ebc12e3de52cc.jpg""]",sh2408066300442240,null,"[{""name"":""Color"",""value"":""Multicolor""},{""name"":""Material"",""value"":""EVA""}]",40346870,0,null,Home & Living,null,Drawer Liner,SHEIN,"[""30*100cm""]"
Summer Flip Flop Welcome Door Sign - Contemporary Style Hanging Wall Ornament - General Fit For Indoor & Outdoor Garden Decor - Manufactured Wood With Rope - No Electricity Or Feathers Required,Free Returns ✓ Free Shipping✓. Summer Flip Flop Welcome Door Sign - Contemporary Style Hanging Wall Ornament - General Fit For Indoor & Outdoor Garden Decor - Manufactured Wood With Rope - No Electricity Or Feathers Required- Decorative Hanging Ornaments at SHEIN.,3.4,2.72,USD,true,Multicolor,A Shoe Pendant,0,https://img.ltwebstatic.com/images3_spmp/2024/07/30/56/17223061436123ef91f3c0256f859c3ecedfc59120.jpg,https://us.shein.com/Decorative-Hanging-Ornaments-c-2519.html,https://us.shein.com/Summer-Flip-Flop-Welcome-Door-Sign---Contemporary-Style-Hanging-Wall-Ornament---General-Fit-For-Indoor-&amp;-Outdoor-Garden-Decor---Manufactured-Wood-With-Rope---No-Electricity-Or-Feathers-Required-p-40000740.html,"[{""name"":""Home & Living"",""url"":""https://us.shein.com/Home-Living-c-2032.html""},{""name"":""Home Decor"",""url"":""https://us.shein.com/Home-Decor-c-1954.html""},{""name"":""Wind Chimes & Hanging Decorations"",""url"":""https://us.shein.com/Wind-Chimes-Hanging-Decorations-c-7779.html""},{""name"":""Decorative Hanging Ornaments"",""url"":""https://us.shein.com/Decorative-Hanging-Ornaments-c-2519.html""}]",US,us.shein.com,18,"[""https://img.ltwebstatic.com/images3_spmp/2024/07/28/0a/1722140795623496d83fa0b9a6a8f9f72416335536.jpg"",""https://img.ltwebstatic.com/images3_spmp/2024/07/30/56/17223061436123ef91f3c0256f859c3ecedfc59120.jpg"",""https://img.ltwebstatic.com/images3_spmp/2024/07/28/be/172214155044342b9d91622fa10c27c07140067463.jpg"",""https://img.ltwebstatic.com/images3_spmp/2024/07/28/70/17221415511998e050dee0a733e2a9ce06a2823695.jpg"",""https://img.ltwebstatic.com/images3_spmp/2024/07/28/70/17221415512afac52487ae5bfd2233f6fe56d50e73.jpg"",""https://img.ltwebstatic.com/images3_spmp/2024/07/28/70/1722141551d8e3c26f0a5aa98a57c47bc8d8f88cd7.jpg"",""https://img.ltwebstatic.com/images3_spmp/2024/07/28/be/17221415506be00b1ff9a332477f952c7d83dbf6ed.jpg"",""https://img.ltwebstatic.com/images3_spmp/2024/07/28/70/1722141551e3d36ea6b65b06fc45019b3e582e88c9.jpg"",""https://img.ltwebstatic.com/images3_spmp/2024/07/28/70/172214155158842a97b97af1749617b629c531b438.jpg"",""https://img.ltwebstatic.com/images3_spmp/2024/07/28/1e/1722141590b0bdee5a8a79b395f9616eba2eff20f3.jpg"",""https://img.ltwebstatic.com/images3_spmp/2024/07/30/52/172230611900962315a3ed46919e12ec474f3177b9.jpg"",""https://img.ltwebstatic.com/images3_spmp/2024/07/28/b0/1722141585a244335d997a059eee7333ae7fd1ee28.jpg"",""https://img.ltwebstatic.com/images3_spmp/2024/07/28/b0/1722141585bfb84b304b2e366cd7bb7720ca57cc46.jpg"",""https://img.ltwebstatic.com/images3_spmp/2024/07/28/b0/17221415850951bb06c454fe897a6655339d06a05d.jpg"",""https://img.ltwebstatic.com/images3_spmp/2024/07/28/b0/17221415856ef96ca23a88624466b9ac6cfaebc328.jpg"",""https://img.ltwebstatic.com/images3_spmp/2024/07/28/b0/1722141585d2a2ec1fffa31fd45b107f7e42c59bdf.jpg"",""https://img.ltwebstatic.com/images3_spmp/2024/07/28/b0/17221415854da7ecc6a4ea8de30cd47ab7d16f3a07.jpg"",""https://img.ltwebstatic.com/images3_spmp/2024/07/28/56/1722141586581e09e53d1b13a2757c58ae5d3aeab8.jpg""]",sh2407287048820284,null,"[{""name"":""Power Supply"",""value"":""None""},{""name"":""Color"",""value"":""Multicolor""},{""name"":""Material"",""value"":""WPC""}]",40000740,0,null,Home & Living,null,Decorative Hanging Ornaments,SHEIN,"[""A Shoe Pendant""]"
"1PC Mini Simulation Ping Pong Key Chain, Creative Mini Ping Pong Car Key Chain Pendant, Sports Fans Small Gifts","Free Returns ✓ Free Shipping✓. 1PC Mini Simulation Ping Pong Key Chain, Creative Mini Ping Pong Car Key Chain Pendant, Sports Fans Small Gifts- Sports Bag Charms at SHEIN.",2.3,2.1,USD,true,Multicolor,Random Color,0,https://img.ltwebstatic.com/images3_spmp/2024/07/19/26/172136005624af5963603dabcf899e68f15c63f80c_square.jpg,https://us.shein.com/Sports-Bag-Charms-c-8779.html,"https://us.shein.com/1PC-Mini-Simulation-Ping-Pong-Key-Chain,-Creative-Mini-Ping-Pong-Car-Key-Chain-Pendant,-Sports-Fans-Small-Gifts-p-39123467.html","[{""name"":""Sports & Outdoor"",""url"":""https://us.shein.com/Sports-Outdoor-c-3195.html""},{""name"":""Sports & Outdoor Accessories"",""url"":""https://us.shein.com/Sports-Outdoor-Accessories-c-4329.html""},{""name"":""Sports Bags"",""url"":""https://us.shein.com/Sports-Bags-c-3197.html""},{""name"":""Sports Bag Charms"",""url"":""https://us.shein.com/Sports-Bag-Charms-c-8779.html""}]",US,us.shein.com,17,"[""https://img.ltwebstatic.com/images3_spmp/2024/07/19/fa/1721359995da6f1c19525d85192ba9ebbd9dceb828_square.jpg"",""https://img.ltwebstatic.com/images3_spmp/2024/07/19/26/172136005624af5963603dabcf899e68f15c63f80c_square.jpg"",""https://img.ltwebstatic.com/images3_spmp/2024/07/19/26/1721360056443a10e0f8624758abaa2d3fc5470b6b_square.jpg"",""https://img.ltwebstatic.com/images3_spmp/2024/07/19/26/17213600563d2af18cb489e5761a912596feac7551_square.jpg"",""https://img.ltwebstatic.com/images3_spmp/2024/07/19/26/1721360056d9b1468d54a9e20f9563045fb266a5f1_square.jpg"",""https://img.ltwebstatic.com/images3_spmp/2024/07/19/f5/172136005703436bca7efb1efb4153c291ab5046d3_square.jpg"",""https://img.ltwebstatic.com/images3_spmp/2024/07/19/26/17213600565e3fc962f61a5f063fbf167747e29e13_square.jpg"",""https://img.ltwebstatic.com/images3_spmp/2024/07/19/26/1721360056e2194061602e2e56cd7969c895d399fd_square.jpg"",""https://img.ltwebstatic.com/images3_spmp/2024/07/19/26/172136005603f52a9b5678a32b3eb5e0b9170ea564_square.jpg"",""https://img.ltwebstatic.com/images3_spmp/2024/07/19/26/172136005663c95adb9a4a07721ee6ce4c50cd72d7_square.jpg"",""https://img.ltwebstatic.com/images3_spmp/2024/07/19/26/1721360056a8d382b2f6d6e10e9b653941ad734387_square.jpg"",""https://img.ltwebstatic.com/images3_spmp/2024/07/19/26/172136005627f9c0a93d8f04628c68e1ca460bb72e_square.jpg"",""https://img.ltwebstatic.com/images3_spmp/2024/07/23/12/1721700813c48deedab31f2a1afa48791bb697c539_square.jpg"",""https://img.ltwebstatic.com/images3_spmp/2024/07/19/b1/1721360083fa107e2298fc02fea480ab7fbde0289f.jpg"",""https://img.ltwebstatic.com/images3_spmp/2024/07/19/b1/1721360083d0986fb1622ff81ab7efed8f8208ac64.jpg"",""https://img.ltwebstatic.com/images3_spmp/2024/07/19/b1/1721360083841a378da83b2a1d66ae7de0ff2eeec0.jpg"",""https://img.ltwebstatic.com/images3_spmp/2024/07/19/b1/17213600839ae305c522c9ed4f3f635ce067380ba2.jpg""]",st2407197743188214,null,"[{""name"":""Color"",""value"":""Multicolor""},{""name"":""Material"",""value"":""Iron Alloy""}]",39123467,0,null,Sports & Outdoor,null,Sports Bag Charms,SHEIN,"[""Random Color""]"
"Unbeatablesale Jeco HD-HAVS069 Ceramic Vase, Gold Color","Free Returns ✓ Free Shipping✓. Unbeatablesale Jeco HD-HAVS069 Ceramic Vase, Gold Color- Vases at SHEIN.",35.48,35.48,USD,true,Gold,one-size,0,https://img.ltwebstatic.com/images3_spmp/2024/08/12/70/1723465568e1864cf6a4b3883bb7e0c7de4f05f82d.jpg,https://us.shein.com/Vases-c-4022.html,"https://us.shein.com/Jeco-HD-HAVS069-Ceramic-Vase,-Gold-Color-p-40581389.html","[{""name"":""Home & Living"",""url"":""https://us.shein.com/Home-Living-c-2032.html""},{""name"":""Home Decor"",""url"":""https://us.shein.com/Home-Decor-c-1954.html""},{""name"":""Vases & Vase Accessories"",""url"":""https://us.shein.com/Vases-Vase-Accessories-c-8123.html""},{""name"":""Vases"",""url"":""https://us.shein.com/Vases-c-4022.html""}]",US,us.shein.com,3,"[""https://img.ltwebstatic.com/images3_spmp/2024/08/12/70/1723465568e1864cf6a4b3883bb7e0c7de4f05f82d.jpg"",""https://img.ltwebstatic.com/images3_spmp/2024/08/12/70/1723465568e1864cf6a4b3883bb7e0c7de4f05f82d.jpg"",""https://img.ltwebstatic.com/images3_spmp/2024/08/12/70/1723465568e1864cf6a4b3883bb7e0c7de4f05f82d.jpg""]",sh2408125890848489,null,"[{""name"":""Color"",""value"":""Gold""},{""name"":""Material"",""value"":""PP""}]",40581389,0,null,Home & Living,null,Vases,Unbeatablesale,"[""one-size""]"
1 Set Fashion Doll Airplane Accessories Dream Vehicle Trip Pilot Princess Doll Pink Color Playset Including Traveling Suitcase And Puppy Pet For 3 Years Old Kids And Up Toys (Color Box)Perfect Gift For Kids Perfect,Free Returns ✓ Free Shipping✓. 1 Set Fashion Doll Airplane Accessories Dream Vehicle Trip Pilot Princess Doll Pink Color Playset Including Traveling Suitcase And Puppy Pet For 3 Years Old Kids And Up Toys (Color Box)Perfect Gift For Kids Perfect- Kids Vehicles at SHEIN.,27.4,27.4,USD,true,Hot Pink,Travel Plane,0,https://img.ltwebstatic.com/images3_spmp/2024/07/31/ff/1722398577932a4ee5f798b2905a399e9b0c32988e.jpg,https://us.shein.com/Kids-Vehicles-c-7306.html,https://us.shein.com/1-Set-Fashion-Doll-Airplane-Accessories-Dream-Vehicle-Trip-Pilot-Princess-Doll-Pink-Color-Playset-Including-Traveling-Suitcase-And-Puppy-Pet-For-3-Years-Old-Kids-And-Up-Toys-(Color-Box)Perfect-Gift-For-Kids-Perfect-p-40064928.html,"[{""name"":""Toys & Games"",""url"":""https://us.shein.com/Toys-Games-c-4328.html""},{""name"":""Kids Dolls & Stuffed Toys"",""url"":""https://us.shein.com/Kids-Dolls-Stuffed-Toys-c-7288.html""},{""name"":""Kids Doll Toys"",""url"":""https://us.shein.com/Kids-Doll-Toys-c-7290.html""},{""name"":""Kids Vehicles"",""url"":""https://us.shein.com/Kids-Vehicles-c-7306.html""}]",US,us.shein.com,9,"[""https://img.ltwebstatic.com/images3_abc/2024/07/31/c3/1722398433a344e14856c93acb4fbad0f3dab9f8e8.png"",""https://img.ltwebstatic.com/images3_spmp/2024/07/31/a9/1722398444952348cf6b29aeacad4f3bf72f786388.jpg"",""https://img.ltwebstatic.com/images3_spmp/2024/07/31/5c/1722398526e418f0798075c751d0d2404fd425bb42.jpg"",""https://img.ltwebstatic.com/images3_spmp/2024/07/31/a0/1722398573b348b38c54f7c6d39e9ca4361b16b203.jpg"",""https://img.ltwebstatic.com/images3_spmp/2024/07/31/ff/1722398577932a4ee5f798b2905a399e9b0c32988e.jpg"",""https://img.ltwebstatic.com/images3_spmp/2024/07/31/bb/17223986019e55b5a8c8be4fcd85df9daf43025013.jpg"",""https://img.ltwebstatic.com/images3_spmp/2024/08/01/9a/1722481902841610a9a9d86e1500695f489480183b.jpg"",""https://img.ltwebstatic.com/images3_spmp/2024/08/01/e7/1722481911517d4fb1638df3954bcae0c3c76f8178.jpg"",""https://img.ltwebstatic.com/images3_spmp/2024/08/01/bd/17224819758cf3732f1f0bb5339e8f227937c362e1.jpg""]",sl2407316854319137,null,"[{""name"":""Color"",""value"":""Hot Pink""},{""name"":""Power Supply"",""value"":""None""},{""name"":""Suitable Age"",""value"":""0-3years""},{""name"":""Suitable Age"",""value"":""3-6years""},{""name"":""Material"",""value"":""PP""}]",40064928,0,null,Toys & Games,null,Kids Vehicles,SHEIN,"[""Travel Plane""]"
"20cm Cartoon Design Christmas Gift 4pcs Set: Ruler, Triangle, Student Stationery","Free Returns ✓ Free Shipping✓. 20cm Cartoon Design Christmas Gift 4pcs Set: Ruler, Triangle, Student Stationery- Rulers at SHEIN.",1.7,1.69,USD,true,N/A,Clear,0,https://img.ltwebstatic.com/images3_spmp/2024/08/12/26/172347274121877565c45df8a67db911a55399a9ce.jpg,https://us.shein.com/Rulers-c-3924.html,"https://us.shein.com/20cm-Cartoon-Design-Christmas-Gift-4pcs-Set:-Ruler,-Triangle,-Student-Stationery-p-40963882.html","[{""name"":""Office & School Supplies"",""url"":""https://us.shein.com/Office-School-Supplies-c-2297.html""},{""name"":""School & Educational Supplies"",""url"":""https://us.shein.com/School-Educational-Supplies-c-4125.html""},{""name"":""Drafting Supplies"",""url"":""https://us.shein.com/Drafting-Supplies-c-4130.html""},{""name"":""Rulers"",""url"":""https://us.shein.com/Rulers-c-3924.html""}]",US,us.shein.com,5,"[""https://img.ltwebstatic.com/images3_spmp/2024/08/12/26/172347274121877565c45df8a67db911a55399a9ce.jpg"",""https://img.ltwebstatic.com/images3_abc/2024/08/12/1f/1723472973ba0eb9b02b4e23ae4d90569fcf455f3b.png"",""https://img.ltwebstatic.com/images3_spmp/2024/08/12/90/17234727294c095c23d2cfeda7ee571b0495a43ee6.jpg"",""https://img.ltwebstatic.com/images3_spmp/2024/08/12/f3/172347295825d75a3e84fde289c4b606d1fd8fbebe.jpg"",""https://img.ltwebstatic.com/images3_spmp/2024/08/12/d7/1723472976fd7dc6cba739ac60e6f8a6151724f4d5.jpg""]",ss2408127671754857,null,"[{""name"":""Material"",""value"":""ABS""},{""name"":""Style Type"",""value"":""Sets""},{""name"":""Batteries Included"",""value"":""No""},{""name"":""Power Supply"",""value"":""None""}]",40963882,0,null,Office & School Supplies,null,Rulers,SHEIN,"[""Clear""]"
"Unbeatablesale Jacks PP1000-LB 3.5 In. X 5 Ft. Pony Polo Bandages, Light Blue","Free Returns ✓ Free Shipping✓. Unbeatablesale Jacks PP1000-LB 3.5 In. X 5 Ft. Pony Polo Bandages, Light Blue- Pet Health Care Tools at SHEIN.",19.8,19.8,USD,true,Multicolor,one-size,0,https://img.ltwebstatic.com/images3_spmp/2024/08/10/e8/1723233146783a1d39555c0d6f09b9d4de397b1fb6.jpg,https://us.shein.com/Pet-Health-Care-Tools-c-2984.html,"https://us.shein.com/Jacks-PP1000-LB-3.5-In.-X-5-Ft.-Pony-Polo-Bandages,-Light-Blue-p-40532519.html","[{""name"":""Pet Supplies"",""url"":""https://us.shein.com/Pet-Supplies-c-2400.html""},{""name"":""Pet Health Care"",""url"":""https://us.shein.com/Pet-Health-Care-c-2955.html""},{""name"":""Pet Health Care Tools"",""url"":""https://us.shein.com/Pet-Health-Care-Tools-c-2984.html""}]",US,us.shein.com,3,"[""https://img.ltwebstatic.com/images3_spmp/2024/08/10/e8/1723233146783a1d39555c0d6f09b9d4de397b1fb6.jpg"",""https://img.ltwebstatic.com/images3_spmp/2024/08/10/e8/1723233146783a1d39555c0d6f09b9d4de397b1fb6.jpg"",""https://img.ltwebstatic.com/images3_spmp/2024/08/10/e8/1723233146783a1d39555c0d6f09b9d4de397b1fb6.jpg""]",sp2408101720677974,null,"[{""name"":""Color"",""value"":""Multicolor""},{""name"":""Pattern Type"",""value"":""Graphic""},{""name"":""Pattern Type"",""value"":""Cartoon""},{""name"":""Pattern Type"",""value"":""Letter""},{""name"":""Material"",""value"":""PP""}]",40532519,0,null,Pet Supplies,null,Pet Health Care Tools,Unbeatablesale,"[""one-size""]"
"30x40cm Adult Diamond Painting Kits, DIY 5D Full Round Diamond Art Painting Kits, Diamond Painting Flower Gifts Home Wall Decor","Free Returns ✓ Free Shipping✓. 30x40cm Adult Diamond Painting Kits, DIY 5D Full Round Diamond Art Painting Kits, Diamond Painting Flower Gifts Home Wall Decor- DIY Diamond Painting & Accessories at SHEIN.",3.7,3.6,USD,true,Multicolor,30*40,0,https://img.ltwebstatic.com/images3_spmp/2024/08/02/08/172258347526cd2f95a11a55075ca2b43879209a4e_square.jpg,https://us.shein.com/DIY-Diamond-Painting-Accessories-c-2504.html,"https://us.shein.com/30x40cm-Adult-Diamond-Painting-Kits,-DIY-5D-Full-Round-Diamond-Art-Painting-Kits,-Diamond-Painting-Flower-Gifts-Home-Wall-Decor-p-40752071.html","[{""name"":""Home & Living"",""url"":""https://us.shein.com/Home-Living-c-2032.html""},{""name"":""Arts,Crafts & Sewing"",""url"":""https://us.shein.com/Arts,Crafts-Sewing-c-3497.html""},{""name"":""DIY Diamond Painting & Accessories"",""url"":""https://us.shein.com/DIY-Diamond-Painting-Accessories-c-2504.html""}]",US,us.shein.com,13,"[""https://img.ltwebstatic.com/images3_spmp/2024/08/02/08/172258347526cd2f95a11a55075ca2b43879209a4e_square.jpg"",""https://img.ltwebstatic.com/images3_spmp/2024/08/02/08/17225834750daa28583235b08bc1d5789da452c82a_square.jpg"",""https://img.ltwebstatic.com/images3_spmp/2024/08/02/08/17225834750721801e79a56dafe2cc59abf84b3a2f_square.jpg"",""https://img.ltwebstatic.com/images3_spmp/2024/08/02/b1/172258355339151ca6dcf22c5dbc92e20f6e519b6f_square.jpg"",""https://img.ltwebstatic.com/images3_spmp/2024/04/09/54/1712592127af54d21a8a2927b247837a074484a3fb_square.jpg"",""https://img.ltwebstatic.com/images3_spmp/2024/04/09/0a/17125921280444494bcea1b2f47805c3c4da6dfcb0_square.jpg"",""https://img.ltwebstatic.com/images3_spmp/2024/04/09/a8/1712592129555c5780b6eec11be9dd89dbdefdac6c_square.jpg"",""https://img.ltwebstatic.com/images3_spmp/2024/08/02/57/172258351385c8619b0b2f5650b727f99d2d4e2379.jpg"",""https://img.ltwebstatic.com/images3_spmp/2024/08/02/57/172258351303a7a2082632cb216f64031ee9f1918f.jpg"",""https://img.ltwebstatic.com/images3_spmp/2024/08/02/57/172258351372efeb9068974f15b3fa4146fe740eab.jpg"",""https://img.ltwebstatic.com/images3_spmp/2024/04/09/30/1712592155a66d1b6d2e34f0020089843edaf465e6.jpg"",""https://img.ltwebstatic.com/images3_spmp/2024/04/09/0a/171259215693b540c4d719684f4fb39b5700e34748.jpg"",""https://img.ltwebstatic.com/images3_spmp/2024/04/09/0a/1712592156a7748f4cd77ae278fbc7832df4a8bdc3.jpg""]",sh2408020974381388,null,"[{""name"":""Color"",""value"":""Multicolor""},{""name"":""Pattern Type"",""value"":""Graphic""},{""name"":""Pattern Type"",""value"":""Plants""},{""name"":""Material"",""value"":""PMMA""}]",40752071,0,null,Home & Living,null,DIY Diamond Painting & Accessories,SHEIN,"[""30*40""]"
"Unbeatablesale 14 X 20 In. Rondeau Placemats,; Paprika - Set Of 4","Free Returns ✓ Free Shipping✓. Unbeatablesale 14 X 20 In. Rondeau Placemats,; Paprika - Set Of 4- Pet Placemats at SHEIN.",29.39,29.39,USD,true,Multicolor,one-size,0,https://img.ltwebstatic.com/images3_spmp/2024/08/10/70/1723231850388b12746419acd2f2c75b1f4a48e22a.jpg,https://us.shein.com/Pet-Placemats-c-2927.html,"https://us.shein.com/14-X-20-In.-Rondeau-Placemats,;-Paprika---Set-Of-4-p-40551724.html","[{""name"":""Pet Supplies"",""url"":""https://us.shein.com/Pet-Supplies-c-2400.html""},{""name"":""Pet Bowls & Feeders"",""url"":""https://us.shein.com/Pet-Bowls-Feeders-c-2896.html""},{""name"":""Pet Placemats"",""url"":""https://us.shein.com/Pet-Placemats-c-2927.html""}]",US,us.shein.com,3,"[""https://img.ltwebstatic.com/images3_spmp/2024/08/10/70/1723231850388b12746419acd2f2c75b1f4a48e22a.jpg"",""https://img.ltwebstatic.com/images3_spmp/2024/08/10/70/1723231850388b12746419acd2f2c75b1f4a48e22a.jpg"",""https://img.ltwebstatic.com/images3_spmp/2024/08/10/70/1723231850388b12746419acd2f2c75b1f4a48e22a.jpg""]",sp2408100633233133,null,"[{""name"":""Color"",""value"":""Multicolor""},{""name"":""Pattern Type"",""value"":""Plain""},{""name"":""Material"",""value"":""PP""}]",40551724,0,null,Pet Supplies,null,Pet Placemats,Unbeatablesale,"[""one-size""]"
"Unbeatablesale Jacks 1289-WH Cotton Lead Rope With Bull Snap, White","Free Returns ✓ Free Shipping✓. Unbeatablesale Jacks 1289-WH Cotton Lead Rope With Bull Snap, White- Standard Leashes at SHEIN.",21.72,21.72,USD,true,White,one-size,0,https://img.ltwebstatic.com/images3_spmp/2024/08/11/56/1723309654da337902488fdb49fa508dc4d6ffae20.jpg,https://us.shein.com/Standard-Leashes-c-2964.html,"https://us.shein.com/Jacks-1289-WH-Cotton-Lead-Rope-With-Bull-Snap,-White-p-40637919.html","[{""name"":""Pet Supplies"",""url"":""https://us.shein.com/Pet-Supplies-c-2400.html""},{""name"":""Pet Collars, Leashes & Harnesses"",""url"":""https://us.shein.com/Pet-Collars,-Leashes-Harnesses-c-2949.html""},{""name"":""Pet Leashes"",""url"":""https://us.shein.com/Pet-Leashes-c-11790.html""},{""name"":""Standard Leashes"",""url"":""https://us.shein.com/Standard-Leashes-c-2964.html""}]",US,us.shein.com,3,"[""https://img.ltwebstatic.com/images3_spmp/2024/08/11/56/1723309654da337902488fdb49fa508dc4d6ffae20.jpg"",""https://img.ltwebstatic.com/images3_spmp/2024/08/11/56/1723309654da337902488fdb49fa508dc4d6ffae20.jpg"",""https://img.ltwebstatic.com/images3_spmp/2024/08/11/56/1723309654da337902488fdb49fa508dc4d6ffae20.jpg""]",sp2408124387065665,null,"[{""name"":""Color"",""value"":""White""},{""name"":""Material"",""value"":""PP""}]",40637919,0,null,Pet Supplies,null,Standard Leashes,Unbeatablesale,"[""one-size""]"
Unbeatablesale KD 16082 Screw Hole Cover In Black,Free Returns ✓ Free Shipping✓. Unbeatablesale KD 16082 Screw Hole Cover In Black- Hanging Hardware at SHEIN.,21.63,21.63,USD,true,Multicolor,one-size,0,https://img.ltwebstatic.com/images3_spmp/2024/08/03/94/172265130141ef86384be293bf3f12ae5f2f22caab.jpg,https://us.shein.com/Hanging-Hardware-c-10130.html,https://us.shein.com/KD-16082-Screw-Hole-Cover-In-Black-p-40083653.html,"[{""name"":""Tools & Home Improvement"",""url"":""https://us.shein.com/Tools-Home-Improvement-c-4327.html""},{""name"":""Hardware"",""url"":""https://us.shein.com/Hardware-c-3524.html""},{""name"":""Hanging Hardware"",""url"":""https://us.shein.com/Hanging-Hardware-c-10130.html""}]",US,us.shein.com,3,"[""https://img.ltwebstatic.com/images3_spmp/2024/08/03/94/172265130141ef86384be293bf3f12ae5f2f22caab.jpg"",""https://img.ltwebstatic.com/images3_spmp/2024/08/03/75/17226513032ac462afe4ed492e0a9086add6ef111c.jpg"",""https://img.ltwebstatic.com/images3_spmp/2024/08/03/67/17226513057de158f6cc1080afc94da0aa4d31a7aa.jpg""]",sr2408032227973722,null,"[{""name"":""Color"",""value"":""Multicolor""},{""name"":""Material"",""value"":""PP""}]",40083653,0,null,Tools & Home Improvement,null,Hanging Hardware,Unbeatablesale,"[""one-size""]"
"20pcs Plastic Straws, Reusable Flexible Flower Shaped Straws For Party Drinks & Cocktails","Free Returns ✓ Free Shipping✓. 20pcs Plastic Straws, Reusable Flexible Flower Shaped Straws For Party Drinks & Cocktails- Disposable Kitchenware at SHEIN.",4.2,4.1,USD,true,Multicolor,Twenty Random Straws,0,https://img.ltwebstatic.com/images3_spmp/2024/08/06/f8/172292815057826eea8590d27a3ee1a91b7fa88fb7_square.jpg,https://us.shein.com/Disposable-Kitchenware-c-3496.html,"https://us.shein.com/20pcs-Plastic-Straws,-Reusable-Flexible-Flower-Shaped-Straws-For-Party-Drinks-&amp;-Cocktails-p-40342745.html","[{""name"":""Home & Living"",""url"":""https://us.shein.com/Home-Living-c-2032.html""},{""name"":""Event & Party Supplies"",""url"":""https://us.shein.com/Event-Party-Supplies-c-2496.html""},{""name"":""Party Tableware"",""url"":""https://us.shein.com/Party-Tableware-c-3454.html""},{""name"":""Disposable Kitchenware"",""url"":""https://us.shein.com/Disposable-Kitchenware-c-3496.html""}]",US,us.shein.com,13,"[""https://img.ltwebstatic.com/images3_spmp/2024/08/06/63/172292797983b9a94a220315ccf678e77f0815f1e5_square.jpg"",""https://img.ltwebstatic.com/images3_spmp/2024/08/06/63/1722927979e4b0b6cc7c4679bf4dcbcae0dd42fc42_square.jpg"",""https://img.ltwebstatic.com/images3_spmp/2024/08/06/63/17229279795b77c6703d9d57a193a7bc8ed9676992_square.jpg"",""https://img.ltwebstatic.com/images3_spmp/2024/08/06/63/1722927979a27e07e339bf2c840387513f1442eabc_square.jpg"",""https://img.ltwebstatic.com/images3_spmp/2024/08/06/63/1722927979ba8086f18e086dd3ef671458f0623149_square.jpg"",""https://img.ltwebstatic.com/images3_spmp/2024/08/06/f8/172292815057826eea8590d27a3ee1a91b7fa88fb7_square.jpg"",""https://img.ltwebstatic.com/images3_spmp/2024/08/06/3b/17229281606c9574a9a9d893182b4001f11a2e43ba_square.jpg"",""https://img.ltwebstatic.com/images3_spmp/2024/08/06/aa/17229281588e2e77694fa8d5bf5c4b0124853bb853.jpg"",""https://img.ltwebstatic.com/images3_spmp/2024/08/06/5c/1722928157ea3ff9cee8233d2abf7cf3f1c645f7eb.jpg"",""https://img.ltwebstatic.com/images3_spmp/2024/08/06/aa/17229281586ce233cfd330f2b29813ffdb33aa0a27.jpg"",""https://img.ltwebstatic.com/images3_spmp/2024/08/06/aa/1722928158294b0a578f59adf08294b0483be21e76.jpg"",""https://img.ltwebstatic.com/images3_spmp/2024/08/06/5c/17229281570cc9df4b2870e8d34b1e711af98740c8.jpg"",""https://img.ltwebstatic.com/images3_spmp/2024/08/06/aa/172292815891815f444077a8e991aa67748c31164d.jpg""]",sh2408061664517330,null,"[{""name"":""Color"",""value"":""Multicolor""},{""name"":""Material"",""value"":""PP""},{""name"":""Batteries Included"",""value"":""No""}]",40342745,0,null,Home & Living,null,Disposable Kitchenware,SHEIN,"[""Twenty Random Straws""]"
1 Set Retro Unique Geometric Metal Square Exaggerated Open Bangle And Ring Jewelry Set For Women,Free Returns ✓ Free Shipping✓. 1 Set Retro Unique Geometric Metal Square Exaggerated Open Bangle And Ring Jewelry Set For Women- Women Jewelry Sets at SHEIN.,2.5,0.75,USD,true,N/A,Yellow Gold,0,https://img.ltwebstatic.com/images3_spmp/2024/08/17/97/1723869348926f8407141a65cb370c6e6c5e67e424.jpg,https://us.shein.com/Women-Jewelry-Sets-c-1756.html,https://us.shein.com/1-Set-Retro-Unique-Geometric-Metal-Square-Exaggerated-Open-Bangle-And-Ring-Jewelry-Set-For-Women-p-41052822.html,"[{""name"":""Jewelry & Watches"",""url"":""https://us.shein.com/Jewelry-Watches-c-3634.html""},{""name"":""Women Fashion Jewelry"",""url"":""https://us.shein.com/Women-Fashion-Jewelry-c-3632.html""},{""name"":""Women Jewelry Sets"",""url"":""https://us.shein.com/Women-Jewelry-Sets-c-1756.html""}]",US,us.shein.com,12,"[""https://img.ltwebstatic.com/images3_spmp/2024/08/17/65/1723868512a4588b17f72710da4ed9f4207bf18d76.jpg"",""https://img.ltwebstatic.com/images3_spmp/2024/08/17/45/17238685219c4bed21a566e39839a2c46e7c2056fc.jpg"",""https://img.ltwebstatic.com/images3_spmp/2024/08/17/3a/1723868531c8ec238d23d496cfb87e84277b7c20b0.jpg"",""https://img.ltwebstatic.com/images3_spmp/2024/08/17/fa/1723868539bc5e6e51788891d97a4f2e2c98652ee8.jpg"",""https://img.ltwebstatic.com/images3_spmp/2024/08/17/d7/1723868547fe22ab67b3e65eeaeaface40f26af03f.jpg"",""https://img.ltwebstatic.com/images3_spmp/2024/08/17/97/1723869348926f8407141a65cb370c6e6c5e67e424.jpg"",""https://img.ltwebstatic.com/images3_spmp/2024/08/17/30/1723869434e3c6bfdc166aff8cafb074c1847b6e42.jpg"",""https://img.ltwebstatic.com/images3_spmp/2024/08/17/0c/1723869361a81a746117f345196b114637f2423812.jpg"",""https://img.ltwebstatic.com/images3_spmp/2024/08/17/12/1723869372b01be18c715742edd548b2f2f7384e1b.jpg"",""https://img.ltwebstatic.com/images3_spmp/2024/08/17/d2/1723869380d8eb057fcf83fde81ed99c982aa7e484.jpg"",""https://img.ltwebstatic.com/images3_spmp/2024/08/17/c3/1723869386feb24285c2206e22b3d7bcde3cc84003.jpg"",""https://img.ltwebstatic.com/images3_spmp/2024/08/17/88/17238693991b7e6fc07229e1c858752615a55424e3.jpg""]",sj2408177582822760,null,"[{""name"":""Style"",""value"":""Fashionable""},{""name"":""Details"",""value"":""Geometric""},{""name"":""Details"",""value"":""Texture Metal""},{""name"":""Gender"",""value"":""Women""},{""name"":""Style Type"",""value"":""Geometric Square Jewelry Set""}]",41052822,0,null,Jewelry & Watches,null,Women Jewelry Sets,SHEIN,"[""Yellow Gold""]"
"36 Pieces, 3D Black PVC Bat Halloween Decoration - Scary Decorative Prop For Bar Room, Wall Sticker - Great For Halloween Parties And Supplies, Weird Stuff","Free Returns ✓ Free Shipping✓. 36 Pieces, 3D Black PVC Bat Halloween Decoration - Scary Decorative Prop For Bar Room, Wall Sticker - Great For Halloween Parties And Supplies, Weird Stuff- Wall Decor & Stickers at SHEIN.",2,2,USD,true,Multicolor,36 Pieces Black Bat,0,https://img.ltwebstatic.com/images3_spmp/2024/07/12/ca/17207818262917aabd1483d83a255e14ef3c6b134e_square.png,https://us.shein.com/Wall-Decor-Stickers-c-10437.html,"https://us.shein.com/36-Pieces,-3D-Black-PVC-Bat-Halloween-Decoration---Scary-Decorative-Prop-For-Bar-Room,-Wall-Sticker---Great-For-Halloween-Parties-And-Supplies,-Weird-Stuff-p-38943793.html","[{""name"":""Home & Living"",""url"":""https://us.shein.com/Home-Living-c-2032.html""},{""name"":""Event & Party Supplies"",""url"":""https://us.shein.com/Event-Party-Supplies-c-2496.html""},{""name"":""Decorations"",""url"":""https://us.shein.com/Decorations-c-3422.html""},{""name"":""Wall Decor & Stickers"",""url"":""https://us.shein.com/Wall-Decor-Stickers-c-10437.html""}]",US,us.shein.com,13,"[""https://us.shein.com/36-Pieces,-3D-Black-PVC-Bat-Halloween-Decoration---Scary-Decorative-Prop-For-Bar-Room,-Wall-Sticker---Great-For-Halloween-Parties-And-Supplies,-Weird-Stuff-p-38943793.html"",""https://img.ltwebstatic.com/images3_spmp/2024/07/12/ca/17207818262917aabd1483d83a255e14ef3c6b134e_square.png"",""https://img.ltwebstatic.com/images3_spmp/2024/07/12/3f/1720781931034bdaaa88e4fe97dc2b21be715fbd20_square.jpg"",""https://img.ltwebstatic.com/images3_spmp/2024/07/12/6e/17207800565b82d4e66b3cbfa69494cf3da46ed934_square.jpg"",""https://img.ltwebstatic.com/images3_spmp/2024/08/25/20/17245713221a10a4e483ba1a6ba413fbfbfcdc48f1_square.jpg"",""https://img.ltwebstatic.com/images3_spmp/2024/07/12/87/1720780055ef8d87b08f6c68e398931cd096fa994a_square.jpg"",""https://img.ltwebstatic.com/images3_spmp/2024/07/12/3f/1720781931a7ee80880966f4b5e462625744b83708_square.jpg"",""https://img.ltwebstatic.com/images3_spmp/2024/07/12/87/1720780055c60ec9014d38876daa5066af3800135f_square.png"",""https://img.ltwebstatic.com/images3_spmp/2024/07/12/3f/172078193139825efe769e15ecc3119691c9419efa_square.jpg"",""https://img.ltwebstatic.com/images3_spmp/2024/07/12/aa/1720782107e50cced369c17860e38190d2b90ce865.jpg"",""https://img.ltwebstatic.com/images3_spmp/2024/07/12/c1/1720782108ee74fc5da23928edc7c21b1260b0f8f3.jpg"",""https://img.ltwebstatic.com/images3_spmp/2024/07/12/aa/172078210700463d6c7a6ed6398f20f1b61236284c.jpg"",""https://img.ltwebstatic.com/images3_spmp/2024/07/12/aa/172078210780aa38913d33039257c8362488beae5b.png""]",sh2407129525010216,null,"[{""name"":""Color"",""value"":""Multicolor""},{""name"":""Material"",""value"":""PVC""}]",38943793,0,null,Home & Living,null,Wall Decor & Stickers,SHEIN,"[""36 Pieces Black Bat""]"
INSULATED CONNECTOR KIT CONNECTOR Electrical Crimp Connectors,Free Returns ✓ Free Shipping✓. INSULATED CONNECTOR KIT CONNECTOR Electrical Crimp Connectors- Wire Junction Boxes at SHEIN.,25.7,25.7,USD,true,02C 270pcs,02C 270pcs,0,https://img.ltwebstatic.com/images3_spmp/2024/08/13/50/17235099021d4bf822b55448f4dcb6d0fb9a2dabfd_square.jpg,https://us.shein.com/Wire-Junction-Boxes-c-5562.html,https://us.shein.com/INSULATED-CONNECTOR-KIT-CONNECTOR-Electrical-Crimp-Connectors-p-40813393.html,"[{""name"":""Tools & Home Improvement"",""url"":""https://us.shein.com/Tools-Home-Improvement-c-4327.html""},{""name"":""Electrical Equipments & Supplies"",""url"":""https://us.shein.com/Electrical-Equipments-Supplies-c-4471.html""},{""name"":""Connectors & Terminals"",""url"":""https://us.shein.com/Connectors-Terminals-c-5556.html""},{""name"":""Wire Junction Boxes"",""url"":""https://us.shein.com/Wire-Junction-Boxes-c-5562.html""}]",US,us.shein.com,20,"[""https://img.ltwebstatic.com/images3_spmp/2024/08/13/50/17235099021d4bf822b55448f4dcb6d0fb9a2dabfd_square.jpg"",""https://img.ltwebstatic.com/images3_spmp/2024/08/13/50/1723509902c7ae12c7a368899d77cdcae998f72795_square.jpg"",""https://img.ltwebstatic.com/images3_spmp/2024/08/13/50/17235099029e8710fff1085662c5eeca00a56f2994_square.jpg"",""https://img.ltwebstatic.com/images3_spmp/2024/08/13/7a/1723509901f350cc24ea896156d1d6e740f7ec72d0_square.jpg"",""https://img.ltwebstatic.com/images3_spmp/2024/08/13/50/172350990226e95250731c039a77dd4d3bb7051b66_square.jpg"",""https://img.ltwebstatic.com/images3_spmp/2024/08/13/50/17235099027273d647ab071b8d19377c969b0467f2_square.jpg"",""https://img.ltwebstatic.com/images3_spmp/2024/08/13/7a/1723509901f7ef3cfcce852c3076e50b29d9f13fa5_square.jpg"",""https://img.ltwebstatic.com/images3_spmp/2024/08/13/7a/1723509901c4b0923e64badf1b6fb6888515ec6eb7_square.jpg"",""https://img.ltwebstatic.com/images3_spmp/2024/08/13/50/1723509902e1b724edda64b12842cf5c057d868a6c_square.jpg"",""https://img.ltwebstatic.com/images3_spmp/2024/08/13/7a/1723509901eda04e758b7558257d4f7173f8bc7206_square.jpg"",""https://img.ltwebstatic.com/images3_spmp/2024/08/13/c4/17235099194b00025d87c6a1da0545f5c96880ce41.jpg"",""https://img.ltwebstatic.com/images3_spmp/2024/08/13/34/17235099182f27a9f788932d0d672ab78ccf8b6e62.jpg"",""https://img.ltwebstatic.com/images3_spmp/2024/08/13/c4/17235099198a3754f953f2b55c0936193f53e1dffe.jpg"",""https://img.ltwebstatic.com/images3_spmp/2024/08/13/77/17235099173815d59fc23615fab5ba4a2665c51686.jpg"",""https://img.ltwebstatic.com/images3_spmp/2024/08/13/34/17235099181611ede2bedcfacea9bee265eb7b72b3.jpg"",""https://img.ltwebstatic.com/images3_spmp/2024/08/13/34/17235099180428802f711e412ba97342a1f5d43479.jpg"",""https://img.ltwebstatic.com/images3_spmp/2024/08/13/34/17235099183aac5d23db95d18bb5b8c2a3ad41d596.jpg"",""https://img.ltwebstatic.com/images3_spmp/2024/08/13/34/172350991836be49a51928c04b1318688999fef63f.jpg"",""https://img.ltwebstatic.com/images3_spmp/2024/08/13/c4/17235099190ae4899662f9f97147f1acb75fd868b2.jpg"",""https://img.ltwebstatic.com/images3_spmp/2024/08/13/77/1723509917db5872d7bbb5634d38c300551e6395b6.jpg""]",sr2408132952162369,null,"[{""name"":""Color"",""value"":""02C 270pcs""},{""name"":""Material"",""value"":""PVC Leather""}]",40813393,0,null,Tools & Home Improvement,null,Wire Junction Boxes,SHEIN,"[""02C 270pcs""]"
2024 New - Battle People Toy - Children's Toy - Interactive Toy - Battle Game Toy - Knockdown People - Parent-Child Battle Mini Game Console - Birthday Gift - Easter Gift - Halloween Gift - Christmas Gift - Perfect Gift - Gift - Children's Toy,Free Returns ✓ Free Shipping✓. 2024 New - Battle People Toy - Children's Toy - Interactive Toy - Battle Game Toy - Knockdown People - Parent-Child Battle Mini Game Console - Birthday Gift - Easter Gift - Halloween Gift - Christmas Gift - Perfect Gift - Gift - Children's Toy- Kids Interactive Games at SHEIN.,2.2,2.2,USD,true,Multicolor,Battle Villain,0,https://img.ltwebstatic.com/images3_spmp/2024/08/12/ee/17234554284bff596da4dc4c717b30446e7eb05f33_square.jpg,https://us.shein.com/Kids-Interactive-Games-c-2858.html,https://us.shein.com/2024-New---Battle-People-Toy---Children%27s-Toy---Interactive-Toy---Battle-Game-Toy---Knockdown-People---Parent-Child-Battle-Mini-Game-Console---Birthday-Gift---Easter-Gift---Halloween-Gift---Christmas-Gift---Perfect-Gift---Gift---Children%27s-Toy-p-40712128.html,"[{""name"":""Toys & Games"",""url"":""https://us.shein.com/Toys-Games-c-4328.html""},{""name"":""Kids Educational Toys"",""url"":""https://us.shein.com/Kids-Educational-Toys-c-6996.html""},{""name"":""Kids Interactive Games"",""url"":""https://us.shein.com/Kids-Interactive-Games-c-2858.html""}]",US,us.shein.com,14,"[""https://us.shein.com/2024-New---Battle-People-Toy---Children%27s-Toy---Interactive-Toy---Battle-Game-Toy---Knockdown-People---Parent-Child-Battle-Mini-Game-Console---Birthday-Gift---Easter-Gift---Halloween-Gift---Christmas-Gift---Perfect-Gift---Gift---Children%27s-Toy-p-40712128.html"",""https://img.ltwebstatic.com/images3_spmp/2024/08/12/cc/1723455185c3b38b57a37fc06e41370a762184f463_square.jpg"",""https://img.ltwebstatic.com/images3_spmp/2024/08/12/d7/1723455184370785b8c2bdcde6e547fa9718e04c80_square.jpg"",""https://img.ltwebstatic.com/images3_spmp/2024/08/12/d7/17234551840690c0e7ab1b269ee066e568d70d6506_square.jpg"",""https://img.ltwebstatic.com/images3_spmp/2024/08/12/d7/172345518402bd97414c94d100bd2afec0c7659a0f_square.jpg"",""https://img.ltwebstatic.com/images3_spmp/2024/08/12/d7/17234551848a9d79e6266bd5008de6e8c234456446_square.jpg"",""https://img.ltwebstatic.com/images3_spmp/2024/08/17/38/17238806325e0711d17f49e9dee9d59d567541373c_square.jpg"",""https://img.ltwebstatic.com/images3_spmp/2024/08/12/ee/17234554284bff596da4dc4c717b30446e7eb05f33_square.jpg"",""https://img.ltwebstatic.com/images3_spmp/2024/08/17/b5/172388064765f3763f2c5af754b253a1f02ed181f5_square.jpg"",""https://img.ltwebstatic.com/images3_spmp/2024/08/12/1a/17234554342847d515ab54fcfb4503faf941b7f254.jpg"",""https://img.ltwebstatic.com/images3_spmp/2024/08/12/54/17234554354ddcd6c6a9f7bcf7aeb233b0fac6b35e.jpg"",""https://img.ltwebstatic.com/images3_spmp/2024/08/12/54/172345543551d2704a2ffae59a626b2856a1e6e455.jpg"",""https://img.ltwebstatic.com/images3_spmp/2024/08/12/1a/172345543463aa5078de5a6704760ba1d4351fa581.jpg"",""https://img.ltwebstatic.com/images3_spmp/2024/08/12/1a/172345543409b180ccfc276217e11e4c7abec64f94.jpg""]",sl2408125665550486,null,"[{""name"":""Color"",""value"":""Multicolor""},{""name"":""Suitable Age"",""value"":""3-6years""},{""name"":""Suitable Age"",""value"":""6-12years""},{""name"":""Suitable Age"",""value"":""over 12years""},{""name"":""Test Certificate"",""value"":""ASTM-F963""},{""name"":""Test Certificate"",""value"":""HR4040""},{""name"":""Test Certificate"",""value"":""EN-71""},{""name"":""Material"",""value"":""ABS""},{""name"":""Power Supply"",""value"":""None""},{""name"":""Batteries Included"",""value"":""No""}]",40712128,0,null,Toys & Games,null,Kids Interactive Games,SHEIN,"[""Battle Villain""]"
"1pc Transparent Round Stamp Tool, DIY Handmade Circular Stamp Embossing Tool","Free Returns ✓ Free Shipping✓. 1pc Transparent Round Stamp Tool, DIY Handmade Circular Stamp Embossing Tool- Embossing Tools at SHEIN.",13.9,13.4,USD,true,Transparent,23x23x1cm,0,https://img.ltwebstatic.com/images3_spmp/2024/07/22/b0/1721641471bd31b76d8a7ac75ec53bf1dd5cf913e8_square.jpg,https://us.shein.com/Embossing-Tools-c-6909.html,"https://us.shein.com/1pc-Transparent-Round-Stamp-Tool,-DIY-Handmade-Circular-Stamp-Embossing-Tool-p-39577954.html","[{""name"":""Home & Living"",""url"":""https://us.shein.com/Home-Living-c-2032.html""},{""name"":""Arts,Crafts & Sewing"",""url"":""https://us.shein.com/Arts,Crafts-Sewing-c-3497.html""},{""name"":""Embossing"",""url"":""https://us.shein.com/Embossing-c-6904.html""},{""name"":""Embossing Tools"",""url"":""https://us.shein.com/Embossing-Tools-c-6909.html""}]",US,us.shein.com,14,"[""https://img.ltwebstatic.com/images3_spmp/2024/07/22/b0/1721641471bd31b76d8a7ac75ec53bf1dd5cf913e8_square.jpg"",""https://img.ltwebstatic.com/images3_spmp/2024/07/22/b0/172164147145cd7d2e2389d40d960aec6ee7f2144c_square.jpg"",""https://img.ltwebstatic.com/images3_spmp/2024/07/22/b0/1721641471541732551b13acd34fb3ff2a63c3f429_square.jpg"",""https://img.ltwebstatic.com/images3_spmp/2024/07/22/b0/17216414715fb2e11bb4629cb95f0c4ba50f31765e_square.jpg"",""https://img.ltwebstatic.com/images3_spmp/2024/07/22/b0/1721641471324e7694979b300cedd1750c0c4322b1_square.jpg"",""https://img.ltwebstatic.com/images3_spmp/2024/07/22/b0/1721641471fd3d8b655bffe71b9ae5b9fda1b59f7d_square.jpg"",""https://img.ltwebstatic.com/images3_spmp/2024/07/22/87/172164147082f43c09b26ed1ed8cca6ed694a2f27c_square.jpg"",""https://img.ltwebstatic.com/images3_spmp/2024/07/22/a7/17216416472aa3f88724fae37fbe4ce04b5446c0cc.jpg"",""https://img.ltwebstatic.com/images3_spmp/2024/07/22/3f/17216416465afd6d61eef9f21625bb0a8167c4c8bb.jpg"",""https://img.ltwebstatic.com/images3_spmp/2024/07/22/3f/1721641646f9f37cc577cc9eea66ae81e3af0d979c.jpg"",""https://img.ltwebstatic.com/images3_spmp/2024/07/22/a7/17216416472fb743868ede7432130d61aa9e0d2b6a.jpg"",""https://img.ltwebstatic.com/images3_spmp/2024/07/22/a7/17216416474ab36653508af5c873cb2c31d9ea7ab6.jpg"",""https://img.ltwebstatic.com/images3_spmp/2024/07/22/a7/172164164731619c8d9cc0d43d72c8290454687da0.jpg"",""https://img.ltwebstatic.com/images3_spmp/2024/07/22/3f/17216416466c10554d81d583eb52b49633cf1d981c.jpg""]",sh2407229499910668,null,"[{""name"":""Color"",""value"":""Transparent""},{""name"":""Material"",""value"":""PMMA""}]",39577954,0,null,Home & Living,null,Embossing Tools,SHEIN,"[""23x23x1cm""]"
"20OZ Cute Halloween Skull Printing Insulated Cup Double Walled Vacuum Insulated Stainless Steel Water Bottle Premium Summer Drink Ware Portable Handy Flask Travel Mug Iced Coffee Cup For Outdoor Camping, Hiking, Driving, Travel, Perfect Gift Idea","Free Returns ✓ Free Shipping✓. 20OZ Cute Halloween Skull Printing Insulated Cup Double Walled Vacuum Insulated Stainless Steel Water Bottle Premium Summer Drink Ware Portable Handy Flask Travel Mug Iced Coffee Cup For Outdoor Camping, Hiking, Driving, Travel, Perfect Gift Idea- Insulated Water Bottles for Outdoor at SHEIN.",16.3,10.2,USD,true,Multicolor,20 OZ,0,https://img.ltwebstatic.com/images3_spmp/2024/08/16/c5/17237819947f893fdc1ff3544582c06267571f5139_square.jpg,https://us.shein.com/Insulated-Water-Bottles-for-Outdoor-c-7146.html,"https://us.shein.com/20OZ-Cute-Halloween-Skull-Printing-Insulated-Cup-Double-Walled-Vacuum-Insulated-Stainless-Steel-Water-Bottle-Premium-Summer-Drink-Ware-Portable-Handy-Flask-Travel-Mug-Iced-Coffee-Cup-For-Outdoor-Camping,-Hiking,-Driving,-Travel,-Perfect-Gift-Idea-p-40924554.html","[{""name"":""Sports & Outdoor"",""url"":""https://us.shein.com/Sports-Outdoor-c-3195.html""},{""name"":""Camping & Hiking"",""url"":""https://us.shein.com/Camping-Hiking-c-4366.html""},{""name"":""Insulated Water Bottles for Outdoor"",""url"":""https://us.shein.com/Insulated-Water-Bottles-for-Outdoor-c-7146.html""}]",US,us.shein.com,8,"[""https://img.ltwebstatic.com/images3_spmp/2024/08/16/c5/17237819947f893fdc1ff3544582c06267571f5139_square.jpg"",""https://img.ltwebstatic.com/images3_spmp/2024/08/16/8d/17237819993aef6e09918fd9e22a096797f47bcf26_square.jpg"",""https://img.ltwebstatic.com/images3_spmp/2024/08/16/08/1723782002bc6df09c26aedafe0d053af20bc9caa9_square.jpg"",""https://img.ltwebstatic.com/images3_spmp/2024/08/16/2d/172378200633335d4ffc6e841e71a31d564203ae0b_square.jpg"",""https://img.ltwebstatic.com/images3_spmp/2024/08/16/a5/1723782010b545c18967c702bf3ee1e2c18275dfad_square.jpg"",""https://img.ltwebstatic.com/images3_spmp/2024/08/16/9d/172378201857c4ee79d63f77b984c75c8bce1b9ad5.jpg"",""https://img.ltwebstatic.com/images3_spmp/2024/08/16/17/1723782022c7bb6d1bb2cfb9039fd7a41e86492a88.jpg"",""https://img.ltwebstatic.com/images3_spmp/2024/08/16/a4/1723782027db32d4dadc667b69854ebaa5678f31d6.jpg""]",st2408160960688608,null,"[{""name"":""Color"",""value"":""Multicolor""},{""name"":""Material"",""value"":""Stainless Steel""},{""name"":""Power Supply"",""value"":""None""}]",40924554,0,null,Sports & Outdoor,null,Insulated Water Bottles for Outdoor,SHEIN,"[""20 OZ""]"
"Unbeatablesale 15 In. Wood Cutlery Tray Insert For Drawer - Maple, Birch","Free Returns ✓ Free Shipping✓. Unbeatablesale 15 In. Wood Cutlery Tray Insert For Drawer - Maple, Birch- Utility Shelves at SHEIN.",65.92,65.92,USD,true,Multicolor,one-size,0,https://img.ltwebstatic.com/images3_spmp/2024/08/03/3f/172267376810705b4928259d823e76e6b1294c9747.jpg,https://us.shein.com/Utility-Shelves-c-7840.html,"https://us.shein.com/15-In.-Wood-Cutlery-Tray-Insert-For-Drawer---Maple,-Birch-p-40120871.html","[{""name"":""Home & Living"",""url"":""https://us.shein.com/Home-Living-c-2032.html""},{""name"":""Storage & Organization"",""url"":""https://us.shein.com/Storage-Organization-c-2298.html""},{""name"":""Storage Holders & Racks"",""url"":""https://us.shein.com/Storage-Holders-Racks-c-7834.html""},{""name"":""Utility Shelves"",""url"":""https://us.shein.com/Utility-Shelves-c-7840.html""}]",US,us.shein.com,3,"[""https://img.ltwebstatic.com/images3_spmp/2024/08/03/3f/172267376810705b4928259d823e76e6b1294c9747.jpg"",""https://img.ltwebstatic.com/images3_spmp/2024/08/03/26/172267377010fd13f42cc6ae9852e09f973b6daaaf.jpg"",""https://img.ltwebstatic.com/images3_spmp/2024/08/03/3f/172267376810705b4928259d823e76e6b1294c9747.jpg""]",sh2408031227537773,null,"[{""name"":""Color"",""value"":""Multicolor""},{""name"":""Material"",""value"":""PP""}]",40120871,0,null,Home & Living,null,Utility Shelves,Unbeatablesale,"[""one-size""]"
"10pcs Mixed Color Bells, Pet Cat And Dog Bells, Houses, Garden Decorations","Free Returns ✓ Free Shipping✓. 10pcs Mixed Color Bells, Pet Cat And Dog Bells, Houses, Garden Decorations- Bells at SHEIN.",1.6,1.5,USD,true,Multicolor,one-size,0,https://img.ltwebstatic.com/images3_spmp/2024/08/22/61/1724298200450fd02661b16cf7af70a124739fbc94.jpg,https://us.shein.com/Bells-c-9472.html,"https://us.shein.com/10pcs-Mixed-Color-Bells,-Pet-Cat-And-Dog-Bells,-Houses,-Garden-Decorations-p-41370158.html","[{""name"":""Home & Living"",""url"":""https://us.shein.com/Home-Living-c-2032.html""},{""name"":""Home Essentials"",""url"":""https://us.shein.com/Home-Essentials-c-1959.html""},{""name"":""Daily Home Essentials"",""url"":""https://us.shein.com/Daily-Home-Essentials-c-3510.html""},{""name"":""Bells"",""url"":""https://us.shein.com/Bells-c-9472.html""}]",US,us.shein.com,11,"[""https://img.ltwebstatic.com/images3_spmp/2024/08/22/61/1724298200450fd02661b16cf7af70a124739fbc94.jpg"",""https://img.ltwebstatic.com/images3_spmp/2024/08/22/4d/17242981995ff8ddf07bc55d01f245f74d8ba1a74f.jpg"",""https://img.ltwebstatic.com/images3_spmp/2024/08/22/61/17242982006e2722fb953287e3ae8027c2c4603e0d.jpg"",""https://img.ltwebstatic.com/images3_spmp/2024/08/22/bf/1724300614bf1c2c0512b73e5d3fcbaf1f1850aad7.jpg"",""https://img.ltwebstatic.com/images3_spmp/2024/08/22/32/17243015479be033d6dbf9f1ca5d6bf9065ff8589b.jpg"",""https://img.ltwebstatic.com/images3_spmp/2024/08/22/4f/1724298221afd3934a812d3addb8b735ac62f3a1e3.jpg"",""https://img.ltwebstatic.com/images3_spmp/2024/08/22/4f/1724298221fb584a0efe81da48b8eb487232ec1d56.jpg"",""https://img.ltwebstatic.com/images3_spmp/2024/08/22/e5/1724298220e181bcd286301ac28780efb499e46205.jpg"",""https://img.ltwebstatic.com/images3_spmp/2024/08/22/e5/17242982203fbb12c6657473328b6973ed5d967496.jpg"",""https://img.ltwebstatic.com/images3_spmp/2024/08/22/ad/1724301555ac6ce84bdd7c11439550dd87551c3464.jpg"",""https://img.ltwebstatic.com/images3_spmp/2024/08/22/28/1724301561756cfda80640dba73b70be50d82d7c23.jpg""]",sh2408223668380907,null,"[{""name"":""Color"",""value"":""Multicolor""},{""name"":""Type"",""value"":""Hand Bells""},{""name"":""Material"",""value"":""Iron""},{""name"":""Plating"",""value"":""Plated Precious Metal""}]",41370158,0,null,Home & Living,null,Bells,SHEIN,"[""one-size""]"
"Unbeatablesale Tape Logic T902P036PK 2 In. X 110 Yards - Packing List Enclosed Pre-Printed Carton Sealing Tape, Red & White - Pack Of 6","Free Returns ✓ Free Shipping✓. Unbeatablesale Tape Logic T902P036PK 2 In. X 110 Yards - Packing List Enclosed Pre-Printed Carton Sealing Tape, Red & White - Pack Of 6- Skateboard Grip Tape at SHEIN.",107.13,107.13,USD,true,Red,one-size,0,https://img.ltwebstatic.com/images3_spmp/2024/08/07/6a/1722999115aeb86b408a421d492b2c6f817dbf2e89.jpg,https://us.shein.com/Skateboard-Grip-Tape-c-7277.html,"https://us.shein.com/Tape-Logic-T902P036PK-2-In.-X-110-Yards---Packing-List-Enclosed-Pre-Printed-Carton-Sealing-Tape,-Red-&amp;-White---Pack-Of-6-p-40275022.html","[{""name"":""Sports & Outdoor"",""url"":""https://us.shein.com/Sports-Outdoor-c-3195.html""},{""name"":""Skateboards & Scooters"",""url"":""https://us.shein.com/Skateboards-Scooters-c-4422.html""},{""name"":""Skateboard Parts"",""url"":""https://us.shein.com/Skateboard-Parts-c-7266.html""},{""name"":""Skateboard Grip Tape"",""url"":""https://us.shein.com/Skateboard-Grip-Tape-c-7277.html""}]",US,us.shein.com,3,"[""https://img.ltwebstatic.com/images3_spmp/2024/08/07/6a/1722999115aeb86b408a421d492b2c6f817dbf2e89.jpg"",""https://img.ltwebstatic.com/images3_spmp/2024/08/07/6a/1722999115aeb86b408a421d492b2c6f817dbf2e89.jpg"",""https://img.ltwebstatic.com/images3_spmp/2024/08/07/6a/1722999115aeb86b408a421d492b2c6f817dbf2e89.jpg""]",st2408079398848375,null,"[{""name"":""Color"",""value"":""Red""},{""name"":""Material"",""value"":""PP""}]",40275022,0,null,Sports & Outdoor,null,Skateboard Grip Tape,Unbeatablesale,"[""one-size""]"
Unbeatablesale Hydrocollator 00-1014 5 X 12 In. Half Size Moist Heat Pack,Free Returns ✓ Free Shipping✓. Unbeatablesale Hydrocollator 00-1014 5 X 12 In. Half Size Moist Heat Pack- Hot & Cold Therapies at SHEIN.,25.37,25.37,USD,true,Multicolor,one-size,0,https://img.ltwebstatic.com/images3_spmp/2024/07/28/37/1722182061044d5c17d7f315463f13d423c8d5a6c0.jpg,https://us.shein.com/Hot-Cold-Therapies-c-3511.html,https://us.shein.com/Hydrocollator-00-1014-5-X-12-In.-Half-Size-Moist-Heat-Pack-p-39825759.html,"[{""name"":""Home & Living"",""url"":""https://us.shein.com/Home-Living-c-2032.html""},{""name"":""Home Essentials"",""url"":""https://us.shein.com/Home-Essentials-c-1959.html""},{""name"":""Daily Home Essentials"",""url"":""https://us.shein.com/Daily-Home-Essentials-c-3510.html""},{""name"":""Hot & Cold Therapies"",""url"":""https://us.shein.com/Hot-Cold-Therapies-c-3511.html""}]",US,us.shein.com,3,"[""https://img.ltwebstatic.com/images3_spmp/2024/07/28/37/1722182061044d5c17d7f315463f13d423c8d5a6c0.jpg"",""https://img.ltwebstatic.com/images3_spmp/2024/07/28/37/1722182061044d5c17d7f315463f13d423c8d5a6c0.jpg"",""https://img.ltwebstatic.com/images3_spmp/2024/07/28/37/1722182061044d5c17d7f315463f13d423c8d5a6c0.jpg""]",sh2407283734985534,null,"[{""name"":""Color"",""value"":""Multicolor""},{""name"":""Material"",""value"":""PP""}]",39825759,0,null,Home & Living,null,Hot & Cold Therapies,Unbeatablesale,"[""one-size""]"
"1pc Triangle Pull Flag, Colorful Paper Hanging Banner Decoration For Party","Free Returns ✓ Free Shipping✓. 1pc Triangle Pull Flag, Colorful Paper Hanging Banner Decoration For Party- Banners & Pennants at SHEIN.",1.8,1.37,USD,true,Multicolor,one-size,0,https://img.ltwebstatic.com/images3_pi/2022/10/31/16671803700079c582f51ece0bea9596c695209b94.jpg,https://us.shein.com/Banners-Pennants-c-3427.html,"https://us.shein.com/1pc-Triangle-Pull-Flag,-Colorful-Paper-Hanging-Banner-Decoration-For-Party-p-11909463.html","[{""name"":""Home & Living"",""url"":""https://us.shein.com/Home-Living-c-2032.html""},{""name"":""Event & Party Supplies"",""url"":""https://us.shein.com/Event-Party-Supplies-c-2496.html""},{""name"":""Decorations"",""url"":""https://us.shein.com/Decorations-c-3422.html""},{""name"":""Banners & Pennants"",""url"":""https://us.shein.com/Banners-Pennants-c-3427.html""}]",US,us.shein.com,3,"[""https://img.ltwebstatic.com/images3_pi/2022/10/31/16671803700079c582f51ece0bea9596c695209b94.jpg"",""https://img.ltwebstatic.com/images3_pi/2022/10/31/166718037117c1cc787ed9b0210ce847e989c6bd07.jpg"",""https://img.ltwebstatic.com/images3_pi/2022/10/31/1667180373bb60c50a9a83e57ee4c8cb3c87fe32f9.jpg""]",sh2210297580585011,null,"[{""name"":""Occasion"",""value"":""Birthday Party""},{""name"":""Occasion"",""value"":""Gender Reveal Party""},{""name"":""Occasion"",""value"":""Anniversary Party""},{""name"":""Occasion"",""value"":""Stag Party""},{""name"":""Occasion"",""value"":""Hen Party""},{""name"":""Occasion"",""value"":""Graduation Party""},{""name"":""Occasion"",""value"":""Themed Party""},{""name"":""Color"",""value"":""Multicolor""},{""name"":""Material"",""value"":""Paper""}]",11909463,0,null,Home & Living,null,Banners & Pennants,SHEIN,"[""one-size""]"
"Unbeatablesale Julia Teaspoon, Pack Of 12","Free Returns ✓ Free Shipping✓. Unbeatablesale Julia Teaspoon, Pack Of 12- Fondue Forks And Utensils at SHEIN.",39.11,39.11,USD,true,Multicolor,one-size,0,https://img.ltwebstatic.com/images3_spmp/2024/08/03/5d/1722644598b3087733ba3ff2998ad6fe1380c221c1.jpg,https://us.shein.com/Fondue-Forks-And-Utensils-c-7846.html,"https://us.shein.com/Julia-Teaspoon,-Pack-Of-12-p-40130934.html","[{""name"":""Home & Living"",""url"":""https://us.shein.com/Home-Living-c-2032.html""},{""name"":""Kitchen & Dining"",""url"":""https://us.shein.com/Kitchen-Dining-c-1948.html""},{""name"":""Cookware & Parts"",""url"":""https://us.shein.com/Cookware-Parts-c-3963.html""},{""name"":""Fondue Forks And Utensils"",""url"":""https://us.shein.com/Fondue-Forks-And-Utensils-c-7846.html""}]",US,us.shein.com,3,"[""https://img.ltwebstatic.com/images3_spmp/2024/08/03/5d/1722644598b3087733ba3ff2998ad6fe1380c221c1.jpg"",""https://img.ltwebstatic.com/images3_spmp/2024/08/03/11/1722644601b869b218d9feede232ff40d6bdab0993.jpg"",""https://img.ltwebstatic.com/images3_spmp/2024/08/03/5d/1722644598b3087733ba3ff2998ad6fe1380c221c1.jpg""]",sh2408057051028292,null,"[{""name"":""Color"",""value"":""Multicolor""},{""name"":""Material"",""value"":""PP""}]",40130934,0,null,Home & Living,null,Fondue Forks And Utensils,Unbeatablesale,"[""one-size""]"
Unbeatablesale Johnson Wax 00388 20 Count 1 Quart Freezer Bags,Free Returns ✓ Free Shipping✓. Unbeatablesale Johnson Wax 00388 20 Count 1 Quart Freezer Bags- Food Storage & Transport Tools at SHEIN.,20.67,20.67,USD,true,Multicolor,one-size,0,https://img.ltwebstatic.com/images3_spmp/2024/07/21/30/1721531167616a158e3ccd46fbc85fe8cabf245a23.jpg,https://us.shein.com/Food-Storage-Transport-Tools-c-9751.html,https://us.shein.com/Johnson-Wax-00388-20-Count-1-Quart-Freezer-Bags-p-39286528.html,"[{""name"":""Home & Living"",""url"":""https://us.shein.com/Home-Living-c-2032.html""},{""name"":""Kitchen & Dining"",""url"":""https://us.shein.com/Kitchen-Dining-c-1948.html""},{""name"":""Food Service Equipment & Supplies"",""url"":""https://us.shein.com/Food-Service-Equipment-Supplies-c-6118.html""},{""name"":""Food Storage & Transport Tools"",""url"":""https://us.shein.com/Food-Storage-Transport-Tools-c-9751.html""}]",US,us.shein.com,3,"[""https://img.ltwebstatic.com/images3_spmp/2024/07/21/30/1721531167616a158e3ccd46fbc85fe8cabf245a23.jpg"",""https://img.ltwebstatic.com/images3_spmp/2024/07/21/30/1721531167616a158e3ccd46fbc85fe8cabf245a23.jpg"",""https://img.ltwebstatic.com/images3_spmp/2024/07/21/30/1721531167616a158e3ccd46fbc85fe8cabf245a23.jpg""]",sh2407212993946686,null,"[{""name"":""Color"",""value"":""Multicolor""},{""name"":""Material"",""value"":""PP""}]",39286528,0,null,Home & Living,null,Food Storage & Transport Tools,Unbeatablesale,"[""one-size""]"
"1PC-Natural Jute Rope 164 Feet Long Jute Rope For Crafts Gift Packaging Gardening Wedding Decorations, Christmas Decorations, Halloween Decorations","Free Returns ✓ Free Shipping✓. 1PC-Natural Jute Rope 164 Feet Long Jute Rope For Crafts Gift Packaging Gardening Wedding Decorations, Christmas Decorations, Halloween Decorations- Shredded Tissue Paper at SHEIN.",2,1.52,USD,true,Khaki,1PC(50m/164ft),0,https://img.ltwebstatic.com/images3_pi/2024/08/04/59/17227338587000cf2aaa8a6d6058c1e5cbc13884be.jpg,https://us.shein.com/Shredded-Tissue-Paper-c-6140.html,"https://us.shein.com/1PC-Natural-Jute-Rope-164-Feet-Long-Jute-Rope-For-Crafts-Gift-Packaging-Gardening-Wedding-Decorations,-Christmas-Decorations,-Halloween-Decorations-p-39574350.html","[{""name"":""Home & Living"",""url"":""https://us.shein.com/Home-Living-c-2032.html""},{""name"":""Event & Party Supplies"",""url"":""https://us.shein.com/Event-Party-Supplies-c-2496.html""},{""name"":""Gift Wrapping Supplies"",""url"":""https://us.shein.com/Gift-Wrapping-Supplies-c-6132.html""},{""name"":""Shredded Tissue Paper"",""url"":""https://us.shein.com/Shredded-Tissue-Paper-c-6140.html""}]",US,us.shein.com,11,"[""https://us.shein.com/1PC-Natural-Jute-Rope-164-Feet-Long-Jute-Rope-For-Crafts-Gift-Packaging-Gardening-Wedding-Decorations,-Christmas-Decorations,-Halloween-Decorations-p-39574350.html"",""https://img.ltwebstatic.com/images3_pi/2024/08/04/59/17227338587000cf2aaa8a6d6058c1e5cbc13884be.jpg"",""https://img.ltwebstatic.com/images3_pi/2024/08/04/d3/1722733841e1d54f87549715ea0c8ddee19f968d5e.jpg"",""https://img.ltwebstatic.com/images3_pi/2024/08/04/b6/1722733845b18223fa0caa4b888fc59570bcd07b46.jpg"",""https://img.ltwebstatic.com/images3_pi/2024/08/04/e3/17227338495f5710aa5808f6a7bd9f0bf1d8845ba1.jpg"",""https://img.ltwebstatic.com/images3_pi/2024/08/04/9d/1722733852fd5b64a9c21ebefc48f53a917114b073.jpg"",""https://img.ltwebstatic.com/images3_pi/2024/08/04/34/1722733855717f1baff984c54f0f620f54ad8487a7.jpg"",""https://img.ltwebstatic.com/images3_pi/2024/08/04/cf/1722733838f6661fde82097d61985c584dc240cf34.jpg"",""https://img.ltwebstatic.com/images3_spmp/2024/07/26/ca/172195966912f872bf65a98f7c4868c0f11581875d.jpg"",""https://img.ltwebstatic.com/images3_spmp/2024/07/26/ca/1721959669ee5400b1f277942e8dfb0bc0a092b317.jpg"",""https://img.ltwebstatic.com/images3_spmp/2024/07/26/63/17219596689b9ffed69d99e78168e0df3db831d0fb.jpg""]",sh2407265975697446,null,"[{""name"":""Color"",""value"":""Khaki""},{""name"":""Material"",""value"":""Polyester""},{""name"":""Composition"",""value"":""100% Polyester""}]",39574350,0,null,Home & Living,null,Shredded Tissue Paper,SHEIN,"[""1PC(50m/164ft)""]"
"1pc Transparent Multi-Compartment Makeup Organizer Box, Desktop Multi-Function Storage Box For Cosmetic Brushes, Lipstick, Student Pen Holder","Free Returns ✓ Free Shipping✓. 1pc Transparent Multi-Compartment Makeup Organizer Box, Desktop Multi-Function Storage Box For Cosmetic Brushes, Lipstick, Student Pen Holder- Makeup Organizers at SHEIN.",5.2,2.6,USD,true,Multicolor,Transparent Three-grid Style,0,https://img.ltwebstatic.com/images3_spmp/2024/08/08/2f/17230805478934a5cfcea9c100e2bd29a028c24d65.jpg,https://us.shein.com/Makeup-Organizers-c-3740.html,"https://us.shein.com/1pc-Transparent-Multi-Compartment-Makeup-Organizer-Box,-Desktop-Multi-Function-Storage-Box-For-Cosmetic-Brushes,-Lipstick,-Student-Pen-Holder-p-40983761.html","[{""name"":""Beauty & Health"",""url"":""https://us.shein.com/Beauty-Health-c-1864.html""},{""name"":""Beauty Tools"",""url"":""https://us.shein.com/Beauty-Tools-c-2041.html""},{""name"":""Makeup Bag & Storage"",""url"":""https://us.shein.com/Makeup-Bag-Storage-c-8494.html""},{""name"":""Makeup Organizers"",""url"":""https://us.shein.com/Makeup-Organizers-c-3740.html""}]",US,us.shein.com,8,"[""https://img.ltwebstatic.com/images3_spmp/2024/08/08/2f/17230805478934a5cfcea9c100e2bd29a028c24d65.jpg"",""https://img.ltwebstatic.com/images3_spmp/2024/08/08/aa/1723080546aed240d86d7fff4c01ea4babd3350353.jpg"",""https://img.ltwebstatic.com/images3_spmp/2024/08/08/2f/17230805476cba03bcbb2c78125a9bf7b0633e5389.jpg"",""https://img.ltwebstatic.com/images3_spmp/2024/08/08/2f/1723080547256c54b8342f3232dc2d7d9641157639.jpg"",""https://img.ltwebstatic.com/images3_spmp/2024/08/08/2f/1723080547394352117783ac6bec11bdb8668b94eb.jpg"",""https://img.ltwebstatic.com/images3_spmp/2024/08/08/2f/172308054742f59076699d90eaa950b2873381efeb.jpg"",""https://img.ltwebstatic.com/images3_spmp/2024/08/08/aa/1723080546a3c83e9ad4fa441c37c43580a3b59d34.jpg"",""https://img.ltwebstatic.com/images3_spmp/2024/08/08/86/1723080632a23f4fbdd21601951e95eba4aff158f2.jpg""]",sb2408085767679967,null,"[{""name"":""Way of Placement"",""value"":""Desktop""},{""name"":""Storage Form"",""value"":""Storage Box""},{""name"":""Storage Form"",""value"":""Storage Rack""},{""name"":""Storage Form"",""value"":""Storage Tube""},{""name"":""Color"",""value"":""Multicolor""},{""name"":""Material"",""value"":""PMMA""},{""name"":""Type"",""value"":""Cosmetics Storage""},{""name"":""Type"",""value"":""Makeup Brush Storage""},{""name"":""Type"",""value"":""Cotton Swab Storage""},{""name"":""Type"",""value"":""Nail Art Tool Storage""},{""name"":""Type"",""value"":""Nail Polish Storage""},{""name"":""Type"",""value"":""Perfume Storage""}]",40983761,0,null,Beauty & Health,null,Makeup Organizers,SHEIN,"[""Transparent Three-grid Style""]"
"30pcs Clips,Slide Clips,METAL Slide Clips Paper Office Supplies School Supplies For School","Free Returns ✓ Free Shipping✓. 30pcs Clips,Slide Clips,METAL Slide Clips Paper Office Supplies School Supplies For School- Clips at SHEIN.",5,5,USD,true,N/A,20pcs-Middle(20mm),0,https://img.ltwebstatic.com/images3_spmp/2024/07/20/37/17214700556c80bb3a05cd3790855f4ee0746971a0.jpg,https://us.shein.com/Clips-c-3918.html,"https://us.shein.com/30pcs-Clips,Slide-Clips,METAL-Slide-Clips-Paper-Office-Supplies-School-Supplies-For-School-p-40525973.html","[{""name"":""Office & School Supplies"",""url"":""https://us.shein.com/Office-School-Supplies-c-2297.html""},{""name"":""Office Binding Supplies"",""url"":""https://us.shein.com/Office-Binding-Supplies-c-4142.html""},{""name"":""Clips"",""url"":""https://us.shein.com/Clips-c-3918.html""}]",US,us.shein.com,7,"[""https://img.ltwebstatic.com/images3_spmp/2024/07/20/37/17214700556c80bb3a05cd3790855f4ee0746971a0.jpg"",""https://img.ltwebstatic.com/images3_spmp/2024/07/20/10/172147080971ee483d28beda65a95a7a9dcb2c6ac7.jpg"",""https://img.ltwebstatic.com/images3_spmp/2024/07/20/fd/1721470053b67c0c2d16c1a47a42c190679c8cd08e.jpg"",""https://img.ltwebstatic.com/images3_spmp/2024/07/20/6b/172147005641005a763a9c1e6567b718a89ce9ee3b.jpg"",""https://img.ltwebstatic.com/images3_spmp/2024/07/20/eb/17214700882fe32d0cc46ad6186a22eed4a62e16fa.jpg"",""https://img.ltwebstatic.com/images3_spmp/2024/07/20/61/1721470109e85112120262a4356e959e61a0e1b0e1.jpg"",""https://img.ltwebstatic.com/images3_spmp/2024/07/20/23/17214701085deedca0a757ce6ffc052a9774d34aec.jpg""]",ss2407205864562366,null,"[{""name"":""Material"",""value"":""Iron""},{""name"":""Style Type"",""value"":""Metal Slide Clips""}]",40525973,0,null,Office & School Supplies,null,Clips,SHEIN,"[""20pcs-Middle(20mm)""]"
"32 Pieces Of Random Colors Children's Kitchen Toy Set, Kettle, Cooking Pot, Wok, Pressure Cooker, Knife Shovel Plate, Fruit Food, Suitable For Boys And Girls Educational Toys!","Free Returns ✓ Free Shipping✓. 32 Pieces Of Random Colors Children's Kitchen Toy Set, Kettle, Cooking Pot, Wok, Pressure Cooker, Knife Shovel Plate, Fruit Food, Suitable For Boys And Girls Educational Toys!- Kids Kitchen Playsets at SHEIN.",24.5,24.5,USD,true,Multicolor,one-size,0,https://img.ltwebstatic.com/images3_spmp/2024/08/15/81/17237134234148186a5688dea7f2fbe70f60419443.png,https://us.shein.com/Kids-Kitchen-Playsets-c-7350.html,"https://us.shein.com/32-Pieces-Of-Random-Colors-Children%27s-Kitchen-Toy-Set,-Kettle,-Cooking-Pot,-Wok,-Pressure-Cooker,-Knife-Shovel-Plate,-Fruit-Food,-Suitable-For-Boys-And-Girls-Educational-Toys!-p-40969336.html","[{""name"":""Toys & Games"",""url"":""https://us.shein.com/Toys-Games-c-4328.html""},{""name"":""Kids Dress Up & Pretend Toys"",""url"":""https://us.shein.com/Kids-Dress-Up-Pretend-Toys-c-4669.html""},{""name"":""Kids Kitchen Toys"",""url"":""https://us.shein.com/Kids-Kitchen-Toys-c-7298.html""},{""name"":""Kids Kitchen Playsets"",""url"":""https://us.shein.com/Kids-Kitchen-Playsets-c-7350.html""}]",US,us.shein.com,17,"[""https://img.ltwebstatic.com/images3_spmp/2024/08/15/81/17237134234148186a5688dea7f2fbe70f60419443.png"",""https://img.ltwebstatic.com/images3_spmp/2024/08/15/5a/17237134244c8c2fee9fe2ba54dcccbdd8bad2e35d.png"",""https://img.ltwebstatic.com/images3_spmp/2024/08/15/81/172371342330d8a86b5ff25c1866c234ffbf91713d.png"",""https://img.ltwebstatic.com/images3_spmp/2024/08/15/81/1723713423ecc8ffb575d329478160672f478ba8ac.png"",""https://img.ltwebstatic.com/images3_spmp/2024/08/15/81/1723713423c286c288046857e56d100f3c1514d11c.png"",""https://img.ltwebstatic.com/images3_spmp/2024/08/15/81/1723713423d8a1b85bd9c6bc38576a86686895ba5b.png"",""https://img.ltwebstatic.com/images3_spmp/2024/08/15/81/17237134230847a6ece659ddd11d8583c9ac83fe07.png"",""https://img.ltwebstatic.com/images3_spmp/2024/08/15/81/172371342305725a38bcd336919bc9c167231fbe52.png"",""https://img.ltwebstatic.com/images3_spmp/2024/08/15/81/1723713423028bff47b38c44cd76f3424494d4a6de.png"",""https://img.ltwebstatic.com/images3_spmp/2024/08/15/15/1723713538703ba757da8b72b8bd1ea8f6ea9757d7.png"",""https://img.ltwebstatic.com/images3_spmp/2024/08/15/15/17237135383d44143e1edecb0b04fc51d64ebee313.png"",""https://img.ltwebstatic.com/images3_spmp/2024/08/15/ee/172371353795f696cb483d5f4644d0a94317b40992.png"",""https://img.ltwebstatic.com/images3_spmp/2024/08/15/ee/1723713537eb298b80e558a0c233a8a387d4528d2a.png"",""https://img.ltwebstatic.com/images3_spmp/2024/08/15/ee/17237135372b21b3081585b4582cda828a2631029c.png"",""https://img.ltwebstatic.com/images3_spmp/2024/08/15/ee/1723713537dcbfc7b2ca7e5b955a15ff7267c5e929.png"",""https://img.ltwebstatic.com/images3_spmp/2024/08/15/ee/17237135374e70645ef1ddb9dcdad2e09311115ada.png"",""https://img.ltwebstatic.com/images3_spmp/2024/08/15/ee/1723713537e1d7372a15bf0515bcd21b9d7b36f90a.png""]",sl2408152137118886,null,"[{""name"":""Color"",""value"":""Multicolor""},{""name"":""Power Supply"",""value"":""None""},{""name"":""Suitable Age"",""value"":""3-6years""},{""name"":""Suitable Age"",""value"":""6-12years""},{""name"":""Suitable Age"",""value"":""over 12years""},{""name"":""Material"",""value"":""ABS""}]",40969336,0,null,Toys & Games,null,Kids Kitchen Playsets,SHEIN,"[""one-size""]"
"20pcs Durable White Garden Labels: Reusable, Outdoor And Greenhouse Plant Markers","Free Returns ✓ Free Shipping✓. 20pcs Durable White Garden Labels: Reusable, Outdoor And Greenhouse Plant Markers- Food Packaging Tape & Stickers & Labels at SHEIN.",2.7,2.6,USD,true,White,one-size,0,https://img.ltwebstatic.com/images3_spmp/2024/08/13/b9/17235330876efa80585d39ff695af2e9dd57869a0a_square.jpg,https://us.shein.com/Food-Packaging-Tape-Stickers-Labels-c-12025.html,"https://us.shein.com/20pcs-Durable-White-Garden-Labels:-Reusable,-Outdoor-And-Greenhouse-Plant-Markers-p-40828243.html","[{""name"":""Home & Living"",""url"":""https://us.shein.com/Home-Living-c-2032.html""},{""name"":""Storage & Organization"",""url"":""https://us.shein.com/Storage-Organization-c-2298.html""},{""name"":""Kitchen Storage & Organization"",""url"":""https://us.shein.com/Kitchen-Storage-Organization-c-3559.html""},{""name"":""Food Packaging Tape & Stickers & Labels"",""url"":""https://us.shein.com/Food-Packaging-Tape-Stickers-Labels-c-12025.html""}]",US,us.shein.com,12,"[""https://img.ltwebstatic.com/images3_spmp/2024/08/13/6c/17235329372a41a67e761d3f86e20d7d2a641d02ae_square.jpg"",""https://img.ltwebstatic.com/images3_spmp/2024/08/13/6c/172353293757d9bf1ed5a5d190cb6d41cc60d41f46_square.jpg"",""https://img.ltwebstatic.com/images3_spmp/2024/08/13/6c/17235329377af00f89e842d1b09510c274e1a26505_square.jpg"",""https://img.ltwebstatic.com/images3_spmp/2024/08/13/53/17235329365158589c97eb8f924ed347c1c1090700_square.jpg"",""https://img.ltwebstatic.com/images3_spmp/2024/08/13/eb/1723532976ecb29b8f6e611c2e4d6d18eb9d5e279b_square.jpg"",""https://img.ltwebstatic.com/images3_spmp/2024/08/13/b9/17235330876efa80585d39ff695af2e9dd57869a0a_square.jpg"",""https://img.ltwebstatic.com/images3_spmp/2024/08/13/6d/1723533189452db749c5ad56361b598d08d194795b_square.jpg"",""https://img.ltwebstatic.com/images3_spmp/2024/08/13/d4/172353309782d4f801378e26fda255f8e62559a844.jpg"",""https://img.ltwebstatic.com/images3_spmp/2024/08/13/d4/17235330979e85c9e374680b30738ceb795664bbbb.jpg"",""https://img.ltwebstatic.com/images3_spmp/2024/08/13/d4/1723533097df6ca6822605a2622f84a2f39ae1b83d.jpg"",""https://img.ltwebstatic.com/images3_spmp/2024/08/13/71/1723533096f6a7b948225ffacd7ab0eb160ae02224.jpg"",""https://img.ltwebstatic.com/images3_spmp/2024/08/13/d4/1723533097c98d511f16f4155217d12f7e5e21efdd.jpg""]",sh2408138943177712,null,"[{""name"":""Color"",""value"":""White""},{""name"":""Material"",""value"":""PVC""}]",40828243,0,null,Home & Living,null,Food Packaging Tape & Stickers & Labels,SHEIN,"[""one-size""]"
"1 Set Double-Sided Magnetic Dart Board Kit, Home Use Magnetic Dart Board Game With 4 Random Colored Darts,Adult Party Games Suitable For Halloween/Christmas/Thanksgiving","Free Returns ✓ Free Shipping✓. 1 Set Double-Sided Magnetic Dart Board Kit, Home Use Magnetic Dart Board Game With 4 Random Colored Darts,Adult Party Games Suitable For Halloween/Christmas/Thanksgiving- Dartboards at SHEIN.",10.9,9.6,USD,true,Multicolor,one-size,0,https://img.ltwebstatic.com/images3_spmp/2024/07/29/29/172223538165caea281636e1096dca6ef8eef2e3fd.jpg,"https://us.shein.com/1-Set-Double-Sided-Magnetic-Dart-Board-Kit,-Home-Use-Magnetic-Dart-Board-Game-With-4-Random-Colored-Darts,Adult-Party-Games-Suitable-For-Halloween/Christmas/Dartboards-c-8808.html","https://us.shein.com/1-Set-Double-Sided-Magnetic-Dart-Board-Kit,-Home-Use-Magnetic-Dart-Board-Game-With-4-Random-Colored-Darts,Adult-Party-Games-Suitable-For-Halloween/Christmas/Thanksgiving-p-39319528.html","[{""name"":""Sports & Outdoor"",""url"":""https://us.shein.com/1-Set-Double-Sided-Magnetic-Dart-Board-Kit,-Home-Use-Magnetic-Dart-Board-Game-With-4-Random-Colored-Darts,Adult-Party-Games-Suitable-For-Halloween/Christmas/Sports-Outdoor-c-3195.html""},{""name"":""Game Room & Backyard"",""url"":""https://us.shein.com/1-Set-Double-Sided-Magnetic-Dart-Board-Kit,-Home-Use-Magnetic-Dart-Board-Game-With-4-Random-Colored-Darts,Adult-Party-Games-Suitable-For-Halloween/Christmas/Game-Room-Backyard-c-5290.html""},{""name"":""Dart Games"",""url"":""https://us.shein.com/1-Set-Double-Sided-Magnetic-Dart-Board-Kit,-Home-Use-Magnetic-Dart-Board-Game-With-4-Random-Colored-Darts,Adult-Party-Games-Suitable-For-Halloween/Christmas/Dart-Games-c-8807.html""},{""name"":""Dartboards"",""url"":""https://us.shein.com/1-Set-Double-Sided-Magnetic-Dart-Board-Kit,-Home-Use-Magnetic-Dart-Board-Game-With-4-Random-Colored-Darts,Adult-Party-Games-Suitable-For-Halloween/Christmas/Dartboards-c-8808.html""}]",US,us.shein.com,4,"[""https://img.ltwebstatic.com/images3_spmp/2024/07/29/29/172223538165caea281636e1096dca6ef8eef2e3fd.jpg"",""https://img.ltwebstatic.com/images3_spmp/2024/07/29/ea/17222353804c0bb006092f51302796358013cb34d4.jpg"",""https://img.ltwebstatic.com/images3_spmp/2024/07/29/ea/1722235380a70d315a74161764ac0f47e894f0d7e2.jpg"",""https://img.ltwebstatic.com/images3_spmp/2024/07/29/ea/172223538032d33ed50a7778438a323023e7415022.jpg""]",st2407227160563605,null,"[{""name"":""Color"",""value"":""Multicolor""},{""name"":""Material"",""value"":""PE""}]",39319528,0,null,Sports & Outdoor,null,Dartboards,SHEIN,"[""one-size""]"
"1pc Transparent Razor Storage Box, Dustproof Razor Holder, Portable Travel Accessory Case","Free Returns ✓ Free Shipping✓. 1pc Transparent Razor Storage Box, Dustproof Razor Holder, Portable Travel Accessory Case- Commercial Personal Suppliers Storages at SHEIN.",1.7,1.36,USD,true,Multicolor,Transparent Color - 1 Piece,0,https://img.ltwebstatic.com/images3_spmp/2024/07/31/21/172240843885bc940ed3a85621023d079c46cc874a_square.jpg,https://us.shein.com/Commercial-Personal-Suppliers-Storages-c-12910.html,"https://us.shein.com/1pc-Transparent-Razor-Storage-Box,-Dustproof-Razor-Holder,-Portable-Travel-Accessory-Case-p-40304810.html","[{""name"":""Home & Living"",""url"":""https://us.shein.com/Home-Living-c-2032.html""},{""name"":""Household Cleaning & Personal Care"",""url"":""https://us.shein.com/Household-Cleaning-Personal-Care-c-3988.html""},{""name"":""Janitorial & Sanitation Supplies"",""url"":""https://us.shein.com/Janitorial-Sanitation-Supplies-c-9451.html""},{""name"":""Commercial Personal Suppliers Storages"",""url"":""https://us.shein.com/Commercial-Personal-Suppliers-Storages-c-12910.html""}]",US,us.shein.com,5,"[""https://img.ltwebstatic.com/images3_spmp/2024/07/31/21/172240843885bc940ed3a85621023d079c46cc874a_square.jpg"",""https://img.ltwebstatic.com/images3_spmp/2024/07/31/21/17224084386789502437824475974f240ed66a4f60_square.jpg"",""https://img.ltwebstatic.com/images3_spmp/2024/07/31/21/17224084384e74b71580e2c00fa551a5321439c835_square.jpg"",""https://img.ltwebstatic.com/images3_spmp/2024/07/31/21/1722408438f50d0f2b511619c4c3449b0a30081891_square.jpg"",""https://img.ltwebstatic.com/images3_spmp/2024/07/31/21/17224084383c684168fb85c334dc4d9079348a0319_square.jpg""]",sh2407315511520823,null,"[{""name"":""Color"",""value"":""Multicolor""},{""name"":""Material"",""value"":""PVC""}]",40304810,0,null,Home & Living,null,Commercial Personal Suppliers Storages,SHEIN,"[""Transparent Color - 1 Piece""]"
1PC Moth Tarot Tapestry Retro Sun Rainbow Vintage Boho Wall Hanging Astrology Divination Star Room Bedroom Home Decor Cloth Gift,Free Returns ✓ Free Shipping✓. 1PC Moth Tarot Tapestry Retro Sun Rainbow Vintage Boho Wall Hanging Astrology Divination Star Room Bedroom Home Decor Cloth Gift- Decorative Tapestry at SHEIN.,3.2,2.72,USD,true,Black,73*95,0,https://img.ltwebstatic.com/images3_spmp/2024/08/07/cb/1723044864e7c81e4da16daaa5f4fe2655ea8c9abd_square.jpg,https://us.shein.com/Decorative-Tapestry-c-7988.html,https://us.shein.com/1PC-Moth-Tarot-Tapestry-Retro-Sun-Rainbow-Vintage-Boho-Wall-Hanging-Astrology-Divination-Star-Room-Bedroom-Home-Decor-Cloth-Gift-p-40381291.html,"[{""name"":""Home & Living"",""url"":""https://us.shein.com/Home-Living-c-2032.html""},{""name"":""Home Decor"",""url"":""https://us.shein.com/Home-Decor-c-1954.html""},{""name"":""Decorative Textile"",""url"":""https://us.shein.com/Decorative-Textile-c-7916.html""},{""name"":""Decorative Tapestry"",""url"":""https://us.shein.com/Decorative-Tapestry-c-7988.html""}]",US,us.shein.com,13,"[""https://img.ltwebstatic.com/images3_spmp/2024/08/07/b3/17230448443a2b8a384dfa89ed6c087c61b0aed78b_square.jpg"",""https://img.ltwebstatic.com/images3_spmp/2024/08/07/cb/1723044864e7c81e4da16daaa5f4fe2655ea8c9abd_square.jpg"",""https://img.ltwebstatic.com/images3_spmp/2024/08/07/7b/1723044865d001add8674013a52aa2d57cf54eab61_square.jpg"",""https://img.ltwebstatic.com/images3_spmp/2024/08/07/7b/17230448655bb3082655533a1dc85691e8a9e1ba28_square.jpg"",""https://img.ltwebstatic.com/images3_spmp/2024/08/07/7b/172304486534b4b688d34fb9f090bfa492377bee66_square.jpg"",""https://img.ltwebstatic.com/images3_spmp/2024/08/07/7b/17230448657b7a46595d94e02255738ce52be15cbd_square.jpg"",""https://img.ltwebstatic.com/images3_spmp/2024/08/07/7b/1723044865a755aa1a299da4dfee957cc02bfafefe_square.jpg"",""https://img.ltwebstatic.com/images3_spmp/2024/08/07/7d/1723044916dedc75d8a6e913ee0307d0556cf89649_square.jpg"",""https://img.ltwebstatic.com/images3_spmp/2024/08/07/80/1723044880597592d6e20220d9d384d97da2d05faf.jpg"",""https://img.ltwebstatic.com/images3_spmp/2024/08/07/80/1723044880788b5d1ba272b45b76c7751016a72417.jpg"",""https://img.ltwebstatic.com/images3_spmp/2024/08/07/80/1723044880e138443ec51366030c22949fe93ae711.jpg"",""https://img.ltwebstatic.com/images3_spmp/2024/08/07/0e/172304488155e4f0630db4f87c1de370506abcea04.jpg"",""https://img.ltwebstatic.com/images3_spmp/2024/08/07/80/1723044880f536c52d8f7eb2af06246694dc142e84.jpg""]",sh2408077933876344,null,"[{""name"":""Composition"",""value"":""100% Polyester""},{""name"":""Color"",""value"":""Black""},{""name"":""Material"",""value"":""Polyester""}]",40381291,0,null,Home & Living,null,Decorative Tapestry,SHEIN,"[""73*95""]"
1PC LED Solar Light Outdoor Dandelion Lights Garden Decoration String Lamp Courtyard IP65 Waterproof Solar Light Fairy Lamps,Free Returns ✓ Free Shipping✓. 1PC LED Solar Light Outdoor Dandelion Lights Garden Decoration String Lamp Courtyard IP65 Waterproof Solar Light Fairy Lamps- Lawn Lamps at SHEIN.,57.5,48.88,USD,true,Black and White,Warm Light,0,https://img.ltwebstatic.com/images3_pi/2024/08/20/c2/1724128143f8d510140c3e229888b1a728036f6059.jpg,https://us.shein.com/Lawn-Lamps-c-12985.html,https://us.shein.com/1PC-LED-Solar-Light-Outdoor-Dandelion-Lights-Garden-Decoration-String-Lamp-Courtyard-IP65-Waterproof-Solar-Light-Fairy-Lamps-p-40297407.html,"[{""name"":""Home & Living"",""url"":""https://us.shein.com/Home-Living-c-2032.html""},{""name"":""Outdoor & Garden"",""url"":""https://us.shein.com/Outdoor-Garden-c-3350.html""},{""name"":""Outdoor & Garden Lighting"",""url"":""https://us.shein.com/Outdoor-Garden-Lighting-c-11078.html""},{""name"":""Lawn Lamps"",""url"":""https://us.shein.com/Lawn-Lamps-c-12985.html""}]",US,us.shein.com,10,"[""https://img.ltwebstatic.com/images3_pi/2024/08/20/c2/1724128143f8d510140c3e229888b1a728036f6059.jpg"",""https://img.ltwebstatic.com/images3_pi/2024/08/20/59/172412814183cb0772ba46d7a367ec39920d9858ed.jpg"",""https://img.ltwebstatic.com/images3_pi/2024/08/20/14/17241281393f7d3cb95aea8c8c876b0781dea77bdb.jpg"",""https://img.ltwebstatic.com/images3_pi/2024/08/20/45/1724128144596fc23658a8e5d36c73e9d346a2749f.jpg"",""https://img.ltwebstatic.com/images3_pi/2024/08/20/f6/1724128146e7377a105d832fbeeda4b70ecfc333a0.jpg"",""https://img.ltwebstatic.com/images3_spmp/2024/08/05/b1/1722849074902aad9962ce77864d9b2275d3afe899.jpg"",""https://img.ltwebstatic.com/images3_spmp/2024/08/05/b1/1722849074ef7873efe82e7160f6b1f7bb7b034d85.jpg"",""https://img.ltwebstatic.com/images3_spmp/2024/08/05/87/17228490754725755a1df5dd50ace00b4ad34f2406.jpg"",""https://img.ltwebstatic.com/images3_spmp/2024/08/05/b1/172284907462cf72110ec6ee853c3b173cac3ba521.jpg"",""https://img.ltwebstatic.com/images3_spmp/2024/08/05/b1/1722849074f5b679ff79ae6c5d658ec776d4047aee.jpg""]",sh2408050094201760,null,"[{""name"":""Color"",""value"":""Black and White""},{""name"":""Power Supply"",""value"":""Solar Power""},{""name"":""Material"",""value"":""Iron""},{""name"":""Batteries Included"",""value"":""Yes""}]",40297407,0,null,Home & Living,null,Lawn Lamps,SHEIN,"[""Warm Light""]"
"Unbeatablesale 36 X 72 In. Cordless Solstice Vinyl Roll-Up Blind, Woodtone","Free Returns ✓ Free Shipping✓. Unbeatablesale 36 X 72 In. Cordless Solstice Vinyl Roll-Up Blind, Woodtone- Window Valance at SHEIN.",34.69,34.69,USD,true,Multicolor,One-size,0,https://img.ltwebstatic.com/images3_spmp/2024/08/03/ab/1722646868ce5b6fcb144a90a2daf4f6f3b1438fc8.jpg,https://us.shein.com/Window-Valance-c-3459.html,"https://us.shein.com/36-X-72-In.-Cordless-Solstice-Vinyl-Roll-Up-Blind,-Woodtone-p-40060586.html","[{""name"":""Home Textile"",""url"":""https://us.shein.com/Home-Textile-c-4083.html""},{""name"":""Window Treatments"",""url"":""https://us.shein.com/Window-Treatments-c-3446.html""},{""name"":""Window Valance"",""url"":""https://us.shein.com/Window-Valance-c-3459.html""}]",US,us.shein.com,3,"[""https://img.ltwebstatic.com/images3_spmp/2024/08/03/ab/1722646868ce5b6fcb144a90a2daf4f6f3b1438fc8.jpg"",""https://img.ltwebstatic.com/images3_spmp/2024/08/03/49/172264687205bd5a596d5542a26a71d9d824c8776a.jpg"",""https://img.ltwebstatic.com/images3_spmp/2024/08/03/a6/172264687580b3348b196b72fd2ba0684563ba4b1a.jpg""]",sf2408039097055343,null,"[{""name"":""Color"",""value"":""Multicolor""},{""name"":""Style"",""value"":""Other""},{""name"":""Style"",""value"":""Simple""},{""name"":""Style"",""value"":""Daily""},{""name"":""Material"",""value"":""PP""},{""name"":""Pattern Type"",""value"":""Plain""}]",40060586,0,null,Home Textile,null,Window Valance,Unbeatablesale,"[""One-size""]"
"140cm*100cm Warm Flannel Wearable Throw Blanket, Slouchy Office TV Blanket","Free Returns ✓ Free Shipping✓. 140cm*100cm Warm Flannel Wearable Throw Blanket, Slouchy Office TV Blanket- Wearable Blankets at SHEIN.",16.8,16.8,USD,true,Dark Blue Check,140*100,0,https://img.ltwebstatic.com/images3_spmp/2023/12/07/0d/1701931178e4bf4e058cb1494ee7b5d7e3551d699d_square.jpg,https://us.shein.com/Wearable-Blankets-c-4249.html,"https://us.shein.com/140-X-100cm-Office-Warm-Blanket,-Wearable-Flannel-Throw-Blanket-Shawl-For-Slouchy,-TV-Couch-p-40299987.html","[{""name"":""Home Textile"",""url"":""https://us.shein.com/Home-Textile-c-4083.html""},{""name"":""Blankets & Throws"",""url"":""https://us.shein.com/Blankets-Throws-c-8354.html""},{""name"":""Wearable Blankets"",""url"":""https://us.shein.com/Wearable-Blankets-c-4249.html""}]",US,us.shein.com,11,"[""https://img.ltwebstatic.com/images3_spmp/2023/12/07/0d/1701931178e4bf4e058cb1494ee7b5d7e3551d699d_square.jpg"",""https://img.ltwebstatic.com/images3_spmp/2023/12/07/0d/1701931178ce8f75e6596388cc2731c391c384bffe_square.jpg"",""https://img.ltwebstatic.com/images3_spmp/2023/12/15/52/1702610515975d8e7a9c8787553b2788ac6aeabf4d_square.jpg"",""https://img.ltwebstatic.com/images3_spmp/2023/12/07/0d/1701931178166953c11e37352c3222cd380b21cf3b_square.jpg"",""https://img.ltwebstatic.com/images3_spmp/2023/12/07/0d/1701931178c5f553d6bcb0563ab7dc08d8a362e60e_square.jpg"",""https://img.ltwebstatic.com/images3_spmp/2023/12/07/0d/17019311780fba20729cba19e5305d4f23fba9fea3_square.jpg"",""https://img.ltwebstatic.com/images3_spmp/2023/12/15/95/17026104415f51bad13abec458f46d1fa2c68787aa.png"",""https://img.ltwebstatic.com/images3_spmp/2023/12/15/9d/170261047883f930bdbeb2e156128b576c8df8e372.jpg"",""https://img.ltwebstatic.com/images3_spmp/2023/12/15/83/17026104400c57d38fa06e3034fa65d957100b2c52.jpg"",""https://img.ltwebstatic.com/images3_spmp/2023/12/15/95/1702610441f8d83e916bae9a309751fa7f843d6aac.jpg"",""https://img.ltwebstatic.com/images3_spmp/2023/12/15/83/170261044088266815cf0c352fa60dd821eb80cc8b.jpg""]",sf2408068764768789,null,"[{""name"":""Occasion"",""value"":""Night Out""},{""name"":""Features"",""value"":""Portable""},{""name"":""Occasion"",""value"":""Home""},{""name"":""Features"",""value"":""Breathable""},{""name"":""Features"",""value"":""Lightweight""},{""name"":""Care Instructions"",""value"":""Hand wash, machine wash, dry cleaning can be used""},{""name"":""Color"",""value"":""Dark Blue Check""},{""name"":""Composition"",""value"":""100% Polyester""},{""name"":""Style"",""value"":""Simple""},{""name"":""Room"",""value"":""Living Room""},{""name"":""Room"",""value"":""Bedroom""},{""name"":""Room"",""value"":""Bathroom""},{""name"":""Room"",""value"":""Outdoor""},{""name"":""Washing Temperature"",""value"":""The washing temperature is below 30 degrees Celsius""},{""name"":""Product Technique"",""value"":""Printing""},{""name"":""Material"",""value"":""Other Polyester""}]",40299987,0,null,Home Textile,null,Wearable Blankets,SHEIN,"[""140*100""]"
Anewsta Women's Casual Solid Color Hooded Short Sleeve Padded Coat For Winter,Free Returns ✓ Free Shipping✓. Anewsta Women's Casual Solid Color Hooded Short Sleeve Padded Coat For Winter- Women Winter Coats at SHEIN.,76.79,65.27,USD,true,Black,one-size,0,https://img.ltwebstatic.com/images3_pi/2024/07/18/43/17212988859673db6f4f1e517dd05371ad1eb858fa_wk_shein.jpg,https://us.shein.com/Women-Winter-Coats-c-3052.html,https://us.shein.com/Women%27s-Casual-Solid-Color-Hooded-Short-Sleeve-Padded-Coat-For-Winter-p-38947416.html,"[{""name"":""Women Apparel"",""url"":""https://us.shein.com/Women-Apparel-c-4436.html""},{""name"":""Women Clothing"",""url"":""https://us.shein.com/Women-Clothing-c-2030.html""},{""name"":""Women Outerwear"",""url"":""https://us.shein.com/Women-Outerwear-c-2037.html""},{""name"":""Women Winter Coats"",""url"":""https://us.shein.com/Women-Winter-Coats-c-3052.html""}]",US,us.shein.com,16,"[""https://img.ltwebstatic.com/images3_pi/2024/07/18/43/17212988859673db6f4f1e517dd05371ad1eb858fa_wk_shein.jpg"",""https://img.ltwebstatic.com/images3_pi/2024/07/18/2f/17212988895be5d8f6fc17c5a44ccc9b6ac6fa4cb4_wk_shein.jpg"",""https://img.ltwebstatic.com/images3_pi/2024/07/18/67/1721298893b25987cd2dcce6b2ee4a0fbace6fce16_wk_shein.jpg"",""https://img.ltwebstatic.com/images3_pi/2024/07/18/9c/172129889784306a8c12fe4abf07ba43da1398ab05_wk_shein.jpg"",""https://img.ltwebstatic.com/images3_pi/2024/07/18/14/1721298902f0555e57fec2b586e2362cf5826af4e4_wk_shein.jpg"",""https://img.ltwebstatic.com/images3_pi/2024/07/18/9f/17212989051e2fef02d283f045a0e5c283319993e2_wk_shein.jpg"",""https://img.ltwebstatic.com/images3_pi/2024/07/18/9c/17212989099cb06d478e1f6f099f41078b869f071d_wk_shein.jpg"",""https://img.ltwebstatic.com/images3_pi/2024/07/12/38/17207859804dfe3b808b83d745ca6dad832f7375fa.jpg"",""https://img.ltwebstatic.com/images3_pi/2024/07/12/7e/1720785982e1af330aace07110e666664e4aaf8610.jpg"",""https://img.ltwebstatic.com/images3_pi/2024/07/12/d5/172078598400e1f875e061f9d61984c260099a7e8a.jpg"",""https://img.ltwebstatic.com/images3_pi/2024/07/12/eb/1720785985196b1b613758c245bc076bcee2ad5c27.jpg"",""https://img.ltwebstatic.com/images3_pi/2024/07/12/40/1720785987f97183e5c9c2fa2478b9efe741869bcf.jpg"",""https://img.ltwebstatic.com/images3_pi/2024/07/12/af/172078598965dfe4a781c1bbe6e011621831aec945.jpg"",""https://img.ltwebstatic.com/images3_pi/2024/07/12/52/1720785991f72f33116edabbb7bc1015bed57fdbe8.jpg"",""https://img.ltwebstatic.com/images3_pi/2024/07/12/8b/1720785992897b47f1a7586c8fa71ee9821c10391a.jpg"",""https://img.ltwebstatic.com/images3_pi/2024/07/12/5c/17207859948edb518ad1c16bd398a4880e861acffe.jpg""]",sz2404171585491906,null,"[{""name"":""Details"",""value"":""Zipper""},{""name"":""Sleeve Type"",""value"":""Drop Shoulder""},{""name"":""Details"",""value"":""Pocket""},{""name"":""Style"",""value"":""Casual""},{""name"":""Placket"",""value"":""Zipper""},{""name"":""Type"",""value"":""Puffer""},{""name"":""Neckline"",""value"":""Hooded""},{""name"":""Color"",""value"":""Black""},{""name"":""Pattern Type"",""value"":""Plain""},{""name"":""Sleeve Length"",""value"":""Sleeveless""},{""name"":""Length"",""value"":""Regular""},{""name"":""Fit Type"",""value"":""Oversized""},{""name"":""Fabric"",""value"":""Non-Stretch""},{""name"":""Filling"",""value"":""100% Polyester""},{""name"":""Material"",""value"":""Woven Fabric""},{""name"":""Composition"",""value"":""100% Polyester""},{""name"":""Temperature"",""value"":""Late Fall (10-17℃/50-63℉)""},{""name"":""Care Instructions"",""value"":""Machine wash or professional dry clean""},{""name"":""Pockets"",""value"":""Yes""},{""name"":""Body"",""value"":""Lined""},{""name"":""Belt"",""value"":""No""},{""name"":""Sheer"",""value"":""No""},{""name"":""Lining"",""value"":""100% Polyester""}]",38947416,0,null,Women Apparel,null,Women Winter Coats,Anewsta,"[""one-size""]"
Unbeatablesale 34 X 54 In. Piccadilly Floral Indoor & Outdoor Area Rug,Free Returns ✓ Free Shipping✓. Unbeatablesale 34 X 54 In. Piccadilly Floral Indoor & Outdoor Area Rug- Decorative Rugs at SHEIN.,72.21,72.21,USD,true,Multicolor,one-size,0,https://img.ltwebstatic.com/images3_spmp/2024/08/03/42/17226458462577f0bca1605480fe22bcbeacc2d22c.jpg,https://us.shein.com/Decorative-Rugs-c-7985.html,https://us.shein.com/34-X-54-In.-Piccadilly-Floral-Indoor-&amp;-Outdoor-Area-Rug-p-40132355.html,"[{""name"":""Home & Living"",""url"":""https://us.shein.com/Home-Living-c-2032.html""},{""name"":""Home Decor"",""url"":""https://us.shein.com/Home-Decor-c-1954.html""},{""name"":""Decorative Textile"",""url"":""https://us.shein.com/Decorative-Textile-c-7916.html""},{""name"":""Decorative Rugs"",""url"":""https://us.shein.com/Decorative-Rugs-c-7985.html""}]",US,us.shein.com,3,"[""https://img.ltwebstatic.com/images3_spmp/2024/08/03/42/17226458462577f0bca1605480fe22bcbeacc2d22c.jpg"",""https://img.ltwebstatic.com/images3_spmp/2024/08/03/b7/1722645849cfd1b06c8733ccdcf2ba15b67977d03c.jpg"",""https://img.ltwebstatic.com/images3_spmp/2024/08/03/42/17226458462577f0bca1605480fe22bcbeacc2d22c.jpg""]",sh2408059639660922,null,"[{""name"":""Color"",""value"":""Multicolor""},{""name"":""Material"",""value"":""PP""}]",40132355,0,null,Home & Living,null,Decorative Rugs,Unbeatablesale,"[""one-size""]"
Junsun Android 13 Car Radio Stereo For Hundai Santa Fe 2 2006 2007 2008 2009 2010 2011 2012 Car Auto Radio Built-In Wireless Carplay For Apple & Android Auto 9 Inch Automotive Multimedia Touch Screen 2GB RAM 32GB ROM Car Intelligent Systems Head Unit With GPS Navigation DSP Bluetooth,Free Returns ✓ Free Shipping✓. Junsun Android 13 Car Radio Stereo For Hundai Santa Fe 2 2006 2007 2008 2009 2010 2011 2012 Car Auto Radio Built-In Wireless Carplay For Apple & Android Auto 9 Inch Automotive Multimedia Touch Screen 2GB RAM 32GB ROM Car Intelligent Systems Head Unit With GPS Navigation DSP Bluetooth- Car Intelligence System at SHEIN.,148.6,105.5,USD,true,WiFi 2+32GB,"9""",0,https://img.ltwebstatic.com/images3_spmp/2024/08/22/8d/1724320460505d5f92185ac1622479673d08b3e9b3.jpg,https://us.shein.com/Car-Intelligence-System-c-4681.html,https://us.shein.com/Junsun-Android-13-Car-Radio-Stereo-For-Hundai-Santa-Fe-2-2006-2007-2008-2009-2010-2011-2012-Car-Auto-Radio-Built-In-Wireless-Carplay-For-Apple-&amp;-Android-Auto-9-Inch-Automotive-Multimedia-Touch-Screen-2GB-RAM-32GB-ROM-Car-Intelligent-Systems-Head-Unit-With-GPS-Navigation-DSP-Bluetooth-p-39664424.html,"[{""name"":""Automotive"",""url"":""https://us.shein.com/Automotive-c-3657.html""},{""name"":""Car Electronics"",""url"":""https://us.shein.com/Car-Electronics-c-2998.html""},{""name"":""Car Intelligence System"",""url"":""https://us.shein.com/Car-Intelligence-System-c-4681.html""}]",US,us.shein.com,22,"[""https://us.shein.com/Junsun-Android-13-Car-Radio-Stereo-For-Hundai-Santa-Fe-2-2006-2007-2008-2009-2010-2011-2012-Car-Auto-Radio-Built-In-Wireless-Carplay-For-Apple-&amp;-Android-Auto-9-Inch-Automotive-Multimedia-Touch-Screen-2GB-RAM-32GB-ROM-Car-Intelligent-Systems-Head-Unit-With-GPS-Navigation-DSP-Bluetooth-p-39664424.html"",""https://img.ltwebstatic.com/images3_spmp/2024/08/22/8d/1724320460505d5f92185ac1622479673d08b3e9b3.jpg"",""https://img.ltwebstatic.com/images3_spmp/2024/08/09/f1/172316778009fd0861f68c0cb13fe77b99b191d1ed.jpg"",""https://img.ltwebstatic.com/images3_spmp/2024/07/18/4b/17212937852beb50ddc5d82ac122b4a9b876453212.jpg"",""https://img.ltwebstatic.com/images3_spmp/2024/08/22/49/172432039018e990cb4297a538de9521c5b0f70ffa.jpg"",""https://img.ltwebstatic.com/images3_spmp/2024/08/22/d0/17243203919ce3317d65efed1fb24196427fc7b79a.jpg"",""https://img.ltwebstatic.com/images3_spmp/2024/08/22/b8/1724320393bf41860edd59d00e5492102ec6b9d019.jpg"",""https://img.ltwebstatic.com/images3_spmp/2024/07/29/49/172224168560e00db488ec768ed0e8e56d14ee315f.jpg"",""https://img.ltwebstatic.com/images3_spmp/2024/07/29/49/1722241685401ebe9f81f198a2a289f3e6807662c4.jpg"",""https://img.ltwebstatic.com/images3_spmp/2024/08/22/49/17243203906f347d0a4e4eff566ba7d7d72fa28983.jpg"",""https://img.ltwebstatic.com/images3_spmp/2024/07/29/49/1722241685c41f8e8e67875f968bab039488a1041e.jpg"",""https://img.ltwebstatic.com/images3_spmp/2024/07/29/49/1722241685104e49b0e4dc2397d36b47925eb6cef7.jpg"",""https://img.ltwebstatic.com/images3_spmp/2024/08/09/e2/1723167784e210bb10150876867827b0d860a91aad.jpg"",""https://img.ltwebstatic.com/images3_spmp/2024/07/18/ea/17212937916ffa07955f0b4e5fad017b833e4c5e0e.jpg"",""https://img.ltwebstatic.com/images3_spmp/2024/08/22/26/1724320395eb10230ad17184b2be001803fac36914.jpg"",""https://img.ltwebstatic.com/images3_spmp/2024/08/22/0a/1724320397851ad5d737ed8fdc7f93dfdd5f4782ec.jpg"",""https://img.ltwebstatic.com/images3_spmp/2024/08/22/5a/17243203967886c71b275806d936241481721e813a.jpg"",""https://img.ltwebstatic.com/images3_spmp/2024/07/29/e0/1722241690a88c617484cfa92de9543f28ef2bf0aa.jpg"",""https://img.ltwebstatic.com/images3_spmp/2024/07/05/f9/1720169667933783bacc15a58cd0c7378fbe84f468.jpg"",""https://img.ltwebstatic.com/images3_spmp/2024/07/05/05/17201696685157527209a8fddb4b71a9c21a7d7cee.jpg"",""https://img.ltwebstatic.com/images3_spmp/2024/07/05/05/1720169668799b01680657cc49d551b77d2f25921d.jpg"",""https://img.ltwebstatic.com/images3_spmp/2024/08/22/55/17243203947f511e736f6e65250b47802a45c8a3d2.jpg""]",sq2407187482392488,null,"[{""name"":""Color"",""value"":""WiFi 2+32GB""},{""name"":""Type"",""value"":""Customized""},{""name"":""Display Size"",""value"":""9 Inch""},{""name"":""Touch Type"",""value"":""Capacitive Touch Screen""},{""name"":""Screen Resolution"",""value"":""720P""},{""name"":""CPU"",""value"":""Others""},{""name"":""System"",""value"":""Android""},{""name"":""CPU Core"",""value"":""Quad-Core""},{""name"":""ROM Memory Size"",""value"":""32GB""},{""name"":""RAM"",""value"":""2GB""},{""name"":""Language"",""value"":""English""},{""name"":""Language"",""value"":""French""},{""name"":""Language"",""value"":""Spanish""},{""name"":""Language"",""value"":""Portuguese""},{""name"":""Language"",""value"":""Arabic""},{""name"":""Language"",""value"":""German""},{""name"":""Language"",""value"":""Italian""},{""name"":""Language"",""value"":""Russian""},{""name"":""Language"",""value"":""Turkish""},{""name"":""Language"",""value"":""Hebrew""},{""name"":""Compatible Brand"",""value"":""Hyundai""},{""name"":""Batteries Included"",""value"":""No""},{""name"":""Connection Method"",""value"":""Wireless""},{""name"":""Connection Method"",""value"":""WiFi""},{""name"":""Material"",""value"":""Iron""},{""name"":""Certification"",""value"":""CE""}]",39664424,0,null,Automotive,null,Car Intelligence System,SHEIN,"[""9\""""]"
Unbeatablesale Swan Votive Holder Pairs,Free Returns ✓ Free Shipping✓. Unbeatablesale Swan Votive Holder Pairs- Decorative Bowls & Plates at SHEIN.,28.23,28.23,USD,true,Multicolor,one-size,0,https://img.ltwebstatic.com/images3_spmp/2024/06/15/6d/171845751429ab85dd1ee8c60a0be42cdc178ec9d2.jpg,https://us.shein.com/Decorative-Bowls-Plates-c-10044.html,https://us.shein.com/Swan-Votive-Holder-Pairs-p-37004563.html,"[{""name"":""Home & Living"",""url"":""https://us.shein.com/Home-Living-c-2032.html""},{""name"":""Kitchen & Dining"",""url"":""https://us.shein.com/Kitchen-Dining-c-1948.html""},{""name"":""Table Decorations & Kitchen Fabrics"",""url"":""https://us.shein.com/Table-Decorations-Kitchen-Fabrics-c-4020.html""},{""name"":""Decorative Bowls & Plates"",""url"":""https://us.shein.com/Decorative-Bowls-Plates-c-10044.html""}]",US,us.shein.com,3,"[""https://img.ltwebstatic.com/images3_spmp/2024/06/15/6d/171845751429ab85dd1ee8c60a0be42cdc178ec9d2.jpg"",""https://img.ltwebstatic.com/images3_spmp/2024/06/15/46/1718457516304ff3eec675737b00fceb6d45d80e3d.jpg"",""https://img.ltwebstatic.com/images3_spmp/2024/06/15/6d/171845751429ab85dd1ee8c60a0be42cdc178ec9d2.jpg""]",sh2406151983232995,null,"[{""name"":""Color"",""value"":""Multicolor""},{""name"":""Material"",""value"":""PP""}]",37004563,0,null,Home & Living,null,Decorative Bowls & Plates,Unbeatablesale,"[""one-size""]"
"1pc Ultra Thin Transparent Hard PC Case Compatible With Samsung Galaxy Z Flip 5 5G, Scratch Resistant","Free Returns ✓ Free Shipping✓. 1pc Ultra Thin Transparent Hard PC Case Compatible With Samsung Galaxy Z Flip 5 5G, Scratch Resistant- Basic Phone Cases at SHEIN.",2,2,USD,true,Clear,Galaxy Z Flip5 5G,0,https://img.ltwebstatic.com/images3_spmp/2024/07/26/9a/17219942275be46ee6bafbadfefd7689ea96e4d3db.jpg,https://us.shein.com/Basic-Phone-Cases-c-1925.html,"https://us.shein.com/1pc-Ultra-Thin-Transparent-Hard-PC-Case-Compatible-With-Samsung-Galaxy-Z-Flip-5-5G,-Scratch-Resistant-p-39627178.html","[{""name"":""Cell Phones & Accessories"",""url"":""https://us.shein.com/Cell-Phones-Accessories-c-2274.html""},{""name"":""Cases"",""url"":""https://us.shein.com/Cases-c-3340.html""},{""name"":""Phone Cases"",""url"":""https://us.shein.com/Phone-Cases-c-8953.html""},{""name"":""Basic Phone Cases"",""url"":""https://us.shein.com/Basic-Phone-Cases-c-1925.html""}]",US,us.shein.com,10,"[""https://img.ltwebstatic.com/images3_spmp/2024/07/26/9a/17219942275be46ee6bafbadfefd7689ea96e4d3db.jpg"",""https://img.ltwebstatic.com/images3_spmp/2024/07/26/9a/17219942275f99619bb18674f13527b5fce1315af9.jpg"",""https://img.ltwebstatic.com/images3_spmp/2024/07/26/9a/17219942272d2416a2c817dd7a57e177cd8a855dac.jpg"",""https://img.ltwebstatic.com/images3_spmp/2024/07/26/9a/1721994227733c80738867c159d449350b00103951.jpg"",""https://img.ltwebstatic.com/images3_spmp/2024/07/26/9a/172199422781bc0cf76609f27267fd695832c80653.jpg"",""https://img.ltwebstatic.com/images3_spmp/2024/07/26/18/1721994237a642e55fc95939ff8540aaa6be07126f.jpg"",""https://img.ltwebstatic.com/images3_spmp/2024/07/26/18/17219942370cc45105e5f0606817a76172d0a24535.jpg"",""https://img.ltwebstatic.com/images3_spmp/2024/07/26/18/1721994237faf3fbac3fc236e0bc85d959c1fef0b9.jpg"",""https://img.ltwebstatic.com/images3_spmp/2024/07/26/18/1721994237908a28b18fd213ad386b807f21dbd8ad.jpg"",""https://img.ltwebstatic.com/images3_spmp/2024/07/26/18/17219942374843eb679e52a826a757f0e8bdb80a97.jpg""]",sw2407267234808287,null,"[{""name"":""Color"",""value"":""Clear""},{""name"":""Material"",""value"":""PC""},{""name"":""Case Type"",""value"":""Hard Case""},{""name"":""Features"",""value"":""Lightweight""},{""name"":""Features"",""value"":""Anti-Fingerprint""},{""name"":""Features"",""value"":""Shockproof""},{""name"":""Features"",""value"":""Foldable""},{""name"":""Features"",""value"":""Scratch Resistant""},{""name"":""Type"",""value"":""Ordinary Mobile Phone Case""},{""name"":""Pattern Type"",""value"":""Plain""},{""name"":""Brand Compatibility"",""value"":""Apple""},{""name"":""Gender"",""value"":""Unisex""}]",39627178,0,null,Cell Phones & Accessories,null,Basic Phone Cases,SHEIN,"[""Galaxy Z Flip5 5G""]"
"1PC Punk Women's Belt Garter Belt, Adjustable Elastic Leather Women's Lingerie Accessories, Punk Party Leg Loop Belt","Free Returns ✓ Free Shipping✓. 1PC Punk Women's Belt Garter Belt, Adjustable Elastic Leather Women's Lingerie Accessories, Punk Party Leg Loop Belt- Women Harness Belts at SHEIN.",5.8,4.13,USD,true,Black,one-size,0,https://img.ltwebstatic.com/images3_spmp/2024/07/17/3d/1721207750e4d801d6a77d71ed7b7487e05e4d5cb3.jpg,https://us.shein.com/Women-Harness-Belts-c-3870.html,"https://us.shein.com/1PC-Punk-Women%27s-Belt-Garter-Belt,-Adjustable-Elastic-Leather-Women%27s-Lingerie-Accessories,-Punk-Party-Leg-Loop-Belt-p-41334696.html","[{""name"":""Apparel Accessories"",""url"":""https://us.shein.com/Apparel-Accessories-c-3631.html""},{""name"":""Women Accessories"",""url"":""https://us.shein.com/Women-Accessories-c-1765.html""},{""name"":""Women Belts & Belts Accessories"",""url"":""https://us.shein.com/Women-Belts-Belts-Accessories-c-3868.html""},{""name"":""Women Harness Belts"",""url"":""https://us.shein.com/Women-Harness-Belts-c-3870.html""}]",US,us.shein.com,7,"[""https://img.ltwebstatic.com/images3_spmp/2024/07/17/3d/1721207750e4d801d6a77d71ed7b7487e05e4d5cb3.jpg"",""https://img.ltwebstatic.com/images3_spmp/2024/07/17/3d/17212077505e958dcc4a322e4fdf55a8cafbf0f33f.jpg"",""https://img.ltwebstatic.com/images3_spmp/2024/07/17/3d/1721207750f541666f4311d92e7005d32545bf3d46.jpg"",""https://img.ltwebstatic.com/images3_spmp/2024/07/17/fb/1721207746ca4c8e608249114aa78b96d615b53733.jpg"",""https://img.ltwebstatic.com/images3_spmp/2024/07/17/fb/1721207746a624109feadaacf636eb649038dabef2.jpg"",""https://img.ltwebstatic.com/images3_spmp/2024/07/17/fb/1721207746b8c8a6da2adcfb5cddcdd9c544a6fe2a.jpg"",""https://img.ltwebstatic.com/images3_spmp/2024/07/17/fb/17212077464e1e3da5ee25cd2b0247d9cfee6b949e.jpg""]",sc2407170003403356,null,"[{""name"":""Details"",""value"":""Rope""},{""name"":""Color"",""value"":""Black""},{""name"":""Pattern Type"",""value"":""Plain""},{""name"":""Stretch"",""value"":""Slight Stretch""},{""name"":""Material"",""value"":""PU Leather""},{""name"":""Composition"",""value"":""100% Polyurethane""},{""name"":""Element"",""value"":""Other""}]",41334696,0,null,Apparel Accessories,null,Women Harness Belts,SHEIN,"[""one-size""]"
"1 Set Eyeglasses Nosepads, Silicone Anti-Slip Glasses Temples Tip Covers, Adjustable Eyewear Hooks & Extenders For Adult & Sunglass","Free Returns ✓ Free Shipping✓. 1 Set Eyeglasses Nosepads, Silicone Anti-Slip Glasses Temples Tip Covers, Adjustable Eyewear Hooks & Extenders For Adult & Sunglass- Eyeglass Care at SHEIN.",2.2,2.2,USD,true,Multicolor,14pcs Per Set,0,https://img.ltwebstatic.com/images3_spmp/2024/08/05/61/172282119925a47af913a2ad8f6b2b1915336df856_square.jpg,https://us.shein.com/Eyeglass-Care-c-9470.html,"https://us.shein.com/1-Set-Eyeglasses-Nosepads,-Silicone-Anti-Slip-Glasses-Temples-Tip-Covers,-Adjustable-Eyewear-Hooks-&amp;-Extenders-For-Adult-&amp;-Sunglass-p-40259477.html","[{""name"":""Home & Living"",""url"":""https://us.shein.com/Home-Living-c-2032.html""},{""name"":""Home Essentials"",""url"":""https://us.shein.com/Home-Essentials-c-1959.html""},{""name"":""Body Care Tools"",""url"":""https://us.shein.com/Body-Care-Tools-c-9053.html""},{""name"":""Eyeglass Care"",""url"":""https://us.shein.com/Eyeglass-Care-c-9470.html""}]",US,us.shein.com,6,"[""https://img.ltwebstatic.com/images3_spmp/2024/08/05/b1/17228210434973dadaf15096ed6c330cabb24cc04b_square.jpg"",""https://img.ltwebstatic.com/images3_spmp/2024/08/05/b1/1722821043a5df309038fb11067c3b06cb8be6748a_square.jpg"",""https://img.ltwebstatic.com/images3_spmp/2024/08/05/b1/17228210434a90811c0b6baeb7f4ffcb21917fd2f8_square.jpg"",""https://img.ltwebstatic.com/images3_spmp/2024/08/05/b1/17228210436efcc0545d13d5039e543952205acae4_square.jpg"",""https://img.ltwebstatic.com/images3_spmp/2024/08/05/b1/1722821043a5217fa41105336df384efaaef42513f_square.jpg"",""https://img.ltwebstatic.com/images3_spmp/2024/08/05/61/172282119925a47af913a2ad8f6b2b1915336df856_square.jpg""]",sh2408051043756506,null,"[{""name"":""Color"",""value"":""Multicolor""},{""name"":""Type"",""value"":""Eyeglasses Temple Tips Sleeve Retainer""},{""name"":""Material"",""value"":""Silicone""},{""name"":""Power Supply"",""value"":""None""}]",40259477,0,null,Home & Living,null,Eyeglass Care,SHEIN,"[""14pcs Per Set""]"
Unbeatablesale Kaba L1-1004 Lockwood Lock Key Blank- Pack Of 10,Free Returns ✓ Free Shipping✓. Unbeatablesale Kaba L1-1004 Lockwood Lock Key Blank- Pack Of 10- Safe Accessories at SHEIN.,34.37,34.37,USD,true,Multicolor,one-size,0,https://img.ltwebstatic.com/images3_spmp/2024/07/25/62/1721912248c861600f7471bf904cff105695cf0f84.jpg,https://us.shein.com/Safe-Accessories-c-10129.html,https://us.shein.com/Kaba-L1-1004-Lockwood-Lock-Key-Blank--Pack-Of-10-p-39596250.html,"[{""name"":""Tools & Home Improvement"",""url"":""https://us.shein.com/Tools-Home-Improvement-c-4327.html""},{""name"":""Safes"",""url"":""https://us.shein.com/Safes-c-10066.html""},{""name"":""Safe Accessories"",""url"":""https://us.shein.com/Safe-Accessories-c-10129.html""}]",US,us.shein.com,3,"[""https://img.ltwebstatic.com/images3_spmp/2024/07/25/62/1721912248c861600f7471bf904cff105695cf0f84.jpg"",""https://img.ltwebstatic.com/images3_spmp/2024/07/25/62/1721912248c861600f7471bf904cff105695cf0f84.jpg"",""https://img.ltwebstatic.com/images3_spmp/2024/07/25/62/1721912248c861600f7471bf904cff105695cf0f84.jpg""]",sr2407254722799060,null,"[{""name"":""Color"",""value"":""Multicolor""},{""name"":""Material"",""value"":""PP""}]",39596250,0,null,Tools & Home Improvement,null,Safe Accessories,Unbeatablesale,"[""one-size""]"
"1 Set Wooden Sudoku Game With 9 Grids - Includes Wooden Digits, Game Board And Storage Drawer, Comes With Puzzle Book - Challenging Brain Teaser For Adults And Children","Free Returns ✓ Free Shipping✓. 1 Set Wooden Sudoku Game With 9 Grids - Includes Wooden Digits, Game Board And Storage Drawer, Comes With Puzzle Book - Challenging Brain Teaser For Adults And Children- Kids Sudoku Puzzles at SHEIN.",13.7,13.7,USD,true,Nine-grid Sudoku,Wooden Sudoku Game,0,https://img.ltwebstatic.com/images3_spmp/2024/07/23/40/1721719347278d4aea2b3cbdc0e691c95a945763c5_square.jpg,https://us.shein.com/Kids-Sudoku-Puzzles-c-7009.html,"https://us.shein.com/1-Set-Wooden-Sudoku-Game-With-9-Grids---Includes-Wooden-Digits,-Game-Board-And-Storage-Drawer,-Comes-With-Puzzle-Book---Challenging-Brain-Teaser-For-Adults-And-Children-p-39373154.html","[{""name"":""Toys & Games"",""url"":""https://us.shein.com/Toys-Games-c-4328.html""},{""name"":""Kids Educational Toys"",""url"":""https://us.shein.com/Kids-Educational-Toys-c-6996.html""},{""name"":""Kids Puzzles"",""url"":""https://us.shein.com/Kids-Puzzles-c-7004.html""},{""name"":""Kids Sudoku Puzzles"",""url"":""https://us.shein.com/Kids-Sudoku-Puzzles-c-7009.html""}]",US,us.shein.com,10,"[""https://img.ltwebstatic.com/images3_spmp/2024/07/23/40/1721719347278d4aea2b3cbdc0e691c95a945763c5_square.jpg"",""https://img.ltwebstatic.com/images3_spmp/2024/07/23/0e/17217193501a3f0c7a562d12d133432c7651b519f0_square.jpg"",""https://img.ltwebstatic.com/images3_spmp/2024/07/23/40/1721719347869369aca1b82aea527729e61f19982c_square.jpg"",""https://img.ltwebstatic.com/images3_spmp/2024/07/23/40/172171934775b7de87693373619d294fbc4e759f0e_square.jpg"",""https://img.ltwebstatic.com/images3_spmp/2024/07/23/67/1721719348b29c4e7a042fae99841251073583ea66_square.jpg"",""https://img.ltwebstatic.com/images3_spmp/2024/07/23/db/1721719353006dcc8a616f5eecbd2d36892f88f95c.jpg"",""https://img.ltwebstatic.com/images3_spmp/2024/07/23/e7/1721719357c33faabb8103e95fa29d0b8a5fe259b1.jpg"",""https://img.ltwebstatic.com/images3_spmp/2024/07/23/db/1721719353175b1e20329a2275b7b2e236b4d039ac.jpg"",""https://img.ltwebstatic.com/images3_spmp/2024/07/23/a7/1721719354023119730d2e1207d7bb1133be5ad851.jpg"",""https://img.ltwebstatic.com/images3_spmp/2024/07/23/db/1721719353faca6d7079eb495d2cb1979c3f826c55.jpg""]",sl2407233386885171,null,"[{""name"":""Color"",""value"":""Nine-grid Sudoku""},{""name"":""Suitable Age"",""value"":""6-12years""},{""name"":""Suitable Age"",""value"":""over 12years""},{""name"":""Material"",""value"":""Wood""}]",39373154,0,null,Toys & Games,null,Kids Sudoku Puzzles,SHEIN,"[""Wooden Sudoku Game""]"
"2024 New 5G Dual-Band HD Home Projector, Android & IOS Smartphone Mirroring, Support Wall Projection, Mini Home Cinema, Game-Capable, Distance Learning, Christmas & Valentine's Day Gift","Free Returns ✓ Free Shipping✓. 2024 New 5G Dual-Band HD Home Projector, Android & IOS Smartphone Mirroring, Support Wall Projection, Mini Home Cinema, Game-Capable, Distance Learning, Christmas & Valentine's Day Gift- Projectors at SHEIN.",88,88,USD,true,N/A,Blue,0,https://img.ltwebstatic.com/images3_spmp/2024/08/05/10/17228378593a08218d09ff4ba5bb5630fd11108a5e_square.png,https://us.shein.com/Projectors-c-4696.html,"https://us.shein.com/2024-New-5G-Dual-Band-HD-Home-Projector,-Android-&amp;-IOS-Smartphone-Mirroring,-Support-Wall-Projection,-Mini-Home-Cinema,-Game-Capable,-Distance-Learning,-Christmas-&amp;-Valentine%27s-Day-Gift-p-40242350.html","[{""name"":""Electronics"",""url"":""https://us.shein.com/Electronics-c-2273.html""},{""name"":""Consumer Electronic"",""url"":""https://us.shein.com/Consumer-Electronic-c-4671.html""},{""name"":""Home Audio & Video"",""url"":""https://us.shein.com/Home-Audio-Video-c-4677.html""},{""name"":""Projectors"",""url"":""https://us.shein.com/Projectors-c-4696.html""}]",US,us.shein.com,9,"[""https://us.shein.com/2024-New-5G-Dual-Band-HD-Home-Projector,-Android-&amp;-IOS-Smartphone-Mirroring,-Support-Wall-Projection,-Mini-Home-Cinema,-Game-Capable,-Distance-Learning,-Christmas-&amp;-Valentine%27s-Day-Gift-p-40242350.html"",""https://img.ltwebstatic.com/images3_spmp/2024/08/05/10/17228378593a08218d09ff4ba5bb5630fd11108a5e_square.png"",""https://img.ltwebstatic.com/images3_spmp/2024/08/05/d3/172283745772989ddaac0dbcc976b5b9c176e56b4f_square.png"",""https://img.ltwebstatic.com/images3_spmp/2024/08/05/d3/1722837457aec52d2eee547a5cf0882317f0b3e32e_square.jpg"",""https://img.ltwebstatic.com/images3_spmp/2024/08/05/d3/17228374570ff6a48f260aa5a09f645c09f280ed9c_square.jpg"",""https://img.ltwebstatic.com/images3_spmp/2024/08/05/d3/1722837457b99b6b8816214666f36a59a550642f66_square.png"",""https://img.ltwebstatic.com/images3_spmp/2024/08/05/d3/17228374571a76e3cec0d0a07c054323710370e8a0_square.png"",""https://img.ltwebstatic.com/images3_spmp/2024/08/05/d3/1722837457e0380d49c97f08e1e5dd71b1b1497ae2_square.png"",""https://img.ltwebstatic.com/images3_spmp/2024/08/05/44/17228378580ace17ec664dfdec27f580b801bf0817_square.png""]",se2408052101138333,null,"[{""name"":""Plug(Voltage)"",""value"":""US A Type Plug(110-127V)""},{""name"":""Screen Resolution"",""value"":""1920*1080""},{""name"":""Batteries Included"",""value"":""No""},{""name"":""Usage"",""value"":""Portable""},{""name"":""Usage"",""value"":""Business""},{""name"":""Usage"",""value"":""Gaming""},{""name"":""Usage"",""value"":""Education""},{""name"":""Usage"",""value"":""Home Cinema""},{""name"":""Resolution"",""value"":""1080P""},{""name"":""Power Supply"",""value"":""Wall Plug""},{""name"":""ANSI"",""value"":""800~2500""},{""name"":""Brightness"",""value"":""3000 lm & above""},{""name"":""Contrast Ratio"",""value"":""1,000 to 1,999:1""},{""name"":""Display Type"",""value"":""LCD""},{""name"":""Projection Method"",""value"":""Throwing""},{""name"":""Projection Method"",""value"":""Back Projection""},{""name"":""Projection Method"",""value"":""Side Projection""},{""name"":""Material"",""value"":""ABS""},{""name"":""Aspect Ratio"",""value"":""4:3""},{""name"":""Aspect Ratio"",""value"":""16:9""},{""name"":""Projection size"",""value"":""20-300\""""},{""name"":""Color Gamut"",""value"":""REC709""},{""name"":""Lamp Life"",""value"":"">3000""}]",40242350,0,null,Electronics,null,Projectors,SHEIN,"[""Blue""]"
"Unbeatablesale Tarifold Magneto Repositionable Adhesive Display Frames,; Silver - Letter Size","Free Returns ✓ Free Shipping✓. Unbeatablesale Tarifold Magneto Repositionable Adhesive Display Frames,; Silver - Letter Size- Office Adhesive Tape at SHEIN.",24.44,24.44,USD,true,Silver,one-size,0,https://img.ltwebstatic.com/images3_spmp/2024/08/12/f0/1723395221a26361275b6d100a9a5cfaf00d025410.jpg,https://us.shein.com/Office-Adhesive-Tape-c-4121.html,"https://us.shein.com/Tarifold-Magneto-Repositionable-Adhesive-Display-Frames,;-Silver---Letter-Size-p-40731878.html","[{""name"":""Office & School Supplies"",""url"":""https://us.shein.com/Office-School-Supplies-c-2297.html""},{""name"":""Tapes,Adhesives & Fasteners"",""url"":""https://us.shein.com/Tapes,Adhesives-Fasteners-c-4120.html""},{""name"":""Office Adhesive Tape"",""url"":""https://us.shein.com/Office-Adhesive-Tape-c-4121.html""}]",US,us.shein.com,3,"[""https://img.ltwebstatic.com/images3_spmp/2024/08/12/f0/1723395221a26361275b6d100a9a5cfaf00d025410.jpg"",""https://img.ltwebstatic.com/images3_spmp/2024/08/12/f0/1723395221a26361275b6d100a9a5cfaf00d025410.jpg"",""https://img.ltwebstatic.com/images3_spmp/2024/08/12/f0/1723395221a26361275b6d100a9a5cfaf00d025410.jpg""]",ss2408135572083097,null,"[{""name"":""Color"",""value"":""Silver""},{""name"":""Material"",""value"":""PP""}]",40731878,0,null,Office & School Supplies,null,Office Adhesive Tape,Unbeatablesale,"[""one-size""]"
1pc Turquoise Silver-Tone Metal U-Shape Vintage Western Style Hair Clip For Women,Free Returns ✓ Free Shipping✓. 1pc Turquoise Silver-Tone Metal U-Shape Vintage Western Style Hair Clip For Women- Women Hair Jewelry at SHEIN.,2.7,2.3,USD,true,Silver,one-size,0,https://img.ltwebstatic.com/images3_spmp/2024/07/24/ab/1721801592ecc4f6a73e293e25d9136f82486212d9.jpg,https://us.shein.com/Women-Hair-Jewelry-c-6243.html,https://us.shein.com/1pc-Turquoise-Silver-Tone-Metal-U-Shape-Vintage-Western-Style-Hair-Clip-For-Women-p-39487466.html,"[{""name"":""Jewelry & Watches"",""url"":""https://us.shein.com/Jewelry-Watches-c-3634.html""},{""name"":""Women Fashion Jewelry"",""url"":""https://us.shein.com/Women-Fashion-Jewelry-c-3632.html""},{""name"":""Women Head & Face Jewelry"",""url"":""https://us.shein.com/Women-Head-Face-Jewelry-c-6239.html""},{""name"":""Women Hair Jewelry"",""url"":""https://us.shein.com/Women-Hair-Jewelry-c-6243.html""}]",US,us.shein.com,14,"[""https://img.ltwebstatic.com/images3_spmp/2024/07/24/2c/1721801538bb07a8893d5725093e2b209eb211c4fb.jpg"",""https://img.ltwebstatic.com/images3_spmp/2024/07/24/2c/1721801538b13dff17f1c76d943811d7d8d7f104f2.jpg"",""https://img.ltwebstatic.com/images3_spmp/2024/07/24/2c/17218015386c3d9b99ff77b9cfcd64b2f28610aa4f.jpg"",""https://img.ltwebstatic.com/images3_spmp/2024/07/24/2c/1721801538243896cb41c09d2e2c883ebfaf82e2ee.jpg"",""https://img.ltwebstatic.com/images3_spmp/2024/07/24/2c/1721801538cc29b3f9c14687b93c227ff3230b2e53.jpg"",""https://img.ltwebstatic.com/images3_spmp/2024/07/24/2c/1721801538886333064ba2b8e2d93147b461d91d34.jpg"",""https://img.ltwebstatic.com/images3_spmp/2024/07/24/ab/1721801592ecc4f6a73e293e25d9136f82486212d9.jpg"",""https://img.ltwebstatic.com/images3_spmp/2024/07/24/a3/1721801616e144b543732ca281c0270e8b1c9e0d92.jpg"",""https://img.ltwebstatic.com/images3_spmp/2024/07/24/80/1721801602ff62ea98ebfc2cda824fe52c608d88cd.jpg"",""https://img.ltwebstatic.com/images3_spmp/2024/07/24/80/172180160291393b1cca69425f3bb4b29299a223e2.jpg"",""https://img.ltwebstatic.com/images3_spmp/2024/07/24/80/1721801602ebd6d84d7c9502f08164a2a54cdb62ac.jpg"",""https://img.ltwebstatic.com/images3_spmp/2024/07/24/80/1721801602eaaae45020acec2dbe76d9bc4feda30e.jpg"",""https://img.ltwebstatic.com/images3_spmp/2024/07/24/80/172180160204e845258c805f6ac1a7b9bd8fec4579.jpg"",""https://img.ltwebstatic.com/images3_spmp/2024/07/24/80/172180160230b9d93b1389c6dbb77999546004883a.jpg""]",sj2407242391671887,null,"[{""name"":""Color"",""value"":""Silver""},{""name"":""Material"",""value"":""Zinc Alloy""}]",39487466,0,null,Jewelry & Watches,null,Women Hair Jewelry,SHEIN,"[""one-size""]"
Kariban Womens/Ladies Pique Polo Shirt (Black),Free Returns ✓ Free Shipping✓. Kariban Womens/Ladies Pique Polo Shirt (Black)- Women's Sports Polos at SHEIN.,35,17.99,USD,true,Black,XL,0,https://img.ltwebstatic.com/images3_spmp/2024/08/28/70/1724835847ad330b296432c7ee53d70afc1f6b8ba0_square.jpg,https://us.shein.com/Kariban-Womens/Women-s-Sports-Polos-c-8592.html,https://us.shein.com/Kariban-Womens/Ladies-Pique-Polo-Shirt-(Black)-p-41215504.html,"[{""name"":""Sports & Outdoor"",""url"":""https://us.shein.com/Kariban-Womens/Sports-Outdoor-c-3195.html""},{""name"":""Women Activewear"",""url"":""https://us.shein.com/Kariban-Womens/Women-Activewear-c-1894.html""},{""name"":""Women Active Tops"",""url"":""https://us.shein.com/Kariban-Womens/Women-Active-Tops-c-2181.html""},{""name"":""Women's Sports Polos"",""url"":""https://us.shein.com/Kariban-Womens/Women-s-Sports-Polos-c-8592.html""}]",US,us.shein.com,2,"[""https://img.ltwebstatic.com/images3_spmp/2024/08/28/70/1724835847ad330b296432c7ee53d70afc1f6b8ba0_square.jpg"",""https://img.ltwebstatic.com/images3_spmp/2024/08/28/4c/1724835865a6bf5522906c440866e14f809ed469c2_square.jpg""]",st2408218454819934,null,"[{""name"":""Fit Type"",""value"":""Regular Fit""},{""name"":""Activity"",""value"":""Daily & Casual""},{""name"":""Color"",""value"":""Black""},{""name"":""Material"",""value"":""Fabric""},{""name"":""Composition"",""value"":""100% Polyester""},{""name"":""Sheer"",""value"":""No""},{""name"":""Care Instructions"",""value"":""Machine wash or professional dry clean""},{""name"":""Fabric"",""value"":""Non-Stretch""},{""name"":""Lined For Added Warmth"",""value"":""No""},{""name"":""Length"",""value"":""Regular""},{""name"":""Sleeve Length"",""value"":""Long Sleeve""}]",41215504,0,null,Sports & Outdoor,null,Women's Sports Polos,SHEIN,"[""XL""]"
Unbeatablesale International Concepts K05-30RT-6B 30 In. Round Top Pedestal Table With Counter Height White & Heather Gray,Free Returns ✓ Free Shipping✓. Unbeatablesale International Concepts K05-30RT-6B 30 In. Round Top Pedestal Table With Counter Height White & Heather Gray- Dining Tables at SHEIN.,335.59,335.59,USD,true,White,one-size,0,https://img.ltwebstatic.com/images3_spmp/2024/07/29/9d/172220223258b301b868a3c0dafcf8d09be2089fc7.jpg,https://us.shein.com/Dining-Tables-c-4946.html,https://us.shein.com/International-Concepts-K05-30RT-6B-30-In.-Round-Top-Pedestal-Table-With-Counter-Height-White-&amp;-Heather-Gray-p-39770452.html,"[{""name"":""Tools & Home Improvement"",""url"":""https://us.shein.com/Tools-Home-Improvement-c-4327.html""},{""name"":""Furniture"",""url"":""https://us.shein.com/Furniture-c-4577.html""},{""name"":""Dining Room Furniture"",""url"":""https://us.shein.com/Dining-Room-Furniture-c-4932.html""},{""name"":""Dining Tables"",""url"":""https://us.shein.com/Dining-Tables-c-4946.html""}]",US,us.shein.com,3,"[""https://img.ltwebstatic.com/images3_spmp/2024/07/29/9d/172220223258b301b868a3c0dafcf8d09be2089fc7.jpg"",""https://img.ltwebstatic.com/images3_spmp/2024/07/29/9d/172220223258b301b868a3c0dafcf8d09be2089fc7.jpg"",""https://img.ltwebstatic.com/images3_spmp/2024/07/29/9d/172220223258b301b868a3c0dafcf8d09be2089fc7.jpg""]",sr2407296546671802,null,"[{""name"":""Color"",""value"":""White""},{""name"":""Material"",""value"":""PP""}]",39770452,0,null,Tools & Home Improvement,null,Dining Tables,Unbeatablesale,"[""one-size""]"
1PC Outdoor Multi-Use Knife BBQ Patio Cutting Steak Special Knife Cutting Barbecue Knife Cutting Chicken Wing Knife BBQ Special Knife Outdoor Cooking Special Knife,Free Returns ✓ Free Shipping✓. 1PC Outdoor Multi-Use Knife BBQ Patio Cutting Steak Special Knife Cutting Barbecue Knife Cutting Chicken Wing Knife BBQ Special Knife Outdoor Cooking Special Knife- Kitchen Knives at SHEIN.,5.8,4.93,USD,true,Multicolor,one-size,0,https://img.ltwebstatic.com/images3_spmp/2024/05/31/cc/171712352661a4e76f59fed9895e79ea8cc4b285d2_square.jpg,https://us.shein.com/Kitchen-Knives-c-4444.html,https://us.shein.com/1PC-Outdoor-Multi-Use-Knife-BBQ-Patio-Cutting-Steak-Special-Knife-Cutting-Barbecue-Knife-Cutting-Chicken-Wing-Knife-BBQ-Special-Knife-Outdoor-Cooking-Special-Knife-p-36215262.html,"[{""name"":""Home & Living"",""url"":""https://us.shein.com/Home-Living-c-2032.html""},{""name"":""Kitchen & Dining"",""url"":""https://us.shein.com/Kitchen-Dining-c-1948.html""},{""name"":""Kitchen Knives & Accessories"",""url"":""https://us.shein.com/Kitchen-Knives-Accessories-c-3938.html""},{""name"":""Kitchen Knives"",""url"":""https://us.shein.com/Kitchen-Knives-c-4444.html""}]",US,us.shein.com,12,"[""https://img.ltwebstatic.com/images3_spmp/2024/05/31/cc/171712352661a4e76f59fed9895e79ea8cc4b285d2_square.jpg"",""https://img.ltwebstatic.com/images3_spmp/2024/05/31/56/1717123525a861b06dbb18a1dfee412a8c1e2282bd_square.jpg"",""https://img.ltwebstatic.com/images3_spmp/2024/05/31/56/171712352530da605be576cb8e90cea9f12b2791c5_square.jpg"",""https://img.ltwebstatic.com/images3_spmp/2024/05/31/cc/1717123526b656571bc9ff2cb5b21d4161fe5a31ef_square.jpg"",""https://img.ltwebstatic.com/images3_spmp/2024/05/31/cc/17171235261ec9365e60eb4d9d6f5c29c650877a56_square.jpg"",""https://img.ltwebstatic.com/images3_spmp/2024/07/09/23/17205205116f8265a5323306c9c9175179f06d72bb_square.jpg"",""https://img.ltwebstatic.com/images3_spmp/2024/05/31/a0/171712360480cdba37657dd89ead0495486a039822.jpg"",""https://img.ltwebstatic.com/images3_spmp/2024/05/31/a0/17171236045729122bdd4de51e720bcaa1449fe27a.jpg"",""https://img.ltwebstatic.com/images3_spmp/2024/05/31/a0/171712360404f49eccdbec4ffdd400b2c58f524a2e.jpg"",""https://img.ltwebstatic.com/images3_spmp/2024/05/31/a0/1717123604d078c1ced710278c36a6f496fa253842.jpg"",""https://img.ltwebstatic.com/images3_spmp/2024/05/31/a0/171712360452cac8d92520048aee35e5d615b8cc11.jpg"",""https://img.ltwebstatic.com/images3_spmp/2024/07/09/32/172052051573de4186ef45e8ff7efc4784d81adae9.jpg""]",sh2405311917016659,null,"[{""name"":""Color"",""value"":""Multicolor""},{""name"":""Material"",""value"":""Tungsten Steel""}]",36215262,0,null,Home & Living,null,Kitchen Knives,SHEIN,"[""one-size""]"
1PC Reader - Golf  Ball Marker With High Precision  Black Green Reading Aid Golf Accessories For Men Women,Free Returns ✓ Free Shipping✓. 1PC Reader - Golf  Ball Marker With High Precision  Black Green Reading Aid Golf Accessories For Men Women- Copyholders & Book Stands at SHEIN.,6.9,6.9,USD,true,Green,one-size,0,https://img.ltwebstatic.com/images3_spmp/2024/07/22/fb/1721631306954f8f4fbb4ad4a5b672c9cb88242025_square.jpg,https://us.shein.com/Copyholders-Book-Stands-c-6825.html,https://us.shein.com/1PC-Reader---Golf--Ball-Marker-With-High-Precision--Black-Green-Reading-Aid-Golf-Accessories-For-Men-Women-p-39226407.html,"[{""name"":""Office & School Supplies"",""url"":""https://us.shein.com/Office-School-Supplies-c-2297.html""},{""name"":""Desk Accessories"",""url"":""https://us.shein.com/Desk-Accessories-c-3653.html""},{""name"":""Copyholders & Book Stands"",""url"":""https://us.shein.com/Copyholders-Book-Stands-c-6825.html""}]",US,us.shein.com,17,"[""https://us.shein.com/1PC-Reader---Golf--Ball-Marker-With-High-Precision--Black-Green-Reading-Aid-Golf-Accessories-For-Men-Women-p-39226407.html"",""https://img.ltwebstatic.com/images3_spmp/2024/07/22/fb/1721631306954f8f4fbb4ad4a5b672c9cb88242025_square.jpg"",""https://img.ltwebstatic.com/images3_spmp/2024/07/22/fb/17216313069defd55205de2afccd02508be7732f20_square.jpg"",""https://img.ltwebstatic.com/images3_spmp/2024/07/22/a4/1721631307688b5649e03f3e0e62cc510a20c8a0c2_square.jpg"",""https://img.ltwebstatic.com/images3_spmp/2024/07/22/fb/17216313061a8813c186c8f71cded9803eeb0f919b_square.jpg"",""https://img.ltwebstatic.com/images3_spmp/2024/07/22/43/1721631027bb423d2180a6e4a8fa9dc7d711240d58_square.jpg"",""https://img.ltwebstatic.com/images3_spmp/2024/07/22/a4/1721631307568d7a14ac5a722e74c40f727bebdd94_square.jpg"",""https://img.ltwebstatic.com/images3_spmp/2024/07/22/a4/1721631307a99ab8c229a09237034d4363bcc80879_square.jpg"",""https://img.ltwebstatic.com/images3_spmp/2024/07/22/a4/17216313075960ee4f0f36e7e915502d755a32311b_square.jpg"",""https://img.ltwebstatic.com/images3_spmp/2024/07/22/95/17216313960d3a2d7162a87ec7bdddcf2d18d80c8f.jpg"",""https://img.ltwebstatic.com/images3_spmp/2024/07/22/95/1721631396c3aa9ed689a5bdb2f27306854531a03f.jpg"",""https://img.ltwebstatic.com/images3_spmp/2024/07/22/d4/172163139726c2c774a09963118d1bcf54d904468c.jpg"",""https://img.ltwebstatic.com/images3_spmp/2024/07/22/d4/1721631397d4842b0bf966f79d66ac9a4d7e9e7e4d.jpg"",""https://img.ltwebstatic.com/images3_spmp/2024/07/22/95/17216313966fac022e92a5d6adb4bdcd687820ec83.jpg"",""https://img.ltwebstatic.com/images3_spmp/2024/07/22/d4/172163139790b12eaf45814e5b97fff1190d8f611e.jpg"",""https://img.ltwebstatic.com/images3_spmp/2024/07/22/95/17216313968fe9f90d84419c7bdae37c53f2488631.jpg"",""https://img.ltwebstatic.com/images3_spmp/2024/07/22/95/1721631396d741b81b813e7388c8034660d88a5583.jpg""]",ss2407226396107160,null,"[{""name"":""Color"",""value"":""Green""},{""name"":""Material"",""value"":""Iron""}]",39226407,0,null,Office & School Supplies,null,Copyholders & Book Stands,SHEIN,"[""one-size""]"
1PC Natural Polished Crystal Witch Hat Carving Random Color Healing Reiki Stone Amethyst Opal Wizard Hat Handcrafts Halloween Gifts,Free Returns ✓ Free Shipping✓. 1PC Natural Polished Crystal Witch Hat Carving Random Color Healing Reiki Stone Amethyst Opal Wizard Hat Handcrafts Halloween Gifts- Healing Crystals at SHEIN.,4.2,3.6,USD,true,3cm Random Color,Wizard Hat,0,https://img.ltwebstatic.com/images3_spmp/2024/08/21/09/17242111292e1b7fc61379bb830459cfd69bc4d566_square.jpg,https://us.shein.com/Healing-Crystals-c-9123.html,https://us.shein.com/1PC-Natural-Polished-Crystal-Witch-Hat-Carving-Random-Color-Healing-Reiki-Stone-Amethyst-Opal-Wizard-Hat-Handcrafts-Halloween-Gifts-p-41286361.html,"[{""name"":""Beauty & Health"",""url"":""https://us.shein.com/Beauty-Health-c-1864.html""},{""name"":""Fragrances & Aromatherapy"",""url"":""https://us.shein.com/Fragrances-Aromatherapy-c-4801.html""},{""name"":""Healing Crystals"",""url"":""https://us.shein.com/Healing-Crystals-c-9123.html""}]",US,us.shein.com,17,"[""https://img.ltwebstatic.com/images3_spmp/2024/08/21/1c/1724211003adaa9b9aef70d73b214b6ac5c5c1270f_square.jpg"",""https://img.ltwebstatic.com/images3_spmp/2024/08/21/09/17242111292e1b7fc61379bb830459cfd69bc4d566_square.jpg"",""https://img.ltwebstatic.com/images3_spmp/2024/08/21/ba/1724211130bee6053e4b1f773d0b552feb02597392_square.jpg"",""https://img.ltwebstatic.com/images3_spmp/2024/08/21/09/1724211129c19f021c8e6a42955bf39bde8752bee4_square.jpg"",""https://img.ltwebstatic.com/images3_spmp/2024/08/21/09/17242111299e7cc196bc5e19abd410002696ae57bd_square.jpg"",""https://img.ltwebstatic.com/images3_spmp/2024/08/21/09/17242111298e07adb3565fb72562d3ced1f3e4f4f4_square.jpg"",""https://img.ltwebstatic.com/images3_spmp/2024/08/21/09/1724211129e3a03d60a6d5027ce4b08117c1256ac2_square.jpg"",""https://img.ltwebstatic.com/images3_spmp/2024/08/21/09/1724211129e6e33ea273c83694bb1d328769ed9a67_square.jpg"",""https://img.ltwebstatic.com/images3_spmp/2024/08/21/9a/1724211147777167dd4b32a3fcd9e257384bebc0a9_square.jpg"",""https://img.ltwebstatic.com/images3_spmp/2024/08/21/d4/1724211139fac21c4b2c3de423598b230f93b9c93c.jpg"",""https://img.ltwebstatic.com/images3_spmp/2024/08/21/d4/1724211139c4ea78c68136854f2f1e1aa33d582d48.jpg"",""https://img.ltwebstatic.com/images3_spmp/2024/08/21/d4/172421113984b24d9738733c8eb37fbe678b64bdc0.jpg"",""https://img.ltwebstatic.com/images3_spmp/2024/08/21/d4/17242111392b355223f854abacb1b580f0933f2814.jpg"",""https://img.ltwebstatic.com/images3_spmp/2024/08/21/d4/1724211139a41993a25cff4b6a5b5ad77f77e7719e.jpg"",""https://img.ltwebstatic.com/images3_spmp/2024/08/21/d4/172421113949cacec7167fa3997b4623a5150b8e23.jpg"",""https://img.ltwebstatic.com/images3_spmp/2024/08/21/68/17242111401c49e0a20e3ccaf268fbafd90624cdf7.jpg"",""https://img.ltwebstatic.com/images3_spmp/2024/08/21/d4/17242111396827ed83f78f44532d85a4590beb1c26.jpg""]",sb2408211848050919,null,"[{""name"":""Color"",""value"":""3cm Random Color""},{""name"":""Material"",""value"":""Fluorite""}]",41286361,0,null,Beauty & Health,null,Healing Crystals,SHEIN,"[""Wizard Hat""]"
"Unbeatablesale Tac Shield TCSH T4510CY Universal Slim Line Admin Molle Pouch, Coyote","Free Returns ✓ Free Shipping✓. Unbeatablesale Tac Shield TCSH T4510CY Universal Slim Line Admin Molle Pouch, Coyote- Tactical Vest & Harness at SHEIN.",55.69,55.69,USD,true,Multicolor,one-size,0,https://img.ltwebstatic.com/images3_spmp/2024/08/09/d3/1723186955e8a8a497f41bb686ba776f608594cafd.jpg,https://us.shein.com/Tactical-Vest-Harness-c-8727.html,"https://us.shein.com/Tac-Shield-TCSH-T4510CY-Universal-Slim-Line-Admin-Molle-Pouch,-Coyote-p-40527959.html","[{""name"":""Sports & Outdoor"",""url"":""https://us.shein.com/Sports-Outdoor-c-3195.html""},{""name"":""Hunting"",""url"":""https://us.shein.com/Hunting-c-8714.html""},{""name"":""Hunting Equipment"",""url"":""https://us.shein.com/Hunting-Equipment-c-8715.html""},{""name"":""Tactical Vest & Harness"",""url"":""https://us.shein.com/Tactical-Vest-Harness-c-8727.html""}]",US,us.shein.com,3,"[""https://img.ltwebstatic.com/images3_spmp/2024/08/09/d3/1723186955e8a8a497f41bb686ba776f608594cafd.jpg"",""https://img.ltwebstatic.com/images3_spmp/2024/08/09/d3/1723186955e8a8a497f41bb686ba776f608594cafd.jpg"",""https://img.ltwebstatic.com/images3_spmp/2024/08/09/d3/1723186955e8a8a497f41bb686ba776f608594cafd.jpg""]",st2408101786900416,null,"[{""name"":""Color"",""value"":""Multicolor""},{""name"":""Material"",""value"":""PP""}]",40527959,0,null,Sports & Outdoor,null,Tactical Vest & Harness,Unbeatablesale,"[""one-size""]"
"30pcs Gold Color Hair Scrunchies Set For Women, Y2K Punk Bohemian Accessories Hair Ties Decor, Party Gift","Free Returns ✓ Free Shipping✓. 30pcs Gold Color Hair Scrunchies Set For Women, Y2K Punk Bohemian Accessories Hair Ties Decor, Party Gift- Women Braid Rings at SHEIN.",1.5,1.5,USD,true,Silver,one-size,0,https://img.ltwebstatic.com/images3_spmp/2024/07/24/f0/1721784162a8ee54e73fd8a17f4a9d1df65f606b4e.jpg,https://us.shein.com/Women-Braid-Rings-c-6242.html,"https://us.shein.com/30pcs-Gold-Color-Hair-Scrunchies-Set-For-Women,-Y2K-Punk-Bohemian-Accessories-Hair-Ties-Decor,-Party-Gift-p-40735089.html","[{""name"":""Jewelry & Watches"",""url"":""https://us.shein.com/Jewelry-Watches-c-3634.html""},{""name"":""Women Fashion Jewelry"",""url"":""https://us.shein.com/Women-Fashion-Jewelry-c-3632.html""},{""name"":""Women Head & Face Jewelry"",""url"":""https://us.shein.com/Women-Head-Face-Jewelry-c-6239.html""},{""name"":""Women Braid Rings"",""url"":""https://us.shein.com/Women-Braid-Rings-c-6242.html""}]",US,us.shein.com,6,"[""https://img.ltwebstatic.com/images3_spmp/2024/07/24/f0/1721784162a8ee54e73fd8a17f4a9d1df65f606b4e.jpg"",""https://img.ltwebstatic.com/images3_spmp/2024/07/24/fd/172178412364d988bcb4bd92109aa8d2a216d7ef4f.jpg"",""https://img.ltwebstatic.com/images3_spmp/2024/07/24/4b/1721784133af9968e09f2153e0875d698e4c319fc0.jpg"",""https://img.ltwebstatic.com/images3_spmp/2024/07/24/60/1721784143b424f4d7b509114607051f1ac954cfa0.jpg"",""https://img.ltwebstatic.com/images3_spmp/2024/07/24/b3/1721784152387359ce485922748324fe4049419f91.jpg"",""https://img.ltwebstatic.com/images3_spmp/2024/07/24/04/1721784297f6e02949eda4b4441f7e1a256c3919ac.jpg""]",sj2407246664306021,null,"[{""name"":""Color"",""value"":""Silver""},{""name"":""Material"",""value"":""Copper""}]",40735089,0,null,Jewelry & Watches,null,Women Braid Rings,SHEIN,"[""one-size""]"
"20pcs Mini Beverage Bottle Figurines, Home Office Desk Decor, Miniature Accessories, Room Decoration, Home Decoration","Free Returns ✓ Free Shipping✓. 20pcs Mini Beverage Bottle Figurines, Home Office Desk Decor, Miniature Accessories, Room Decoration, Home Decoration- Kids Dress Up Sets at SHEIN.",3.3,3.3,USD,true,Multicolor,20 Pcs,0,https://img.ltwebstatic.com/images3_spmp/2024/08/12/29/1723468139a8e074208bd7072094701a88e519c030_square.png,https://us.shein.com/Kids-Dress-Up-Sets-c-7360.html,"https://us.shein.com/20pcs-Mini-Beverage-Bottle-Figurines,-Home-Office-Desk-Decor,-Miniature-Accessories,-Room-Decoration,-Home-Decoration-p-40800360.html","[{""name"":""Toys & Games"",""url"":""https://us.shein.com/Toys-Games-c-4328.html""},{""name"":""Kids Dress Up & Pretend Toys"",""url"":""https://us.shein.com/Kids-Dress-Up-Pretend-Toys-c-4669.html""},{""name"":""Kids Dress Up Sets"",""url"":""https://us.shein.com/Kids-Dress-Up-Sets-c-7360.html""}]",US,us.shein.com,7,"[""https://img.ltwebstatic.com/images3_spmp/2024/08/12/0e/1723468060c45c3b5e669efe578d704c84ba339ddc_square.png"",""https://img.ltwebstatic.com/images3_spmp/2024/08/12/e5/172346806165766f860b4407747fbb1cf0b9215c1c_square.png"",""https://img.ltwebstatic.com/images3_abc/2024/08/12/92/17234680652f1755208696ea55ea1639104ee058cc_square.png"",""https://img.ltwebstatic.com/images3_spmp/2024/08/12/0e/17234680602dd9957ed0cd31350e87c69d9b51b406_square.png"",""https://img.ltwebstatic.com/images3_spmp/2024/08/12/e9/17234680582e93ff9cf89b759f00188ce0cc5e7f11_square.png"",""https://img.ltwebstatic.com/images3_spmp/2024/08/12/29/1723468139a8e074208bd7072094701a88e519c030_square.png"",""https://img.ltwebstatic.com/images3_spmp/2024/08/12/1f/1723468144092b66cf4404619ec514656d1f852c71_square.png""]",sl2408122372777711,null,"[{""name"":""Color"",""value"":""Multicolor""},{""name"":""Power Supply"",""value"":""None""},{""name"":""Suitable Age"",""value"":""6-12years""},{""name"":""Material"",""value"":""ABS""}]",40800360,0,null,Toys & Games,null,Kids Dress Up Sets,SHEIN,"[""20 Pcs""]"
36 LEDS UV Light Drier Nail Gel Polished Portable Ultraviolet LED Nail Light With 4 Timers Set LCD Display Automatic Sensor Professional Nail Tool,Free Returns ✓ Free Shipping✓. 36 LEDS UV Light Drier Nail Gel Polished Portable Ultraviolet LED Nail Light With 4 Timers Set LCD Display Automatic Sensor Professional Nail Tool- Electronic Nail Art Equipment at SHEIN.,15,15,USD,true,N/A,White,0,https://img.ltwebstatic.com/images3_spmp/2024/08/13/bf/17235391461067dc2139f75aca882b1219826c727e_square.jpg,https://us.shein.com/Electronic-Nail-Art-Equipment-c-5673.html,https://us.shein.com/36-LEDS-UV-Light-Drier-Nail-Gel-Polished-Portable-Ultraviolet-LED-Nail-Light-With-4-Timers-Set-LCD-Display-Automatic-Sensor-Professional-Nail-Tool-p-40813685.html,"[{""name"":""Home Appliances"",""url"":""https://us.shein.com/Home-Appliances-c-3650.html""},{""name"":""Personal Care Appliances"",""url"":""https://us.shein.com/Personal-Care-Appliances-c-4496.html""},{""name"":""Beauty & Body Care Appliances"",""url"":""https://us.shein.com/Beauty-Body-Care-Appliances-c-5376.html""},{""name"":""Electronic Nail Art Equipment"",""url"":""https://us.shein.com/Electronic-Nail-Art-Equipment-c-5673.html""}]",US,us.shein.com,18,"[""https://img.ltwebstatic.com/images3_spmp/2024/08/13/f2/1723539021667a43d7fa0998fa5f89305362bbb7be_square.jpg"",""https://img.ltwebstatic.com/images3_spmp/2024/08/13/bf/17235391461067dc2139f75aca882b1219826c727e_square.jpg"",""https://img.ltwebstatic.com/images3_spmp/2024/08/13/bf/1723539144aa558d955c6579a98c3c3166e05569a7_square.jpg"",""https://img.ltwebstatic.com/images3_spmp/2024/08/13/48/1723539166130c9f4802a417fdac8cc2f4381f5f9d_square.jpg"",""https://img.ltwebstatic.com/images3_spmp/2024/08/13/12/172353914873017d3d8ee5e199fb0da811c707e6ae_square.jpg"",""https://img.ltwebstatic.com/images3_spmp/2024/08/13/94/172353914594c57ea874786fe2bc3babbf65b90d7a_square.jpg"",""https://img.ltwebstatic.com/images3_spmp/2024/08/13/4e/1723539147facc420997bb3be24f65de2ba37adcf3_square.jpg"",""https://img.ltwebstatic.com/images3_spmp/2024/08/13/4e/1723539147a2ccec8af79623f8dd5e9075236b0ffd_square.jpg"",""https://img.ltwebstatic.com/images3_spmp/2024/08/13/1f/172353913617f3cf2105af567c397c3fff34484d83_square.jpg"",""https://img.ltwebstatic.com/images3_spmp/2024/08/13/1f/172353931322b9c0b04e051e388a21a33771973754_square.jpg"",""https://img.ltwebstatic.com/images3_spmp/2024/08/13/f5/172353929750782b48c7ee2b356d7d34216ef5003d.jpg"",""https://img.ltwebstatic.com/images3_spmp/2024/08/13/51/17235392966441ee1fdd4bd85cf55dac9997b1b6b2.jpg"",""https://img.ltwebstatic.com/images3_spmp/2024/08/13/9f/1723539293c4d431861cbb41974f89f8e7bb3e5214.jpg"",""https://img.ltwebstatic.com/images3_spmp/2024/08/13/51/1723539296d35294d624bf0763ad3f911fab066895.jpg"",""https://img.ltwebstatic.com/images3_spmp/2024/08/13/a9/17235392994f1cc6783b8a1a10b70324867f18b247.jpg"",""https://img.ltwebstatic.com/images3_spmp/2024/08/13/c6/17235393001ff878f104936dc469ebe787767c900f.jpg"",""https://img.ltwebstatic.com/images3_spmp/2024/08/13/6f/172353931194ff6b3e01c16539bf976ba8a252ca6f.jpg"",""https://img.ltwebstatic.com/images3_spmp/2024/08/13/8c/172353927018c4b4ae2ce01b0252ab3f999453f8ab.jpg""]",sv2408137208113813,null,"[{""name"":""Plug(Voltage)"",""value"":""US A Type Plug(110-127V)""},{""name"":""Material"",""value"":""ABS""},{""name"":""Power Supply"",""value"":""Wall Plug""},{""name"":""Batteries Included"",""value"":""No""},{""name"":""Batteries Required"",""value"":""No""}]",40813685,0,null,Home Appliances,null,Electronic Nail Art Equipment,SHEIN,"[""White""]"
"1PC Personalized DIY Custom Name Necklace Stainless Steel Jewelry Goth Ghost Brand  Women's Pendant Gold Accessories Halloween Gift, Customizable Name Simple Daily Style, Keychain, Gift Box And Other Gifts, Valentine's Day Gift, Birthday Gift, Mother's Day Gift, Daily Gift","Free Returns ✓ Free Shipping✓. 1PC Personalized DIY Custom Name Necklace Stainless Steel Jewelry Goth Ghost Brand  Women's Pendant Gold Accessories Halloween Gift, Customizable Name Simple Daily Style, Keychain, Gift Box And Other Gifts, Valentine's Day Gift, Birthday Gift, Mother's Day Gift, Daily Gift- Customized Fashion Engraved Necklaces at SHEIN.",6.3,6.3,USD,true,Gold,one-size,0,https://img.ltwebstatic.com/images3_spmp/2024/08/08/55/1723108183b533b7002509509b52c68ddfea6c0a3c.jpg,https://us.shein.com/Customized-Fashion-Engraved-Necklaces-c-8764.html,"https://us.shein.com/1PC-Personalized-DIY-Custom-Name-Necklace-Stainless-Steel-Jewelry-Goth-Ghost-Brand--Women%27s-Pendant-Gold-Accessories-Halloween-Gift,-Customizable-Name-Simple-Daily-Style,-Keychain,-Gift-Box-And-Other-Gifts,-Valentine%27s-Day-Gift,-Birthday-Gift,-Mother%27s-Day-Gift,-Daily-Gift-p-40446410.html","[{""name"":""Jewelry & Watches"",""url"":""https://us.shein.com/Jewelry-Watches-c-3634.html""},{""name"":""Customized Fashion Jewelry"",""url"":""https://us.shein.com/Customized-Fashion-Jewelry-c-8756.html""},{""name"":""Customized Fashion Necklaces"",""url"":""https://us.shein.com/Customized-Fashion-Necklaces-c-8761.html""},{""name"":""Customized Fashion Engraved Necklaces"",""url"":""https://us.shein.com/Customized-Fashion-Engraved-Necklaces-c-8764.html""}]",US,us.shein.com,6,"[""https://img.ltwebstatic.com/images3_spmp/2024/08/08/85/172310813165652c2464f6824d245c7d79614a4518.jpg"",""https://img.ltwebstatic.com/images3_spmp/2024/08/08/55/1723108183b533b7002509509b52c68ddfea6c0a3c.jpg"",""https://img.ltwebstatic.com/images3_spmp/2024/08/08/55/1723108183991fb0c7110219528ca53ee35641e35d.jpg"",""https://img.ltwebstatic.com/images3_spmp/2024/08/08/3e/1723108252a29f2d159d8a1e7413022c9618577d3c.jpg"",""https://img.ltwebstatic.com/images3_spmp/2024/08/08/a6/17231082375e41ecfb3e2db314e7ade8b83cbedede.jpg"",""https://img.ltwebstatic.com/images3_spmp/2024/08/08/a6/17231082375bed3c18c6c317a2ab34d24fdaa531b3.jpg""]",sj2408083147073458,null,"[{""name"":""Color"",""value"":""Gold""},{""name"":""Material"",""value"":""Stainless Steel""},{""name"":""Gender"",""value"":""Men""},{""name"":""Gender"",""value"":""Women""},{""name"":""Gender"",""value"":""Couple""},{""name"":""Production Technology"",""value"":""Engraving Pattern""},{""name"":""Plating"",""value"":""18K Gold Plated""}]",40446410,0,null,Jewelry & Watches,null,Customized Fashion Engraved Necklaces,SHEIN,"[""one-size""]"
"1 Set Of 10 Non-Repetitive Large EVA Sticker Sheets, Made Of  And Odorless Materials, Suitable For Children's Handicraft DIY Sticker Artworks That Can Develop Their Hands-On And Thinking Skills, Appropriate For Children Aged 3 And Above, Great Preschool And Children's Day Gift Toy For Kids","Free Returns ✓ Free Shipping✓. 1 Set Of 10 Non-Repetitive Large EVA Sticker Sheets, Made Of  And Odorless Materials, Suitable For Children's Handicraft DIY Sticker Artworks That Can Develop Their Hands-On And Thinking Skills, Appropriate For Children Aged 3 And Above, Great Preschool And Children's Day Gift Toy For Kids- Kids Stickers & Collage at SHEIN.",5.5,5.5,USD,true,Black,one-size,0,https://img.ltwebstatic.com/images3_spmp/2024/08/17/8f/17238856038a5aabf052738d89fa062a2166616097_square.jpg,https://us.shein.com/Kids-Stickers-Collage-c-7040.html,"https://us.shein.com/1-Set-Of-10-Non-Repetitive-Large-EVA-Sticker-Sheets,-Made-Of--And-Odorless-Materials,-Suitable-For-Children%27s-Handicraft-DIY-Sticker-Artworks-That-Can-Develop-Their-Hands-On-And-Thinking-Skills,-Appropriate-For-Children-Aged-3-And-Above,-Great-Preschool-And-Children%27s-Day-Gift-Toy-For-Kids-p-40893558.html","[{""name"":""Toys & Games"",""url"":""https://us.shein.com/Toys-Games-c-4328.html""},{""name"":""Kids Arts & Crafts"",""url"":""https://us.shein.com/Kids-Arts-Crafts-c-6995.html""},{""name"":""Kids Stickers & Collage"",""url"":""https://us.shein.com/Kids-Stickers-Collage-c-7040.html""}]",US,us.shein.com,8,"[""https://img.ltwebstatic.com/images3_spmp/2024/08/17/8f/17238856038a5aabf052738d89fa062a2166616097_square.jpg"",""https://img.ltwebstatic.com/images3_spmp/2024/08/17/5b/17238856340cbaf7ced962b4a9c223a534f0913ca2_square.jpg"",""https://img.ltwebstatic.com/images3_spmp/2024/08/14/13/1723635285824abec66f63821e295a3e08fe469749_square.jpg"",""https://img.ltwebstatic.com/images3_spmp/2024/05/01/36/1714566666e4cc718267348459d24d128484e645fb_square.jpg"",""https://img.ltwebstatic.com/images3_spmp/2024/05/01/36/1714566666314885016731e9e75a1318a6f0d37c51_square.jpg"",""https://img.ltwebstatic.com/images3_spmp/2024/05/01/14/17145666678ddf7d3f2001c4ae60638b3753c9c757_square.jpg"",""https://img.ltwebstatic.com/images3_spmp/2024/05/01/14/17145666679d061f1cffdca05d85cc798ad28a6e0c_square.jpg"",""https://img.ltwebstatic.com/images3_spmp/2024/08/17/f8/1723885913fec637f5157f2a5ef5bb9b3e435f5bd8.jpg""]",sl2405013392845820,null,"[{""name"":""Color"",""value"":""Black""},{""name"":""Suitable Age"",""value"":""3-6years""},{""name"":""Material"",""value"":""EVA""}]",40893558,0,null,Toys & Games,null,Kids Stickers & Collage,SHEIN,"[""one-size""]"
Unbeatablesale Integra Bullet Tip Dry-Erase Whiteboard Markers,Free Returns ✓ Free Shipping✓. Unbeatablesale Integra Bullet Tip Dry-Erase Whiteboard Markers- Markers at SHEIN.,14.42,14.42,USD,true,White,one-size,0,https://img.ltwebstatic.com/images3_spmp/2024/08/10/4b/172328680936e5a482b0ddb52c920be6943fd2b553.jpg,https://us.shein.com/Markers-c-4114.html,https://us.shein.com/Integra-Bullet-Tip-Dry-Erase-Whiteboard-Markers-p-40554109.html,"[{""name"":""Office & School Supplies"",""url"":""https://us.shein.com/Office-School-Supplies-c-2297.html""},{""name"":""Writing & Correction Supplies"",""url"":""https://us.shein.com/Writing-Correction-Supplies-c-3654.html""},{""name"":""Markers & Highlighters"",""url"":""https://us.shein.com/Markers-Highlighters-c-4113.html""},{""name"":""Markers"",""url"":""https://us.shein.com/Markers-c-4114.html""}]",US,us.shein.com,3,"[""https://img.ltwebstatic.com/images3_spmp/2024/08/10/4b/172328680936e5a482b0ddb52c920be6943fd2b553.jpg"",""https://img.ltwebstatic.com/images3_spmp/2024/08/10/4b/172328680936e5a482b0ddb52c920be6943fd2b553.jpg"",""https://img.ltwebstatic.com/images3_spmp/2024/08/10/4b/172328680936e5a482b0ddb52c920be6943fd2b553.jpg""]",ss2408102277993949,null,"[{""name"":""Color"",""value"":""White""},{""name"":""Material"",""value"":""PP""}]",40554109,0,null,Office & School Supplies,null,Markers,Unbeatablesale,"[""one-size""]"
"10pcs Muted Color Mini Travel Makeup Brush Set, Soft Bristle Eye Shadow Brushes","Free Returns ✓ Free Shipping✓. 10pcs Muted Color Mini Travel Makeup Brush Set, Soft Bristle Eye Shadow Brushes- Brushes Sets at SHEIN.",4,3.5,USD,true,Multicolor,10 Brushes Simple Pack,0,https://img.ltwebstatic.com/images3_spmp/2024/08/10/7a/17232787587394cb337df6d36fdef333d7d8419ecf.jpg,https://us.shein.com/Brushes-Sets-c-1865.html,"https://us.shein.com/10pcs-Muted-Color-Mini-Travel-Makeup-Brush-Set,-Soft-Bristle-Eye-Shadow-Brushes-p-40476986.html","[{""name"":""Beauty & Health"",""url"":""https://us.shein.com/Beauty-Health-c-1864.html""},{""name"":""Beauty Tools"",""url"":""https://us.shein.com/Beauty-Tools-c-2041.html""},{""name"":""Makeup Brushes"",""url"":""https://us.shein.com/Makeup-Brushes-c-3639.html""},{""name"":""Brushes Sets"",""url"":""https://us.shein.com/Brushes-Sets-c-1865.html""}]",US,us.shein.com,8,"[""https://img.ltwebstatic.com/images3_spmp/2024/08/10/7a/17232787587394cb337df6d36fdef333d7d8419ecf.jpg"",""https://img.ltwebstatic.com/images3_spmp/2024/08/10/7c/1723278757ef8d985168c51f940e90465957bbb1b6.jpg"",""https://img.ltwebstatic.com/images3_spmp/2024/08/10/7a/1723278758bc22f777eb788bd886302e2c5d55a5e8.jpg"",""https://img.ltwebstatic.com/images3_spmp/2024/08/10/7a/1723278758b9c8e0137d8a060fc17b5e558e29311e.jpg"",""https://img.ltwebstatic.com/images3_spmp/2024/08/10/7a/172327875888526c9af06e1d9641162e2e34798714.jpg"",""https://img.ltwebstatic.com/images3_spmp/2024/08/10/7a/1723278758e102172640a5de60c08bf60c8983cc3c.jpg"",""https://img.ltwebstatic.com/images3_spmp/2024/08/10/7a/172327875812d7928d1f60e50c9ed02c193d8765b9.jpg"",""https://img.ltwebstatic.com/images3_spmp/2024/08/08/e6/172310201932128c89a0ccfc73897953091c99a608_square.jpg""]",sb2408085685827088,null,"[{""name"":""Color"",""value"":""Multicolor""},{""name"":""Material"",""value"":""ABS""}]",40476986,0,null,Beauty & Health,null,Brushes Sets,SHEIN,"[""10 Brushes Simple Pack""]"
"32pcs Alloy Round Shape Earring Hoops For Jewelry Making, Diy Craft Art Accessories, Golden, Open Hoop, 20mm/30mm/40mm/50mm","Free Returns ✓ Free Shipping✓. 32pcs Alloy Round Shape Earring Hoops For Jewelry Making, Diy Craft Art Accessories, Golden, Open Hoop, 20mm/30mm/40mm/50mm- Jewelry Making Earring Findings at SHEIN.",2.8,2.8,USD,true,Gold,one-size,0,https://img.ltwebstatic.com/images3_spmp/2024/03/08/89/17098642634549333e509a6a015967bf898254b973_square.jpg,"https://us.shein.com/32pcs-Alloy-Round-Shape-Earring-Hoops-For-Jewelry-Making,-Diy-Craft-Art-Accessories,-Golden,-Open-Hoop,-20mm/30mm/40mm/Jewelry-Making-Earring-Findings-c-4222.html","https://us.shein.com/32pcs-Alloy-Round-Shape-Earring-Hoops-For-Jewelry-Making,-Diy-Craft-Art-Accessories,-Golden,-Open-Hoop,-20mm/30mm/40mm/50mm-p-31303567.html","[{""name"":""Jewelry & Watches"",""url"":""https://us.shein.com/32pcs-Alloy-Round-Shape-Earring-Hoops-For-Jewelry-Making,-Diy-Craft-Art-Accessories,-Golden,-Open-Hoop,-20mm/30mm/40mm/Jewelry-Watches-c-3634.html""},{""name"":""Jewelry Making"",""url"":""https://us.shein.com/32pcs-Alloy-Round-Shape-Earring-Hoops-For-Jewelry-Making,-Diy-Craft-Art-Accessories,-Golden,-Open-Hoop,-20mm/30mm/40mm/Jewelry-Making-c-4219.html""},{""name"":""Jewelry Findings & Components"",""url"":""https://us.shein.com/32pcs-Alloy-Round-Shape-Earring-Hoops-For-Jewelry-Making,-Diy-Craft-Art-Accessories,-Golden,-Open-Hoop,-20mm/30mm/40mm/Jewelry-Findings-Components-c-4221.html""},{""name"":""Jewelry Making Earring Findings"",""url"":""https://us.shein.com/32pcs-Alloy-Round-Shape-Earring-Hoops-For-Jewelry-Making,-Diy-Craft-Art-Accessories,-Golden,-Open-Hoop,-20mm/30mm/40mm/Jewelry-Making-Earring-Findings-c-4222.html""}]",US,us.shein.com,10,"[""https://img.ltwebstatic.com/images3_spmp/2024/03/08/6b/1709864003c7abc32e260d192e702a79b07e02d77f.jpg"",""https://img.ltwebstatic.com/images3_spmp/2024/03/08/ba/1709864002d3e0edf9b0972f8db4e542c6c7a7dfac.jpg"",""https://img.ltwebstatic.com/images3_spmp/2024/03/08/53/1709864001694d116ed013ca5971ae423650837257.jpg"",""https://img.ltwebstatic.com/images3_spmp/2024/03/08/53/17098640010a14dcb40bc0ed380c90d6486e12c2d2.jpg"",""https://img.ltwebstatic.com/images3_spmp/2024/03/08/ba/1709864002cd9808a8dcde50ec26025e338d9f5c15.jpg"",""https://img.ltwebstatic.com/images3_spmp/2024/03/08/ba/1709864002003a6b208a5d6f91bc46f3604ffcae25.jpg"",""https://img.ltwebstatic.com/images3_spmp/2024/03/08/89/17098642634549333e509a6a015967bf898254b973_square.jpg"",""https://img.ltwebstatic.com/images3_spmp/2024/03/08/fe/17098642749a942731c0cdc4d1b645e97e0d8c515d.jpg"",""https://img.ltwebstatic.com/images3_spmp/2024/03/08/68/17098642758b6bb48ca46516cd60859507859e8f5e.jpg"",""https://img.ltwebstatic.com/images3_spmp/2024/03/08/68/1709864275e87301414fc1ef39e002d2baa179026a.jpg""]",sj2403084134666465,null,"[{""name"":""Color"",""value"":""Gold""},{""name"":""Material"",""value"":""Iron Alloy""}]",31303567,0,null,Jewelry & Watches,null,Jewelry Making Earring Findings,SHEIN,"[""one-size""]"
"21Pcs Interchangeable Welcome Sign For Front Door With 4 Seasonal Wreaths And 14 Changeable Icons For Door Decor Rustic Round Wood Sign,Outdoor Seasonal Welcome Home Decorations Farmhouse Front Porch Decor","Free Returns ✓ Free Shipping✓. 21Pcs Interchangeable Welcome Sign For Front Door With 4 Seasonal Wreaths And 14 Changeable Icons For Door Decor Rustic Round Wood Sign,Outdoor Seasonal Welcome Home Decorations Farmhouse Front Porch Decor- Door Decorations at SHEIN.",25.4,23.9,USD,true,Multicolor,19pcs,0,https://img.ltwebstatic.com/images3_spmp/2024/08/20/31/1724122971da66a75eceea845e925a62a8f7de2b98.jpg,https://us.shein.com/Door-Decorations-c-11099.html,"https://us.shein.com/21Pcs-Interchangeable-Welcome-Sign-For-Front-Door-With-4-Seasonal-Wreaths-And-14-Changeable-Icons-For-Door-Decor-Rustic-Round-Wood-Sign,Outdoor-Seasonal-Welcome-Home-Decorations-Farmhouse-Front-Porch-Decor-p-40232791.html","[{""name"":""Home & Living"",""url"":""https://us.shein.com/Home-Living-c-2032.html""},{""name"":""Outdoor & Garden"",""url"":""https://us.shein.com/Outdoor-Garden-c-3350.html""},{""name"":""Yard & Garden Decor"",""url"":""https://us.shein.com/Yard-Garden-Decor-c-3353.html""},{""name"":""Door Decorations"",""url"":""https://us.shein.com/Door-Decorations-c-11099.html""}]",US,us.shein.com,6,"[""https://img.ltwebstatic.com/images3_spmp/2024/08/20/31/1724122971da66a75eceea845e925a62a8f7de2b98.jpg"",""https://img.ltwebstatic.com/images3_spmp/2024/08/20/31/1724122971e42cd6ceff15300e83e25813e2ae7ed0.jpg"",""https://img.ltwebstatic.com/images3_spmp/2024/08/02/46/1722589128be05fed3cf601b18f5b6a27114a5ae53.jpg"",""https://img.ltwebstatic.com/images3_spmp/2024/08/02/46/1722589128a361759eef88604d332304dbfa24f916.jpg"",""https://img.ltwebstatic.com/images3_spmp/2024/08/02/46/1722589128c446da193c854a0985ff703b39416c89.jpg"",""https://img.ltwebstatic.com/images3_spmp/2024/08/02/46/172258912867e3cc720fcc395bef74b1b54baa2cf9.jpg""]",sh2408022642313141,null,"[{""name"":""Color"",""value"":""Multicolor""},{""name"":""Material"",""value"":""ABS""}]",40232791,0,null,Home & Living,null,Door Decorations,SHEIN,"[""19pcs""]"
Nike Jordan 13 Retro Low Bred GS 310811 027,Free Returns ✓ Free Shipping✓. Nike Jordan 13 Retro Low Bred GS 310811 027- Women Casual Athletic Shoes at SHEIN.,475.93,340.24,USD,true,Black,240,0,https://img.ltwebstatic.com/images3_spmp/2024/08/09/9e/172319165779cc257397ce2ef2e1c8665d93ed3596_square.png,https://us.shein.com/Women-Casual-Athletic-Shoes-c-4425.html,https://us.shein.com/Jordan-13-Retro-Low-Bred-GS-310811-027-p-40427648.html,"[{""name"":""Sports & Outdoor"",""url"":""https://us.shein.com/Sports-Outdoor-c-3195.html""},{""name"":""Sports & Outdoor Shoes"",""url"":""https://us.shein.com/Sports-Outdoor-Shoes-c-8776.html""},{""name"":""Women's Outdoor Athletic Shoes"",""url"":""https://us.shein.com/Women-s-Outdoor-Athletic-Shoes-c-8603.html""},{""name"":""Women Casual Athletic Shoes"",""url"":""https://us.shein.com/Women-Casual-Athletic-Shoes-c-4425.html""}]",US,us.shein.com,2,"[""https://img.ltwebstatic.com/images3_spmp/2024/08/09/9e/172319165779cc257397ce2ef2e1c8665d93ed3596_square.png"",""https://img.ltwebstatic.com/images3_spmp/2024/08/09/9e/172319165771fb73c92342c59c2eca366e37b2adc0_square.png""]",sx2408092055579148,null,"[{""name"":""Color"",""value"":""Black""},{""name"":""Power Supply"",""value"":""None""}]",40427648,0,null,Sports & Outdoor,null,Women Casual Athletic Shoes,Nike,"[""240""]"
1 Strand Approx. 160pcs 3mm Natural Black Quartz Faceted Beads For DIY Jewelry Making,Free Returns ✓ Free Shipping✓. 1 Strand Approx. 160pcs 3mm Natural Black Quartz Faceted Beads For DIY Jewelry Making- Beads at SHEIN.,1.8,1.8,USD,true,Black,3mm,0,https://img.ltwebstatic.com/images3_spmp/2024/08/07/85/172301591545471713f7cb6212f3fb65485e02b530_square.jpg,https://us.shein.com/Beads-c-2996.html,https://us.shein.com/1-Strand-Approx.-160pcs-3mm-Natural-Black-Quartz-Faceted-Beads-For-DIY-Jewelry-Making-p-40442882.html,"[{""name"":""Jewelry & Watches"",""url"":""https://us.shein.com/Jewelry-Watches-c-3634.html""},{""name"":""Jewelry Making"",""url"":""https://us.shein.com/Jewelry-Making-c-4219.html""},{""name"":""Beads"",""url"":""https://us.shein.com/Beads-c-2996.html""}]",US,us.shein.com,8,"[""https://img.ltwebstatic.com/images3_spmp/2024/08/07/87/1723015242673c882b7f1f23e4876226a23d77196c_square.jpg"",""https://img.ltwebstatic.com/images3_spmp/2024/08/07/87/1723015242476afde73e9fa2e03cd6c35b1e8431d9_square.jpg"",""https://img.ltwebstatic.com/images3_spmp/2024/08/07/87/17230152427e7ed0d9acde49da6305c4bc4bece47c_square.jpg"",""https://img.ltwebstatic.com/images3_spmp/2024/08/07/87/1723015242070796b05d8493f0128653898c226b94_square.jpg"",""https://img.ltwebstatic.com/images3_spmp/2024/08/07/87/1723015242076d1779c59172795880a992541f567f_square.jpg"",""https://img.ltwebstatic.com/images3_spmp/2024/08/07/87/1723015242e3c1880e4544eb7f5d79468570c2f43c_square.jpg"",""https://img.ltwebstatic.com/images3_spmp/2024/08/07/85/172301591545471713f7cb6212f3fb65485e02b530_square.jpg"",""https://img.ltwebstatic.com/images3_spmp/2024/08/07/ed/17230161012ad1b981f10ba3baf5b8ee33b607300a.jpg""]",sj2408076723665197,null,"[{""name"":""Color"",""value"":""Black""},{""name"":""Material"",""value"":""Hematite""},{""name"":""Main Stone"",""value"":""Natural Black Spinel""}]",40442882,0,null,Jewelry & Watches,null,Beads,SHEIN,"[""3mm""]"
14PCS Simulated Sea Life Toy Model Realistic Marine Ocean Animals Whale Shark Dolphin Turtle Octopus Toys For Kids Birthday Gifts Box,Free Returns ✓ Free Shipping✓. 14PCS Simulated Sea Life Toy Model Realistic Marine Ocean Animals Whale Shark Dolphin Turtle Octopus Toys For Kids Birthday Gifts Box- Kids Sea Animal Figure Toys at SHEIN.,9.3,9.3,USD,true,Blue,one-size,0,https://img.ltwebstatic.com/images3_spmp/2024/08/08/af/1723130477e4e5e76115d635fbcaededafcae5e4b4_square.jpg,https://us.shein.com/Kids-Sea-Animal-Figure-Toys-c-8455.html,https://us.shein.com/14PCS-Simulated-Sea-Life-Toy-Model-Realistic-Marine-Ocean-Animals-Whale-Shark-Dolphin-Turtle-Octopus-Toys-For-Kids-Birthday-Gifts-Box-p-40599433.html,"[{""name"":""Toys & Games"",""url"":""https://us.shein.com/Toys-Games-c-4328.html""},{""name"":""Kids Block Toys & Action Figures"",""url"":""https://us.shein.com/Kids-Block-Toys-Action-Figures-c-7099.html""},{""name"":""Kids Animal Figure Toys"",""url"":""https://us.shein.com/Kids-Animal-Figure-Toys-c-8453.html""},{""name"":""Kids Sea Animal Figure Toys"",""url"":""https://us.shein.com/Kids-Sea-Animal-Figure-Toys-c-8455.html""}]",US,us.shein.com,11,"[""https://us.shein.com/14PCS-Simulated-Sea-Life-Toy-Model-Realistic-Marine-Ocean-Animals-Whale-Shark-Dolphin-Turtle-Octopus-Toys-For-Kids-Birthday-Gifts-Box-p-40599433.html"",""https://img.ltwebstatic.com/images3_spmp/2024/08/08/af/1723130477e4e5e76115d635fbcaededafcae5e4b4_square.jpg"",""https://img.ltwebstatic.com/images3_spmp/2024/08/08/af/1723130477feb0b97b463b3e5473d5f5b0062a7204_square.jpg"",""https://img.ltwebstatic.com/images3_spmp/2024/08/08/af/172313047731f5537da2f066783302fe4a4d208043_square.jpg"",""https://img.ltwebstatic.com/images3_spmp/2024/08/08/af/17231304774a6cad5eb09ac63a759f0101e04592e8_square.jpg"",""https://img.ltwebstatic.com/images3_spmp/2024/08/08/af/1723130477a45f015c9196bc36cff1eb9c2410fb66_square.jpg"",""https://img.ltwebstatic.com/images3_spmp/2024/08/08/24/17231305913207f0551c096352c9a30367d4dc98df.jpg"",""https://img.ltwebstatic.com/images3_spmp/2024/08/08/ee/1723130590f3879186b5ef862b63cc2bed9b723522.jpg"",""https://img.ltwebstatic.com/images3_spmp/2024/08/08/ee/172313059047c0ab4a9a5323b330664b2c0c188ad7.jpg"",""https://img.ltwebstatic.com/images3_spmp/2024/08/08/24/1723130591759f7736afd721137ff69453d9444a6a.jpg"",""https://img.ltwebstatic.com/images3_spmp/2024/08/08/ee/1723130590699411a75b5a48193d43d9756ed81d07.jpg""]",sl2408091223113119,null,"[{""name"":""Color"",""value"":""Blue""},{""name"":""Suitable Age"",""value"":""3-6years""},{""name"":""Suitable Age"",""value"":""Over 14 Years""},{""name"":""Suitable Age"",""value"":""6-14years""},{""name"":""Material"",""value"":""PVC""}]",40599433,0,null,Toys & Games,null,Kids Sea Animal Figure Toys,SHEIN,"[""one-size""]"
"Unbeatablesale Jacks 2128F-WH-L Ribbed Bell Boots With Fleece - White, Large","Free Returns ✓ Free Shipping✓. Unbeatablesale Jacks 2128F-WH-L Ribbed Bell Boots With Fleece - White, Large- Pet Shoes & Boots at SHEIN.",24.08,24.08,USD,true,White,one-size,0,https://img.ltwebstatic.com/images3_spmp/2024/08/10/d1/1723256230b4d2dbba85064fee805491db552ea7ff.jpg,https://us.shein.com/Pet-Shoes-Boots-c-2898.html,"https://us.shein.com/Jacks-2128F-WH-L-Ribbed-Bell-Boots-With-Fleece---White,-Large-p-40532460.html","[{""name"":""Pet Supplies"",""url"":""https://us.shein.com/Pet-Supplies-c-2400.html""},{""name"":""Pet Accessories"",""url"":""https://us.shein.com/Pet-Accessories-c-2892.html""},{""name"":""Pet Shoes & Socks"",""url"":""https://us.shein.com/Pet-Shoes-Socks-c-2897.html""},{""name"":""Pet Shoes & Boots"",""url"":""https://us.shein.com/Pet-Shoes-Boots-c-2898.html""}]",US,us.shein.com,3,"[""https://img.ltwebstatic.com/images3_spmp/2024/08/10/d1/1723256230b4d2dbba85064fee805491db552ea7ff.jpg"",""https://img.ltwebstatic.com/images3_spmp/2024/08/10/d1/1723256230b4d2dbba85064fee805491db552ea7ff.jpg"",""https://img.ltwebstatic.com/images3_spmp/2024/08/10/d1/1723256230b4d2dbba85064fee805491db552ea7ff.jpg""]",sp2408106252129687,null,"[{""name"":""Color"",""value"":""White""},{""name"":""Pattern Type"",""value"":""Colorblock""},{""name"":""Material"",""value"":""PP""}]",40532460,0,null,Pet Supplies,null,Pet Shoes & Boots,Unbeatablesale,"[""one-size""]"
SHEIN BAE Women's Dating & Valentine's Day Party Shoulder Bag,Free Returns ✓ Free Shipping✓. SHEIN BAE Women's Dating & Valentine's Day Party Shoulder Bag- Women Shoulder Bags at SHEIN.,9.5,5.7,USD,true,Black,one-size,0,https://img.ltwebstatic.com/images3_pi/2024/06/24/0d/1719210379a8395a17ecd7d27cda30532ad0383fd4.jpg,https://us.shein.com/Women-Shoulder-Bags-c-1764.html,https://us.shein.com/Women%27s-Dating-&amp;-Valentine%27s-Day-Party-Shoulder-Bag-p-37408837.html,"[{""name"":""Bags & Luggage"",""url"":""https://us.shein.com/Bags-Luggage-c-3637.html""},{""name"":""Women Bags"",""url"":""https://us.shein.com/Women-Bags-c-2043.html""},{""name"":""Women Shoulder Bags"",""url"":""https://us.shein.com/Women-Shoulder-Bags-c-1764.html""}]",US,us.shein.com,7,"[""https://img.ltwebstatic.com/images3_pi/2024/06/24/0d/1719210379a8395a17ecd7d27cda30532ad0383fd4.jpg"",""https://img.ltwebstatic.com/images3_pi/2024/07/03/6c/1719983963ef8ab2640999d2ddb13d5fe1cd106386.jpg"",""https://img.ltwebstatic.com/images3_pi/2024/06/24/28/171921038502220f04bdab38dc9ea0e4a5cf518770.jpg"",""https://img.ltwebstatic.com/images3_pi/2024/07/03/dd/1719983966308f8fd107d5460e19fec8fdb8113269.jpg"",""https://img.ltwebstatic.com/images3_pi/2024/07/03/b4/17199839695084daa77dbb5f9610753b3146824c36.jpg"",""https://img.ltwebstatic.com/images3_pi/2024/07/03/68/1719983973ef378ae59a747ad0f0a56becf1c0143e.jpg"",""https://img.ltwebstatic.com/images3_pi/2024/07/03/47/1719983978bb07413b545eb6462ada33239f2c0fec.jpg""]",sg2406031721887817,null,"[{""name"":""Style"",""value"":""Glamorous""},{""name"":""Style"",""value"":""Casual""},{""name"":""Style"",""value"":""Fashionable""},{""name"":""Color"",""value"":""Black""},{""name"":""Details"",""value"":""Beaded""},{""name"":""Details"",""value"":""Bow""},{""name"":""Details"",""value"":""Ruched""},{""name"":""Type"",""value"":""Novelty Bag""},{""name"":""Bag Size"",""value"":""Small""},{""name"":""Strap Type"",""value"":""Adjustable""},{""name"":""Pattern Type"",""value"":""Animal""},{""name"":""Pattern Type"",""value"":""Plain""},{""name"":""Closure Type"",""value"":""Zipper""},{""name"":""Pattern Type"",""value"":""Plants""},{""name"":""Composition"",""value"":""100% Polyester""},{""name"":""Material"",""value"":""Polyester""}]",37408837,0,null,Bags & Luggage,null,Women Shoulder Bags,SHEIN,"[""one-size""]"
"1 Set Low-Profile Luxury Black Gold Signature Pen, Metal Ball Pen, High-End Business & Office Calligraphy Signing Pen, Unisex","Free Returns ✓ Free Shipping✓. 1 Set Low-Profile Luxury Black Gold Signature Pen, Metal Ball Pen, High-End Business & Office Calligraphy Signing Pen, Unisex- Gel Pens at SHEIN.",3.5,3.5,USD,true,Black,one-size,0,https://img.ltwebstatic.com/images3_spmp/2024/07/19/8b/172139897571d0d226798f34acc6b8b27000fa3f3d.jpg,https://us.shein.com/Gel-Pens-c-1964.html,"https://us.shein.com/1-Set-Low-Profile-Luxury-Black-Gold-Signature-Pen,-Metal-Ball-Pen,-High-End-Business-&amp;-Office-Calligraphy-Signing-Pen,-Unisex-p-39228766.html","[{""name"":""Office & School Supplies"",""url"":""https://us.shein.com/Office-School-Supplies-c-2297.html""},{""name"":""Writing & Correction Supplies"",""url"":""https://us.shein.com/Writing-Correction-Supplies-c-3654.html""},{""name"":""Pens & Refills"",""url"":""https://us.shein.com/Pens-Refills-c-4115.html""},{""name"":""Gel Pens"",""url"":""https://us.shein.com/Gel-Pens-c-1964.html""}]",US,us.shein.com,19,"[""https://img.ltwebstatic.com/images3_spmp/2024/07/19/8b/172139897571d0d226798f34acc6b8b27000fa3f3d.jpg"",""https://img.ltwebstatic.com/images3_spmp/2024/07/19/34/172139897758a18fd5dcf0bdc2d4062c37407e5b62.png"",""https://img.ltwebstatic.com/images3_spmp/2024/07/19/3e/1721398976d44d86517a8a4ce832ca8afcdb92b4d5.jpg"",""https://img.ltwebstatic.com/images3_spmp/2024/07/19/3e/1721398976403913fb811f7fe6f6d34ec0009f90ce.jpg"",""https://img.ltwebstatic.com/images3_spmp/2024/07/19/3e/1721398976b6cb22a5636fccdc333225115f919879.jpg"",""https://img.ltwebstatic.com/images3_spmp/2024/07/19/8b/1721398975a41e558e053efcc173a0de147581dfb6.jpg"",""https://img.ltwebstatic.com/images3_spmp/2024/07/19/34/17213989773554dc20903a53e850eca76a767fe1da.png"",""https://img.ltwebstatic.com/images3_spmp/2024/07/19/8b/1721398975036777ea547c94cb553c1f9f98cdc984.jpg"",""https://img.ltwebstatic.com/images3_spmp/2024/07/19/3e/1721398976931fbae0ca5e5bbffe2fdaea410a084a.jpg"",""https://img.ltwebstatic.com/images3_spmp/2024/07/19/7e/172139898141ddb9f19b9d1a871a86e0d6b5caf24a.jpg"",""https://img.ltwebstatic.com/images3_spmp/2024/07/19/7e/17213989813e7db73719c9afd64075df88ea667539.png"",""https://img.ltwebstatic.com/images3_spmp/2024/07/19/7e/17213989812d7b21055ebd10ac39615792088270e0.jpg"",""https://img.ltwebstatic.com/images3_spmp/2024/07/19/ea/17213989825c7e48f5d95054095194322ca59fb031.png"",""https://img.ltwebstatic.com/images3_spmp/2024/07/19/7e/17213989818bea9b044fdbccf6479ffbf63e4e580d.jpg"",""https://img.ltwebstatic.com/images3_spmp/2024/07/19/7e/172139898113dfc3afb77112aab4d646b7b557eea5.jpg"",""https://img.ltwebstatic.com/images3_spmp/2024/07/19/7e/172139898139274502ad668066f415f4b0f3266af9.jpg"",""https://img.ltwebstatic.com/images3_spmp/2024/07/19/ea/17213989820971afca5542474d89158f8f109c2e60.jpg"",""https://img.ltwebstatic.com/images3_spmp/2024/07/19/7e/172139898100c6935cf6c66275007c6a054544830a.jpg"",""https://img.ltwebstatic.com/images3_spmp/2024/07/19/7e/172139898129d4d4b6725fcb0c977ab02056a6e3ac.jpg""]",ss2407198079959794,null,"[{""name"":""Color"",""value"":""Black""},{""name"":""Material"",""value"":""Iron Alloy""}]",39228766,0,null,Office & School Supplies,null,Gel Pens,SHEIN,"[""one-size""]"
"30pcs, Merry Christmas Wooden Letter Ornament - Perfect For Home Decor And Holiday Celebrations","Free Returns ✓ Free Shipping✓. 30pcs, Merry Christmas Wooden Letter Ornament - Perfect For Home Decor And Holiday Celebrations- Holiday Decoration Supplies at SHEIN.",4.6,4.4,USD,true,Multicolor,Merry Christmas Wooden Sign 30pcs,0,https://img.ltwebstatic.com/images3_spmp/2024/07/29/f1/17222212447217b0430b7ce0863058110c9fa6a41c_square.jpg,https://us.shein.com/Holiday-Decoration-Supplies-c-7812.html,"https://us.shein.com/30pcs,-Merry-Christmas-Wooden-Letter-Ornament---Perfect-For-Home-Decor-And-Holiday-Celebrations-p-39822498.html","[{""name"":""Home & Living"",""url"":""https://us.shein.com/Home-Living-c-2032.html""},{""name"":""Home Decor"",""url"":""https://us.shein.com/Home-Decor-c-1954.html""},{""name"":""Seasonal Decor"",""url"":""https://us.shein.com/Seasonal-Decor-c-7758.html""},{""name"":""Holiday Decoration Supplies"",""url"":""https://us.shein.com/Holiday-Decoration-Supplies-c-7812.html""}]",US,us.shein.com,10,"[""https://img.ltwebstatic.com/images3_spmp/2024/07/29/f1/17222212447217b0430b7ce0863058110c9fa6a41c_square.jpg"",""https://img.ltwebstatic.com/images3_spmp/2024/07/29/02/1722221242cb8bbdef847c2be390df9891dd4b6c93_square.jpg"",""https://img.ltwebstatic.com/images3_spmp/2024/07/29/f1/1722221244d66aab22c8edbb8c6d80b1708e79d811_square.jpg"",""https://img.ltwebstatic.com/images3_spmp/2024/07/29/f1/1722221244391accd61faed69fe8764689dfb941bf_square.jpg"",""https://img.ltwebstatic.com/images3_spmp/2024/07/29/a2/17222212458ae4b47150c3b4286a6da254e1c3f903_square.jpg"",""https://img.ltwebstatic.com/images3_spmp/2024/07/29/f1/1722221244a9cfc19f486ddfa1241161451d0d7af6_square.jpg"",""https://img.ltwebstatic.com/images3_spmp/2024/07/29/a2/1722221245c89f1c7eb218c4550f3cd14f870d53d4_square.jpg"",""https://img.ltwebstatic.com/images3_spmp/2024/07/29/fb/17222212473e41743ffa860005d32ffc8aa8cf8f63.jpg"",""https://img.ltwebstatic.com/images3_spmp/2024/07/29/fb/17222212474712df5c057b62efaea0a34c1ea31b9e.jpg"",""https://img.ltwebstatic.com/images3_spmp/2024/07/29/fb/1722221247aa36b5487a4455f0563cf168150a9c1d.jpg""]",sh2407296656014080,null,"[{""name"":""Color"",""value"":""Multicolor""},{""name"":""Material"",""value"":""WPC""}]",39822498,0,null,Home & Living,null,Holiday Decoration Supplies,SHEIN,"[""Merry Christmas Wooden Sign 30pcs""]"
Talia Hyaluronic Acid Hydrate & Firm Mask With Niacinamide (B3),Free Returns ✓ Free Shipping✓. Talia Hyaluronic Acid Hydrate & Firm Mask With Niacinamide (B3)- Facial Masks at SHEIN.,59.99,46.81,USD,true,Default,1.7oz,0,https://img.ltwebstatic.com/images3_spmp/2023/11/17/6d/1700221123c2e718f443a28a3080a7c5ff54b12ec5_square.jpg,https://us.shein.com/Facial-Masks-c-2442.html,https://us.shein.com/Hyaluronic-Acid-Hydrate-&amp;-Firm-Mask-With-Niacinamide-(B3)-p-40507328.html,"[{""name"":""Beauty & Health"",""url"":""https://us.shein.com/Beauty-Health-c-1864.html""},{""name"":""Personal Care"",""url"":""https://us.shein.com/Personal-Care-c-2171.html""},{""name"":""Skin Care"",""url"":""https://us.shein.com/Skin-Care-c-2462.html""},{""name"":""Facial Masks"",""url"":""https://us.shein.com/Facial-Masks-c-2442.html""}]",US,us.shein.com,5,"[""https://img.ltwebstatic.com/images3_spmp/2023/11/17/6d/1700221123c2e718f443a28a3080a7c5ff54b12ec5_square.jpg"",""https://img.ltwebstatic.com/images3_spmp/2023/11/17/28/170022110324758d82305c598b12c72464a4a27f6c_square.jpg"",""https://img.ltwebstatic.com/images3_spmp/2023/11/17/13/1700221114e11f85cb7ec13979c6a588b33d980ac7_square.jpg"",""https://img.ltwebstatic.com/images3_spmp/2023/11/17/4c/1700221137f8b78e85a3f7e7c41175d962f2a629b9_square.jpg"",""https://img.ltwebstatic.com/images3_spmp/2023/11/17/d7/1700221149137e524b5c9380ee6e698f6f3b63c843_square.jpg""]",sb2312199199217680,null,"[{""name"":""Color"",""value"":""Default""}]",40507328,0,null,Beauty & Health,null,Facial Masks,Talia,"[""1.7oz""]"
Unbeatablesale Super Power Supply 010-SPS-19918 DC Car Adapter Charger Cord- 9 Volt 1.5 Amp,Free Returns ✓ Free Shipping✓. Unbeatablesale Super Power Supply 010-SPS-19918 DC Car Adapter Charger Cord- 9 Volt 1.5 Amp- Charger Cable Adapters at SHEIN.,17.33,17.33,USD,true,Multicolor,one-size,0,https://img.ltwebstatic.com/images3_spmp/2024/07/21/2a/17215051627fff3de3b3005efd3e0e6153389ca186.jpg,https://us.shein.com/Charger-Cable-Adapters-c-3331.html,https://us.shein.com/Super-Power-Supply-010-SPS-19918-DC-Car-Adapter-Charger-Cord--9-Volt-1.5-Amp-p-39334559.html,"[{""name"":""Cell Phones & Accessories"",""url"":""https://us.shein.com/Cell-Phones-Accessories-c-2274.html""},{""name"":""Phone Accessories"",""url"":""https://us.shein.com/Phone-Accessories-c-3649.html""},{""name"":""Charger Cable Adapters"",""url"":""https://us.shein.com/Charger-Cable-Adapters-c-3331.html""}]",US,us.shein.com,3,"[""https://img.ltwebstatic.com/images3_spmp/2024/07/21/2a/17215051627fff3de3b3005efd3e0e6153389ca186.jpg"",""https://img.ltwebstatic.com/images3_spmp/2024/07/21/2a/17215051627fff3de3b3005efd3e0e6153389ca186.jpg"",""https://img.ltwebstatic.com/images3_spmp/2024/07/21/2a/17215051627fff3de3b3005efd3e0e6153389ca186.jpg""]",sw2407213087984494,null,"[{""name"":""Color"",""value"":""Multicolor""},{""name"":""Material"",""value"":""PP""}]",39334559,0,null,Cell Phones & Accessories,null,Charger Cable Adapters,Unbeatablesale,"[""one-size""]"
"21pcs Reusable Baking Decorating Tips Set - 12pcs Piping Nozzles, 2pcs Small Couplers, 2pcs Blue Piping Bags, 3pcs Blue Icing Spatula, 2pcs Blue Rubber Bands","Free Returns ✓ Free Shipping✓. 21pcs Reusable Baking Decorating Tips Set - 12pcs Piping Nozzles, 2pcs Small Couplers, 2pcs Blue Piping Bags, 3pcs Blue Icing Spatula, 2pcs Blue Rubber Bands- Piping Bags & Tips at SHEIN.",2.9,2.23,USD,true,Blue,21-piece Decorating Nozzle Set,0,https://img.ltwebstatic.com/images3_spmp/2024/07/24/d5/1721800404d7c64514359595fd2e911bedd75e0b77.jpg,https://us.shein.com/Piping-Bags-Tips-c-1953.html,"https://us.shein.com/21pcs-Reusable-Baking-Decorating-Tips-Set---12pcs-Piping-Nozzles,-2pcs-Small-Couplers,-2pcs-Blue-Piping-Bags,-3pcs-Blue-Icing-Spatula,-2pcs-Blue-Rubber-Bands-p-39782575.html","[{""name"":""Home & Living"",""url"":""https://us.shein.com/Home-Living-c-2032.html""},{""name"":""Kitchen & Dining"",""url"":""https://us.shein.com/Kitchen-Dining-c-1948.html""},{""name"":""Bakeware"",""url"":""https://us.shein.com/Bakeware-c-3407.html""},{""name"":""Piping Bags & Tips"",""url"":""https://us.shein.com/Piping-Bags-Tips-c-1953.html""}]",US,us.shein.com,14,"[""https://img.ltwebstatic.com/images3_spmp/2024/07/24/48/17218000413a811468172ab6c6a609b4f3034647dd.jpg"",""https://img.ltwebstatic.com/images3_spmp/2024/07/24/fa/1721800042cd1555b3d4a77992429766346aabbd4e.jpg"",""https://img.ltwebstatic.com/images3_spmp/2024/07/24/fa/17218000427de556867cbbd4d351646c7a77c62880.jpg"",""https://img.ltwebstatic.com/images3_spmp/2024/07/24/fa/1721800042deb2b456df2c877d09b909fb540ff89c.jpg"",""https://img.ltwebstatic.com/images3_spmp/2024/07/24/fa/17218000423c74d2709813cb647cc2b0be2a145c09.jpg"",""https://img.ltwebstatic.com/images3_spmp/2024/07/24/60/1721800044b398ddeee44b23286bf151e5df5ddb57.jpg"",""https://img.ltwebstatic.com/images3_spmp/2024/07/24/d5/1721800404d7c64514359595fd2e911bedd75e0b77.jpg"",""https://img.ltwebstatic.com/images3_spmp/2024/07/24/a3/17218004423a0bf5d22d1ada7ebb5b7f8a721ec3bc.jpg"",""https://img.ltwebstatic.com/images3_spmp/2024/07/24/3a/1721800425253ccc0a8e07810cfc6ca656c215abce.jpg"",""https://img.ltwebstatic.com/images3_spmp/2024/07/24/32/1721800433244858fb714f2b455f221d442b1357f9.jpg"",""https://img.ltwebstatic.com/images3_spmp/2024/07/24/32/1721800433598243294f85de24cc0f9bb12b165b5f.jpg"",""https://img.ltwebstatic.com/images3_spmp/2024/07/24/32/1721800433922f6935f29bb113cc58e95c279299eb.jpg"",""https://img.ltwebstatic.com/images3_spmp/2024/07/24/32/17218004334352bf604437b401c9de0d17fdeba86c.jpg"",""https://img.ltwebstatic.com/images3_spmp/2024/07/24/32/17218004331e0e1e324bb8f1d38279c13fa978db66.jpg""]",sh2407249556717959,null,"[{""name"":""Color"",""value"":""Blue""},{""name"":""Dishwasher Safe"",""value"":""No""},{""name"":""Pattern Type"",""value"":""Colorblock""},{""name"":""Microwave Safe"",""value"":""No""},{""name"":""Oven Safe (-4~220 degrees Celsius)"",""value"":""No""},{""name"":""Material"",""value"":""Stainless Steel""}]",39782575,0,null,Home & Living,null,Piping Bags & Tips,SHEIN,"[""21-piece Decorating Nozzle Set""]"
Joico K-Pak Shampoo To Repair Damage For Unisex - 33.8 Oz Shampoo,Free Returns ✓ Free Shipping✓. Joico K-Pak Shampoo To Repair Damage For Unisex - 33.8 Oz Shampoo- Shampoos & Conditioners at SHEIN.,42.5,31.75,USD,true,Default,Large,0,https://img.ltwebstatic.com/images3_spmp/2023/11/10/e4/1699612035ed933c011804b9753f751ca425872a53_square.jpg,https://us.shein.com/Shampoos-Conditioners-c-4859.html,https://us.shein.com/K-Pak-Shampoo-To-Repair-Damage-For-Unisex---33.8-Oz-Shampoo-p-27865900.html,"[{""name"":""Beauty & Health"",""url"":""https://us.shein.com/Beauty-Health-c-1864.html""},{""name"":""Personal Care"",""url"":""https://us.shein.com/Personal-Care-c-2171.html""},{""name"":""Hair Care & Styling"",""url"":""https://us.shein.com/Hair-Care-Styling-c-2465.html""},{""name"":""Shampoos & Conditioners"",""url"":""https://us.shein.com/Shampoos-Conditioners-c-4859.html""}]",US,us.shein.com,3,"[""https://img.ltwebstatic.com/images3_spmp/2023/11/10/e4/1699612035ed933c011804b9753f751ca425872a53_square.jpg"",""https://img.ltwebstatic.com/images3_spmp/2023/11/10/d0/16996120457541adb69c0ad5aae1a85ef2b9c36ee9_square.jpg"",""https://img.ltwebstatic.com/images3_spmp/2023/11/10/d0/16996120457541adb69c0ad5aae1a85ef2b9c36ee9_square.jpg""]",sb2312190033102997,null,"[{""name"":""Color"",""value"":""Default""}]",27865900,0,null,Beauty & Health,null,Shampoos & Conditioners,Joico,"[""Large""]"
"Unbeatablesale 22 In. Full Extra G-Slide Zinc, 100 Lbs","Free Returns ✓ Free Shipping✓. Unbeatablesale 22 In. Full Extra G-Slide Zinc, 100 Lbs- Drawer Organizer at SHEIN.",31.54,31.54,USD,true,Multicolor,one-size,0,https://img.ltwebstatic.com/images3_spmp/2024/08/03/eb/1722619096519387b55d1132d81dc98f21fb973550.jpg,https://us.shein.com/Drawer-Organizer-c-7878.html,"https://us.shein.com/22-In.-Full-Extra-G-Slide-Zinc,-100-Lbs-p-40120641.html","[{""name"":""Home & Living"",""url"":""https://us.shein.com/Home-Living-c-2032.html""},{""name"":""Storage & Organization"",""url"":""https://us.shein.com/Storage-Organization-c-2298.html""},{""name"":""Kitchen Storage & Organization"",""url"":""https://us.shein.com/Kitchen-Storage-Organization-c-3559.html""},{""name"":""Drawer Organizer"",""url"":""https://us.shein.com/Drawer-Organizer-c-7878.html""}]",US,us.shein.com,3,"[""https://img.ltwebstatic.com/images3_spmp/2024/08/03/eb/1722619096519387b55d1132d81dc98f21fb973550.jpg"",""https://img.ltwebstatic.com/images3_spmp/2024/08/03/37/1722619098e22b945e2577891c1c8e9366c5da60cd.jpg"",""https://img.ltwebstatic.com/images3_spmp/2024/08/03/eb/1722619096519387b55d1132d81dc98f21fb973550.jpg""]",sh2408038648420777,null,"[{""name"":""Color"",""value"":""Multicolor""},{""name"":""Material"",""value"":""PP""}]",40120641,0,null,Home & Living,null,Drawer Organizer,Unbeatablesale,"[""one-size""]"
"1 Set Of 5pcs Felt DIY Crafts Kit,  Non-Woven Fabric Decoration Hanging Ornament Gift Making Materials","Free Returns ✓ Free Shipping✓. 1 Set Of 5pcs Felt DIY Crafts Kit,  Non-Woven Fabric Decoration Hanging Ornament Gift Making Materials- Kids Sewing at SHEIN.",7.6,4.94,USD,true,DIY Children's Sewing Fun,one-size,0,https://img.ltwebstatic.com/images3_spmp/2024/08/08/87/172311742861cbe9dc27fc0a906ab100787c29b014.jpg,https://us.shein.com/Kids-Sewing-c-7010.html,"https://us.shein.com/1-Set-Of-5pcs-Felt-DIY-Crafts-Kit,--Non-Woven-Fabric-Decoration-Hanging-Ornament-Gift-Making-Materials-p-40550075.html","[{""name"":""Toys & Games"",""url"":""https://us.shein.com/Toys-Games-c-4328.html""},{""name"":""Kids Arts & Crafts"",""url"":""https://us.shein.com/Kids-Arts-Crafts-c-6995.html""},{""name"":""Kids Craft Kits"",""url"":""https://us.shein.com/Kids-Craft-Kits-c-7003.html""},{""name"":""Kids Sewing"",""url"":""https://us.shein.com/Kids-Sewing-c-7010.html""}]",US,us.shein.com,12,"[""https://img.ltwebstatic.com/images3_spmp/2024/08/08/5d/172311730508dd861880ebd98bec8f3c79596207e7.jpg"",""https://img.ltwebstatic.com/images3_spmp/2024/08/08/24/1723117304421205e8a8dffd881c6a0c32bf073a1a.jpg"",""https://img.ltwebstatic.com/images3_spmp/2024/08/08/24/1723117304924e709634e2c73135e22c3e11e89d16.jpg"",""https://img.ltwebstatic.com/images3_spmp/2024/08/08/24/17231173049d4716d241eb69fbd63959d5c1034591.jpg"",""https://img.ltwebstatic.com/images3_spmp/2024/08/08/5d/17231173052860615bfd54f38a607d63853fd69bc2.jpg"",""https://img.ltwebstatic.com/images3_spmp/2024/08/08/5d/172311730502fe3251a8f37cc160219aa0b4272c22.jpg"",""https://img.ltwebstatic.com/images3_spmp/2024/08/08/24/17231173047b3f5f634571e665457d1e18b71a398c.jpg"",""https://img.ltwebstatic.com/images3_spmp/2024/08/08/5d/172311730550886b777f8e6497c4e5bce1c3786edb.jpg"",""https://img.ltwebstatic.com/images3_spmp/2024/08/08/24/1723117304cf7befbaa9b111e6f35a4c5fa3ca334d.jpg"",""https://img.ltwebstatic.com/images3_spmp/2024/08/08/87/172311742861cbe9dc27fc0a906ab100787c29b014.jpg"",""https://img.ltwebstatic.com/images3_spmp/2024/08/08/c0/1723117440aed1013ccb48a7eb812067cebb8439dd.jpg"",""https://img.ltwebstatic.com/images3_spmp/2024/08/08/d3/1723117433f5071f1393a74efd3349ad78e8d37b6a.jpg""]",sl2408086777777066,null,"[{""name"":""Color"",""value"":""DIY Children's Sewing Fun""},{""name"":""Suitable Age"",""value"":""0-3years""},{""name"":""Suitable Age"",""value"":""3-6years""},{""name"":""Suitable Age"",""value"":""6-12years""},{""name"":""Suitable Age"",""value"":""over 12years""},{""name"":""Suitable Age"",""value"":""Over 14 Years""},{""name"":""Suitable Age"",""value"":""6-14years""},{""name"":""Material"",""value"":""EVA""}]",40550075,0,null,Toys & Games,null,Kids Sewing,SHEIN,"[""one-size""]"
"1pc Unique Crystal Studded Seahorse Design Brooch, Women's Casual Anti-Exposure Decorative Lapel Pin","Free Returns ✓ Free Shipping✓. 1pc Unique Crystal Studded Seahorse Design Brooch, Women's Casual Anti-Exposure Decorative Lapel Pin- Women Brooch, Lapel Pin & Scarf Ring at SHEIN.",1.7,1.7,USD,true,N/A,Blue,0,https://img.ltwebstatic.com/images3_spmp/2024/07/23/a1/17217200271d171ab07176fe2b8126e5bf4995ba1a.jpg,"https://us.shein.com/Women-Brooch,-Lapel-Pin-Scarf-Ring-c-1777.html","https://us.shein.com/1pc-Unique-Crystal-Studded-Seahorse-Design-Brooch,-Women%27s-Casual-Anti-Exposure-Decorative-Lapel-Pin-p-39759179.html","[{""name"":""Jewelry & Watches"",""url"":""https://us.shein.com/Jewelry-Watches-c-3634.html""},{""name"":""Women Fashion Jewelry"",""url"":""https://us.shein.com/Women-Fashion-Jewelry-c-3632.html""},{""name"":""Women Brooch, Lapel Pin & Scarf Ring"",""url"":""https://us.shein.com/Women-Brooch,-Lapel-Pin-Scarf-Ring-c-1777.html""}]",US,us.shein.com,7,"[""https://img.ltwebstatic.com/images3_spmp/2024/07/23/a5/1721719956989148e1441c0adeca1c5b1a5caa911f.jpg"",""https://img.ltwebstatic.com/images3_spmp/2024/07/23/92/17217199650171c8bbd1b3ccd437400c99e48e680c.jpg"",""https://img.ltwebstatic.com/images3_spmp/2024/07/23/a1/17217200271d171ab07176fe2b8126e5bf4995ba1a.jpg"",""https://img.ltwebstatic.com/images3_spmp/2024/07/25/d0/1721870013f17697843cb5b7fdfa6c3bda52a3ef87.jpg"",""https://img.ltwebstatic.com/images3_spmp/2024/07/23/0b/1721720039933010cec9f322f6889b5ce754ac4c7b.jpg"",""https://img.ltwebstatic.com/images3_spmp/2024/07/23/a9/1721720046c9cc45bedff41a53e6e01aa0729a1ebc.jpg"",""https://img.ltwebstatic.com/images3_spmp/2024/07/23/a9/17217200569147b587d4ec601f5e847595f8dc026a.jpg""]",sj2407231136714669,null,"[{""name"":""Gender"",""value"":""Women""},{""name"":""Style Type"",""value"":""Seahorse""},{""name"":""Material"",""value"":""Zinc Alloy""}]",39759179,0,null,Jewelry & Watches,null,"Women Brooch, Lapel Pin & Scarf Ring",SHEIN,"[""Blue""]"
"1PC Mini Stapler With Staples Portable Stapler Portable Mini Cute Desktop Stapler Set With Staples Student Stationery Office Supplies, Manual Stapler","Free Returns ✓ Free Shipping✓. 1PC Mini Stapler With Staples Portable Stapler Portable Mini Cute Desktop Stapler Set With Staples Student Stationery Office Supplies, Manual Stapler- Staples at SHEIN.",2.6,2.08,USD,true,Multicolor,Three Colors Sent Randomly,0,https://img.ltwebstatic.com/images3_spmp/2024/07/26/dd/172200804478063ada60a4d37c2858a184856b5183_square.jpg,https://us.shein.com/Staples-c-5753.html,"https://us.shein.com/1PC-Mini-Stapler-With-Staples-Portable-Stapler-Portable-Mini-Cute-Desktop-Stapler-Set-With-Staples-Student-Stationery-Office-Supplies,-Manual-Stapler-p-39660061.html","[{""name"":""Tools & Home Improvement"",""url"":""https://us.shein.com/Tools-Home-Improvement-c-4327.html""},{""name"":""Hardware"",""url"":""https://us.shein.com/Hardware-c-3524.html""},{""name"":""Fasteners & Hooks"",""url"":""https://us.shein.com/Fasteners-Hooks-c-5173.html""},{""name"":""Staples"",""url"":""https://us.shein.com/Staples-c-5753.html""}]",US,us.shein.com,19,"[""https://us.shein.com/1PC-Mini-Stapler-With-Staples-Portable-Stapler-Portable-Mini-Cute-Desktop-Stapler-Set-With-Staples-Student-Stationery-Office-Supplies,-Manual-Stapler-p-39660061.html"",""https://img.ltwebstatic.com/images3_spmp/2024/07/26/69/1722007676148d7f08bc3b98c4e679374f8d71364e_square.jpg"",""https://img.ltwebstatic.com/images3_spmp/2024/07/26/dd/172200804478063ada60a4d37c2858a184856b5183_square.jpg"",""https://img.ltwebstatic.com/images3_spmp/2024/07/26/dd/172200804444f5a8ca6cbf1f3c84840391d7639fab_square.jpg"",""https://img.ltwebstatic.com/images3_spmp/2024/07/26/dd/1722008044e6344c2fe48d965ffb07657c614ceec5_square.jpg"",""https://img.ltwebstatic.com/images3_spmp/2024/07/26/dd/17220080440e187972e43f8df662c546e4ed952d81_square.jpg"",""https://img.ltwebstatic.com/images3_spmp/2024/07/26/dd/1722008044fe016c130da8e1597cedd197ebfcecf7_square.jpg"",""https://img.ltwebstatic.com/images3_spmp/2024/07/26/dd/172200804454d6bd21fd9703c73085b1c582b05839_square.jpg"",""https://img.ltwebstatic.com/images3_spmp/2024/07/26/dd/1722008044f800ad4bde102c2cc2a1b52a8453c0f1_square.jpg"",""https://img.ltwebstatic.com/images3_spmp/2024/07/26/dd/172200804471b0ee2ce608bcda20681dcb9965c481_square.jpg"",""https://img.ltwebstatic.com/images3_spmp/2024/07/26/48/1722008211f8e29829f44716e1f1ab09beb4be053f_square.jpg"",""https://img.ltwebstatic.com/images3_spmp/2024/07/26/c2/1722008083208f3d049f913f5a1f7c6d78508c266b.jpg"",""https://img.ltwebstatic.com/images3_spmp/2024/07/26/c2/172200808335f40b0f5f95ea7bab0e6f2c0ad82953.jpg"",""https://img.ltwebstatic.com/images3_spmp/2024/07/26/c2/1722008083d6e124356e953ce9f614b45cc02b70f4.jpg"",""https://img.ltwebstatic.com/images3_spmp/2024/07/26/c2/1722008083373a06c29fd5180b262648b9a8189055.jpg"",""https://img.ltwebstatic.com/images3_spmp/2024/07/26/c2/172200808371c97cc34f3658c540bf9598a64e896b.jpg"",""https://img.ltwebstatic.com/images3_spmp/2024/07/26/c2/1722008083f5fb5256c0f8e695dacb032cb96dd32a.jpg"",""https://img.ltwebstatic.com/images3_spmp/2024/07/26/c2/1722008083bd0cf4cb77bc85343283f7e0f6e87ea8.jpg"",""https://img.ltwebstatic.com/images3_spmp/2024/07/26/c2/1722008083ba8585fbe9c7e6972b76788a4dced1a5.jpg""]",sr2407263583010394,null,"[{""name"":""Color"",""value"":""Multicolor""},{""name"":""Material"",""value"":""Stainless Steel""},{""name"":""Power Supply"",""value"":""None""}]",39660061,0,null,Tools & Home Improvement,null,Staples,SHEIN,"[""Three Colors Sent Randomly""]"
"Unbeatablesale 1.25-2 In. Original Cordless Binaural Hearing Aids,; Brown","Free Returns ✓ Free Shipping✓. Unbeatablesale 1.25-2 In. Original Cordless Binaural Hearing Aids,; Brown- Bandage at SHEIN.",23.65,23.65,USD,true,Multicolor,one-size,0,https://img.ltwebstatic.com/images3_spmp/2024/08/11/ab/1723367572191c63494e6ee357dec1983198f79768.jpg,https://us.shein.com/Bandage-c-5258.html,"https://us.shein.com/1.25-2-In.-Original-Cordless-Binaural-Hearing-Aids,;-Brown-p-40588606.html","[{""name"":""Sports & Outdoor"",""url"":""https://us.shein.com/Sports-Outdoor-c-3195.html""},{""name"":""Sports Shaper & Sports Safety"",""url"":""https://us.shein.com/Sports-Shaper-Sports-Safety-c-5247.html""},{""name"":""Bandage"",""url"":""https://us.shein.com/Bandage-c-5258.html""}]",US,us.shein.com,3,"[""https://img.ltwebstatic.com/images3_spmp/2024/08/11/ab/1723367572191c63494e6ee357dec1983198f79768.jpg"",""https://img.ltwebstatic.com/images3_spmp/2024/08/11/ab/1723367572191c63494e6ee357dec1983198f79768.jpg"",""https://img.ltwebstatic.com/images3_spmp/2024/08/11/ab/1723367572191c63494e6ee357dec1983198f79768.jpg""]",st2408116076577666,null,"[{""name"":""Color"",""value"":""Multicolor""},{""name"":""Material"",""value"":""PP""}]",40588606,0,null,Sports & Outdoor,null,Bandage,Unbeatablesale,"[""one-size""]"
Unbeatablesale Jasco Products 26427 18 In. Plug Led Lgt Fixture,Free Returns ✓ Free Shipping✓. Unbeatablesale Jasco Products 26427 18 In. Plug Led Lgt Fixture- Lighting Fixture Chains at SHEIN.,48.18,48.18,USD,true,Multicolor,one-size,0,https://img.ltwebstatic.com/images3_spmp/2024/08/11/3f/1723309209b61d9a45181dc63baabcde02ba951546.jpg,https://us.shein.com/Lighting-Fixture-Chains-c-9397.html,https://us.shein.com/Jasco-Products-26427-18-In.-Plug-Led-Lgt-Fixture-p-40599231.html,"[{""name"":""Tools & Home Improvement"",""url"":""https://us.shein.com/Tools-Home-Improvement-c-4327.html""},{""name"":""Lighting & Lamp"",""url"":""https://us.shein.com/Lighting-Lamp-c-2299.html""},{""name"":""Light Accessories"",""url"":""https://us.shein.com/Light-Accessories-c-4644.html""},{""name"":""Lighting Fixture Chains"",""url"":""https://us.shein.com/Lighting-Fixture-Chains-c-9397.html""}]",US,us.shein.com,3,"[""https://img.ltwebstatic.com/images3_spmp/2024/08/11/3f/1723309209b61d9a45181dc63baabcde02ba951546.jpg"",""https://img.ltwebstatic.com/images3_spmp/2024/08/11/3f/1723309209b61d9a45181dc63baabcde02ba951546.jpg"",""https://img.ltwebstatic.com/images3_spmp/2024/08/11/3f/1723309209b61d9a45181dc63baabcde02ba951546.jpg""]",sr2408125297864841,null,"[{""name"":""Color"",""value"":""Multicolor""},{""name"":""Material"",""value"":""PP""}]",40599231,0,null,Tools & Home Improvement,null,Lighting Fixture Chains,Unbeatablesale,"[""one-size""]"
"2024 New Crystal Petal Stud Earrings, Women High-End Luxury Delicate Earrings, Fashionable Trendy Earrings","Free Returns ✓ Free Shipping✓. 2024 New Crystal Petal Stud Earrings, Women High-End Luxury Delicate Earrings, Fashionable Trendy Earrings- Women Stud Earrings at SHEIN.",1.8,1.8,USD,true,Grey Three-petal Flower Earrings,one-size,0,https://img.ltwebstatic.com/images3_spmp/2024/07/30/3d/172233276704d5c06c0d4be87231c9ea365ee1b1e4.jpg,https://us.shein.com/Women-Stud-Earrings-c-4204.html,"https://us.shein.com/2024-New-Crystal-Petal-Stud-Earrings,-Women-High-End-Luxury-Delicate-Earrings,-Fashionable-Trendy-Earrings-p-40054686.html","[{""name"":""Jewelry & Watches"",""url"":""https://us.shein.com/Jewelry-Watches-c-3634.html""},{""name"":""Women Fashion Jewelry"",""url"":""https://us.shein.com/Women-Fashion-Jewelry-c-3632.html""},{""name"":""Women Earrings"",""url"":""https://us.shein.com/Women-Earrings-c-4202.html""},{""name"":""Women Stud Earrings"",""url"":""https://us.shein.com/Women-Stud-Earrings-c-4204.html""}]",US,us.shein.com,5,"[""https://img.ltwebstatic.com/images3_spmp/2024/07/30/3d/172233276704d5c06c0d4be87231c9ea365ee1b1e4.jpg"",""https://img.ltwebstatic.com/images3_spmp/2024/07/30/3d/17223327671652027aa90ab27cd0d3c666dbc40424.jpg"",""https://img.ltwebstatic.com/images3_spmp/2024/07/30/2f/1722332768f7164d9e042282aac38fc6493348a226.jpg"",""https://img.ltwebstatic.com/images3_spmp/2024/07/30/2f/17223327688817e139395762c3aca2bdd36c9cacba.jpg"",""https://img.ltwebstatic.com/images3_spmp/2024/07/30/3d/1722332767315bdb140e7ba362a829dd5a768109ea.jpg""]",sj2407308514073339,null,"[{""name"":""Details"",""value"":""Crystal""},{""name"":""Details"",""value"":""Flowers""},{""name"":""Style"",""value"":""Fashionable""},{""name"":""Gender"",""value"":""Women""},{""name"":""Color"",""value"":""Grey Three-petal Flower Earrings""},{""name"":""Material"",""value"":""Copper Alloy""}]",40054686,0,null,Jewelry & Watches,null,Women Stud Earrings,SHEIN,"[""one-size""]"
"35pcs Cake Turntable, Piping Nozzles, Icing Scraper, Piping Bags, Cake Decorating Tools Set","Free Returns ✓ Free Shipping✓. 35pcs Cake Turntable, Piping Nozzles, Icing Scraper, Piping Bags, Cake Decorating Tools Set- Bakeware Sets at SHEIN.",19.5,18.8,USD,true,Multicolor,one-size,0,https://img.ltwebstatic.com/images3_spmp/2024/08/07/bf/1723020872974fe4947023efb4498aa48bc7eba745_square.jpg,https://us.shein.com/Bakeware-Sets-c-3986.html,"https://us.shein.com/35pcs-Cake-Turntable,-Piping-Nozzles,-Icing-Scraper,-Piping-Bags,-Cake-Decorating-Tools-Set-p-40368804.html","[{""name"":""Home & Living"",""url"":""https://us.shein.com/Home-Living-c-2032.html""},{""name"":""Kitchen & Dining"",""url"":""https://us.shein.com/Kitchen-Dining-c-1948.html""},{""name"":""Bakeware"",""url"":""https://us.shein.com/Bakeware-c-3407.html""},{""name"":""Bakeware Sets"",""url"":""https://us.shein.com/Bakeware-Sets-c-3986.html""}]",US,us.shein.com,4,"[""https://img.ltwebstatic.com/images3_spmp/2024/08/07/bf/1723020872974fe4947023efb4498aa48bc7eba745_square.jpg"",""https://img.ltwebstatic.com/images3_spmp/2024/08/07/c8/1723020551b58de01fa7aeb21a7d24eadf63198d18_square.jpg"",""https://img.ltwebstatic.com/images3_spmp/2024/08/07/b7/17230205265b8545a1f408e6451959f093d8663d48_square.jpg"",""https://img.ltwebstatic.com/images3_spmp/2024/08/07/ae/1723020866ff3c83d3ba083843cde9ac57233c2593.jpg""]",sh2402179642394899,null,"[{""name"":""Color"",""value"":""Multicolor""},{""name"":""Material"",""value"":""PP""},{""name"":""Oven Safe (-4~220 degrees Celsius)"",""value"":""No""},{""name"":""Dishwasher Safe"",""value"":""No""},{""name"":""Microwave Safe"",""value"":""No""}]",40368804,0,null,Home & Living,null,Bakeware Sets,SHEIN,"[""one-size""]"
"1pc Unisex Hair Root Comb Styling Applicator With Comb Teeth, Scales, Hair Dye & Hair Perm Bottles, Ideal For Home Hair Styling Tools","Free Returns ✓ Free Shipping✓. 1pc Unisex Hair Root Comb Styling Applicator With Comb Teeth, Scales, Hair Dye & Hair Perm Bottles, Ideal For Home Hair Styling Tools- Hair Styling Tools at SHEIN.",1.9,1.62,USD,true,White,one-size,0,https://img.ltwebstatic.com/images3_spmp/2024/08/01/4b/1722511375cbb7b08ff8cec491d7b8d924d202a673.jpg,https://us.shein.com/Hair-Styling-Tools-c-5913.html,"https://us.shein.com/1pc-Unisex-Hair-Root-Comb-Styling-Applicator-With-Comb-Teeth,-Scales,-Hair-Dye-&amp;-Hair-Perm-Bottles,-Ideal-For-Home-Hair-Styling-Tools-p-40014388.html","[{""name"":""Apparel Accessories"",""url"":""https://us.shein.com/Apparel-Accessories-c-3631.html""},{""name"":""Women Accessories"",""url"":""https://us.shein.com/Women-Accessories-c-1765.html""},{""name"":""Women Hair Accessories"",""url"":""https://us.shein.com/Women-Hair-Accessories-c-3013.html""},{""name"":""Hair Styling Tools"",""url"":""https://us.shein.com/Hair-Styling-Tools-c-5913.html""}]",US,us.shein.com,5,"[""https://img.ltwebstatic.com/images3_spmp/2024/08/01/4b/1722511375cbb7b08ff8cec491d7b8d924d202a673.jpg"",""https://img.ltwebstatic.com/images3_spmp/2024/08/01/4b/1722511375e506654c013f5f186d85ffcff04f8804.jpg"",""https://img.ltwebstatic.com/images3_spmp/2024/08/01/4b/172251137552e711695f0d1f40c00045c789ca34c3.jpg"",""https://img.ltwebstatic.com/images3_spmp/2024/08/01/43/172251137637f758418cc9e8bae765f6546d3b7506.jpg"",""https://img.ltwebstatic.com/images3_spmp/2024/08/01/68/17225114269d09f0ef39a264619e0ea9565cf15b3c.jpg""]",sc2408018108596266,null,"[{""name"":""Color"",""value"":""White""},{""name"":""Material"",""value"":""PC""}]",40014388,0,null,Apparel Accessories,null,Hair Styling Tools,SHEIN,"[""one-size""]"
Unbeatablesale IWGAC 0170J-51538S Clear Rose Cut Crystal Cupboard Knob - Silver,Free Returns ✓ Free Shipping✓. Unbeatablesale IWGAC 0170J-51538S Clear Rose Cut Crystal Cupboard Knob - Silver- Cookware Handles & Knobs at SHEIN.,13.38,13.38,USD,true,Silver,one-size,0,https://img.ltwebstatic.com/images3_spmp/2024/08/13/e1/17235034179f88ee42f13f0c84523492dea813a943.jpg,https://us.shein.com/Cookware-Handles-Knobs-c-6612.html,https://us.shein.com/IWGAC-0170J-51538S-Clear-Rose-Cut-Crystal-Cupboard-Knob---Silver-p-40658199.html,"[{""name"":""Home & Living"",""url"":""https://us.shein.com/Home-Living-c-2032.html""},{""name"":""Kitchen & Dining"",""url"":""https://us.shein.com/Kitchen-Dining-c-1948.html""},{""name"":""Cookware & Parts"",""url"":""https://us.shein.com/Cookware-Parts-c-3963.html""},{""name"":""Cookware Handles & Knobs"",""url"":""https://us.shein.com/Cookware-Handles-Knobs-c-6612.html""}]",US,us.shein.com,3,"[""https://img.ltwebstatic.com/images3_spmp/2024/08/13/e1/17235034179f88ee42f13f0c84523492dea813a943.jpg"",""https://img.ltwebstatic.com/images3_spmp/2024/08/13/e1/17235034179f88ee42f13f0c84523492dea813a943.jpg"",""https://img.ltwebstatic.com/images3_spmp/2024/08/13/e1/17235034179f88ee42f13f0c84523492dea813a943.jpg""]",sh2408137600099887,null,"[{""name"":""Color"",""value"":""Silver""},{""name"":""Material"",""value"":""PP""}]",40658199,0,null,Home & Living,null,Cookware Handles & Knobs,Unbeatablesale,"[""one-size""]"
"1.27-Inch Smart Watch With TFT High-Resolution Display, Multi-Language System, Blood Oxygen, Blood Pressure & Sleep Monitoring, Customizable Dial, Activity Tracking, Breathing Rate Monitoring, Music Control, Compatible With Android And IOS, NFC Enabled","Free Returns ✓ Free Shipping✓. 1.27-Inch Smart Watch With TFT High-Resolution Display, Multi-Language System, Blood Oxygen, Blood Pressure & Sleep Monitoring, Customizable Dial, Activity Tracking, Breathing Rate Monitoring, Music Control, Compatible With Android And IOS, NFC Enabled- Smart Watches at SHEIN.",29.1,29.1,USD,true,N/A,one-size,0,https://img.ltwebstatic.com/images3_spmp/2024/07/30/62/172232361840304e46e6579d65ce7ccc9f3eebf131.jpg,https://us.shein.com/Smart-Watches-c-3338.html,"https://us.shein.com/1.27-Inch-Smart-Watch-With-TFT-High-Resolution-Display,-Multi-Language-System,-Blood-Oxygen,-Blood-Pressure-&amp;-Sleep-Monitoring,-Customizable-Dial,-Activity-Tracking,-Breathing-Rate-Monitoring,-Music-Control,-Compatible-With-Android-And-IOS,-NFC-Enabled-p-39951664.html","[{""name"":""Electronics"",""url"":""https://us.shein.com/Electronics-c-2273.html""},{""name"":""Wearable Devices"",""url"":""https://us.shein.com/Wearable-Devices-c-3337.html""},{""name"":""Smart Watches"",""url"":""https://us.shein.com/Smart-Watches-c-3338.html""}]",US,us.shein.com,22,"[""https://img.ltwebstatic.com/images3_spmp/2024/07/30/6f/17223226328ac7d209376902ae2436f9f04cde1165.jpg"",""https://img.ltwebstatic.com/images3_spmp/2024/07/30/c5/17223226304cb15316b91cd7bf405fdcda1ed6db42.jpg"",""https://img.ltwebstatic.com/images3_spmp/2024/07/30/c5/1722322630a3f03001f6aa72a3a74504ce9762a325.jpg"",""https://img.ltwebstatic.com/images3_spmp/2024/07/30/c5/1722322630ec21673568192a002be7b01db5c5d080.jpg"",""https://img.ltwebstatic.com/images3_spmp/2024/07/30/c5/1722322630824f60c480869ca5ce3fab7129f18d68.jpg"",""https://img.ltwebstatic.com/images3_spmp/2024/07/30/c5/172232263063f3991fe2a5d2eb05e19e57ef7baa11.jpg"",""https://img.ltwebstatic.com/images3_spmp/2024/07/30/c5/1722322630ee66205d0428927dd68bc0e6ca3523e3.jpg"",""https://img.ltwebstatic.com/images3_spmp/2024/07/30/c5/1722322630eb972859a39252ec5036c0de315b6c76.jpg"",""https://img.ltwebstatic.com/images3_spmp/2024/07/30/c5/17223226307b0e3c32fe8726bbe3817fb12011ccaf.jpg"",""https://img.ltwebstatic.com/images3_spmp/2024/07/30/c5/1722322630d348360c710e369d87d5a3b1404848b8.jpg"",""https://img.ltwebstatic.com/images3_spmp/2024/07/30/fb/172232262997a24a841c7aaab3891fe7acf06a0867.jpg"",""https://img.ltwebstatic.com/images3_spmp/2024/07/30/62/172232361840304e46e6579d65ce7ccc9f3eebf131.jpg"",""https://img.ltwebstatic.com/images3_spmp/2024/07/30/9f/17223236900c873a07ca99c18d3a46760d25f2ce78.jpg"",""https://img.ltwebstatic.com/images3_spmp/2024/07/30/9f/1722323690ce17b50c5256e23e8e5a2894bc0f386e.jpg"",""https://img.ltwebstatic.com/images3_spmp/2024/07/30/9f/1722323690f2034ccf28f1de11ecd5f725a3733cc3.jpg"",""https://img.ltwebstatic.com/images3_spmp/2024/07/30/9f/1722323690e4bb71c270870ee7c7c90c4122c246d1.jpg"",""https://img.ltwebstatic.com/images3_spmp/2024/07/30/9f/1722323690e6dd608839c03a5544b4df80e20328d9.jpg"",""https://img.ltwebstatic.com/images3_spmp/2024/07/30/9f/17223236905b2875b913e895a52ff438a123619fc1.jpg"",""https://img.ltwebstatic.com/images3_spmp/2024/07/30/9f/1722323690d61cfdd324cf5204c95d703c77b23d6f.jpg"",""https://img.ltwebstatic.com/images3_spmp/2024/07/30/9f/1722323690576f819c68cf479154734ad5068388e2.jpg"",""https://img.ltwebstatic.com/images3_spmp/2024/07/30/9f/1722323690d70747b4b5c674a683db150e64ffbf4b.jpg"",""https://img.ltwebstatic.com/images3_spmp/2024/07/30/9f/1722323690784e2074baf87934041db97b5caa89fe.jpg""]",se2407308351302216,null,"[{""name"":""Features"",""value"":""Remote Control Camera""},{""name"":""Features"",""value"":""Music Playback Control""},{""name"":""Features"",""value"":""Date""},{""name"":""Features"",""value"":""Chronograph""},{""name"":""Features"",""value"":""Calendars""},{""name"":""Features"",""value"":""Alarm""},{""name"":""Features"",""value"":""World Time""},{""name"":""Features"",""value"":""Water Resistant""},{""name"":""Features"",""value"":""Alarm Clock""},{""name"":""Features"",""value"":""Heart Rate Monitor""},{""name"":""Features"",""value"":""Sleep Tracking""},{""name"":""Features"",""value"":""Calorie Counter""},{""name"":""Features"",""value"":""Pedometer""},{""name"":""Features"",""value"":""Reminders""},{""name"":""Features"",""value"":""Stopwatch""},{""name"":""Features"",""value"":""Weather""},{""name"":""Style"",""value"":""Cute""},{""name"":""Case Color"",""value"":""Rose Gold""},{""name"":""Water Resistance"",""value"":""IP67""},{""name"":""Case Material"",""value"":""Zinc Alloy""},{""name"":""Strap Material"",""value"":""PU Leather""},{""name"":""Screen Resolution"",""value"":""360*360""},{""name"":""Power Supply"",""value"":""Rechargeable""},{""name"":""Battery Type"",""value"":""UN 3481""}]",39951664,0,null,Electronics,null,Smart Watches,SHEIN,"[""one-size""]"
10pcs Transparent Acrylic Table Plate Guest Name Reserved Table Number DIY Wedding Banquet Party Event Decoration,Free Returns ✓ Free Shipping✓. 10pcs Transparent Acrylic Table Plate Guest Name Reserved Table Number DIY Wedding Banquet Party Event Decoration- Wedding Decoration at SHEIN.,1.8,1.37,USD,true,Transparent,one-size,0,https://img.ltwebstatic.com/images3_spmp/2024/03/05/48/1709604275dee0fc2d6c16ca0191100203bfad25e8.jpg,https://us.shein.com/Wedding-Decoration-c-5926.html,https://us.shein.com/10pcs-Transparent-Acrylic-Table-Plate-Guest-Name-Reserved-Table-Number-DIY-Wedding-Banquet-Party-Event-Decoration-p-31105615.html,"[{""name"":""Apparel Accessories"",""url"":""https://us.shein.com/Apparel-Accessories-c-3631.html""},{""name"":""Wedding & Event"",""url"":""https://us.shein.com/Wedding-Event-c-5907.html""},{""name"":""Wedding Accessories"",""url"":""https://us.shein.com/Wedding-Accessories-c-3279.html""},{""name"":""Wedding Decoration"",""url"":""https://us.shein.com/Wedding-Decoration-c-5926.html""}]",US,us.shein.com,9,"[""https://img.ltwebstatic.com/images3_spmp/2024/03/05/48/1709604275dee0fc2d6c16ca0191100203bfad25e8.jpg"",""https://img.ltwebstatic.com/images3_spmp/2024/03/05/48/170960427559d23873077456c7c7edd67a745f9dea.jpg"",""https://img.ltwebstatic.com/images3_spmp/2024/03/05/48/170960427509d76c406ddd650335c64af85585c60b.jpg"",""https://img.ltwebstatic.com/images3_spmp/2024/03/05/48/170960427515cdfef44fcfd662e137e2f94d8a4c02.jpg"",""https://img.ltwebstatic.com/images3_spmp/2024/03/05/0c/17096042775022e77b292e8e6529788d2a40793fd1.jpg"",""https://img.ltwebstatic.com/images3_spmp/2024/03/05/48/1709604275c3a51245ad1aea82fa664c3789dc944f.jpg"",""https://img.ltwebstatic.com/images3_spmp/2024/03/05/48/1709604275beaace3e6659e6dcdae4a8f2f1f1948f.jpg"",""https://img.ltwebstatic.com/images3_spmp/2024/03/05/48/1709604275d9d9828da1b30e7b2b04dc88753e8df9.jpg"",""https://img.ltwebstatic.com/images3_spmp/2024/03/05/48/1709604275420942a43363583757d1d8e01061b8e6.jpg""]",sc2403054999607785,null,"[{""name"":""Color"",""value"":""Transparent""},{""name"":""Material"",""value"":""PMMA""}]",31105615,0,null,Apparel Accessories,null,Wedding Decoration,SHEIN,"[""one-size""]"
"30W Ceiling Fan With E27 LED Light, Rotating Cooling Function, Remote Control, For Home Room Decoration","Free Returns ✓ Free Shipping✓. 30W Ceiling Fan With E27 LED Light, Rotating Cooling Function, Remote Control, For Home Room Decoration- Ceiling Fans at SHEIN.",42.6,41.44,USD,true,White,均码,0,https://img.ltwebstatic.com/images3_spmp/2024/08/03/49/1722640749d87ef914ab047858760d82dbb3146576.jpg,https://us.shein.com/Ceiling-Fans-c-4617.html,"https://us.shein.com/30W-Ceiling-Fan-With-E27-LED-Light,-Rotating-Cooling-Function,-Remote-Control,-For-Home-Room-Decoration-p-40191523.html","[{""name"":""Tools & Home Improvement"",""url"":""https://us.shein.com/Tools-Home-Improvement-c-4327.html""},{""name"":""Lighting & Lamp"",""url"":""https://us.shein.com/Lighting-Lamp-c-2299.html""},{""name"":""Ceiling Lights & Fans"",""url"":""https://us.shein.com/Ceiling-Lights-Fans-c-4596.html""},{""name"":""Ceiling Fans"",""url"":""https://us.shein.com/Ceiling-Fans-c-4617.html""}]",US,us.shein.com,11,"[""https://img.ltwebstatic.com/images3_spmp/2024/08/03/49/1722640749d87ef914ab047858760d82dbb3146576.jpg"",""https://img.ltwebstatic.com/images3_spmp/2024/08/03/49/1722640749e5a4f88a1c8190a4667fc190b386e92d.jpg"",""https://img.ltwebstatic.com/images3_spmp/2024/08/03/49/172264074966cdc378116e5b8cf1e4aa28317bedc0.jpg"",""https://img.ltwebstatic.com/images3_spmp/2024/08/03/49/17226407495b42d961290b151dd5503196652fa6c9.jpg"",""https://img.ltwebstatic.com/images3_spmp/2024/08/03/49/1722640749b2bd20aa109daa520209ae1eff182840.jpg"",""https://img.ltwebstatic.com/images3_spmp/2024/08/03/c6/1722640750bd169ef5fe4b43b055c8364475c6b295.jpg"",""https://img.ltwebstatic.com/images3_spmp/2024/08/03/49/17226407491f36d4dca30f36d68495cd113097aba3.jpg"",""https://img.ltwebstatic.com/images3_spmp/2024/08/03/49/1722640749c569ade50f3c2ad7aeb9829b211ef572.jpg"",""https://img.ltwebstatic.com/images3_spmp/2024/08/03/49/172264074926a4f91080cb33a76a60486429043cea.jpg"",""https://img.ltwebstatic.com/images3_spmp/2024/08/03/49/172264074952591304edcae6d7df58b6417c8146d8.jpg"",""https://img.ltwebstatic.com/images3_spmp/2024/08/03/6a/1722640902132918c778065c3e4b7bfbc75737ea08.jpg""]",sr2408037953791070,null,"[{""name"":""Color"",""value"":""White""},{""name"":""Material"",""value"":""PC""},{""name"":""Batteries Included"",""value"":""No""},{""name"":""Power Supply"",""value"":""Lamp Cap Type""},{""name"":""Voltage"",""value"":""110V-240V""}]",40191523,0,null,Tools & Home Improvement,null,Ceiling Fans,SHEIN,"[""均码""]"
"Halloween Decoration T-Rex Inflatable Costume For Adults - Perfect For Halloween, Stage Performances & Parties - Battery Operated (Aa), Polyester Inflatable Costumes For Adults","Free Returns ✓ Free Shipping✓. Halloween Decoration T-Rex Inflatable Costume For Adults - Perfect For Halloween, Stage Performances & Parties - Battery Operated (Aa), Polyester Inflatable Costumes For Adults- Party Costumes & Sets at SHEIN.",41.59,41.59,USD,true,Multicolor,one-size,0,https://img.ltwebstatic.com/images3_spmp/2024/07/31/4e/1722414382c581b1a9db99d1538cdab21f29853c06_square.jpg,https://us.shein.com/Party-Costumes-Sets-c-7244.html,"https://us.shein.com/T-Rex-Inflatable-Costume-For-Adults---Perfect-For-Halloween,-Stage-Performances-&amp;-Parties---Battery-Operated-(Aa),-Polyester-Inflatable-Costumes-For-Adults-p-40044307.html","[{""name"":""Toys & Games"",""url"":""https://us.shein.com/Toys-Games-c-4328.html""},{""name"":""Hobbies, Collections, Parties"",""url"":""https://us.shein.com/Hobbies,-Collections,-Parties-c-7163.html""},{""name"":""Party Dress Up"",""url"":""https://us.shein.com/Party-Dress-Up-c-7174.html""},{""name"":""Party Costumes & Sets"",""url"":""https://us.shein.com/Party-Costumes-Sets-c-7244.html""}]",US,us.shein.com,8,"[""https://us.shein.com/T-Rex-Inflatable-Costume-For-Adults---Perfect-For-Halloween,-Stage-Performances-&amp;-Parties---Battery-Operated-(Aa),-Polyester-Inflatable-Costumes-For-Adults-p-40044307.html"",""https://img.ltwebstatic.com/images3_spmp/2024/07/30/0a/1722331582466a96a30f13c09c8b19956481839e56_square.jpg"",""https://img.ltwebstatic.com/images3_spmp/2024/07/30/f9/17223315689f27abbc403f5098a8109cebb3621f64_square.jpg"",""https://img.ltwebstatic.com/images3_spmp/2024/07/30/26/1722331569e7f640620366a9b97cc64849294d3c32_square.jpg"",""https://img.ltwebstatic.com/images3_spmp/2024/07/30/0a/17223315821009748ed5c127590dffd1ae8d16395c_square.jpg"",""https://img.ltwebstatic.com/images3_spmp/2024/07/30/0a/17223315824f6a75bfa1e70668989852fd3a3af172_square.jpg"",""https://img.ltwebstatic.com/images3_spmp/2024/07/31/4e/1722414382c581b1a9db99d1538cdab21f29853c06_square.jpg"",""https://img.ltwebstatic.com/images3_spmp/2024/07/31/0c/17224143884509ef4b656adb2b91a1804f5deea4b4_square.jpg""]",sl2407301975047843,null,"[{""name"":""Color"",""value"":""Multicolor""},{""name"":""Suitable Age"",""value"":""Over 14 Years""},{""name"":""Material"",""value"":""Polyester""},{""name"":""Composition"",""value"":""100% Polyester""}]",40044307,0,null,Toys & Games,null,Party Costumes & Sets,SHEIN,"[""one-size""]"
"Tall Narrow Bathroom Storage Cabinet With 3 Drawers And 2 Shelves, Free Standing Kitchen Pantry Organizer With Open Compartment, Water-Resistant Finish","Free Returns ✓ Free Shipping✓. Tall Narrow Bathroom Storage Cabinet With 3 Drawers And 2 Shelves, Free Standing Kitchen Pantry Organizer With Open Compartment, Water-Resistant Finish- Storage Cabinets at SHEIN.",120.99,84.69,USD,true,Grey,one-size,0,https://img.ltwebstatic.com/images3_spmp/2024/08/09/e4/17231883609d35f827fa9cc1016466bcd0d72748bd_square.png,https://us.shein.com/Storage-Cabinets-c-4929.html,"https://us.shein.com/Tall-Narrow-Bathroom-Storage-Cabinet-With-3-Drawers-And-2-Shelves,-Free-Standing-Kitchen-Pantry-Organizer-With-Open-Compartment,-Water-Resistant-Finish-p-40460214.html","[{""name"":""Tools & Home Improvement"",""url"":""https://us.shein.com/Tools-Home-Improvement-c-4327.html""},{""name"":""Furniture"",""url"":""https://us.shein.com/Furniture-c-4577.html""},{""name"":""Accent Furniture"",""url"":""https://us.shein.com/Accent-Furniture-c-4926.html""},{""name"":""Storage Cabinets"",""url"":""https://us.shein.com/Storage-Cabinets-c-4929.html""}]",US,us.shein.com,8,"[""https://img.ltwebstatic.com/images3_spmp/2024/08/09/e4/17231883609d35f827fa9cc1016466bcd0d72748bd_square.png"",""https://img.ltwebstatic.com/images3_spmp/2024/08/09/e8/17231883595b2bf13a8cd40bd8eaf0d01bac0ea8ae_square.png"",""https://img.ltwebstatic.com/images3_spmp/2024/08/09/e8/1723188359e751e010d76e843c58d20eafb63b698c_square.png"",""https://img.ltwebstatic.com/images3_spmp/2024/08/09/e8/1723188359fe45d88555308442379166d74380c837_square.png"",""https://img.ltwebstatic.com/images3_spmp/2024/08/09/24/172318835752c2b6acbfe9a1ae23633b443b146c87_square.png"",""https://img.ltwebstatic.com/images3_spmp/2024/08/09/e8/17231883594a5a941da7aef8da9f5eff05e1bc16b9_square.png"",""https://img.ltwebstatic.com/images3_spmp/2024/08/09/e8/1723188359baa5d09ddbd42fab7a418d750674a84b_square.png"",""https://img.ltwebstatic.com/images3_spmp/2024/08/09/42/1723188363771c934b47f76b5e1c0d606e5d2ba22c_square.png""]",sr2408096177189687,null,"[{""name"":""Color"",""value"":""Grey""},{""name"":""Material"",""value"":""Wood""}]",40460214,1,null,Tools & Home Improvement,null,Storage Cabinets,SHEIN,"[""one-size""]"
