url,id,title,sold,rating,reviews,initial_price,final_price,currency,stock,favorite,image,video,seller_name,shop_url,breadcrumb,Product Specifications,Product Description,seller_rating,seller_products,seller_chats_responded_percentage,seller_chat_time_reply,seller_joined_date,seller_followers,variations,domain,brand,category_id,flash_sale,flash_sale_time,product_variation,gmv_cal,category_url,vouchers,is_available,seller_id,product_ratings
https://shopee.com.mx/%EF%B8%8F-sofiammarkete-V-Peine-ORIGINAL-De-Piojos-Al-Vac%C3%ADo-De-Eliminaci%C3%B3n-|-Recambio-De-Filtros-De-Captura-Filtro-De-El%C3%A9ctrico-Para-Comb-VComb-i.689691592.20446341955?model_id=164479263504,20446341955,️ sofiammarkete V Peine ORIGINAL De Piojos Al Vacío De Eliminación | Recambio De Filtros De Captura Filtro De Eléctrico Para-Comb VComb,0,1,0,3.609000000000000e+02,3.609000000000000e+02,MXN,,0,"[""https://down-mx.img.susercontent.com/file/4d2596792642def535980cbf3ab49ee4_tn"",""https://down-mx.img.susercontent.com/file/8cf7f640a0f120980880bf9eced4820f_tn"",""https://down-mx.img.susercontent.com/file/35d67abffe7030c68304e3909e939b96_tn"",""https://down-mx.img.susercontent.com/file/d2ec547ed9b96d97d5bf33e747916734_tn""]",null,sof███mar███ewk██████,https://shopee.com.mx/sofiammarketewk.mx,"[""Belleza"",""Herramientas de Belleza"",""Herramientas para Cabello"",""Cepillos y Peines""]","[{""name"":""Existencias"",""value"":""198""}]","Bienvenido a la TIENDA sofiammarkete

El último peine antipulgas de la marca de peine en V garantiza que el ádavo sea redondo porque muchos circula en otras tiendas enchufes/triángulo de 3 enchufes/triángulos de la eliminación de piojos es el último producto sin usar productos químicos nocivos o champú de piojos especiales para eliminar el cabello El piojo además de que para el pelo también se puede utilizar para mascotas. Los productos se tomaron primero antes de que se entreguen y se confirmen para que funcionen correctamente (sin devolución/probación).

Captura Filtros de recarga PRICE PARA 3 BKS

Peine V Vacum Peine PRECIO PARA 1PCS





Original LICETEC LICETEC LICETEC LICETEC LICETEC CÓMODO



¡Feliz Comprar!
Gracias 💕💕",0,1,57,,Wed Feb 16 2022 06:31:35 GMT+0000 (Coordinated Universal Time),0,"[{""name"":""Variaciones"",""variations"":[""Filtro polar 3 piezas"",""Peine de piojos eléctrico""]}]",https://shopee.com.mx,,100630,false,,"[{""name"":""model"",""value"":""Peine de piojos eléctrico""}]",0,https://shopee.com.mx/Herramientas-para-Cabello-cat.11056740.11056746.11056801,null,,,null
https://shopee.com.my/MUSTELA-Organic-Certified-Stretch-Marks-Oil-for-Maternity-(105ML-/-3.55fl.oz)-i.226345057.7334900298,7334900298,MUSTELA Organic Certified Stretch Marks Oil for Maternity (105ML / 3.55fl.oz),0,5,0,90,8.550000000000000e+01,MYR,,0,"[""https://down-my.img.susercontent.com/file/my-11134207-7r98u-lxtc0n8pm3564e_tn"",""https://down-my.img.susercontent.com/file/sg-11134201-22110-bexqzbj8nyjv50_tn"",""https://down-my.img.susercontent.com/file/2d3d9c268c5653f47bd92f06bab2ffe3_tn"",""https://down-my.img.susercontent.com/file/2d2fd164056135f4609d3c46b7e828fb_tn"",""https://down-my.img.susercontent.com/file/8bbaeb78e70a435e44e52c376f3c98cc_tn"",""https://down-my.img.susercontent.com/file/e5c025007420f61d11786962904ceb91_tn"",""https://down-my.img.susercontent.com/file/sg-11134201-22110-sa6ytiu7nyjv12_tn"",""https://down-my.img.susercontent.com/file/sg-11134201-22110-juhdr2e9nyjv25_tn"",""https://down-my.img.susercontent.com/file/my-11134207-7qukw-leqt6g0h3y8k26_tn""]",null,Mus███a O███cia█████████,https://shopee.com.my/MUSTELA-Organic-Certified-Stretch-Marks-Oil-for-Maternity-(105ML-/mustela.os,"[""Mom & Baby"",""Maternity Healthcare"",""Moisturizers & Creams""]","[{""name"":""Stock"",""value"":""45""},{""name"":""Brand"",""value"":""Mustela""},{""name"":""Formulation"",""value"":""Oil""},{""name"":""Ships From"",""value"":""Selangor""}]","MUSTELA Organic Certified Stretch Marks Oil for Maternity (105ML / 3.55fl.oz)

Oil specifically formulated to help limit the appearance of stretch marks, by delivering hydration to the skin.

• Provides long-lasting hydration
• Improves skin elasticity
• Softens sensations of discomfort
• Fragrance-free

100% ingredients of natural origin*
• Avocado oil, patented ingredient of natural origin: this oil pure and rich in essential fatty acids, with nourishing properties helps restore the skin's natural barrier weakened during pregnancy
• Concentrate of Maracuja oil, patented natural ingredient: leaves the skin supple
• Natural Sunflower oil: rich in essential fatty acids, moisturizes the skin
• Vitamin E: is a natural antioxidant of the formula

Clinically proven efficacy
By delivering hydration, this oil:
• Improves skin's elasticity on the abdomen +18% (1a)
• Preserves skin's elasticity during pregnancy: 76% (1b)
• Helps to resist against skin stretching during pregnancy: 86% (1b)
• Helps limit the appearance of stretch marks: 86% (1c)

Assessed for safety for mom and baby
Dermatologist tested.
Made with ingredients that are formulated for pregnancy and nursing.
0% paraben, phthalate, phenoxyethanol

(1) Use test under dermatological control among 30 pregnant women and 30 post-partum women (1a: examiners; 1b: self-assessment 30 pregnant women and 1c:self-assessment 60 women)

Product usage: Apply this oil to abdomen, hips, thighs and breasts, morning and evening. Do not apply to breasts when breastfeeding and to recent cesarean scars.

HELIANTHUS ANNUUS (SUNFLOWER) SEED OIL, PERSEA GRATISSIMA (AVOCADO) OIL, PASSIFLORA EDULIS SEED OIL, TOCOPHEROL",4.96,41,100,0.56 hours,Sun Feb 09 2020 14:45:53 GMT+0000 (Coordinated Universal Time),32095,"[{""name"":""Variation"",""variations"":[""105ML""]}]",https://shopee.com.my,Mustela,100632,false,,"[{""name"":""model"",""value"":""105ML""}]",0,https://shopee.com.my/Moisturizers-Creams-cat.11000345.11000452.11000458,"[{""claimable"":false,""currency"":""MYR"",""discount"":null,""discount_cap"":1800000,""discount_percentage"":10,""min_spend"":11000000,""shop_vouncher"":""Mustela Official Store"",""special_condition"":null,""text_info"":""MUST00909"",""validity_end"":""2024-09-09T15:59:00.000Z"",""validity_start"":""2024-08-25T16:00:00.000Z""},{""claimable"":false,""currency"":""MYR"",""discount"":null,""discount_cap"":3000000,""discount_percentage"":15,""min_spend"":16500000,""shop_vouncher"":""Mustela Official Store"",""special_condition"":null,""text_info"":""MUST00099"",""validity_end"":""2024-09-09T15:59:00.000Z"",""validity_start"":""2024-08-25T16:00:00.000Z""},{""claimable"":false,""currency"":""MYR"",""discount"":null,""discount_cap"":1800000,""discount_percentage"":10,""min_spend"":11000000,""shop_vouncher"":""Mustela Official Store"",""special_condition"":null,""text_info"":""SVC-963300836659208"",""validity_end"":""2024-09-09T15:59:59.000Z"",""validity_start"":""2024-09-08T12:00:00.000Z""},{""claimable"":false,""currency"":""MYR"",""discount"":null,""discount_cap"":3000000,""discount_percentage"":15,""min_spend"":16500000,""shop_vouncher"":""Mustela Official Store"",""special_condition"":null,""text_info"":""SVC-963300836659224"",""validity_end"":""2024-09-09T15:59:59.000Z"",""validity_start"":""2024-09-08T12:00:00.000Z""}]",,,null
https://shopee.com.mx/Camisa-Denim-Top-Retro-Mujer-Estilo-Hong-Kong-Tie-Tencel-Principios-Oto%C3%B1o-Slim-Fit-Nuevo-Peque%C3%B1a-i.567678683.21873056212?model_id=230923311950,21873056212,Camisa Denim Top Retro Mujer Estilo Hong Kong Tie Tencel Principios Otoño Slim-Fit Nuevo Pequeña,0,0,0,868,868,MXN,,0,"[""https://down-mx.img.susercontent.com/file/sg-11134201-23020-xijaiue07env92_tn"",""https://down-mx.img.susercontent.com/file/sg-11134201-23020-ebdkfbf07envd6_tn"",""https://down-mx.img.susercontent.com/file/sg-11134201-23020-ebdkfbf07envd6_tn"",""https://down-mx.img.susercontent.com/file/sg-11134201-23020-ke0lqyf07env8f_tn"",""https://down-mx.img.susercontent.com/file/sg-11134201-23020-ke0lqyf07env8f_tn"",""https://down-mx.img.susercontent.com/file/sg-11134201-23020-1a4jtog07envee_tn"",""https://down-mx.img.susercontent.com/file/sg-11134201-23020-1a4jtog07envee_tn"",""https://down-mx.img.susercontent.com/file/sg-11134201-23020-wf11u2g07env81_tn"",""https://down-mx.img.susercontent.com/file/sg-11134201-23020-wf11u2g07env81_tn""]",null,nna███.mx███,https://shopee.com.mx/nnancy.mx,"[""Ropa de Mujer"",""Tops"",""Camisas y Blusas""]","[{""name"":""Existencias"",""value"":""25025""},{""name"":""Talla Extra"",""value"":""Sí""},{""name"":""Estilo"",""value"":""Minimalista""},{""name"":""Patrón"",""value"":""Batik""},{""name"":""Longitud de la Manga"",""value"":""Mangas Largas""},{""name"":""Temporada"",""value"":""Otoño""},{""name"":""Cropped Top"",""value"":""No""},{""name"":""Material"",""value"":""Tencel/tencel (fibra de Lyocell)""},{""name"":""Cantidad"",""value"":""Nada""}]","Consejos
Acerca de la aberración cromática: colóquese en la luz de disparo, la pantalla de visualización de todos es diferente, habrá una ligera diferencia entre la imagen y el objeto Real.


El tamaño está embaldosado en la medición, debido A los diferentes métodos de medición, si hay un Error de 1-3 cm, está dentro de un rango razonable

Seleccione cuidadosamente las especificaciones y el tamaño antes de realizar un pedido
Todos los tamaños en esta tienda son tamaños estándar, puede realizar un pedido según el tamaño que generalmente compre
Lugar de origen: Provincia de Guangdong
Tela/material: Tencel/Tencel (Fibra de yocel)
Contenido de ingredientes: 51% (Inclusive) -70% (Inclusive)
Estilo: Viajero Simple/versión coreana
Detalles de estilo de ropa: Viejo, Costuras
Versión de ropa: Slim Fit
Largo/longitud/longitud de la manga/Longitud de la manga: Regular/Manga larga
Tapeta de ropa: fila única con múltiples botones
Tipo de cuello: cuello de POLO
Edad aplicable: Jóvenes (18-25 años)
Ya sea para agregar terciopelo: sin terciopelo
Disponibilidad: Invierno 2022
Tipo de manga: Regular",4.51,139,57,,Tue Oct 19 2021 09:08:18 GMT+0000 (Coordinated Universal Time),174,"[{""name"":""Color"",""variations"":[""Azul vaquero nostálgico""]},{""name"":""Tamaño"",""variations"":[""S"",""M"",""L"",""XL"",""2XL""]}]",https://shopee.com.mx,,100017,false,,"[{""name"":""model"",""value"":""Azul vaquero nostálgico,2XL""}]",0,https://shopee.com.mx/Camisas-y-Blusas-cat.11057062.11057123.11057305,null,,,null
https://shopee.com.mx/Sylvanian-Families-Happy-Breakfast-toy-set-Chica-Simulaci%C3%B3n-Casa-De-Juegos-Accesorios-Mu%C3%B1ecas-Regalos-De-Cumplea%C3%B1os-De-Los-Ni%C3%B1os-5444-(F)-K512-Juego-De-Juguetes-Para-i.1114599490.28600553970,28600553970,Sylvanian Families Happy Breakfast toy set Chica Simulación Casa De Juegos Accesorios Muñecas Regalos De Cumpleaños De Los Niños 5444 (F) K512 Juego De Juguetes Para,0,0,0,1.580950000000000e+03,405,MXN,,0,"[""https://down-mx.img.susercontent.com/file/sg-11134201-7rd3z-lvid519ojf9n76_tn"",""https://down-mx.img.susercontent.com/file/sg-11134201-7rd6k-lvid52j6ous2ab_tn"",""https://down-mx.img.susercontent.com/file/sg-11134201-7rd6h-lvid53bhjfew85_tn""]",null,Swa███skp███.mx███,https://shopee.com.mx/swarovskpand.mx,"[""Madre y Bebé"",""Juguetes"",""Muñecas y Peluches"",""Muñecas y Accesorios""]","[{""name"":""Existencias"",""value"":""50""},{""name"":""Material"",""value"":""Plástico, Tela""}]","Marca: Sylvanian Families
N. de artículo: juego de juguetes de desayuno feliz 5444
Edad aplicable: 4 años 5 años 6 años 7 años 8 años 9 años 10 años
Material: Plástico
Origen: China continental
Género aplicable: mujer
Tipo de juguete: sala simulada/muebles
Clasificación de los colores: juego de juguetes de desayuno feliz 5444

Lea antes de realizar un pedido: el paquete pertenece al transporte transfronterizo y algunos paquetes pueden causar leves daños a la caja durante el transporte, lo que no se puede evitar. Si le importa daños menores a la caja, no realice una compra. Después de comprar, significa aceptar la descripción anterior por defecto.",4.96,326,57,3.13 hours,Fri Nov 10 2023 12:20:49 GMT+0000 (Coordinated Universal Time),90,"[{""name"":""Color"",""variations"":[""5444""]}]",https://shopee.com.mx,,100632,false,,"[{""name"":""model"",""value"":""5444""}]",0,https://shopee.com.mx/Mu%C3%B1ecas-y-Accesorios-cat.11056742.11059372.11059396,"[{""claimable"":false,""currency"":""MXN"",""discount"":null,""discount_cap"":5000000,""discount_percentage"":5,""min_spend"":26000000,""shop_vouncher"":""Swarovskpand.mx"",""special_condition"":null,""text_info"":""SWARPPOO"",""validity_end"":""2024-09-30T11:27:00.000Z"",""validity_start"":""2024-08-15T10:27:00.000Z""},{""claimable"":false,""currency"":""MXN"",""discount"":10,""discount_cap"":0,""discount_percentage"":0,""min_spend"":10000000,""shop_vouncher"":""Swarovskpand.mx"",""special_condition"":null,""text_info"":""SWARRTT"",""validity_end"":""2024-09-30T11:01:00.000Z"",""validity_start"":""2024-08-15T10:01:00.000Z""}]",,,null
https://shopee.com.mx/Oto%C3%B1o-Camisa-De-Las-Mujeres-2023-Tops-Tencel-De-Alta-Gama-De-Mezclilla-De-Las-Mujeres-Retro-Desgaste-Exterior-Base-De-Todos-Los-Partidos-En-Capas-De-Manga-Larga-i.902600672.24412052650?model_id=222501363695,24412052650,Otoño Camisa De Las Mujeres 2023 Tops Tencel De Alta Gama De Mezclilla De Las Mujeres Retro Desgaste Exterior Base De Todos Los Partidos En Capas De Manga Larga,0,0,0,7.889000000000000e+02,7.889000000000000e+02,MXN,,0,"[""https://down-mx.img.susercontent.com/file/sg-11134201-7rbks-lqhw67lovn0l3c_tn"",""https://down-mx.img.susercontent.com/file/sg-11134201-7rbku-lqhw689jwpiecf_tn"",""https://down-mx.img.susercontent.com/file/sg-11134201-7rblf-lqhw68x4y7ry73_tn"",""https://down-mx.img.susercontent.com/file/sg-11134201-7rbl5-lqhw69pfu6na07_tn"",""https://down-mx.img.susercontent.com/file/sg-11134201-7rbn4-lqhw6ad0ua2s72_tn"",""https://down-mx.img.susercontent.com/file/sg-11134201-7rblk-lqhw6b3xqw781b_tn"",""https://down-mx.img.susercontent.com/file/sg-11134201-7rbls-lqhw6byqht7q27_tn"",""https://down-mx.img.susercontent.com/file/sg-11134201-7rblc-lqhw6crbbzmu2a_tn"",""https://down-mx.img.susercontent.com/file/sg-11134201-7rbkm-lqhw6dgabg2u08_tn""]",null,Tie███ de███pa █████████xia██████,https://shopee.com.mx/duyuanxiangkaool.mx,"[""Ropa de Mujer"",""Tops"",""Camisas y Blusas""]","[{""name"":""Existencias"",""value"":""18075""},{""name"":""Talla Extra"",""value"":""Sí""},{""name"":""Estilo"",""value"":""Retro, Clásico""},{""name"":""Longitud de Top"",""value"":""Largo""},{""name"":""Patrón"",""value"":""Batik""},{""name"":""Longitud de la Manga"",""value"":""Mangas Largas""},{""name"":""Temporada"",""value"":""Otoño""},{""name"":""Cropped Top"",""value"":""No""},{""name"":""Material"",""value"":""Tencel/tencel (fibra de varios)""},{""name"":""Cantidad"",""value"":""Cero""}]","Lugar de origen: Provincia de Zhejiang
Tela/material: Tencel/Tencel (Fibra de yocel)
Contenido de ingredientes: 100%
Estilo: Estilo Retro/étnico literario.
Detalles de estilo de ropa: Color sólido
Versión de ropa: Suelta
Largo/longitud/longitud de la manga/Longitud de la manga: Regular/Manga larga
Tapeta de ropa: fila única con múltiples botones
Tipo de cuello: Cuello cuadrado
Edad aplicable: Jóvenes (18-25 años)
Ya sea para agregar terciopelo: sin terciopelo
Temporada de cotización de tiempo: primavera de 2023
Tipo de manga: Regular",0,13,57,,Tue Nov 15 2022 06:08:02 GMT+0000 (Coordinated Universal Time),1,"[{""name"":""Color"",""variations"":[""Azul 002"",""Verde militar 002"",""Amarillo 002"",""Negro 002"",""Blanco 002""]},{""name"":""Tamaño"",""variations"":[""M recomienda 95kg-115kg"",""L recomienda 115 kg-135 kg"",""Xl recomienda 135kg-150kg""]}]",https://shopee.com.mx,,100017,false,,"[{""name"":""model"",""value"":""Negro 002,Xl recomienda 135kg-150kg""}]",0,https://shopee.com.mx/Camisas-y-Blusas-cat.11057062.11057123.11057305,"[{""claimable"":false,""currency"":""MXN"",""discount"":null,""discount_cap"":4500000,""discount_percentage"":20,""min_spend"":18000000,""shop_vouncher"":""Tienda de Ropa de Duyuanxiangkao"",""special_condition"":null,""text_info"":""DUYUVRMNC"",""validity_end"":""2024-10-01T05:59:59.000Z"",""validity_start"":""2024-09-01T06:00:00.000Z""},{""claimable"":false,""currency"":""MXN"",""discount"":null,""discount_cap"":2000000,""discount_percentage"":18,""min_spend"":6000000,""shop_vouncher"":""Tienda de Ropa de Duyuanxiangkao"",""special_condition"":null,""text_info"":""DUYUSFYCV"",""validity_end"":""2024-10-01T05:59:59.000Z"",""validity_start"":""2024-09-01T06:00:00.000Z""},{""claimable"":false,""currency"":""MXN"",""discount"":null,""discount_cap"":1950000,""discount_percentage"":10,""min_spend"":1000,""shop_vouncher"":""Tienda de Ropa de Duyuanxiangkao"",""special_condition"":null,""text_info"":""DUYUOPLPQ"",""validity_end"":""2024-10-01T05:59:59.000Z"",""validity_start"":""2024-09-01T06:00:00.000Z""}]",,,null
https://shopee.com.mx/Sylvanian-Families-Juego-De-Ba%C3%B1o-SE-200-Epoch-Calico-Critters-i.477652960.21620084724,21620084724,Sylvanian Families-Juego De Baño SE-200 Epoch Calico Critters,0,0,0,1.819890000000000e+03,1.819890000000000e+03,MXN,,0,"[""https://down-mx.img.susercontent.com/file/3ec691dacde712cde610221555c51bed_tn"",""https://down-mx.img.susercontent.com/file/2592e661f05a24b4f8f6b7f3d0d94428_tn"",""https://down-mx.img.susercontent.com/file/e40a157606f9b92fa2aef328c648b32e_tn""]",null,des███y20███mx,https://shopee.com.mx/destiny2029.mx,"[""Madre y Bebé"",""Juguetes"",""Muñecas y Peluches"",""Muñecas y Accesorios""]","[{""name"":""Existencias"",""value"":""49""}]","País/región de fabricación: japón
Marca: Epoch
Tipo: Animal
Mpn: SE-200
Por favor, consulte las fotos del artículo y los detalles de los artículos anteriores.
Estamos vendiendo artículos auténticos de japón.

Por favor, disfrute de sus compras.

Si lo desea, por favor agregue nuestra tienda en su vendedor favorito.",4.9,22,57,,Tue Jun 29 2021 13:24:04 GMT+0000 (Coordinated Universal Time),289,"[{""variations"":[null]}]",https://shopee.com.mx,,100632,false,,"[{""name"":""model"",""value"":null}]",0,https://shopee.com.mx/Mu%C3%B1ecas-y-Accesorios-cat.11056742.11059372.11059396,"[{""claimable"":false,""currency"":""MXN"",""discount"":50,""discount_cap"":0,""discount_percentage"":0,""min_spend"":49900000,""shop_vouncher"":""destiny2029.mx"",""special_condition"":null,""text_info"":""DEST66919"",""validity_end"":""2024-11-30T11:57:00.000Z"",""validity_start"":""2024-08-29T10:57:00.000Z""},{""claimable"":false,""currency"":""MXN"",""discount"":45,""discount_cap"":0,""discount_percentage"":0,""min_spend"":31900000,""shop_vouncher"":""destiny2029.mx"",""special_condition"":null,""text_info"":""DESTHHKP8"",""validity_end"":""2024-11-30T11:57:00.000Z"",""validity_start"":""2024-08-29T10:57:00.000Z""},{""claimable"":false,""currency"":""MXN"",""discount"":30,""discount_cap"":0,""discount_percentage"":0,""min_spend"":30000000,""shop_vouncher"":""destiny2029.mx"",""special_condition"":null,""text_info"":""DESTHH889"",""validity_end"":""2024-11-30T11:57:00.000Z"",""validity_start"":""2024-08-29T10:57:00.000Z""}]",,,null
https://shopee.cl/Dispositivo-De-Rescate-Para-Adultos-Y-Ni%C3%B1os-Port%C3%A1til-De-Primeros-Auxilios-Asfixia-Con-2-M%C3%A1scaras-i.441010269.18974847565?model_id=213958298169,18974847565,Dispositivo De Rescate Para Adultos Y Niños Portátil De Primeros Auxilios Asfixia Con 2 Máscaras,0,5,0,20700,10350,CLP,,0,"[""https://down-cl.img.susercontent.com/file/sg-11134201-23020-wyipfwlf53nvdb_tn"",""https://down-cl.img.susercontent.com/file/sg-11134201-23020-gzcnimmf53nv3d_tn"",""https://down-cl.img.susercontent.com/file/sg-11134201-23020-2v7klcnf53nv04_tn"",""https://down-cl.img.susercontent.com/file/ph-11134201-23020-uuic5ix75snvab_tn"",""https://down-cl.img.susercontent.com/file/ph-11134201-23020-bbrt40y75snv0d_tn"",""https://down-cl.img.susercontent.com/file/sg-11134201-23020-kqgwukqf53nv56_tn"",""https://down-cl.img.susercontent.com/file/sg-11134201-23020-cngox9dgmenvca_tn"",""https://down-cl.img.susercontent.com/file/ph-11134201-23020-3orxshy75snv79_tn"",""https://down-cl.img.susercontent.com/file/sg-11134201-23020-lhugdwsf53nvec_tn""]",null,Sal███e H███th ██████,https://shopee.cl/suolaer.cl,"[""Salud"",""Otros""]","[{""name"":""Existencias"",""value"":""24672""}]","Caracteristicas:
Dispositivo de rescate de succión no invasiva patentado que salva vidas en emergencias con bloqueo de aire. ¡Mejorismo Del plagiarismo!
Facilidad de uso: Diseñado para ser fácil de usar. Bastante simplemente, si vives solo, puedes usarlo tú mismo en una emergencia de asfixia.
No se requiere prescripción: este kit es adecuado para niños y adultos. La duración de la succión es mínima, por lo que es segura y eficaz.
Nunca caduca: No es necesario reemplazar el dispositivo a menos que se use para salvar la vida útil de una víctima de asfixia. Solo las máscaras deben reemplazarse cada 2-3 años.
Su compra incluye: una válvula de retención, una máscara para un niño, una máscara para adultos, una máscara de práctica y un conjunto de instrucciones de uso.

Especificación:
100% nuevo y a estrenar
Tamaño: como muestran las imágenes (1 pulgada = 2,54 cm)
Color: como imágenes
Materiales:plástico

El paquete incluye:
1 * válvula de retención
1 * máscara para niños
1 * máscara para adultos
1 * máscara de práctica
1* Instrucciones de uso.

Nota:
Tenga en cuenta que debido a la pantalla del monitor de su computadora, el color puede tener alguna diferencia entre la imagen y el artículo real.
Hay una diferencia del 2-3% según la medición manual.",4.51,512,57,,Mon May 10 2021 11:49:46 GMT+0000 (Coordinated Universal Time),230,"[{""name"":""Color"",""variations"":[""Negro"",""Verde"",""Amarillo"",""Solo máscara-niño 1PC"",""Solo máscara-Adulto 1PC""]}]",https://shopee.cl,,100001,false,,"[{""name"":""model"",""value"":""Amarillo""}]",0,https://shopee.cl/Otros-cat.11070438.11070506.11070918,null,,,null
https://shopee.co.id/(CUCI-GUDANG)-Sprei-Batangan-Ukuran-180x200-Bahan-Katun-Halus-Anti-Luntur-Seperai-Saja-Queen-160x200-Single-120x200-Termurah-&-Terlaris-i.162242062.26453475612?model_id=158678556611,26453475612,(CUCI GUDANG) Sprei Batangan Ukuran 180x200 Bahan Katun Halus Anti Luntur Seperai Saja Queen 160x200 Single 120x200 Termurah & Terlaris,0,4.5,0,46785,46785,IDR,,0,"[""https://down-id.img.susercontent.com/file/id-11134207-7r98q-lx267u8funil3a_tn"",""https://down-id.img.susercontent.com/file/id-11134207-7r98u-lwtgy2kzj1gq28_tn"",""https://down-id.img.susercontent.com/file/id-11134207-7r990-lwth6dy91rmma5_tn"",""https://down-id.img.susercontent.com/file/id-11134207-7r98p-lwth6dy9367269_tn"",""https://down-id.img.susercontent.com/file/id-11134207-7r98v-lwth6dy94kri33_tn"",""https://down-id.img.susercontent.com/file/id-11134207-7r98y-lwth6dy95zby08_tn"",""https://down-id.img.susercontent.com/file/id-11134207-7r98s-lwth6dy97dwe08_tn"",""https://down-id.img.susercontent.com/file/id-11134207-7r98y-lwth6dy98sgub3_tn"",""https://down-id.img.susercontent.com/file/id-11134207-7r98o-lwth6dy9a71ada_tn""]",null,Mel███Col███tio█████████,https://shopee.co.id/melly_collection_sprei,"[""Perlengkapan Rumah"",""Kamar Tidur"",""Sprei, Sarung Bantal, & Sarung Guling""]","[{""name"":""Stok"",""value"":""158577""},{""name"":""Merek"",""value"":""-""},{""name"":""Bahan"",""value"":""Katun Halus""},{""name"":""Negara Asal"",""value"":""Lokal""},{""name"":""Ukuran Tempat Tidur"",""value"":""King""},{""name"":""Set Bundle"",""value"":""Tidak""},{""name"":""Masa Garansi"",""value"":""tidak ada""},{""name"":""Jumlah Ulir"",""value"":""3""},{""name"":""Dimensi (P x L x T)"",""value"":""180x200""},{""name"":""No.Sertifikat (SNI,K3L,UTTP)"",""value"":""-""},{""name"":""Dikirim Dari"",""value"":""KAB. CIREBON""}]","#####    PROMO SPREI SAJA        ########


✔️ Memiliki warna yang cerah dan tidak luntur. Bahan lembut, dan tidak terkesan murahan. 

✔️ Setiap sudut sprei menggunakan karet supaya tidak mudah lepas.

✔️ Kemasan plastik bening untuk menjaga harga tetap ekonomis dan berat barang tetap rendah. 

✔️ Produk ini hanya SPREI SAJA

✔️ ORDER = SETUJU NO KOMPLAIN

180x200x (Kasur No 1)
160x200x (Kasur No 2) 
120x200x (Kasur No 3) 
 90x200x (kasur No 4) 

Spesifikasi :
- Bahan Microtex
- Terdapat karet di setiap sudut

Kelebihan Bahan Microtex
- Texture kain yang lembut baik untuk kesehatan kulit
- Kuat dan tahan lama
- Tidak mudah luntur ketika di cuci dan cepat kering
- Tidak mudah kusut saat digunakan

Kami menjual dengan harga yang sangat terjangkau. Produk yang kami jual merupakan SPREI NYA SAJA. Jika ingin menambahkan sarung bantal dan sarung guling silahkan hubungi kami via chat. Sarung bantal maupun sarung gulingnya pun bisa disamakan dengan motif sprei nya.

KEBIJAKAN KOMPLAIN :
- Untuk customer setia  jika ada keluhan atau komplen dimohon untuk berdiskusi terlebih dahulu mencari solusi bersama untuk mencapai kesepakatan dan dimohon untuk tidak memberikan ulasan buruk sebelum tercapai kesepakatan tersebut.
- Syarat kompain sertakan foto/video barang yang diterima , label Pengiriman dan foto plastik packing barang yang terdapat kode.
- Bilamana tidak ada foto tersebut maka tidak akan kami proses dan kami anggap barang yang kami kirim sudah sesuai pesanan aplikasi.
- Dimohon untuk kerjasamanya. Trimakasih

Terimakasih ka😊🙏

MEMBELI BERARTI SETUJU DENGAN KEBIJAKAN TOKO",4.65,35,99,1.74 hours,Fri Jul 12 2019 07:24:48 GMT+0000 (Coordinated Universal Time),202901,"[{""name"":""motif"",""variations"":[""motif 1"",""motif 2"",""motif 3"",""motif 4"",""motif 5"",""motif 6"",""motif 7"",""motif 8"",""motif 9"",""motif 10"",""motif 11"",""motif 12"",""CUCI GUDANG MURAH"",""motif 13"",""motif 14"",""motif 15"",""motif 17"",""motif 18"",""motif 19"",""motif 20""]},{""name"":""ukuran kasur"",""variations"":[""90x200"",""120x200"",""160x200"",""180x200""]}]",https://shopee.co.id,,100636,false,,"[{""name"":""model"",""value"":""motif 12,160x200""}]",0,"https://shopee.co.id/Sprei,-Sarung-Bantal,-Sarung-Guling-cat.11043778.11043797.11043802",null,,,null
https://shopee.cl/Hombres-MAAP-Worlds-Pro-Hex-Jersey-De-Manga-Corta-Ciclismo-Racing-Downhill-Polera-De-2023-i.531387070.21567708790?model_id=137240983913,21567708790,Hombres MAAP Worlds Pro Hex Jersey De Manga Corta Ciclismo Racing Downhill Polera De 2023,0,0,0,21466,21466,CLP,,0,"[""https://down-cl.img.susercontent.com/file/6df95dab0a9313180518a83427b35fcc_tn"",""https://down-cl.img.susercontent.com/file/7754d5974f98cb15a8c8cc5ced818c8f_tn""]",null,luo███e.c███,https://shopee.cl/luobike.cl,"[""Deportes y Aire Libre"",""Ropa para Deportiva y al Aire Libre"",""Jerseys""]","[{""name"":""Existencias"",""value"":""179982""},{""name"":""Género"",""value"":""Unisex""},{""name"":""Tipo de Deportes"",""value"":""Ciclismo""},{""name"":""Ropa de Compresión"",""value"":""No""}]","Descripción:
Género: Unisex
Material Jerseys: 100% poliéster
Material: Poliéster
Métodos de venta: Ventas directas de fábrica
Material de los pantalones: 80% poliéster y 20% elástico y elastano.
Número de modelo: juegos de ciclismo
Estilo de almohadilla de Jersey de ciclismo: Almohadilla transpirable de GEL
Longitud de la cremallera: Completo
Ajuste: se ajusta a la talla real, tome su talla normal
Temporada: primavera, verano, otoño

Caracteristicas:
 Transpirable/secado rápido/Protección UV/Compresión/Antiarrugas/Anti-Pilling
 ●Transpirable: tela de poliéster. material de punto fino, para garantizar el rendimiento de la transpiración. 
 ●Nunca se desvanece: utilizamos tinta de Italia de alta calidad, por lo que nuestra tinta nunca se desvanece. 
 ●Actividades libremente: Sastrería de reglas, actividades, telas naturales, reduciendo el impacto en el medio ambiente. 
 ●Secado rápido: la tela absorbe el exceso de humedad, mantiene el cuerpo seco.

Nota:
Si tu figura no coincide completamente con nuestro tamaño.
Por ejemplo, la capa M de talla, pero necesitas pantalones de talla L, puedes encontrarnos la talla de la parte superior y los pantalones.
¡Bienvenido A descuentos al por mayor y al por mayor!

#Bicicletapantalón #Bicicletajersey #Deportes y aire libre #Ciclismo #Mangas cortas cortas #Pantalones de ciclismo #polera de ciclismo #Ciclismopantalones cortos #Ropaciclismo
#Ciclismojersey #Bicicletaropa #Listostock #Bacalao #Ropa deportiva #Shortset #Traje de verano para hombre #Bicicletajuego #Disponible #Bicicleta de carretera #Mtb",4.67,6,57,,Tue Sep 07 2021 14:33:39 GMT+0000 (Coordinated Universal Time),23,"[{""name"":""Color_familia"",""variations"":[""Negro"",""Blanco"",""Verde""]},{""name"":""Tamaño"",""variations"":[""Internacional:xl"",""Internacional:xs"",""Int:l"",""Interno:m"",""Int:xxl"",""Internacional: 3XL""]}]",https://shopee.cl,,100637,false,,"[{""name"":""model"",""value"":""Negro,Int:xxl""}]",0,https://shopee.cl/Jerseys-para-Juegos-de-Pelota-cat.11070435.11070518.11071651,null,,,null
https://shopee.co.id/Fadsya-Hijab---Paris-Jadul-//-Paris-Premium-//-Segi-Empat-Paris-Polos-i.896751395.27609825445?model_id=148774810880,27609825445,Fadsya Hijab - Paris Jadul // Paris Premium // Segi Empat Paris Polos,0,0,0,23000,23000,IDR,,0,"[""https://down-id.img.susercontent.com/file/id-11134207-7r98u-lzmu9eelf1gg63_tn""]",null,Fad███_Of███ial███,https://shopee.co.id/Fadsya-Hijab---Paris-Jadul-//-Paris-Premium-//fadsya_official,"[""Fashion Muslim"",""Pakaian Muslim Wanita"",""Hijab"",""Hijab Segi Empat""]","[{""name"":""Stok"",""value"":""2700""},{""name"":""Merek"",""value"":""-""},{""name"":""Negara Asal"",""value"":""Indonesia""},{""name"":""Produk Custom"",""value"":""Tidak""},{""name"":""Motif"",""value"":""Polos""},{""name"":""Bahan"",""value"":""Paris Jadul""},{""name"":""Dikirim Dari"",""value"":""KAB. KARAWANG""}]","Merk : Fadsya Hijab
- New style jilbab formal dan non formal 
- Bahan berkualitas & terbaik
- Bahan Adem & Lembut
- Segi empat mudah di bentuk dan tegak di wajah
- Ukuran : 110cm x 110cm
- Tidak panas hingga nyaman digunakan sehari-hari 
- Harga murah tapi bukan barang murahan

KELEBIHAN PRODUK
*Produk original
*Terlihat mewah
*Harga termurah 

PERHATIAN!
CATATAN (PENTING):  
1. Mohon untuk tidak pesan warna via chat untuk menghindari kesalahan pengiriman, Pilih warna sesuai variasi yang telah kami sediakan dan siap bila sudah cek out dan pilihan salah maka usahakan untuk diberikan catatan di pesanan. 
2. Pengembalian (Return) cocok jika produk cacat, salah kirim (tidak sesuai pesan)  
3. Mohon Bijak dalam memberikan penilaian produk kami, jika produk cacat atau tidak sesuai pesanan silakan chat ke Admin terlebih dahulu.
4. Untuk Memastikan Stok sebelum pesan silahkan Chat ke admin kami 
5. Harap cantumkan warna pilihan kedua untuk berjaga-jaga jika pilihan warna pertama telah habis, maka kami akan menggirimkan warna yang kedua anda pilih.

#hijab #jilbab #kerudung #muslim #segi #empat #square #motif #polos #murah #ekonomis #cantik #indah #berkualitas #lebaran #wanita #fashion #perempuan",0,2,57,,Sun Nov 06 2022 13:44:12 GMT+0000 (Coordinated Universal Time),3,"[{""name"":""Warna"",""variations"":[""Dusty Pink Paris"",""Olive Paris"",""Wardah Paris"",""Light Army Paris"",""Army Paris"",""Marron Paris"",""Hitam Paris"",""Gold Paris"",""Navy Paris"",""Nude Paris"",""Ash Lavender Paris"",""Rossy Brown Paris"",""Mocca Paris"",""Biru Denim Paris"",""Dark Coklat Paris"",""Waffle Paris"",""Putih Paris"",""Taro Paris"",""Pink Pastel Paris"",""Salem Paris"",""Rustik Paris"",""Hijau Mint Paris"",""Hijau Botol"",""Mustard Paris"",""Pink Peach Paris"",""Silver Paris"",""Bata Paris""]}]",https://shopee.co.id,,100014,false,,"[{""name"":""model"",""value"":""Pink Pastel Paris""}]",0,https://shopee.co.id/Hijab-Segi-Empat-cat.11042684.11042685.11042688,"[{""claimable"":false,""currency"":""IDR"",""discount"":null,""discount_cap"":1000000000,""discount_percentage"":10,""min_spend"":3000000000,""shop_vouncher"":""Fadsya_Official"",""special_condition"":null,""text_info"":""FADSD7Y5O"",""validity_end"":""2024-09-30T22:00:00.000Z"",""validity_start"":""2024-09-01T01:16:00.000Z""}]",,,null
https://shopee.com.mx/Anillo-De-Silicona-Para-Aperitivos-Stanley-Cup-Tumbler-Snack-Bowl-Bandeja-i.627317892.24470567380?model_id=222626584832,24470567380,Anillo De Silicona Para Aperitivos Stanley Cup Tumbler Snack Bowl Bandeja,0,0,0,489,1.956000000000000e+02,MXN,0,0,"[""https://down-mx.img.susercontent.com/file/sg-11134201-7rcc1-lt7y41w7pcmr7d_tn"",""https://down-mx.img.susercontent.com/file/sg-11134201-7rcf6-lt7y43ebi5tt40_tn"",""https://down-mx.img.susercontent.com/file/sg-11134201-7rcd4-lt7y44o3n5wn50_tn"",""https://down-mx.img.susercontent.com/file/sg-11134201-7rcdi-lt7y45xvs5yr69_tn"",""https://down-mx.img.susercontent.com/file/sg-11134201-7rccw-lt7y471u5pru0a_tn"",""https://down-mx.img.susercontent.com/file/sg-11134201-7rcei-lt7y48g25mma0f_tn"",""https://down-mx.img.susercontent.com/file/sg-11134201-7rce6-lt7y49iwjdbb36_tn"",""https://down-mx.img.susercontent.com/file/sg-11134201-7rcd9-lt7y4al6zc0k11_tn"",""https://down-mx.img.susercontent.com/file/sg-11134201-7rcee-lt7y4bo1ei0q8c_tn""]",null,Tie███ de███ces█████████ de██████,https://shopee.com.mx/xiapimalllk.mx,"[""Hogar y Vida"",""Vajilla"",""Platos""]","[{""name"":""Existencias"",""value"":""1200""},{""name"":""Duración de la Garantía"",""value"":""24 Meses""}]","Caracteristicas:
Solución versátil: el cuenco de aperitivos: el cuenco de silicona para stantería es un accesorio multifuncional diseñado para mejorar su experiencia de refrigerios. Se puede usar como un anillo de bocadillo para Stanley Cup o como una bandeja de bocadillo reutilizable para su vaso. Ya sea que usted&#39; Está en el cine, en su automóvil o disfrutando de una noche acogedora en casa, este tazón de refrigerios es compatible con Stanley 40 Oz tazas y se puede colocar cómodamente en portavasos.
Práctico juego de merienda sobre la marcha: con el portavasos de caja de aperitivos de placa de aperitivo, puedes disfrutar de tus bocadillos favoritos en cualquier lugar y en cualquier momento. Este innovador accesorio proporciona una plataforma segura y estable para sus bocadillos, evitando derrames y desorden. Cuenta con una bandeja para anillos de bocadillos que encaja perfectamente en la parte superior de su taza, lo que le permite disfrutar de sus golosinas mientras mantiene limpio el portavasos.
Duradero y fácil de limpiar: hecho de silicona de primera calidad, el cuenco de silicona para aperitivos está diseñado para durar. Es resistente a las manchas, los olores y los arañazos, lo que garantiza una mayor durabilidad. La limpieza es muy sencilla ya que es apto para lavavajillas, lo que le ahorra tiempo y esfuerzo.
Diseño elegante y funcional: la bandeja Snack Ring Platter Tumbler Snack combina estilo y funcionalidad. Su elegante diseño agrega un toque de elegancia a su experiencia de refrigerio, mientras que sus características prácticas lo convierten en un accesorio imprescindible. La compatibilidad del portavasos garantiza un ajuste seguro y el plato para aperitivos proporciona un amplio espacio para sus bocadillos favoritos.
Accesorio de copa perfecto: mejore su experiencia de copa con este accesorio imprescindible. El anillo de aperitivos reutilizable para taza Stanley está diseñado específicamente para adaptarse a la taza y#39;s Dimensiones, lo que le permite disfrutar de sus bocadillos sin comprometer el estilo o la comodidad. Es el complemento perfecto para su colección de accesorios de copa.
Especificación:
Material: Silicona
Color: naranja, blanco, rosa, verde, negro
Notas que en el tamaño puede resultar en ligeras tolerancias en el tamaño debido a la medición manual, y la iluminación en la fotografía puede resultar en una diferencia en el color que en real.
",4.79,494,57,,Thu Dec 16 2021 09:51:32 GMT+0000 (Coordinated Universal Time),128,"[{""name"":""Color"",""variations"":[""Orange"",""White"",""Pink"",""Green"",""Black""]},{""name"":""Size"",""variations"":[""40oz""]}]",https://shopee.com.mx,,100636,false,,"[{""name"":""model"",""value"":""Orange,40oz""}]",0,https://shopee.com.mx/Vajilla-cat.11058544.11058600.11058960,null,,,null
https://shopee.co.th/%E2%9D%8C%E0%B8%A1%E0%B8%B5%E0%B8%AB%E0%B9%88%E0%B8%A7%E0%B8%87%E0%B8%94%E0%B8%B1%E0%B8%99%E0%B9%80%E0%B8%9B%E0%B9%89%E0%B8%B2%E2%9D%8CANDREW-CHRISTIAN-%E0%B8%97%E0%B8%A3%E0%B8%87-BRIEF-i.359341845.5592077889?model_id=92825573364,5592077889,❌มีห่วงดันเป้า❌ANDREW CHRISTIAN ทรง BRIEF,0,0,0,353,353,THB,0,0,"[""https://down-th.img.susercontent.com/file/428b6ad86b75b9255f34d3946d060318_tn"",""https://down-th.img.susercontent.com/file/ddc36f4e557fbafa6f96303b8a1ccb8f_tn"",""https://down-th.img.susercontent.com/file/083b2bdaae38b29817ecab78dbe20f41_tn"",""https://down-th.img.susercontent.com/file/cb786927e3e7b09fc7ca1ac63cc1c631_tn"",""https://down-th.img.susercontent.com/file/0f84a727bbeee72fb4b0ed9ed6eb6dcd_tn"",""https://down-th.img.susercontent.com/file/3316a77bb540d9979b0285716f086aba_tn"",""https://down-th.img.susercontent.com/file/b583eb4a469bb43492a6e73b2809002d_tn""]",null,Yi ███ ou███or █████████,https://shopee.co.th/l2vv7gxehk,"[""เสื้อผ้าผู้ชาย"",""ชุดชั้นในชาย"",""กางเกงใน""]","[{""name"":""คลัง"",""value"":""53""},{""name"":""ส่งจาก"",""value"":""จังหวัดนครราชสีมา""}]","ผ้าcotton อย่างดี

ขอบเอวเป็นผ้านุ่ม

ปลายขากุ๊นขอบงานดี 

มี 3สี ขาว ดำ เทา

มีช่องเก็บน้องชาย

มี size M L XL

มี 3Size
M รอบเอว 26นิ้ว(ยังไม่ยืด) -ยืดได้ถึง 34 นิ้ว
L. รอบเอว 28นิ้ว(ยังไม่ยืด)- ยืดได้ถึง 36 นิ้ว
XL รอบเอว 30นิ้ว(ยังไม่ยืด) -ยืดได้ถึง 38นิ้ว",5,572,0,,Fri Dec 18 2020 04:52:15 GMT+0000 (Coordinated Universal Time),8,"[{""name"":""Variation"",""variations"":[""ขาว"",""ดำ"",""เทา"",""ฟ้า""]},{""name"":""Size"",""variations"":[""M"",""L"",""Xl""]}]",https://shopee.co.th,,100011,false,,"[{""name"":""model"",""value"":""เทา,M""}]",0,https://shopee.co.th/%E0%B8%81%E0%B8%B2%E0%B8%87%E0%B9%80%E0%B8%81%E0%B8%87%E0%B9%83%E0%B8%99%E0%B8%9C%E0%B8%B9%E0%B9%89%E0%B8%8A%E0%B8%B2%E0%B8%A2-cat.11044945.11045070.11046376,null,,,null
https://shopee.cl/Botellas-de-beber-Herbalife.-1-litro-importaci%C3%B3n-Original-premium---Oris-1L-Tosca-(C6L0)-botellas-de-beber-para-ni%C3%B1os-botellas-est%C3%A9ticas-para-beber-botellas-de-beber-est%C3%A9tica-coreana-botellas-para-beber-ni%C3%B1os-botellas-de-beber-Y0N7-vaso-inoxidable-vaso-personalizado-i.877271848.23848444766,23848444766,Botellas de beber Herbalife. 1 litro importación Original premium - Oris 1L Tosca (C6L0) botellas de beber para niños botellas estéticas para beber botellas de beber estética coreana botellas para beber niños botellas de beber Y0N7 vaso inoxidable vaso personalizado,0,0,0,13000,13000,CLP,,0,"[""https://down-cl.img.susercontent.com/file/id-11134201-7qul4-ljb2kbdat386f7_tn"",""https://down-cl.img.susercontent.com/file/id-11134201-7qul9-ljb2kcukn4ir97_tn"",""https://down-cl.img.susercontent.com/file/id-11134201-7qul9-ljb2kcxminoqf7_tn"",""https://down-cl.img.susercontent.com/file/id-11134201-7qul1-ljb2kdu3757l10_tn"",""https://down-cl.img.susercontent.com/file/id-11134201-7qul8-ljb2kdy911web8_tn""]",null,550███gqf███op.███,https://shopee.cl/55049ngqfeshop.cl,"[""Hogar y Vida"",""Vajilla"",""Botellas de Agua y Accesorios""]","[{""name"":""Existencias"",""value"":""100""}]","Botella para beber Herbalife. 1 litro Importación Original premium - Oris 1L Tosca
Bienvenido a jums_allshop
Comprar INFORMACIÓN:
Información de hora operativa: Lunes-Sábado 08.00-16.00
Domingo/nacional Holiday Store
Cómpralo más de 15:00, procesará el próximo día
Feliz compra
Por favor, EL VIDEO ENTIENDA UN ENCENDIDO QUE EL PAQUETE ES RECIBIERTO, IF ACCOMPLACIÓN CON VIDEO UNBOXING NO PARA NUESTRO RESPONSIBILIDAD.



Botella para beber tamaño 1000 ML
Hay pajitas

100% LOGOTIPO DE RETUCIÓN DE LOGOTIPO DE DEVOLUCIÓN, SOLO PARA NO SE CUENTA",0,1516,57,,Wed Oct 05 2022 07:51:34 GMT+0000 (Coordinated Universal Time),0,"[{""variations"":[null]}]",https://shopee.cl,,100636,false,,"[{""name"":""model"",""value"":null}]",0,https://shopee.cl/Botellas-de-Agua-y-Accesorios-cat.11070442.11070641.11071582,null,,,null
https://shopee.co.th/%E0%B9%80%E0%B8%84%E0%B8%AA%E0%B8%AB%E0%B8%99%E0%B8%B1%E0%B8%87-%E0%B8%81%E0%B8%B1%E0%B8%99%E0%B8%81%E0%B8%A3%E0%B8%B0%E0%B9%81%E0%B8%97%E0%B8%81-%E0%B8%A5%E0%B8%B2%E0%B8%A2%E0%B8%94%E0%B8%AD%E0%B8%81%E0%B8%84%E0%B8%B2%E0%B8%A1%E0%B8%B4%E0%B9%80%E0%B8%A5%E0%B8%B5%E0%B8%A2-%E0%B9%81%E0%B8%9F%E0%B8%8A%E0%B8%B1%E0%B9%88%E0%B8%99-%E0%B8%AA%E0%B9%8D%E0%B8%B2%E0%B8%AB%E0%B8%A3%E0%B8%B1%E0%B8%9A-Apple-Airpods-1-2-3rd-Pro-2-Airpods-Pro-2-i.324880702.20486442513?model_id=225830171367,20486442513,เคสหนัง กันกระแทก ลายดอกคามิเลีย แฟชั่น สําหรับ Apple Airpods 1 2 3rd Pro 2 Airpods Pro 2,0,4.8,0,264,117,THB,,0,"[""https://down-th.img.susercontent.com/file/sg-11134201-7rbnd-lof9jhem4rc0bd_tn"",""https://down-th.img.susercontent.com/file/sg-11134201-7rbku-lof9jg400z1878_tn"",""https://down-th.img.susercontent.com/file/sg-11134201-7rbld-lof9jj65js7e3e_tn"",""https://down-th.img.susercontent.com/file/sg-11134201-7rbk5-lof9jmmgja0020_tn"",""https://down-th.img.susercontent.com/file/sg-11134201-7rbkc-lof9jlzpf64h3e_tn"",""https://down-th.img.susercontent.com/file/sg-11134201-7rbl2-lof9ji9ovai88f_tn"",""https://down-th.img.susercontent.com/file/sg-11134201-7rbln-lof9jjvyjf7l04_tn"",""https://down-th.img.susercontent.com/file/sg-11134201-7rbl7-lof9jlbue2wae9_tn"",""https://down-th.img.susercontent.com/file/sg-11134201-7rbm0-lof9jkizkb3x43_tn""]",null,Cas███e,https://shopee.co.th/myiwatch.th,"[""มือถือและอุปกรณ์เสริม"",""อุปกรณ์เสริม"",""เคสมือถือและแท็บเล็ต"",""อื่นๆ""]","[{""name"":""คลัง"",""value"":""10307""},{""name"":""ส่งจาก"",""value"":""ต่างประเทศ""}]","-------🌸ยินดีต้อนรับสู่ร้านค้า myiwatch🌸-------
 
 🔔เราเป็นร้านขายอุปกรณ์ Apple ที่น่าสนใจหากคุณชอบผลิตภัณฑ์ของเรา
 เราจะมีสินค้าลดราคาในอนาคตโปรดติดตามเราเราจะมีสินค้าลดราคาเพิ่มเติมในอนาคต🎁🎁🎁🎁🎁
 💟บริการลูกค้าออนไลน์เวลา 10: 00-23: 00 น
 💟สินค้าอยู่ในสต็อกและสามารถจัดส่งได้ภายใน 48 ชั่วโมง
 💟หากคุณมีคำถามใด ๆ เกี่ยวกับผลิตภัณฑ์โปรดปรึกษาเรา
 
 ✂✂✂✂✂✂✂✂✂✂✂✂✂✂✂✂✂✂✂✂✂✂
 ใหม่เอี่ยม -📷แฟชั่นเคสหนังรูปสี่เหลี่ยมขนมเปียกปูนแฟชั่น
 ❤รายละเอียดสินค้า:
 ✳รุ่นที่ใช้งานได้: สำหรับ Airpods 1/2, Airpods pro, Airpods 3, Aripods pro2
 ✳สไตล์: ฝาหลัง
 ✳วัสดุ: หนัง
 ✳องค์ประกอบยอดนิยม: แฟชั่น
 ✳กระบวนการ: การฉีด / การฉีด
 
 💋วิธีใช้:
 ทำความสะอาด Airpods Airpods แบบสะอาด 1 ตัว
 ใช้ซิลิโคนป้องกัน 2』 เชื่อมต่อฝาครอบซิลิโคนอย่างระมัดระวัง
 3』 บีบอากาศออกช้าๆ
 เสื้อผ้าที่เหมาะสมไม่หลุดร่วง 4』 เสื้อผ้าที่เหมาะสมไม่หลุด
 
 
 เหตุผลในการซื้อ💥
 
 🔎ใช้สำหรับ AirPods รุ่นที่ 3 / AirPods 1 2 / AirPods Pro
 🔎วัสดุหนังและซิลิโคนคุณภาพสูงการปกป้องที่สมบูรณ์แบบสำหรับ Airpods ของคุณ
 🔎เคส AirPods ไม่ต้องกังวลกับรอยขีดข่วนและสิ่งสกปรกจากเคส AirPods อีกต่อไป
 🔎ใช้งานง่ายและสะดวก ติดตั้งและถอดออกได้ง่ายมาก
 🔎360°การป้องกันความปลอดภัยในการปกป้องความปลอดภัยวัสดุป้องกันสิ่งแวดล้อม
 🔎การดูดซับแรงกระแทกอย่างเต็มที่
 
 
 
 หมายเหตุ:
 ◆เนื่องจากการตั้งค่าคอมพิวเตอร์ส่วนบุคคลที่แตกต่างกันสีจริงอาจแตกต่างกัน
 ◆ผลิตภัณฑ์นี้ไม่รวมเคสชาร์จ Apple AirPods, AirPods
 ◆โปรดยืนยันสีและรูปแบบก่อนทำการสั่งซื้อ! การจัดส่งทั้งหมดขึ้นอยู่กับตัวเลือก หากคุณเลือกรุ่นสีผิดคุณจะต้องรับผิดชอบค่าจัดส่งคืน)
 
 
 สินค้าประกอบด้วย:
 กล่อง Airpods ขนาด 1 × (ไม่รวม Airpods)
 1 * เชือกเส้นเล็ก
 
 ✅โปรดใช้คูปองเมื่อคุณชำระเงินจำนวนคูปองมีจำนวน จำกัด ขอแนะนำให้ใช้ก่อน!
 ✅ให้คุณภาพสูงสุดในราคาที่ดีที่สุดและสนับสนุนผู้จัดจำหน่ายขายส่ง
 ✅หากคุณมีคำถามใด ๆ โปรดติดต่อเราและเราจะให้บริการคุณ
 ✅ได้รับการชื่นชมระดับ 5 ระดับซึ่งมีความหมายมากสำหรับเรา!
 ✅ขอบคุณที่ช้อปปิ้งในร้านของเราและหวังว่าคุณจะเพลิดเพลินกับเวลาช้อปปิ้ง
 
 #Airpods1
 #Airpods2
 #Airpods3rd
 #Airpodspro
 #Airpos
 #Case#protective แขน#headphone #sets#apple#Airpod#silicone#headphone ชุดเซ็ตชุด#accessories#cartoon#mode#protection กระเป๋า#portable#mini# เปลือก#headphones",4.75,2063,97,2.80 hours,Mon Oct 19 2020 10:23:17 GMT+0000 (Coordinated Universal Time),22910,"[{""name"":""colour"",""variations"":[""black"",""white"",""pink""]},{""name"":""model"",""variations"":[""AirPods 1/2"",""AirPods 3"",""AirPods Pro"",""AirPods Pro2""]}]",https://shopee.co.th,,100013,false,,"[{""name"":""model"",""value"":""pink,AirPods 1/2""}]",0,https://shopee.co.th/%E0%B8%AD%E0%B8%B7%E0%B9%88%E0%B8%99%E0%B9%86-cat.11044946.11045119.11046414,"[{""claimable"":false,""currency"":""THB"",""discount"":3,""discount_cap"":0,""discount_percentage"":0,""min_spend"":8900000,""shop_vouncher"":""Case Me"",""special_condition"":null,""text_info"":""MYIW58988"",""validity_end"":""2024-09-19T15:59:00.000Z"",""validity_start"":""2024-06-18T06:24:00.000Z""},{""claimable"":false,""currency"":""THB"",""discount"":5,""discount_cap"":0,""discount_percentage"":0,""min_spend"":15900000,""shop_vouncher"":""Case Me"",""special_condition"":null,""text_info"":""MYIWDGHFG"",""validity_end"":""2024-11-29T15:59:00.000Z"",""validity_start"":""2024-08-27T17:01:00.000Z""},{""claimable"":false,""currency"":""THB"",""discount"":10,""discount_cap"":0,""discount_percentage"":0,""min_spend"":30900000,""shop_vouncher"":""Case Me"",""special_condition"":null,""text_info"":""MYIWHGFHG"",""validity_end"":""2024-11-29T15:59:00.000Z"",""validity_start"":""2024-08-27T17:01:00.000Z""},{""claimable"":false,""currency"":""THB"",""discount"":15,""discount_cap"":0,""discount_percentage"":0,""min_spend"":39900000,""shop_vouncher"":""Case Me"",""special_condition"":null,""text_info"":""MYIWBMVVV"",""validity_end"":""2024-11-29T15:59:00.000Z"",""validity_start"":""2024-08-27T17:01:00.000Z""},{""claimable"":false,""currency"":""THB"",""discount"":20,""discount_cap"":0,""discount_percentage"":0,""min_spend"":59900000,""shop_vouncher"":""Case Me"",""special_condition"":null,""text_info"":""MYIWJUFYU"",""validity_end"":""2024-11-29T15:59:00.000Z"",""validity_start"":""2024-08-27T17:01:00.000Z""},{""claimable"":false,""currency"":""THB"",""discount"":25,""discount_cap"":0,""discount_percentage"":0,""min_spend"":70900000,""shop_vouncher"":""Case Me"",""special_condition"":null,""text_info"":""MYIW98KUY"",""validity_end"":""2024-09-19T15:59:00.000Z"",""validity_start"":""2024-06-18T06:29:00.000Z""},{""claimable"":false,""currency"":""THB"",""discount"":29,""discount_cap"":0,""discount_percentage"":0,""min_spend"":79900000,""shop_vouncher"":""Case Me"",""special_condition"":null,""text_info"":""MYIW68995"",""validity_end"":""2024-09-19T15:59:00.000Z"",""validity_start"":""2024-06-18T06:26:00.000Z""}]",,,null
https://shopee.cl/Bola-De-Burbujas-Duradera-Inflable-Diversi%C3%B3n-Incre%C3%ADble-Resistente-A-La-Rotura-Burbuja-Super-Al-Aire-Libre-Wubble-M4T2-i.689495036.18903145136?model_id=135772321338,18903145136,Bola De Burbujas Duradera Inflable Diversión Increíble Resistente A La Rotura Burbuja Super Al Aire Libre Wubble M4T2,0,0,0,9725,9725,CLP,,0,"[""https://down-cl.img.susercontent.com/file/c17077a0825b8d818da8fe1af7148934_tn"",""https://down-cl.img.susercontent.com/file/e7e69afba5fbef20afd5dbf5a8efc80e_tn"",""https://down-cl.img.susercontent.com/file/1753b064d3f61e318c95e0c7980232d5_tn"",""https://down-cl.img.susercontent.com/file/999bdff8888e8ba66d7e5a778a175f3c_tn"",""https://down-cl.img.susercontent.com/file/63ee0a8e5e2638fff27e4313887603fe_tn"",""https://down-cl.img.susercontent.com/file/6461b7d07217603d2ec9ea8ca73c03c8_tn"",""https://down-cl.img.susercontent.com/file/4351b45e42d249791a4c6efd0f129a79_tn"",""https://down-cl.img.susercontent.com/file/b4fc2b12d2f52ccba578cf4ce2f2f848_tn"",""https://down-cl.img.susercontent.com/file/ccb66e9c2dfbfb40c043a6ce5e57e585_tn""]",null,gem███is.███,https://shopee.cl/geminiis.cl,"[""Madre y Bebé"",""Juguetes"",""Boligoma y Juguetes Blandos""]","[{""name"":""Existencias"",""value"":""80000""}]","Descripción

100% nuevo y de alta calidad

Color: rosa, naranja, azul, verde
Material: tpr
Tamaño: S: 35cm (aproximadamente) diámetro de soplado M: 60cm (aproximadamente) diámetro de soplado L: 80cm (aproximadamente)
Características:
El producto tiene un hermoso diseño y es un pequeño juguete indispensable para las fiestas.

El producto elige materiales seguros, y usted puede jugar con él a gusto.

Este producto tiene una cuerda en la parte superior, puedes ponerlo en tus dedos y agitarlo arriba y abajo, golpéalo, hay un pequeño agujero en la parte inferior, que es un tubo de plástico, oh, tú Puede ponerlo en la boca y soplarlo, y el producto se volverá más grande. Es divertido ser redondo

Cuando no quieres jugar, puedes insertar el tubo de soplado del agujero de aire para ventilar el gas dentro del producto. Es muy conveniente llevar.

Nota: debido a la diferencia en la configuración de iluminación y pantalla, el color del producto puede ser ligeramente diferente de la imagen. Debido a las diferentes medidas manuales, por favor permita diferencias de tamaño leves.

El producto contiene: 1*bola de burbujas + Blowpipe.
Si desea comprar más de lo que hemos enumerado, póngase en contacto con nosotros.

Hay tantos artículos útiles y baratos en nuestra tienda. 

Puede ponerse en contacto con nosotros para obtener más detalles de las mercancías.

Somos vendedor profesional de compras.",0,3000,57,,Wed Feb 16 2022 03:00:37 GMT+0000 (Coordinated Universal Time),0,"[{""name"":""Color"",""variations"":[""Rosa"",""Verde"",""Naranja"",""Azul""]},{""name"":""Talla"",""variations"":[""L"",""M"",""S""]}]",https://shopee.cl,,100632,false,,"[{""name"":""model"",""value"":""Azul,L""}]",0,https://shopee.cl/Juguetes-con-Baba-y-Squishy-cat.11070436.11070683.11071761,null,,,null
https://shopee.com.co/Ropa-De-Noche-Welcome-Tenceltm-Negligee-%EF%B8%8F-Modal-:-Tc-089/DV-Oblong-i.676937836.25055483646,25055483646,Ropa De Noche Welcome-Tenceltm Negligee ️ Modal : Tc-089/DV Oblong,0,0,0,182868,182868,COP,0,0,"[""https://down-co.img.susercontent.com/file/sg-11134201-7rbmr-lpx8d4t7965cda_tn"",""https://down-co.img.susercontent.com/file/sg-11134201-7rbmb-lpx8d572ouw60e_tn"",""https://down-co.img.susercontent.com/file/sg-11134201-7rbm9-lpx8d5gsanje1b_tn"",""https://down-co.img.susercontent.com/file/sg-11134201-7rbn0-lpx8d5otyvs007_tn"",""https://down-co.img.susercontent.com/file/sg-11134201-7rbl9-lpx8d5wvn3wkb2_tn""]",null,gre███igh███arx██████,https://shopee.com.co/Ropa-De-Noche-Welcome-Tenceltm-Negligee-%EF%B8%8F-Modal-:-Tc-089/greetnightwearxq.co,"[""Ropa de Mujer"",""Lencería y Ropa Interior"",""Vestidos de Noche""]","[{""name"":""Longitud de la Manga"",""value"":""Mangas Cortas""},{""name"":""Patrón"",""value"":""Impresión""},{""name"":""Material"",""value"":""Tm TM TENCEL""}]","Material: Modal TencelTM
- Tecnología ecológica
- Materiales suaves, características de materiales como camisetas y spandex.

La fibra Modal TencelTM tiene la capacidad de aumentar significativamente la suavidad y la comodidad en la tela. Tiene ventajas, como una configuración de humedad eficiente, productos sostenibles, suavidad duradera, piel cómoda, suave como la seda, versátil, color que no se desvanece fácilmente y es descomponible.

Especificaciones de tamaño
Ld 108 P97cm - 400 gr

Diseño de ajuste relajado.
Suave y cómodo de llevar.
El precio de los artículos incluye una tarifa de envío que debe ser transmitida por el comprador.
El precio del artículo incluye una tarifa de envío que debe ser transmitida por el comprador.",0,2201,57,,Fri Feb 04 2022 01:59:05 GMT+0000 (Coordinated Universal Time),0,"[{""variations"":[null]}]",https://shopee.com.co,,100017,false,,"[{""name"":""model"",""value"":null}]",0,https://shopee.com.co/Ropa-de-Dormir-cat.11069111.11069241.11069807,null,,,null
https://shopee.co.th/(%E0%B8%82%E0%B8%AD%E0%B8%87%E0%B9%81%E0%B8%97%E0%B9%89)-Fila-Watch-%E0%B8%99%E0%B8%B2%E0%B8%AC%E0%B8%B4%E0%B8%81%E0%B8%B2-Fila-%E0%B8%A3%E0%B8%B8%E0%B9%88%E0%B8%99-FLM38-793-003-%E0%B8%AA%E0%B8%B5%E0%B8%94%E0%B8%B3-i.9506249.16246130007,16246130007,(ของแท้) Fila Watch นาฬิกา Fila รุ่น FLM38-793-003 สีดำ,0,0,0,1199,1199,THB,0,0,"[""https://down-th.img.susercontent.com/file/34ef9ea72e75e6c9b9fe9ccb764ced20_tn"",""https://down-th.img.susercontent.com/file/7d1d10733786788629c2bba5d6101887_tn"",""https://down-th.img.susercontent.com/file/975ad177783ab87369dd51f2d1e97fbd_tn"",""https://down-th.img.susercontent.com/file/90b3c9c638fc031df44370800fd5103e_tn"",""https://down-th.img.susercontent.com/file/ca34f02689dee209d2482a5469ba8261_tn""]",null,Toy███obi███Acc█████████,https://shopee.co.th/toysmobile_dtacpartner,"[""นาฬิกา"",""นาฬิกาผู้ชาย""]","[{""name"":""สินค้า"",""value"":""Fila(ฟีล่า)""},{""name"":""หน้าปัดนาฬิกา"",""value"":""อะนาล็อก""},{""name"":""กลไกของนาฬิกา"",""value"":""นาฬิกาควอตซ์""},{""name"":""สไตล์นาฬิกา"",""value"":""ทำงาน, นาฬิกาแฟชั่น""},{""name"":""รูปทรงของตัวเรือน"",""value"":""กลม""},{""name"":""วัสดุตัวเรือน"",""value"":""สแตนเลส""},{""name"":""ประเภทสายนาฬิกา"",""value"":""หัวเข็มขัด""},{""name"":""คุณสมบัตินาฬิกา"",""value"":""ดูเวลา, ดูวันที่""},{""name"":""ระดับการกันน้ำ"",""value"":""น้อยกว่า 30 เมตร""},{""name"":""กระจกนาฬิกา"",""value"":""กระจกแก้ว""},{""name"":""ส่งจาก"",""value"":""จังหวัดนนทบุรี""}]","(ของแท้) Fila Watch นาฬิกา Fila รุ่น FLM38-793-003 สีดำ

- ระบบ Quartz
- หน้าปัดดำ, สายหนังสีดำ
- แสดงเวลา, วันที่
- สินค้าลิขสิทธิ์ ",4.78,973,97,1.94 hours,Fri Sep 02 2016 10:53:44 GMT+0000 (Coordinated Universal Time),1839,"[{""variations"":[null]}]",https://shopee.co.th,Fila(ฟีล่า),100534,false,,"[{""name"":""model"",""value"":null}]",0,https://shopee.co.th/%E0%B8%99%E0%B8%B2%E0%B8%AC%E0%B8%B4%E0%B8%81%E0%B8%B2%E0%B9%81%E0%B8%9F%E0%B8%8A%E0%B8%B1%E0%B9%88%E0%B8%99-cat.11044952.11045126.11046420,null,,,null
https://shopee.cl/Sylvanian-Families-Erizo-Gemelos-(5424)-i.1002403154.22768702783,22768702783,Sylvanian Families Erizo Gemelos (5424),0,5,0,13000,13000,CLP,,0,"[""https://down-cl.img.susercontent.com/file/my-11134207-7qul7-lg1ul0c59q3t97_tn"",""https://down-cl.img.susercontent.com/file/my-11134207-7qul9-lg1ul0c5b4o900_tn"",""https://down-cl.img.susercontent.com/file/my-11134207-7qul1-lg1ul0c5cj8pa7_tn""]",null,syl███ian███ili█████████,https://shopee.cl/sylvanianfamiliesosqe.cl,"[""Madre y Bebé"",""Juguetes"",""Muñecas y Peluches"",""Casas para Muñecas y Accesorios""]","[{""name"":""Existencias"",""value"":""22""},{""name"":""Edad Recomendada"",""value"":""4 - 6 Años""},{""name"":""Material"",""value"":""Plástico""}]","* Figura coleccionable de hilos de erizo 
 * Conjunto de tres piezas: bebé que gatea, bebé sentado y un juguete para montar 
 *Vestido En ropa de tela extraíble 
 * Estimula el juego de roles imaginativo de los niños. 
 *Adecuado Para mayores de tres años

 El juego de gemelos de erizo incluye el erizo.
 Gemelos figuras (un asiento y un gateo) y un juguete para andar en bicicleta. Las cifras
 Se puede negociar moviendo la cabeza. Las cabezas de los gemelos de erizo pueden girar. El erizo sentado Twin puede
 Encajar dentro del juguete de paseo. Pon la mano del erizo gateando Twin en el
 Mango de juguete para andar para actuar hacia afuera.

 El Twin Hedgehog sentado es un bebé enérgico Marrón siempre tratando de
 Alejado de su cochecito. Me encanta el sombrero de paja con su madre hecha para
 Él.

 El Twin erizo rastrero es una niña siempre útil. Ella no puede parar
 Saludando vigorosamente a otras personas que se encuentran en sus rollos! Usar junto con la familia de erizo
 Y erizo bebé (se vende por separado) para una diversión más encantadora como una familia de
 Siete. Mezclar y combinar con otros hogares, muebles o figuras (vendidos
 Por separado) para tiempos de juego imaginativos.

 O cuelgue con otros gemelos con juguetes para montar (se vende por separado) para
 ¡automóviles Fuera del grupo!Twin erizo (sentado),
 Juguete Ride-on (Train, Purple) (un total de 3 piezas)",4.88,117,57,,Wed May 17 2023 06:20:57 GMT+0000 (Coordinated Universal Time),1572,"[{""variations"":[null]}]",https://shopee.cl,,100632,false,,"[{""name"":""model"",""value"":null}]",0,https://shopee.cl/Mu%C3%B1ecas-y-Accesorios-cat.11070436.11070685.11071744,null,,,null
https://shopee.com.mx/VQ-Pantalones-Cortos-Casuales-Para-Correr-Fitness-Verano-Algod%C3%B3n-Multi-Bolsillo-i.406686942.21728463885?model_id=163853749666,21728463885,VQ Pantalones Cortos Casuales Para Correr Fitness Verano Algodón Multi Bolsillo,0,4.8,0,4.337000000000000e+02,4.337000000000000e+02,MXN,,0,"[""https://down-mx.img.susercontent.com/file/8b386fb02a6be241ecbbbb1236cd2bee_tn"",""https://down-mx.img.susercontent.com/file/4487ac423d37d280b05f3a6459034457_tn"",""https://down-mx.img.susercontent.com/file/4922fc71b1aaaccf68a11e75799b49a8_tn"",""https://down-mx.img.susercontent.com/file/fa26c6744c9593327069376b91b67ad4_tn"",""https://down-mx.img.susercontent.com/file/73cd0549392d5bb50e26f405a5dda536_tn"",""https://down-mx.img.susercontent.com/file/dcd34f4e539807277624226d3797a779_tn"",""https://down-mx.img.susercontent.com/file/bfa47c279c8c4df28cc549b95b42eec7_tn"",""https://down-mx.img.susercontent.com/file/8f80be25e5a829d581646dc10f58abb5_tn"",""https://down-mx.img.susercontent.com/file/b9c24f9d0ed54eb2190882bd35a50d33_tn""]",null, Es███ica███por██████,https://shopee.com.mx/shengxin.mx,"[""Ropa de Hombre"",""Shorts""]","[{""name"":""Existencias"",""value"":""2399""},{""name"":""Estilo"",""value"":""Atlético""},{""name"":""Ocasión"",""value"":""Casual""},{""name"":""Tipo de Shorts"",""value"":""Jersey""},{""name"":""Material"",""value"":""Algodón""},{""name"":""Patrón"",""value"":""Estampado""},{""name"":""Talla Extra"",""value"":""No""},{""name"":""Altura de la Cintura"",""value"":""Cintura Media""}]","Inventario Disponible 
💪100% nuevo de alta calidad
💪Mercancía en esta tienda está disponible en stock, puedes suscribirte directamente

Características: multibolsillo, borde de bolsillo con cremallera.
Características de la tela: cómodo, transpirable, absorbe la humedad, absorbe el sudor
Peso: alrededor de 0,33 kg

Producto: Pantalones cortos de atleta
Tela: mezcla de algodón
Composición: 65% Algodón y 35% Poliéster
Versión: Regular
Tipo de cintura: cintura media
Forro: sin forro
Aplicable: fitness ocio deportes Correr
Patrón: Imprimir
Temporada: verano
Estilo: atletismo

Color: negro, gris oscuro, gris claro
Tamaño:m~xxl

☞Síguenos, la tienda se actualizará de vez en cuando. Para más estilos deportivos, visite la tienda.
✅Organizaremos la entrega para usted dentro de las 24 horas posteriores a la realización de su pedido.
✅ Si tiene alguna pregunta, haga clic en [Chat], el servicio de atención al cliente profesional lo está esperando las 24 horas del día.



#Pantalones cortos #Pantalones cortos deportivos #Pantalones cortos casuales #Pantalones de algodón #Movimiento #Aptitud física #Trotar #Corre #Comodidad #Suave",4.44,288,100,0.02 hours,Fri Mar 19 2021 13:24:18 GMT+0000 (Coordinated Universal Time),164,"[{""name"":""Color"",""variations"":[""Negro"",""Gris oscuro"",""Gris claro""]},{""name"":""Tamaño"",""variations"":[""M"",""L"",""XL"",""XXL""]}]",https://shopee.com.mx,,100011,false,,"[{""name"":""model"",""value"":""Gris oscuro,XL""}]",0,https://shopee.com.mx/Shorts-cat.11057055.11057083.11057228,null,,,null
https://shopee.vn/M%C3%A1y-gi%E1%BA%B7t-Panasonic-c%E1%BB%ADa-tr%C3%AAn-10-kg-NA-F10S10BRV-ch%C3%ADnh-h%C3%A3ng-100%-i.1319450202.28656568150,28656568150,Máy giặt Panasonic cửa trên 10 kg NA-F10S10BRV chính hãng 100%,0,0,0,7410000,3705000,VND,,0,"[""https://down-vn.img.susercontent.com/file/vn-11134201-7r98o-lybsffxi6tupd0_tn"",""https://down-vn.img.susercontent.com/file/vn-11134201-7r98o-lybsfgsawci5c5_tn"",""https://down-vn.img.susercontent.com/file/vn-11134201-7r98o-lybsfi05478h0e_tn""]",null,Điệ███áy ███es ██████,https://shopee.vn/fzr2qk_5yq,"[""Thiết Bị Điện Gia Dụng"",""Thiết bị điện gia dụng lớn"",""Máy giặt & Máy sấy"",""Máy giặt""]","[{""name"":""Kho"",""value"":""22""},{""name"":""Thương hiệu"",""value"":""Panasonic""},{""name"":""Loại bảo hành"",""value"":""Bảo hành nhà sản xuất""},{""name"":""Gửi từ"",""value"":""TP. Hồ Chí Minh""}]","Khối lượng giặt: 10kg
Bọt siêu mịn đánh bay vết bẩn dễ dàng
Dòng nước động mô phỏng động tác giặt kiểu chà để loại bỏ vết bẩn hiệu quả
Chương trình Giặt Siêu Sạch cải thiện hiệu suất giặt
Mâm giặt kháng khuẩn Ag và hệ thống lọc xơ vải Ag lớn giúp ngăn ngừa sự phát triển của vi khuẩn và nấm mốc
Nắp kính cường lực đóng êm ái mang lại cảm giác thoải mái và thời hạn sử dụng lâu dài
Chiều cao    952mm
Chiều rộng    554mm
Chiều sâu     582mm
Trọng lượng      34kg
THÔNG SỐ KỸ THUẬT CƠ BẢN
Kích thước (R x S x C)  554 x 582 x 952 mm (không kể đường ống)
Trọng lượng (Tịnh) 34 kg
Điện áp / Tần số      220-240V / 50Hz
Loại bảng điều khiển    Nút gián tiếp (Nút trực tiếp cho chế độ Giặt siêu sạch)
Màu đèn LED   Đỏ
Hiển thị kỹ thuật số    Có
Loại nắp     Kính cường lực (có in hoạ tiết)
Màu (Thân máy)     Đen Bạc
TÍNH NĂNG GIẶT
Hệ thống ActiveFoam       Có
StainMaster
-
Giặt nước nóng (40℃, 60℃)
-
Mâm giặt
6 cánh (Tinh thể bạc trong vật liệu nhựa)
Water Bazooka
-
Luồng nước Dancing/Luồng nước đa chiều
Có
Xả nước khi quay
Có (Áp dụng dành riêng cho chế độ Giặt tiết kiệm nước)
ECONAVI (Khối lượng quần áo & Nhiệt độ nước)
-
Inverter
-
Cài đặt mức nước
6 mức
Tiện ích
Mở nắp dễ dàng
-
Đóng nắp nhẹ nhàng
Có
Nắp kính cường lực
Có
Khóa trẻ em (có đèn LED)
Có
Áp lực nước thấp
Có
Tự khởi động lại
Có
Tự động tắt nguồn
Có
Vệ sinh lồng giặt tự động
-
Báo thời gian giặt còn lại
Có
Lồng giặt SAZANAMI
Có
Bộ lọc xơ vải dạng hộp lớn
Có (Hệ thống lọc xơ vải Ag)
CÁC CHƯƠNG TRÌNH CHÍNH
Số lượng chương trình
11
Bình thường
Có
Nhanh
Có
Đồ mỏng
Có
Đồ sơ sinh
Có
Hương thơm
Có
Tiết kiệm nước
Có
Chăn
Có
Vệ sinh lồng giặt
Có
Ngâm
Có
Sấy gió (90 phút)
Có
Siêu sạch
Có
Gỡ rối tự động
-
CHƯƠNG TRÌNH ĐẶC BIỆT
StainMaster+/StainMaster
-
Chú ý
*¹ (Tác dụng kháng khuẩn) Cơ quan kiểm nghiệm: Tổ chức đánh giá chất lượng Boken; Ngày cấp chứng nhận kết quả kiểm nghiệm: 29/01/2016; Số phát hành chứng nhận phân tích: 2021 5071490 -1; Phương pháp kiểm nghiệm: JIS Z 2801; Phương pháp kháng khuẩn: Nhựa chứa chất kháng khuẩn (Ag+); Bộ phận kiểm nghiệm: Mâm giặt; Kết quả kiểm nghiệm: Giá trị hoạt động kháng khuẩn ≥ 2.0
*² (Tác dụng chống nấm mốc) Cơ quan kiểm nghiệm: Trung tâm kiểm nghiệm KAKEN; Ngày cấp chứng nhận kết quả kiểm nghiệm: 05/02/2016; Số phát hành kết quả kiểm nghiệm: 0S -15 -064191 -2; Phương pháp kiểm nghiệm: JIS Z 2911; Phương pháp kháng nấm mốc: Nhựa có chứa thành phần chống nấm mốc; Bộ phận kiểm nghiệm: Mâm giặt; Kết quả kiểm nghiệm: Không thấy sự phát triển của nấm mốc
Nguyên Đai Nguyên Kiện",0,996,57,,Mon Jul 29 2024 08:07:56 GMT+0000 (Coordinated Universal Time),29,"[{""variations"":[null]}]",https://shopee.vn,Panasonic,100010,false,,"[{""name"":""model"",""value"":null}]",0,https://shopee.vn/M%C3%A1y-gi%E1%BA%B7t-v%C3%A0-s%E1%BA%A5y-cat.11036971.11036990.11036992,null,,,null
https://shopee.cl/Doll-Stumble-Guy/mu%C3%B1ecatumble/mu%C3%B1eca-tortuflada/mu%C3%B1eca-tortuflada/mu%C3%B1eca-de-gusytumble/mu%C3%B1eca-de-chico-tortuoso-35cm/mu%C3%B1eca-de-hombre-tortuoso-35cm/-mu%C3%B1eca-de-hombre-de-calidad-tropiezo/mu%C3%B1eca-de-hombre-tortuendo/mu%C3%B1eca-de-chico-tortuoso-35cm/mu%C3%B1eca-de-hombre-tortuendo-3-i.849358713.22572637041,22572637041,Doll Stumble Guy/muñecatumble/muñeca tortuflada/muñeca tortuflada/muñeca de gusytumble/muñeca de chico tortuoso 35cm/muñeca de hombre tortuoso 35cm/ muñeca de hombre de calidad tropiezo/muñeca de hombre tortuendo/muñeca de chico tortuoso 35cm/muñeca de hombre tortuendo 3,0,0,0,15000,15000,CLP,,0,"[""https://down-cl.img.susercontent.com/file/sg-11134201-22120-1z5qlpiu8blvc8_tn""]",null,uat███ctm███v4.███,https://shopee.cl/Doll-Stumble-Guy/mu%C3%B1ecatumble/mu%C3%B1eca-tortuflada/mu%C3%B1eca-tortuflada/mu%C3%B1eca-de-gusytumble/mu%C3%B1eca-de-chico-tortuoso-35cm/mu%C3%B1eca-de-hombre-tortuoso-35cm/-mu%C3%B1eca-de-hombre-de-calidad-tropiezo/mu%C3%B1eca-de-hombre-tortuendo/mu%C3%B1eca-de-chico-tortuoso-35cm/uattractmallv4.cl,"[""Madre y Bebé"",""Juguetes"",""Muñecas y Peluches"",""Peluches""]","[{""name"":""Existencias"",""value"":""850""}]","Bienvenido a nuestra tienda:)




Descripción del Producto:

Muñeca de 35 cm de los chicos de otoño

Hecho de material yelvo importado, que es el mejor material de calidad Suave y suave para que brinde comodidad para el usuario

Pregunte al administrador primero sis hermana y escribe en la nota en qué modelo desea 
De lo contrario, enviamos al azar


100% Doll Fill utiliza algodón Dacron Great A, que es algodón La mejor calidad y rellena las muñecas sólidas sin mezclas ni desperdicio de ingredientes. 

Costura de muñeca Rapih y fuerte. 

Gracias y felices compras.. 
No olvides dar 5 estrellas. ⭐⭐⭐⭐⭐ Para nuestros productos ❤







De todos modos, para consultar otros artículos, visite nuestra tienda ya chicos..
¡Feliz Compra!!.!!! Salud.!!!

Después de las 4 p.m. se envían al día siguiente 😉
Haga clic en comprar = estar de acuerdo",0,935,57,,Thu Aug 25 2022 05:22:20 GMT+0000 (Coordinated Universal Time),1,"[{""variations"":[null]}]",https://shopee.cl,,100632,false,,"[{""name"":""model"",""value"":null}]",0,https://shopee.cl/Juguetes-de-Peluche-cat.11070436.11070685.11071745,null,,,null
https://shopee.com.mx/%E3%80%90-anne01-%E3%80%91-Peine-El%C3%A9ctrico-De-Eliminaci%C3%B3n-De-Piojos-Filtros-Tratamiento-Suministros-Para-Mascotas-Herramientas-Enchufe-Reino-Unido-i.419960401.23456301518,23456301518,【 anne01 】 Peine Eléctrico De Eliminación De Piojos Filtros Tratamiento Suministros Para Mascotas Herramientas Enchufe Reino Unido,0,0,0,7.774200000000000e+02,7.774200000000000e+02,MXN,,0,"[""https://down-mx.img.susercontent.com/file/sg-11134201-7rbn5-lm7f8d6n2nc9ed_tn"",""https://down-mx.img.susercontent.com/file/sg-11134201-7rblq-lm7f8dt48krne0_tn"",""https://down-mx.img.susercontent.com/file/sg-11134201-7rblf-lm7f8ednfxi26e_tn"",""https://down-mx.img.susercontent.com/file/sg-11134201-7rbmp-lm7f8f18d76x6b_tn"",""https://down-mx.img.susercontent.com/file/sg-11134201-7rbmv-lm7f8fwb3qe1cc_tn"",""https://down-mx.img.susercontent.com/file/sg-11134201-7rbly-lm7f8gp5xi5f8c_tn""]",null,ann███.mx███,https://shopee.com.mx/anne01.mx,"[""Mascotas"",""Ropa para mascotas"",""Otros""]","[{""name"":""Existencias"",""value"":""999""}]","Descripción:
Material duradero: viene con el material plástico, no es fácil de deformar o romper. Puede servirle durante mucho tiempo.
Diseño especial: Simple y de mano, el peine es un peine para piojos de cabeza reutilizable y conveniente para niños y adultos.
Función útil: este tratamiento suave pero eficaz es seguro para uso doméstico y elimina tanto el piojo de cabeza como sus huevos.
Mano de obra fina: un peine de piojos de cabeza electrónica diseñado compacto y ergonómico. Esta es una herramienta para mascotas pequeñas muy conveniente y práctica que se puede aplicar bien a su vida diaria.
Herramienta significativa: el peine seguro y fácil de usar libera una carga suave y adecuado para comportamientos y perros de todas las edades.
Especificación:
Color: como se muestra.
Material: Plástico.
Tamaño: aprox. 14,75*3,15*5,71 pulgadas.
Nota:
Puede haber algunas distorsiones de color debido a las diferentes resoluciones de la computadora.
Puede haber un pequeño error debido a las diferentes medidas de las manos.
El paquete incluye:
1 juego de cepillo de peine de cabeza de vacío eléctrico para piojos.",3.98,15,57,,Fri Apr 09 2021 07:26:49 GMT+0000 (Coordinated Universal Time),45,"[{""name"":""Style"",""variations"":[""1Set""]}]",https://shopee.com.mx,,100631,false,,"[{""name"":""model"",""value"":""1Set""}]",0,https://shopee.com.mx/Otros-cat.11056741.11056786.11057018,"[{""claimable"":false,""currency"":""MXN"",""discount"":3,""discount_cap"":0,""discount_percentage"":0,""min_spend"":10000000,""shop_vouncher"":""anne01.mx"",""special_condition"":null,""text_info"":""ANNE00010"",""validity_end"":""2024-10-05T13:30:21.000Z"",""validity_start"":""2024-07-05T13:31:31.000Z""},{""claimable"":false,""currency"":""MXN"",""discount"":2,""discount_cap"":0,""discount_percentage"":0,""min_spend"":500000,""shop_vouncher"":""anne01.mx"",""special_condition"":null,""text_info"":""ANNE00009"",""validity_end"":""2024-10-05T13:30:20.000Z"",""validity_start"":""2024-07-05T13:31:30.000Z""}]",,,null
https://shopee.com.co/Baby-Cam/c%C3%A1mara-Ip-2MP-Full-Hd-Wifi-Onvif-p2p-i.676335523.16100642072,16100642072,Baby Cam/cámara Ip 2MP Full Hd Wifi Onvif p2p,0,5,0,205200,205200,COP,,0,"[""https://down-co.img.susercontent.com/file/451d4e490601ddc166d6064ddd278ca7_tn"",""https://down-co.img.susercontent.com/file/4a80f5cdc41a5549b11692b0622b8619_tn"",""https://down-co.img.susercontent.com/file/fcb710346cbf9309763b3fd3fc34b89b_tn"",""https://down-co.img.susercontent.com/file/bd39e0870b3b6fb53de9895ba48bd64b_tn"",""https://down-co.img.susercontent.com/file/2038a76f3d85d5e7086e73acd4c9ddef_tn"",""https://down-co.img.susercontent.com/file/29246656a13019c139bf11982d4dc339_tn"",""https://down-co.img.susercontent.com/file/853e2c5771e161d40cae214266efae2a_tn"",""https://down-co.img.susercontent.com/file/28edeb8acb7ae2f74adc5a99d15b8204_tn""]",null,and███sho███ig.███,https://shopee.com.co/Baby-Cam/andiolshop88ig.co,"[""Cámaras y Drones"",""Cámaras de Seguridad"",""Cámaras de Seguridad CCTV""]","[{""name"":""Existencias"",""value"":""5""},{""name"":""Tipo de Garantía"",""value"":""Garantía del Proveedor""},{""name"":""Conjunto de Paquete"",""value"":""No""},{""name"":""Resolución de Captura de Video"",""value"":""1080P""},{""name"":""Tipo de Tarjeta de Memoria"",""value"":""Micro Sd""},{""name"":""Tasa de Fotogramas"",""value"":""24Fps""},{""name"":""zoom Óptico"",""value"":""4X""},{""name"":""Duración de Garantía"",""value"":""2 semanas""}]","Baby cam/cámara ip cctv HD 2Mp inalámbrico onvif p2p con 3 antenas

-Yoosee Ha demostrado ser la aplicación más estable y menos quisquillosa cuando está en línea.
-Yoosee Ha vendido miles, incluso decenas de miles de unidades 
-el Número de unidades se vende en mi producto es auténtico todas las unidades Yoosee, no mezclar y cambiar de acuerdo con las existencias existentes..

Excelencia de nuestra tienda: 
-control De calidad probado a partir de la calidad y la precisión promedio de la calificación de 4.8 de cientos de comentarios

-el Proceso de instalación está garantizado para ser guiado hasta que se instale con éxito.. 
-movible P2p cámara CCTV es portátil2 y se puede ver inmediatamente a través de HP- Android / iPhone 
-es Adecuado para agan que viaja a menudo y quiere comprobar las circunstancias alrededor de la cámara de vez en cuando acostado. 
-es Muy fácil de instalar, se puede poner en cualquier lugar (top más cerrado, mesa superior, parte superior del escaparate, etc.) 
-puede Grabar vídeo y sonido alrededor de la cámara max 64gb micro SD (puede grabar 7 x 24 horas) 
-se Puede controlar a la izquierda-derecha / arriba hacia abajo de la cámara de visión desde HP/Smartphone 
-hay Infrarrojos puede grabar en condiciones oscuras max 10m 
-accesoible A través de Wifi/Internet que utiliza perno/3G/Speedy/Firstmedia/ ETC red 
-P2P (Plug And Play) 
-es Muy fácil para la instalación de Internet para ir a HP/Smartphone agan 
11. Rec Audio de 2 vías (como intercomunicador) 
-Pan: 355 inclinación: 120 

En la caja: 
1x IP Cam CCTV 
1x pared/soporte (más tornillo) 
1x adaptador

Nota: después de completar el emparejamiento, que debe hacerse cambiar la contraseña estándar 123 a otra contraseña (recomendado hay mayúsculas, pequeños y números",5,69,57,,Thu Feb 03 2022 10:55:52 GMT+0000 (Coordinated Universal Time),1,"[{""variations"":[null]}]",https://shopee.com.co,,100635,false,,"[{""name"":""model"",""value"":null}]",0,https://shopee.com.co/C%C3%A1maras-de-Seguridad-cat.11069115.11069283.11070019,null,,,null
https://shopee.co.th/%F0%9F%8C%88SpinnyHouse%F0%9F%8C%88%E0%B9%80%E0%B8%AA%E0%B8%B7%E0%B9%89%E0%B8%AD%E0%B8%84%E0%B8%A3%E0%B8%AD%E0%B8%9B%E0%B9%81%E0%B8%95%E0%B9%88%E0%B8%87%E0%B8%A2%E0%B9%88%E0%B8%99%E0%B8%82%E0%B9%89%E0%B8%B2%E0%B8%87-%E0%B8%9B%E0%B8%B1%E0%B8%81%E0%B9%82%E0%B8%9A%E0%B8%A7%E0%B9%8C%E0%B8%8A%E0%B9%88%E0%B8%A7%E0%B8%87%E0%B8%AD%E0%B8%81-BABY-TEE-%F0%9F%98%BB-%E0%B8%9C%E0%B9%89%E0%B8%B2%E0%B8%A2%E0%B8%B9%E0%B8%99%E0%B8%B4%E0%B9%82%E0%B8%84%E0%B8%A5%E0%B9%88%E0%B8%A2%E0%B8%B7%E0%B8%94%E0%B8%95%E0%B8%B2%E0%B8%A1%E0%B8%95%E0%B8%B1%E0%B8%A7-%E0%B8%97%E0%B8%A3%E0%B8%87%E0%B8%99%E0%B9%88%E0%B8%B2%E0%B8%A3%E0%B8%B1%E0%B8%94%E0%B9%83%E0%B8%AA%E0%B9%88%E0%B9%84%E0%B8%94%E0%B9%89%E0%B8%97%E0%B8%B8%E0%B8%81%E0%B8%A7%E0%B8%B1%E0%B8%99-%E0%B8%A3%E0%B8%B8%E0%B9%88%E0%B8%99-%E0%B8%95%E0%B8%B2%E0%B9%81%E0%B8%9B%E0%B9%8B%E0%B8%A7-i.52999629.24832368987?model_id=187591022321,24832368987,🌈SpinnyHouse🌈เสื้อครอปแต่งย่นข้าง ปักโบว์ช่วงอก BABY TEE 😻 ผ้ายูนิโคล่ยืดตามตัว ทรงน่ารัดใส่ได้ทุกวัน รุ่น ตาแป๋ว,0,4.8,0,199,99,THB,,0,"[""https://down-th.img.susercontent.com/file/th-11134207-7r98s-lwnvbz4fl6mn2b_tn"",""https://down-th.img.susercontent.com/file/th-11134207-7r992-lwnvbz4fqswfd3_tn"",""https://down-th.img.susercontent.com/file/th-11134207-7r98o-lwnvbz4fs7gv5e_tn"",""https://down-th.img.susercontent.com/file/th-11134207-7r98t-lwnvbz4fml730e_tn"",""https://down-th.img.susercontent.com/file/th-11134207-7r98r-lwnvbz4ftm1b4a_tn"",""https://down-th.img.susercontent.com/file/th-11134207-7r98z-lwnvbz4fpebze9_tn"",""https://down-th.img.susercontent.com/file/th-11134207-7r98p-lwnvbz4fnzrj5c_tn"",""https://down-th.img.susercontent.com/file/th-11134207-7r98q-lwnvbz4fv0lr61_tn"",""https://down-th.img.susercontent.com/file/th-11134207-7r98v-lwnvbz4fwf67d0_tn""]",null,SPI███HOU███,https://shopee.co.th/pinmesub,"[""เสื้อผ้าผู้หญิง"",""เสื้อ"",""เสื้อยืด""]","[{""name"":""คลัง"",""value"":""391372""},{""name"":""ความยาวเสื้อ"",""value"":""ปกติ""},{""name"":""ประเทศต้นกำเนิดสินค้า"",""value"":""จีน""},{""name"":""ทรงคอเสื้อ"",""value"":""คอกลม""},{""name"":""ความยาวของแขนเสื้อ"",""value"":""แขนสั้น""},{""name"":""วัสดุ"",""value"":""ฝ้าย""},{""name"":""ขนาดใหญ่"",""value"":""ไม่""},{""name"":""ลวดลาย"",""value"":""เรียบๆ""},{""name"":""โอกาส"",""value"":""ไม่เป็นทางการ""},{""name"":""สไตล์เสื้อผ้า"",""value"":""เกาหลี, เรียบ ๆ, เซ็กซี่""},{""name"":""เสื้อครอบตัด"",""value"":""ใช่""},{""name"":""เล็กกระทัดรัด"",""value"":""ไม่""},{""name"":""ฤดูกาล"",""value"":""🌈🌈ทุกฤดู🌈🌈""},{""name"":""ส่งจาก"",""value"":""จังหวัดกรุงเทพมหานคร""}]","เสื้อครอปแต่งย่นข้าง ปักโบว์ช่วงอก BABY TEE 😻 ผ้ายูนิโคล่ยืดตามตัว ทรงน่ารัดใส่ได้ทุกวัน รุ่น ตาแป๋ว

รุ่น 🌂ตาแป๋ว
ความยาวเสื้อ 21
ความยาวแขน 5
รอบแขนก่อนยืด 8 ยืดสุด 12
อกก่อนยืด 34 ยืดสุด 56

มีสีขาว ดำ นู้ด น้ำตาลทอง โกโก้ เขียวตอง ชมพู บานเย็น


🌟✨ขนาดสินค้าจริงอาจจะคลาดเคลื่อนตามรายละเอียดเล็กน้อย✨🌟
 💕💕💕💕นางแบบใส่สินค้าถ่ายจริง💕💕💕💕
🍒🍒สีของสินค้าในรูปอาจจะมีความเพี้ยนบ้าง💗 เกิดจากแสงของภาพที่ถ่าย☀️
🍒🍒  ควรพิจารณาก่อนสั่งซื้อนะค่ะ🍒🍒

💌📮จัดส่งสินค้าทุกวัน ตัดรอบประมาณ 16.00-17.00 น.📮💌
😊😊กรณีสินค้ามีปัญหา รบกวนทักแชทร้านค้าได้เลยค่ะ 😊😊
",4.71,2553,82,2.30 hours,Thu Jan 18 2018 18:18:43 GMT+0000 (Coordinated Universal Time),1235516,"[{""name"":""🌈 สี 🌈"",""variations"":[""ขาว"",""ดำ"",""นู้ด"",""น้ำตาลทอง"",""โกโก้"",""เขียวตอง"",""ชมพู"",""บานเย็น""]},{""name"":""💕 รุ่น💕"",""variations"":[""🌺ตาแป๋ว""]}]",https://shopee.co.th,,100017,false,,"[{""name"":""model"",""value"":""ชมพู,🌺ตาแป๋ว""}]",0,https://shopee.co.th/%E0%B9%80%E0%B8%AA%E0%B8%B7%E0%B9%89%E0%B8%AD%E0%B8%84%E0%B8%A3%E0%B8%AD%E0%B8%9B-%E0%B8%97%E0%B9%87%E0%B8%AD%E0%B8%9B-cat.11044944.11045058.11045403,null,,,null
https://shopee.co.th/%F0%9F%92%A5YH?model_id=175757334816#8755%F0%9F%92%A5%E0%B8%A1%E0%B8%B5%E0%B9%84%E0%B8%8B%E0%B8%8B%E0%B9%8C-S-3XL%F0%9F%92%A5%E0%B8%81%E0%B8%B2%E0%B8%87%E0%B9%80%E0%B8%81%E0%B8%87%E0%B8%A2%E0%B8%B5%E0%B8%99%E0%B8%AA%E0%B9%8C-%E0%B9%80%E0%B8%AD%E0%B8%A7%E0%B8%AA%E0%B8%B9%E0%B8%87-%E0%B8%AA%E0%B9%84%E0%B8%95%E0%B8%A5%E0%B9%8C%E0%B9%80%E0%B8%81%E0%B8%B2%E0%B8%AB%E0%B8%A5%E0%B8%B5-%E0%B8%82%E0%B8%B2%E0%B8%81%E0%B8%A3%E0%B8%B0%E0%B8%9A%E0%B8%AD%E0%B8%81-%E0%B9%80%E0%B8%97%E0%B9%89%E0%B8%B2%E0%B8%81%E0%B8%A7%E0%B9%89%E0%B8%B2%E0%B8%87-%E0%B8%81%E0%B8%B2%E0%B8%87%E0%B9%80%E0%B8%81%E0%B8%87%E0%B8%A2%E0%B8%B5%E0%B8%99%E0%B8%AA%E0%B9%8C%E0%B8%82%E0%B8%B2%E0%B8%A2%E0%B8%B2%E0%B8%A7-%E0%B8%AA%E0%B8%A7%E0%B8%A2%E0%B9%86%E0%B9%80%E0%B8%81%E0%B9%8B%E0%B9%86-i.263963362.22234652646,22234652646,💥YH#8755💥มีไซซ์ S-3XL💥กางเกงยีนส์ เอวสูง สไตล์เกาหลี ขากระบอก เท้ากว้าง กางเกงยีนส์ขายาว สวยๆเก๋ๆ,0,4.7,0,599,189,THB,,0,"[""https://down-th.img.susercontent.com/file/th-11134207-7qukw-lerozndzrd2l36_tn"",""https://down-th.img.susercontent.com/file/th-11134207-7qukw-lerozndzvkrx1c_tn"",""https://down-th.img.susercontent.com/file/th-11134207-7qukw-lerozndzsrn11f_tn"",""https://down-th.img.susercontent.com/file/th-11134207-7qukw-lerozndzu67h53_tn"",""https://down-th.img.susercontent.com/file/th-11134207-7qukw-lerozndzzsh99f_tn"",""https://down-th.img.susercontent.com/file/th-11134207-7qukw-lerozndzydwta0_tn"",""https://down-th.img.susercontent.com/file/th-11134207-7qukw-lerozndzwzcde0_tn""]",null,YH_███ici███Sto███,https://shopee.co.th/yh_official_store,"[""เสื้อผ้าผู้หญิง"",""ผ้ายีนส์""]","[{""name"":""คลัง"",""value"":""1027""},{""name"":""สไตล์เสื้อผ้า"",""value"":""เกาหลี""},{""name"":""ความสูงเอว"",""value"":""เอวสูง""},{""name"":""วัสดุ"",""value"":""ยีนส์""},{""name"":""ขนาดใหญ่"",""value"":""ไม่""},{""name"":""ประเภทของกางเกง"",""value"":""กางเกงทรงกระบอก""},{""name"":""ประเทศต้นกำเนิดสินค้า"",""value"":""เกาหลี""},{""name"":""ความยาวของกางเกง"",""value"":""เต็มความยาว""},{""name"":""ลวดลาย"",""value"":""เรียบๆ""},{""name"":""ส่งจาก"",""value"":""จังหวัดกรุงเทพมหานคร""}]","สินค้ามือ1 ของใหม่ รังดุมลูกค้าต้องเจาะเองค่ะ
 
 
 
 // สินค้าพร้อมส่ง // 
 
 มี 5 สี: สีกากี，สีม่วง，สีเขียว，สีครีม，สีดำ
 
 มี 6 ไซซ์: S， M， L， XL， 2XL， 3XL
 
 
 
 📏ขนาดไซซ์กางเกง📏
 
 S เอว 25-26"" / สะโพก 36"" / ยาว 37"" / ต้นขา 22"" / เป้า 13.5""
 
 M เอว 27-28"" / สะโพก 38"" / ยาว 37"" / ต้นขา 22"" / เป้า 13.5""
 
 L เอว 29-30"" / สะโพก 39"" / ยาว 38"" / ต้นขา 23"" / เป้า 13.5""
 
 XL เอว 30-31"" / สะโพก 40"" / ยาว 38"" / ต้นขา 24"" / เป้า 14""
 
 2XL เอว 32-33"" / สะโพก 42"" / ยาว 39"" / ต้นขา 25"" / เป้า 14""
 
 3XL เอว 34-35"" / สะโพก 44"" / ยาว 39"" / ต้นขา 25"" / เป้า 14""
 
 
 
 วิธีสั่งซื้อหลายสี 
 
 1. กดตัวเลือกสีนจำนวนใส่ตะกร้า ที่ละสีนะคะ 
 
 2. กดคำว่า ""ซื้อตอนนี้"" 
 
 3. กดลูกศรหรือย้อนกลับทำตามข้อ1และ2 
 
 4. กดเสร็จตามต้องการค่อยกดการชำระเงินรายการสินค้าจะรวมอยู่ในออเดอร์เดียวกัน",4.6,71,93,2.54 hours,Mon May 18 2020 21:09:12 GMT+0000 (Coordinated Universal Time),328420,"[{""name"":""สี"",""variations"":[""8755 สีดำ"",""8755 สีม่วง"",""8755 สีเขียว"",""8755 สีกากี""]},{""name"":""ขนาด"",""variations"":[""S"",""M"",""L"",""XL"",""2XL"",""3XL""]}]",https://shopee.co.th,,100017,false,,"[{""name"":""model"",""value"":""8755 สีดำ,XL""}]",0,https://shopee.co.th/%E0%B8%81%E0%B8%B2%E0%B8%87%E0%B9%80%E0%B8%81%E0%B8%87%E0%B8%A2%E0%B8%B5%E0%B8%99%E0%B8%AA%E0%B9%8C%E0%B8%82%E0%B8%B2%E0%B8%A2%E0%B8%B2%E0%B8%A7-cat.11044944.11045009.11046629,null,,,null
https://shopee.com.mx/AMIRI-2023-Spring/Summer-New-shirt-long-sleeve-t-shirt-Unisex-coconut-tree-casual-loose-top-i.1026778175.22358439538?model_id=232147708814,22358439538,AMIRI 2023 Spring/Summer New shirt long sleeve t-shirt Unisex coconut tree casual loose top,0,0,0,7.220200000000000e+02,7.220200000000000e+02,MXN,,0,"[""https://down-mx.img.susercontent.com/file/sg-11134201-7rbnj-lmhyppbnf07kb4_tn"",""https://down-mx.img.susercontent.com/file/sg-11134201-7rbmc-lmhypq6g5xow4a_tn"",""https://down-mx.img.susercontent.com/file/sg-11134201-7rbkp-lmhyps895xhs1c_tn"",""https://down-mx.img.susercontent.com/file/sg-11134201-7rbnl-lmhyptbdkofd36_tn"",""https://down-mx.img.susercontent.com/file/sg-11134201-7rbm4-lmhypv2wzpeh62_tn"",""https://down-mx.img.susercontent.com/file/sg-11134201-7rbkk-lmhypvxzq89ld3_tn"",""https://down-mx.img.susercontent.com/file/sg-11134201-7rbme-lmhypwv0dwjp9d_tn"",""https://down-mx.img.susercontent.com/file/sg-11134201-7rblt-lmhypxkjcjop08_tn"",""https://down-mx.img.susercontent.com/file/sg-11134201-7rbnj-lmhyppbnf07kb4_tn""]",null,san███g.m███,https://shopee.com.mx/AMIRI-2023-Spring/sanyang.mx,"[""Ropa de Hombre"",""Tops"",""Camisas""]","[{""name"":""Existencias"",""value"":""4998""},{""name"":""Tipo de Encaje del Top"",""value"":""Suelto""},{""name"":""Escote"",""value"":""Solapa""},{""name"":""Patrón"",""value"":""Batik""},{""name"":""Longitud de la Manga"",""value"":""Mangas Largas""},{""name"":""Talla Extra"",""value"":""Sí""},{""name"":""Ocasión"",""value"":""Casual""},{""name"":""Estilo"",""value"":""Tendencia Juvenil""},{""name"":""Material"",""value"":""Otro/poliéster (Fibra de poliéster)""},{""name"":""Cantidad"",""value"":""Cero""}]","Fabric/material: Other/polyester (polyester fiber)
Composition content: 91%(inclusive)-95%(inclusive)
Version: Regular
Collar type: square collar
Sleeve length: long sleeve
Clothing style details: Printing
Style: youth trend
Applicable age: Youth (18-25 years old)
Listing season: Spring 2023
",4.5,485,57,,Sun Jul 02 2023 15:06:56 GMT+0000 (Coordinated Universal Time),185,"[{""name"":""Color"",""variations"":[""Albaricoque""]},{""name"":""Tamaño"",""variations"":[""M"",""L"",""XL"",""2XL"",""3XL""]}]",https://shopee.com.mx,,100011,false,,"[{""name"":""model"",""value"":""Albaricoque,3XL""}]",0,https://shopee.com.mx/Camisas-cat.11057055.11057084.11057229,null,,,null
https://shopee.com.mx/Nuevo-Producto-Barbatos-Gundam-Blocks-58029-EXIA-Building-Block-Modelo-Cuarta-Forma-Wolf-PG-Robot-Juguete-Para-Ni%C3%B1os-Regalos-i.663406989.23866653909?model_id=206714221063,23866653909,Nuevo Producto Barbatos Gundam Blocks 58029 EXIA Building Block Modelo Cuarta Forma Wolf PG Robot Juguete Para Niños Regalos,0,5,0,2298,2298,MXN,,0,"[""https://down-mx.img.susercontent.com/file/sg-11134201-7qvew-lg93kastsdoj88_tn"",""https://down-mx.img.susercontent.com/file/sg-11134201-7qvcw-lg93kayxjfxwf6_tn"",""https://down-mx.img.susercontent.com/file/sg-11134201-7qvem-lg93kb4rcby9c6_tn"",""https://down-mx.img.susercontent.com/file/sg-11134201-7qvfx-lg93kbd2yqww73_tn"",""https://down-mx.img.susercontent.com/file/sg-11134201-7qvez-lg93kbkund6c49_tn"",""https://down-mx.img.susercontent.com/file/sg-11134201-7qvfv-lg93kbzk1uph89_tn"",""https://down-mx.img.susercontent.com/file/sg-11134201-7qvg7-lg93kc8pog79aa_tn"",""https://down-mx.img.susercontent.com/file/sg-11134201-7qvda-lg93kcg7dhee73_tn"",""https://down-mx.img.susercontent.com/file/sg-11134201-7qve0-lg93kco91q126a_tn""]",null,iwo███rs.███,https://shopee.com.mx/iwonders.mx,"[""Madre y Bebé"",""Juguetes"",""Juguetes de Bloques""]","[{""name"":""Existencias"",""value"":""16881""},{""name"":""Tipo de Bloque"",""value"":""Conjuntos""},{""name"":""Edad Recomendada"",""value"":""> = 6 Años de Edad""},{""name"":""País de Origen"",""value"":""China""},{""name"":""Material"",""value"":""ABS""},{""name"":""Cantidad"",""value"":""1000+/PCS""},{""name"":""Tamaño Del Paquete"",""value"":""1KG""}]","✅Introducción de estilo✅

⭐58029 (1142 / PCS)Barbatos GUNDAM
⭐58030 (1057 /PCS)Kyriotetes GUNDAM
⭐58031 (1042 / PCS)GUNDAM EXIA


✅Descripción del producto✅

⭐Marca:moc/hacer en China
⭐Material: Plástico ecológico ABS
⭐Lista de embalaje: bloques de ladrillos + Manual (sin caja, contáctenos si necesita una caja).
⭐La edad recomendada: 6+

🚀Todos los pedidos se envían rápidamente en dos días hábiles. El tiempo medio de entrega:

A Taiwán es (4-8) días. 🚀
A Singapur es de 5-8) días. 🚀
A Malasia es (7-10) días. 🚀
A Indonesia es (5-15) días. 🚀
A Filipinas está (5-15) días. 🚀
A Tailandia es (5-15) días. 🚀
A Vietnam es (11-22) días. 🚀
A Brasil es (40-70) días. 🚀(Tenga En cuenta: la aduana brasileña puede realizar inspecciones aleatorias y recolectar impuestos, y la tasa de impuestos está sujeta a la aduana local)
A México es (9-30) días. 🚀
A Colombia es de 13-30) días. 🚀
A Chile es (12-30) días. 🚀

 iwonders Presta Atención al logotipo y síganos, para brindarle los mejores productos Moc y el mejor servicio posventa.
Gracias por tu confianza en nosotros.",4.86,431,100,0.00 hours,Fri Jan 21 2022 14:54:28 GMT+0000 (Coordinated Universal Time),2159,"[{""name"":""Color"",""variations"":[""Barbatos"",""Kyriotetes"",""EXIA""]}]",https://shopee.com.mx,,100632,false,,"[{""name"":""model"",""value"":""Barbatos""}]",0,https://shopee.com.mx/Bloques-de-Construcci%C3%B3n-cat.11056742.11059371.11059395,null,,,null
https://shopee.com.mx/Aceite-Para-Engranajes-Motul-i.1202298559.25067601741,25067601741,Aceite Para Engranajes Motul,0,0,0,3.325000000000000e+02,3.325000000000000e+02,MXN,,0,"[""https://down-mx.img.susercontent.com/file/id-11134207-7r98p-lqk238x310zpd1_tn""]",null,yon███yac███hit██████,https://shopee.com.mx/yonkjayacimahitp.mx,"[""Motocicletas"",""Repuestos de Moto"",""Transmisión Mecánica, Transmisión y Clutches"",""Cadenas y Engranajes""]","[{""name"":""Existencias"",""value"":""15""},{""name"":""Marcas"",""value"":""motul""}]","* Por favor pregunte stock primero antes de realizar reservas
El precio de los artículos incluye una tarifa de envío que debe ser transmitida por el comprador.
El precio del artículo incluye una tarifa de envío que debe ser transmitida por el comprador.",0,100,57,,Wed Mar 06 2024 09:02:27 GMT+0000 (Coordinated Universal Time),0,"[{""variations"":[null]}]",https://shopee.com.mx,motul,100641,false,,"[{""name"":""model"",""value"":null}]",0,https://shopee.com.mx/Marcha-y-Engranajes-cat.11058546.11058591.11058857,null,,,null
https://shopee.co.th/RAN-Instyle-Cushion-SPF30-PA+++-by-Pom-Vinij-%E0%B8%A3%E0%B8%B1%E0%B8%99-%E0%B8%AD%E0%B8%B4%E0%B8%99%E0%B8%AA%E0%B9%84%E0%B8%95%E0%B8%A5%E0%B9%8C-%E0%B8%84%E0%B8%B8%E0%B8%8A%E0%B8%8A%E0%B8%B1%E0%B9%88%E0%B8%99-%E0%B8%9A%E0%B8%B2%E0%B8%A2-%E0%B8%9B%E0%B9%89%E0%B8%AD%E0%B8%A1-%E0%B8%A7%E0%B8%B4%E0%B8%99%E0%B8%B4%E0%B8%88-i.83733798.14593842785?model_id=187548464784,14593842785,RAN Instyle Cushion SPF30 PA+++ by Pom Vinij รัน อินสไตล์ คุชชั่น บาย ป้อม วินิจ,0,4.9,0,59,59,THB,,0,"[""https://down-th.img.susercontent.com/file/th-11134207-7r98p-lzoa3ikf9o6h97_tn"",""https://down-th.img.susercontent.com/file/th-11134207-7r990-lvyh9jb0rfm7be_tn"",""https://down-th.img.susercontent.com/file/th-11134207-7r991-lvyh9jb0su6n1f_tn"",""https://down-th.img.susercontent.com/file/06e6072394d9abc3c6d6ff7c72cc2341_tn"",""https://down-th.img.susercontent.com/file/sg-11134201-22100-q4ggwcaslkiva1_tn"",""https://down-th.img.susercontent.com/file/sg-11134201-22100-1w43rar0akivd1_tn"",""https://down-th.img.susercontent.com/file/5d9c0de443a1926e0a7074240b3ca1d0_tn"",""https://down-th.img.susercontent.com/file/sg-11134201-22100-399eqdaslkiv03_tn""]",null,RAN███sme███ Of█████████,https://shopee.co.th/rancosmetic_official,"[""ผลิตภัณฑ์บำรุงและเสริมความงาม"",""เครื่องสําอาง"",""เครื่องสําอางสำหรับผิวหน้า"",""รองพื้น""]","[{""name"":""คลัง"",""value"":""1849""},{""name"":""สินค้า"",""value"":""RAN Cosmetic (รัน คอสเมติก)""},{""name"":""หลังแต่งหน้า"",""value"":""ธรรมชาติ""},{""name"":""Storage Condition"",""value"":""Normal""},{""name"":""ระดับการปกปิดของรองพื้น"",""value"":""Full Coverage""},{""name"":""ส่งจาก"",""value"":""จังหวัดสมุทรปราการ""}]","Instyle Cushion BY POM VINIJ 
รัน อินสไตล์ คุชชั่น บาย ป้อม วินิจ
ราคา 59 บาท

หน้าเนียนกริ๊บ!! แต่ผิวหายใจได้
ด้วยนวัตกรรม Airy Cover Matte ในรองพื้น Full Coverage ช่วยเบลอรูขุมขน ปกปิดจุดด่างดำ พร้อม Triple Hya จากเกาหลี TrimethyIsiloxsicate เคลือบล็อคอนุภาคเม็ดสีให้แนบสนิทติดผิว Triple Hyaluronic Acid เดิมความชุ่มชื้น อิ่มฟู ด้วยไฮยาลูรอน 3 ชนิด จากเกาหลี Pollustop ป้องกันผิวจากฝุ่นละออง โทนสีใช้ง่าย เหมาะกับคนไทยผิวโทนไหนก็ปัง

รายละเอียดสินค้า:
- คุชชั่นชนิดซองพกพาสะดวก
- เนื้อเนียนสบายผิว ไม่หนักหน้า
- เกลี่ยง่าย ไม่เป็นคราบ
- ปกปิดจุดด่างดำได้เรียบเนียน
- ควบคุมความมัน
- โทนสีใช่ง่ายเหมาะกับทุกสีผิว
- บำรุงผิวด้วยไฮยาลูรอนจากเกาหลี
- ปกป้องผิวจากมลภาวะ
- SPF30 PA+++

เฉดสี : 
01 Light ผิวขาวเหลือง
02 Natural ผิวขาวถึงปานกลาง
03 Tan ผิวสองสี

วิธีใช้ : เกลี่ยเนื้อครีมให้ทั่วใบหน้าและลำคอเพื่อให้ผิวเรียบเนียน

ขนาดบรรจุ: 7 กรัม

ส่วนประกอบ : Aqua, CI 77891, Cyclopentasiloxane, Isododecane, PEG-10 Dimethicone.
Dimethicone, EthyIhexyl Methoxycinnamate, CI 77492, Silica, Sodium Chloride,
Disteardimonium Hectorite, Phenoxyethanol, Aluminum Hydroxide, TriethoxycaprylyIsilane,
Chlorphenesin, Fragrance, Silica DimethyI Silylate, PEG-10, Glycerin, Quartz,
TrimethyIsiloxysilicate, Butylene Glycol, 1,2-Hexanediol, Boron Nitride, Dimethicone/
VinyI Dimethicone Crosspolymer, Biosaccharide gum-4, Sodium Hyaluronate, Hydrolyzed
Hyaluronic Acid, Sodium Acetylated Hyaluronate, CI 77491, CI 77499",4.9,37,99,1.91 hours,Fri Aug 10 2018 06:19:17 GMT+0000 (Coordinated Universal Time),32129,"[{""name"":""เฉดสี"",""variations"":[""01 ผิวขาวเหลือง"",""02 ผิวขาวถึงปานกลาง"",""03 ผิวสองสี""]}]",https://shopee.co.th,RAN Cosmetic (รัน คอสเมติก),100630,false,,"[{""name"":""model"",""value"":""01 ผิวขาวเหลือง""}]",0,https://shopee.co.th/%E0%B8%A3%E0%B8%AD%E0%B8%87%E0%B8%9E%E0%B8%B7%E0%B9%89%E0%B8%99-cat.11044959.11045208.11046067,null,,,null
https://shopee.com.mx/Camiseta-Deus-Ex-Machina-i.668164850.12774691773?model_id=152238872023,12774691773,Camiseta Deus Ex Machina,0,0,0,1.825000000000000e+02,1.825000000000000e+02,MXN,,0,"[""https://down-mx.img.susercontent.com/file/430d7efcb8a981c1eba69fdcb794903a_tn"",""https://down-mx.img.susercontent.com/file/6acf383ac019521a6af780f2a8fc1c15_tn""]",null,3dc███hwc███,https://shopee.com.mx/3dclothwc.mx,"[""Ropa de Hombre"",""Tops"",""Playeras""]","[{""name"":""Existencias"",""value"":""25699""},{""name"":""Longitud de la Manga"",""value"":""Mangas Cortas""},{""name"":""Escote"",""value"":""Cuello Redondo""},{""name"":""Patrón"",""value"":""Estampado""}]","Por favor, LEA PRIMERO, DESCRIPCIÓN ANTES DE SERIENTE ANTES DE SÍ. 

*Especificaciones
• Material Algodón 100% Peinado 30S (Calidad Distro)
• Impresión poliflexión (Premium, duradera y antidesvanecimiento 100%) 
• Adecuado para hombres y mujeres (Unisex) 

*SABLÓN 
• Serigrafía impresa en camisetas medias con temperatura 160°C x 30 segundos es ciertamente más fuerte y duradero, muy flexible, no se desvanece


*Tamaño
(Largo X Ancho) 
S: 66x45 cm 
Metro: 68X48 cm
Metro: 71x50cm
Xl: 73x52cm 

*Color Blanco
- Negro
- Blanco
- Azul Sólido/BCA
- Azul marino/DOG
- Rojo Granate
- Chili rojo
- Botella verde
- Verde militar 
- Bebé rosa suave/rosa (brillante) 
- Rosa Magenta (Oscuro) 
- Amarillo Nogal
- Cenizas viejas 
- Abu Misty (Ligero) 
- Naranja 

*Nota

*IMPORTANT
• Para solicitar el Color y el tamaño de la camiseta en el Chat para disfrutar de existencias/dejar notas
• Para solicitar la impresión en Color Confirmar/Escribir en notas Sí hermana


*Si Tiene alguna pregunta, chateemos

Feliz compra, SER MÁS INTELIGENTE
El precio de los artículos incluye una tarifa de envío que debe ser transmitida por el comprador.
El precio del artículo incluye una tarifa de envío que debe ser transmitida por el comprador.",3.35,36,57,,Wed Jan 26 2022 09:18:30 GMT+0000 (Coordinated Universal Time),29,"[{""name"":""Color"",""variations"":[""Negro"",""Blanco"",""Granate"",""Azul marino"",""Solicitud de Color"",""Solo camisetas""]},{""name"":""Tamaño"",""variations"":[""S"",""M"",""L"",""Xl""]}]",https://shopee.com.mx,,100011,false,,"[{""name"":""model"",""value"":""Azul marino,Xl""}]",0,https://shopee.com.mx/Playeras-cat.11057055.11057084.11057231,null,,,null
https://shopee.sg/Women's-and-Men's-Backpacks-Large-Ships-Immediately-i.87163356.24661543126?model_id=184899592726,24661543126,Women's and Men's Backpacks Large Ships Immediately,0,4.8,0,2.959000000000000e+01,2.959000000000000e+01,SGD,,0,"[""https://down-sg.img.susercontent.com/file/ph-11134201-7r992-lr49livi7o0906_tn"",""https://down-sg.img.susercontent.com/file/cn-11134207-7r98o-lr497kp1fysdca_tn"",""https://down-sg.img.susercontent.com/file/ph-11134201-7r98q-lr49lilim9xxa9_tn"",""https://down-sg.img.susercontent.com/file/ph-11134201-7r98r-lr49liw26uq17b_tn"",""https://down-sg.img.susercontent.com/file/ph-11134201-7r98q-lr49liu49okn09_tn"",""https://down-sg.img.susercontent.com/file/ph-11134201-7r990-lr49liw26uvy76_tn"",""https://down-sg.img.susercontent.com/file/ph-11134201-7r98p-lr49lim2lgv880_tn"",""https://down-sg.img.susercontent.com/file/ph-11134201-7r98x-lr49liya3lq980_tn"",""https://down-sg.img.susercontent.com/file/ph-11134201-7r98r-lr49lip4h05s75_tn""]",null,loo███me.███,https://shopee.sg/lookatme.sg,"[""Women Bags"",""Backpacks""]","[{""name"":""Stock"",""value"":""27847""},{""name"":""Occasion"",""value"":""Others""},{""name"":""Material"",""value"":""Others""},{""name"":""Bag Set"",""value"":""No""},{""name"":""Bag Size"",""value"":""Others""},{""name"":""Ships From"",""value"":""Mainland China""}]","If you're looking for a small, stylish and practical women's backpack to carry your essentials, we have the perfect option for you. Our backpack is compact, but has enough space to accommodate your personal belongings, such as your cell phone, wallet, keys, notebooks, sunglasses and even an umbrella.

Have peace of mind when buying with someone who is committed to their customer and seeks to satisfy all their needs.

Our mission is to ensure total customer satisfaction, both in terms of product and service.

Contains: 1 Women's Backpack + Keychain With Pompom (ASSORTED matching the backpack)

Benefits:
Super Stylish.
Greater comfort.
Ease for your Everyday Life.
It doesn't weigh on your back.
Great size! Carry everything you need.
Use for school, college, courses, trips, everyday life...
Adjustable strap.

Made from high-quality materials, this backpack is sturdy, durable and designed to last for years to come. Its sophisticated and modern design makes it perfect for various occasions, such as work, college, travel and weekend trips. Furthermore, it is extremely light, which makes it very comfortable to carry throughout the day.

The backpack has multiple compartments and pockets to help you organize your items efficiently, making it quick and easy to find what you need. Furthermore, its adjustable strap allows you to use it comfortably and practically.

SPECIFICATIONS:
1 front pocket with zipper
Main closure with zipper
Side Pockets
Measurements:
Height - 33cm
Width - 30cm
Depth - 11 cm

With a variety of stylish colors to choose from, our women's small backpack is a versatile, fashionable option that suits any style and personality. Buying this backpack is a great way to add style and practicality to your wardrobe, and make carrying your personal items an easy and enjoyable task.

Don't waste any more time and buy your quality small women's backpack now.",4.59,836,99,1.13 hours,Fri Aug 31 2018 04:29:48 GMT+0000 (Coordinated Universal Time),1300,"[{""name"":""Color"",""variations"":[""Black"",""Green"",""White"",""Pink"",""Bear Pendant""]}]",https://shopee.sg,,100016,false,,"[{""name"":""model"",""value"":""Pink""}]",0,https://shopee.sg/Others-cat.11012592.11012593.11012594,null,,,null
https://shopee.ph/Dove-1-Minute-Milk-Gel-Conditioner-Ultra-Light-Repair-150ml-i.40867978.2227602119,2227602119,Dove 1 Minute Milk Gel Conditioner Ultra Light Repair 150ml,0,4.9,0,72,72,PHP,0,0,"[""https://down-ph.img.susercontent.com/file/d0b3afddbb602543d6054fa076046325_tn"",""https://down-ph.img.susercontent.com/file/d32e5f6aff603ad4d1357932d8128520_tn"",""https://down-ph.img.susercontent.com/file/ddc4a1dc54a57f1844561d7ddb10037c_tn"",""https://down-ph.img.susercontent.com/file/bbc24f16d77b8319a2ea40d781a58608_tn"",""https://down-ph.img.susercontent.com/file/3c1e4e5f8f73922a656420f73130ca5c_tn"",""https://down-ph.img.susercontent.com/file/e5580c55181fde2b7adeec7451dec671_tn""]",null,Uni███er ███uty█████████ St██████,https://shopee.ph/unilever_personalcare,"[""Beauty"",""Hair Care"",""Hair and Scalp Conditioner""]","[{""name"":""Brand"",""value"":""DOVE""},{""name"":""Ships From"",""value"":""Marilao, Bulacan""}]","Fine, dry and damaged hair: when you have all three types of hair at once, finding the right care can be a bit trickier than usual. You’ll need effective, fast hair repair – the kind that won’t weigh hair down, while giving you all the nourishment you need… and without skipping on the indulgent textures you love.

The New Dove 1 Minute Milk Gel Conditioner has a glossy and milky consistency that is smooth and sleek to the touch. Formulated with Keratin Repair Actives and Micro-Conditioning Complex, its silky, yet quick-absorbing nourishment goes deep into the hair quickly, leaving it feeling soft, smooth and damage-free in just in 1 minute. Perfect for fine, dry and damaged hair that needs damage repair and nourishment without the weight.

- Milk gel for fine, damaged hair
- Leaves hair feeling nourished and smooth in just 1 minute
- Formulated with quick-absorbing Micro-Conditioning Complex technology
- Light milk gel formula nourishes hair without weighing it down
- Perfect for everyday use


Ingredients
Water, Hydroxypropyl Starch Phosphate, Cetearyl Alcohol, Perfume, Glycerin, Dimethicone, Behentrimonium Chloride, Dipropylene Glycol, Amodimethicone, Disodium EDTA, Phenoxyethanol, Cetrimonium Chloride, PEG-7 Propylheptyl Ether, Magnesium Nitrate, Helianthus Annuus (Sunflower) Seed Oil, Cyclotetrasiloxane, Gluconolactone, Sodium Sulfate, Trehalose, Methylchloroisothiazolinone, Magnesium Chloride, Methylisothiazolinone, Acetic Acid",4.92,926,100,0.21 hours,Mon Oct 30 2017 06:31:06 GMT+0000 (Coordinated Universal Time),2471995,"[{""variations"":[null]}]",https://shopee.ph,DOVE,100630,false,,"[{""name"":""model"",""value"":null}]",0,https://shopee.ph/Conditioner-cat.11021260.11021276.11021278,null,,,null
https://shopee.cl/Conjunto-De-Pijamas-De-Mujer-De-Color-S%C3%B3lido-Para-Dormir-De-Encaje-Sin-Mangas-De-Cintura-Alta-Corta-De-Dos-Piezas-Seda-Ropa-Para-El-Hogar-Lencer%C3%ADa-De-Bata-Vestido-joie-i.471822660.20766882374?model_id=88512916989,20766882374,Conjunto De Pijamas De Mujer De Color Sólido Para Dormir De Encaje Sin Mangas De Cintura Alta Corta De Dos Piezas Seda Ropa Para El Hogar Lencería De Bata Vestido joie,0,0,0,13000,7000,CLP,0,0,"[""https://down-cl.img.susercontent.com/file/86d7289bca6d4b7266e812ab47d4a6ca_tn"",""https://down-cl.img.susercontent.com/file/3f59314cc34b91bda10f7e1e22b59a4a_tn"",""https://down-cl.img.susercontent.com/file/cad95423a62c8118b1ab9abf749c364f_tn"",""https://down-cl.img.susercontent.com/file/1453e3ea054e73f601b9aefd1246d499_tn"",""https://down-cl.img.susercontent.com/file/9fd39fa2f0e3393b2051742846ff882c_tn"",""https://down-cl.img.susercontent.com/file/4c03752ae2aa4e73193a941e2f92fa0f_tn"",""https://down-cl.img.susercontent.com/file/74346df6e4273ced7c8efbdd6d669d94_tn"",""https://down-cl.img.susercontent.com/file/6d054215d571015202b5b4f753c78f06_tn"",""https://down-cl.img.susercontent.com/file/sg-11134201-22120-59cmuokrnpkv69_tn""]",null,mor███yep███l,https://shopee.cl/morihsyeps.cl,"[""Ropa de Mujer"",""Lencería y Ropa Interior"",""Pijamas""]","[{""name"":""Existencias"",""value"":""4""},{""name"":""Talla Extra"",""value"":""No""}]","Características: conjunto de pijama de mujer Color sólido ropa de dormir camisola de encaje cintura alta conjunto corto de dos piezas ropa de hogar de seda
Aviso: para la medición manual, permita un error de 1-3 cm 
Tamaño: S-3XL
Color: negro, azul, rosa, gris, verde, rojo.
Material: satén + encaje de pestañas
El paquete incluye: un juego de pijamas.
Instrucciones de cuidado: se recomienda lavar a mano.

Paquete que incluye:

Tamaño: puede haber una diferencia de 1 a 2 cm debido a la medición manual, gracias.",0,90,57,,Mon Jun 21 2021 11:35:58 GMT+0000 (Coordinated Universal Time),0,"[{""name"":""Color"",""variations"":[""Rojo"",""Rosa"",""Verde"",""Gris"",""Azul"",""Negro"",""Bragas negras""]},{""name"":""Talla"",""variations"":[""XL"",""S"",""M"",""L"",""3XL"",""2XL""]}]",https://shopee.cl,,100017,false,,"[{""name"":""model"",""value"":""Rosa,L""}]",0,https://shopee.cl/Ropa-de-Dormir-cat.11070449.11070580.11071146,null,,,null
https://shopee.sg/[Carton-of-12]-ANLENE-Gold-UHT-Concentrate-Adult-Milk---Chocolate-(4-x-125ML)-i.186092181.7202550491,7202550491,[Carton of 12] ANLENE Gold UHT Concentrate Adult Milk - Chocolate (4 x 125ML),0,4.9,0,5.389000000000000e+01,4.958000000000000e+01,SGD,,0,"[""https://down-sg.img.susercontent.com/file/sg-11134207-7qvfa-lh8vmpt487pj87_tn"",""https://down-sg.img.susercontent.com/file/9267efffe3a33d05d759f61db68c5e23_tn"",""https://down-sg.img.susercontent.com/file/c75c34fb4d655ae624b0d8643bf3de00_tn"",""https://down-sg.img.susercontent.com/file/aa48089e079bf36d6ad89f08b3d38d36_tn"",""https://down-sg.img.susercontent.com/file/9188fd098cab0a9494d8b2cd2407d4d3_tn"",""https://down-sg.img.susercontent.com/file/f418b4fb4dfd5bc67232f0ca06d59298_tn"",""https://down-sg.img.susercontent.com/file/b0cb1ba3f613a5bb4e4c8984b026b804_tn""]",null,Fon███ra ███gsh█████████,https://shopee.sg/anleneofficialstore,"[""Food & Beverage"",""Dairy & Eggs"",""Milk"",""Powdered Milk""]","[{""name"":""Stock"",""value"":""15""},{""name"":""Brand"",""value"":""Anlene""},{""name"":""Life Stage"",""value"":""Elderly""},{""name"":""Expiry Date"",""value"":""15-01-2024""},{""name"":""Ships From"",""value"":""SG""}]","Anlene Gold Concentrate Chocolate Milk is a UHT chocolate-flavoured milk drink for all ages. 



Nutrition is just as important for adults as it is for growing children. Adulthood is a demanding part of life and requires a good source of energy, and good health to keep going. Anlene Gold Concentrate Milk has 4 times the Calcium content compared to any regular fresh milk. By simply having 2 packs of Anlene Concentrate Fat-Free Collagen Milk, you can fulfill your daily requirement of Calcium. Anlene Gold Concentrate Milk contains Collagen, Calcium, Vitamin C, Vitamin D, Protein, Zinc and Magnesium to support your bones, cartilage and muscles.  



Enjoy a glass of this low-fat high-calcium milk that comes with the delightful taste of creamy, milky goodness. All you need to do is remove the pack from the fridge, shake well and drink.   When life keeps you busy, the right nutrition will keep you going. Packaged in a convenient ready-to-drink UHT format, it is perfect for those always on-the-go. Have it with your breakfast or as a midday pick-me-up, It will give you the energy to tackle your day with ease and confidence. 



Besides providing ample nutrition, Anlene Gold Concentrate 4x UHT Milk is also available in different flavours, Anlene Gold Concentrate 4x Vanilla High-Calcium Milk and Anlene Gold Concentrate 4x Fat-Free Collagen Milk. Anlene is made from the No.#1 milk producer in New Zealand. 

 

Disclaimer: Milk is one of the best sources of nutrition. It contains the right amount of all the nutrients needed to keep you agile and youthful. A healthy balanced diet together with regular exercise will help as you get older. Please consult your healthcare professional for support or advice. ",4.91,26,100,0.26 hours,Mon Oct 07 2019 17:48:21 GMT+0000 (Coordinated Universal Time),6522,"[{""variations"":[null]}]",https://shopee.sg,Anlene,100629,false,,"[{""name"":""model"",""value"":null}]",0,https://shopee.sg/Adult-Nutrition-cat.11027491.11027535.11027538,"[{""claimable"":false,""currency"":""SGD"",""discount"":3,""discount_cap"":0,""discount_percentage"":0,""min_spend"":6000000,""shop_vouncher"":""Fonterra Flagship Store"",""special_condition"":null,""text_info"":""ANLE99360"",""validity_end"":""2024-09-11T15:59:00.000Z"",""validity_start"":""2024-09-08T12:00:00.000Z""}]",,,null
https://shopee.com.mx/Pantalones-cortos-del-ej%C3%A9rcito-de-los-hombres-Ufc-Venum-mma-Beach-Gym-Running-Fitness-talla-28-33-i.504406981.14267849964?model_id=161334124181,14267849964,Pantalones cortos del ejército de los hombres Ufc Venum mma Beach Gym Running Fitness talla 28-33,0,4.6,0,2.825000000000000e+02,2.825000000000000e+02,MXN,,0,"[""https://down-mx.img.susercontent.com/file/457988364ca09583218dbc776f80181e_tn"",""https://down-mx.img.susercontent.com/file/1f793f9fadc515957ecc3a167a83b99f_tn""]",null,qrs███e03███.mx███,https://shopee.com.mx/qrstore031xk.mx,"[""Ropa de Hombre"",""Pantalones"",""Cargo""]","[{""name"":""Existencias"",""value"":""8736""},{""name"":""Material"",""value"":""Algodón""}]","Especificaciones:
Color: freír del ejército.

Tabla de tallas
- Talla 28: 
(70 - 72 cm de circunferencia de la cintura)

- Talla 30:
(75 - 77 cm circunferencia de la cintura)

- Talla 32:
(80 - Cintura de 82 cm)

- Talla 33:
(cintura De 83 cm",0,33,57,,Thu Aug 05 2021 06:52:57 GMT+0000 (Coordinated Universal Time),0,"[{""name"":""Color"",""variations"":[""Ejercito verde"",""Gris militar"",""Ejército Verde Marrón"",""Marrón blanco militar"",""Ejército blanco""]},{""name"":""Tamaño"",""variations"":[""28"",""29"",""30"",""31"",""32"",""33"",""Color aleatorio""]}]",https://shopee.com.mx,,100011,false,,"[{""name"":""model"",""value"":""Marrón blanco militar,32""}]",0,https://shopee.com.mx/Pantalones-Cargo-cat.11057055.11057078.11057224,null,,,null
https://shopee.co.id/READY-STOCK!-CELANA-CARGO-PENDEK-KIMPUL-DORENG-ORIGINAL-TNI-ARMY-i.158108048.27510210793,27510210793,READY STOCK! CELANA CARGO PENDEK KIMPUL DORENG ORIGINAL TNI ARMY,0,0,0,120000,48000,IDR,,0,"[""https://down-id.img.susercontent.com/file/id-11134207-7r98v-lzroplmu0o3sec_tn"",""https://down-id.img.susercontent.com/file/id-11134207-7r98o-lzroplma1hr449_tn"",""https://down-id.img.susercontent.com/file/id-11134207-7r991-lzroplma1hdxe9_tn"",""https://down-id.img.susercontent.com/file/id-11134207-7r98t-lzroplorxu57ea_tn"",""https://down-id.img.susercontent.com/file/id-11134207-7r98s-lzroplnnzgm659_tn"",""https://down-id.img.susercontent.com/file/id-11134207-7r98p-lzroplma2vydf1_tn"",""https://down-id.img.susercontent.com/file/id-11134207-7r98z-lzroplma4ait0d_tn""]",null,set███anz███183███,https://shopee.co.id/setiawanzegi18374,"[""Pakaian Pria"",""Celana Pendek""]","[{""name"":""Stok"",""value"":""100""},{""name"":""Merek"",""value"":""-""},{""name"":""Negara Asal"",""value"":""Indonesia""},{""name"":""Jenis Celana Pendek"",""value"":""Cargo""},{""name"":""Bahan"",""value"":""Ripstok""},{""name"":""Acara"",""value"":""Pemakaian sehari hari""},{""name"":""Motif"",""value"":""Loreng army""},{""name"":""Dikirim Dari"",""value"":""KAB. CIAMIS""}]","TERLARIS] CELANA CARGO PENDEK DORENG ARMY

Jahitan: Standar Distro
Bahan. : RIPSTOK (MOTIF KOTAK TIMBUL)
Cutting :SLIMFIT
Ukuran:ALL size (pinggang 17inch/lingkar pinggang 86 cm)

Produk kami menggunakan bahan RIPSTOK grade A, yang nyaman digunakan. untuk tampilan kasual namun tetap modis dengan detail 6 saku belakang + depan dan samping, sangat cocok untuk dipakai beraktifitas sehari-hari.

Jumlah Saku ada 6
4 Saku Kimpul Hidup bukan Kimpul Tempel (Bagian Belakang dan samping kanan kiri bagian bawah)

-jahitan rapih harga terjangkau karna kita produksi sendiri
 -Bila ada pertanyaan,chatt terlebih dahulu,dengan senang hati kita bantu jawab🧑🏼‍💻😊
👉🏼buruan cekout ""STOK TERBATAS""",5,1,38,3.21 hours,Wed Jun 26 2019 04:39:22 GMT+0000 (Coordinated Universal Time),1129,"[{""variations"":[null]}]",https://shopee.co.id,,100011,false,,"[{""name"":""model"",""value"":null}]",0,https://shopee.co.id/Celana-Pendek-cat.11042849.11042876,null,,,null
https://shopee.com.mx/Rg-Bandai-Astray-Marco-Rojo-Gundam-i.1009655625.22844173131,22844173131,Rg Bandai Astray Marco Rojo Gundam,0,0,0,9.349000000000000e+02,9.349000000000000e+02,MXN,0,0,"[""https://down-mx.img.susercontent.com/file/c6774b0a8ad340925497864847bcf354_tn""]",null,99h███ysh███l.m███,https://shopee.com.mx/99hobbyshop3l.mx,"[""Hobbies y Colecciones"",""Artículos Coleccionables"",""Modelo Prearmado y Ferroviario""]","[{""name"":""Marcas"",""value"":""Bandai Namco""},{""name"":""Tipo de Modelo"",""value"":""Otros""}]","El Kit de modelo necesita en balsa
El precio de los artículos incluye una tarifa de envío que debe ser transmitida por el comprador.
El precio del artículo incluye una tarifa de envío que debe ser transmitida por el comprador.",0,84,57,,Wed May 31 2023 05:19:03 GMT+0000 (Coordinated Universal Time),7,"[{""variations"":[null]}]",https://shopee.com.mx,Bandai Namco,100639,false,,"[{""name"":""model"",""value"":null}]",0,https://shopee.com.mx/Modelos-Die-Cast-cat.11056743.11056795.11059121,null,,,null
https://shopee.cl/Mujeres-Coreanas-sportwear-Paz-Y-Amor-zumba-Polera-Tops-harajuku-O-Cuello-Tees-Verano-Ropa-Femenina-Suave-Gr%C3%A1fico-T-Shirt-i.919710374.22078010492?model_id=108168204043,22078010492,Mujeres Coreanas sportwear Paz Y Amor zumba Polera Tops harajuku O-Cuello Tees Verano Ropa Femenina Suave Gráfico T Shirt,0,0,0,14000,8000,CLP,,0,"[""https://down-cl.img.susercontent.com/file/sg-11134201-7rbk0-lkuo5rrxuxjb76_tn"",""https://down-cl.img.susercontent.com/file/sg-11134201-7rbk0-lkuo5tl563xid3_tn"",""https://down-cl.img.susercontent.com/file/sg-11134201-7r98o-lkuo5updkmsxd3_tn"",""https://down-cl.img.susercontent.com/file/sg-11134201-7r98o-lkuo5w31ld1j87_tn"",""https://down-cl.img.susercontent.com/file/sg-11134201-7r98o-lkuo5xqp38s851_tn"",""https://down-cl.img.susercontent.com/file/sg-11134201-7rbk0-lkuo5zybupv5ec_tn"",""https://down-cl.img.susercontent.com/file/sg-11134201-7rbk0-lkuo60s0n9tc08_tn"",""https://down-cl.img.susercontent.com/file/sg-11134201-7rbk0-lkuo61fvod4n2d_tn"",""https://down-cl.img.susercontent.com/file/sg-11134201-7rbk0-lkuo62ko0odzaf_tn""]",null,sup███451███352██████,https://shopee.cl/super3451366352v6.cl,"[""Ropa de Mujer"",""Tops"",""Playeras""]","[{""name"":""Existencias"",""value"":""10000""},{""name"":""Longitud de Top"",""value"":""Regular""},{""name"":""País de Origen"",""value"":""China""},{""name"":""Escote"",""value"":""Cuello Redondo""},{""name"":""Longitud de la Manga"",""value"":""Mangas Cortas""},{""name"":""Material"",""value"":""Algodón, Poliéster""},{""name"":""Talla Extra"",""value"":""Sí""},{""name"":""Estación"",""value"":""Verano""},{""name"":""Patrón"",""value"":""Impresión""},{""name"":""Ocasión"",""value"":""Casual""},{""name"":""Estilo"",""value"":""Atlético, Coreano, Sexy, Estilo Callejero""},{""name"":""Top Recortada"",""value"":""No""},{""name"":""Talla Pequeña"",""value"":""No""},{""name"":""Cantidad"",""value"":""200""},{""name"":""Pack Size"",""value"":""0.13KG""}]","Todas nuestras polera son de tamaño asiático, 1-2 tamaños más pequeñas que EE. UU. y talla europea_, por favor verifique el tamaño_ antes 
Compre. Con la diferencia en los métodos de medición, permita una desviación de tamaño de 1-3 cm.
Todos nuestros productos son de alta calidad, nunca se desvanecen. Obtendrá lo que paga y admitimos imágenes personalizadas, contáctenos libremente.
Amplia gama de tallas asiáticas de mujer de SML XL XXL",4.1,597,57,,Tue Dec 13 2022 02:40:29 GMT+0000 (Coordinated Universal Time),5,"[{""name"":""Color"",""variations"":[""Beis"",""Negro"",""Azul"",""Cielo azul"",""Gris"",""Verde"",""Naranja"",""Rosa"",""Púrpura"",""Rojo""]},{""name"":""Tamaño"",""variations"":[""S"",""M"",""L"",""XL"",""XXL""]}]",https://shopee.cl,,100017,false,,"[{""name"":""model"",""value"":""Naranja,S""}]",0,https://shopee.cl/Playeras-cat.11070449.11070572.11071227,"[{""claimable"":false,""currency"":""CLP"",""discount"":null,""discount_cap"":130000000,""discount_percentage"":18,""min_spend"":700000000,""shop_vouncher"":""super3451366352v6.cl"",""special_condition"":null,""text_info"":""SUPESRXBI"",""validity_end"":""2024-10-01T02:59:59.000Z"",""validity_start"":""2024-09-02T11:58:46.000Z""},{""claimable"":false,""currency"":""CLP"",""discount"":null,""discount_cap"":90000000,""discount_percentage"":10,""min_spend"":0,""shop_vouncher"":""super3451366352v6.cl"",""special_condition"":null,""text_info"":""SUPEQVNVL"",""validity_end"":""2024-10-01T02:59:59.000Z"",""validity_start"":""2024-09-01T04:00:00.000Z""},{""claimable"":false,""currency"":""CLP"",""discount"":null,""discount_cap"":320000000,""discount_percentage"":20,""min_spend"":1500000000,""shop_vouncher"":""super3451366352v6.cl"",""special_condition"":null,""text_info"":""SUPETTKMU"",""validity_end"":""2024-10-01T02:59:59.000Z"",""validity_start"":""2024-09-02T11:58:46.000Z""}]",,,null
https://shopee.com.mx/AMIRI-887-European-and-American-street-tide-hole-patch-jeans-High-Street-tide-slim-fit-ankle-pants-jeans-i.1026778175.10899608618?model_id=187055449057,10899608618,AMIRI 887 European and American street tide hole patch jeans High Street tide slim-fit ankle pants jeans,0,0,0,1061,1061,MXN,,0,"[""https://down-mx.img.susercontent.com/file/sg-11134201-7rbl8-lljnj7pb18wifb_tn"",""https://down-mx.img.susercontent.com/file/sg-11134201-7r9ax-lljnj99mqtv063_tn"",""https://down-mx.img.susercontent.com/file/sg-11134201-7rbl0-lljnjaf91wv1ac_tn"",""https://down-mx.img.susercontent.com/file/sg-11134201-7r9b7-lljnjbpb6iicf4_tn"",""https://down-mx.img.susercontent.com/file/sg-11134201-7rbke-lljnjccc8t4l39_tn"",""https://down-mx.img.susercontent.com/file/sg-11134201-7rbkd-lljnjd5r1s1h8a_tn"",""https://down-mx.img.susercontent.com/file/sg-11134201-7rbln-lljnje1nr2vma2_tn"",""https://down-mx.img.susercontent.com/file/sg-11134201-7rbnb-lljnjf0mbxd863_tn"",""https://down-mx.img.susercontent.com/file/sg-11134201-7rbmm-lljnjg22t418bd_tn""]",null,san███g.m███,https://shopee.com.mx/sanyang.mx,"[""Ropa de Hombre"",""Jeans""]","[{""name"":""Existencias"",""value"":""4970""},{""name"":""Material"",""value"":""Chinos""},{""name"":""Patrón"",""value"":""Batik""},{""name"":""Tamaño para Personas Altas"",""value"":""No""},{""name"":""Tipo de Ajuste de Pantalones"",""value"":""Otros""},{""name"":""Talla Extra"",""value"":""Sí""},{""name"":""Longitud de Pantalones"",""value"":""Longitud 3/4""},{""name"":""Estilo"",""value"":""Marea callejera""},{""name"":""País de Origen"",""value"":""Zengcheng nuevo estanque""},{""name"":""Cantidad"",""value"":""Cero""}]","SOURCE type: Spot
Item No.: 887
Style: street fashion
Style: pencil pants/leggings
Taobao Category: Youth Fashion (18-24 years old)
Pants type: tight
Special craft: washed, used and worn
Trousers length: trousers
Waist Type: Mid waist
Pants placket: zipper placket
Thickness: ordinary
Error range: Yes
Suitable season: Four Seasons
Origin: Zengcheng Xintang
Inventory: no
Suitable for people: Youth
Year/season of listing: Winter 2022
Fabric name: denim
Main fabric composition: Cotton
Content of main fabric components: 98
Scenario: Leisure
Style details: zipper decoration
Elasticity: Shot
Leg opening style: small feet
Craft: folds
Color: light blue
Size: 28,29,30,31,32,33,34,36,38,40
Cross-border export exclusive supply: no
Water washing process: water washing
With or without quality inspection report: No
Source of original design: Yes
Quality Inspection Report No.: 1",4.5,485,57,,Sun Jul 02 2023 15:06:56 GMT+0000 (Coordinated Universal Time),185,"[{""name"":""Color"",""variations"":[""Azul claro""]},{""name"":""Tamaño"",""variations"":[""28"",""29"",""30"",""31"",""32"",""33"",""34"",""36"",""38"",""40""]}]",https://shopee.com.mx,,100011,false,,"[{""name"":""model"",""value"":""Azul claro,31""}]",0,https://shopee.com.mx/Jeans-cat.11057055.11057078.11057215,null,,,null
https://shopee.sg/[Carton-of-12]-ANMUM-Materna-Milk-Powder-650g-%E2%80%93-Plain-Low-Fat-i.186092181.6378783065,6378783065,[Carton of 12] ANMUM Materna Milk Powder 650g – Plain Low Fat,0,0,0,3.082300000000000e+02,3.082300000000000e+02,SGD,0,0,"[""https://down-sg.img.susercontent.com/file/0175a1ca3d8c9ca1023466bd2105f1dc_tn"",""https://down-sg.img.susercontent.com/file/1a425a68b357cf9efd715efd10d1e1fb_tn"",""https://down-sg.img.susercontent.com/file/7ecc666de699d300aa94fd37b9498f29_tn""]",null,Fon███ra ███gsh█████████,https://shopee.sg/anleneofficialstore,"[""Food & Beverage"",""Dairy & Eggs"",""Milk"",""UHT Milk""]","[{""name"":""Brand"",""value"":""Anmum""},{""name"":""Ships From"",""value"":""SG""}]","Whether you’re an expecting mum or planning to become one, Anmum™ Materna is specially formulated to support the nutritional needs of you and your developing baby. The only pre-natal milk that has no added sugars* and also low in fat. Thousands of mothers trust Anmum™ Materna to provide the best nutritional support, making us the Number 1** choice of mothers in Singapore.



#halal",4.91,26,100,0.26 hours,Mon Oct 07 2019 17:48:21 GMT+0000 (Coordinated Universal Time),6522,"[{""variations"":[null]}]",https://shopee.sg,Anmum,100629,false,,"[{""name"":""model"",""value"":null}]",0,https://shopee.sg/UHT-Milk-Milk-Powder-cat.11011871.11011889.11011895,"[{""claimable"":false,""currency"":""SGD"",""discount"":3,""discount_cap"":0,""discount_percentage"":0,""min_spend"":6000000,""shop_vouncher"":""Fonterra Flagship Store"",""special_condition"":null,""text_info"":""ANLE99360"",""validity_end"":""2024-09-11T15:59:00.000Z"",""validity_start"":""2024-09-08T12:00:00.000Z""}]",,,null
https://shopee.com.my/SKINTIFIC-Mugwort-Clay-Mask-Stick-Mask-Cleansing-Clay-Masker-Muka-Travel-Friendly-(40g)-i.498052041.16991267962?model_id=187675689969,16991267962,SKINTIFIC Mugwort Clay Mask Stick Mask Cleansing Clay Masker Muka Travel Friendly (40g),0,4.9,0,59,59,MYR,,0,"[""https://down-my.img.susercontent.com/file/my-11134207-7r98q-lmsu0oc6mjrq08_tn"",""https://down-my.img.susercontent.com/file/my-11134207-7r98p-lybxsjxcqve1e5_tn"",""https://down-my.img.susercontent.com/file/my-11134207-7r98t-lmsu0oc6tkly5e_tn"",""https://down-my.img.susercontent.com/file/my-11134207-7r98v-lmsu0oc6s61i50_tn"",""https://down-my.img.susercontent.com/file/my-11134207-7r990-lmsu0oc6nyc6c4_tn"",""https://down-my.img.susercontent.com/file/my-11134207-7r98t-lmsu0oc6qrh227_tn"",""https://down-my.img.susercontent.com/file/my-11134207-7r98y-lmsu0oc6pcwmac_tn""]",null,SKI███FIC███fic█████████,https://shopee.com.my/skintificofficialstore,"[""Beauty"",""Skincare"",""Face Mask & Packs""]","[{""name"":""Stock"",""value"":""146579""},{""name"":""Brand"",""value"":""Skintific""},{""name"":""Skin Care Benefits"",""value"":""Acne/Blemishes, Anti Aging, Blackheads, Oiliness, Redness""},{""name"":""Mask Type"",""value"":""Mud Mask""},{""name"":""Shelf Life"",""value"":""24 Months""},{""name"":""Skin Type"",""value"":""Acne-prone, All Skin Type, Combination Skin, Oily Skin, Sensitive""},{""name"":""Ingredient Preference"",""value"":""Salicylic Acid, Niacinamide, Mugwort""},{""name"":""Ships From"",""value"":""Melaka""}]","Skintific Mugwort Acne Clay Stick

Formulated with Mugwort, a renowned Korean ingredient celebrated for calms acne, this formulation is enhanced with Niacinamide, Salicylic Acid, and Centella to effectively manage excess sebum production, perform a thorough deep cleansing of pores, eliminate blackheads, and impart skin-soothing benefits. Easy to use in stick form, designed to soothe the skin and address redness, cleanse pores and soothing acne-prone skin, control oil, and maintain the skin barrier. It offers excellent coverage, with just one swipe enough to cover a specific area on the face.   

Size: 40 g

Benefits:
Cleansing pores and blackheads
calms redness of the skin
 Controlling excess oil on the skin
 Maintaining the skin barrier and soothing acne-prone skin

Hero Ingredients:

Mugwort: Cleanses and soothes the skin. The skin's barrier will always be maintained, and it minimizes pores.
Salicylic Acid: Aids in clearing clogged pores and controlling excess oil.
Niacinamide: Assists in calming facial skin.

How to use:
Remove the top cap of the stick, then twist the bottom to dispense the stick.
Remove the protective cover of the stick and apply it evenly across your entire face.
Leave it on for 10-15 minutes, then rinse.
Use 2-3 times a week for maximum results.",4.93,118,100,0.01 hours,Tue Jul 27 2021 07:57:48 GMT+0000 (Coordinated Universal Time),1049384,"[{""name"":""NAME"",""variations"":[""Ance Clay Stick"",""Blackhead+Mugwort"",""10%off-Mugwort*2"",""SS-Ance Clay Stick""]}]",https://shopee.com.my,Skintific,100630,false,,"[{""name"":""model"",""value"":""SS-Ance Clay Stick""}]",0,https://shopee.com.my/Face-Mask-Packs-cat.11000168.11000285.11000293,"[{""claimable"":false,""currency"":""MYR"",""discount"":null,""discount_cap"":1000000,""discount_percentage"":5,""min_spend"":6500000,""shop_vouncher"":""SKINTIFIC Official Shop"",""special_condition"":null,""text_info"":""EJP169"",""validity_end"":""2024-09-30T15:59:00.000Z"",""validity_start"":""2024-08-31T16:00:00.000Z""},{""claimable"":false,""currency"":""MYR"",""discount"":51,""discount_cap"":0,""discount_percentage"":0,""min_spend"":17000000,""shop_vouncher"":""SKINTIFIC Official Shop"",""special_condition"":null,""text_info"":""8CAZ0594"",""validity_end"":""2024-09-08T15:59:00.000Z"",""validity_start"":""2024-08-24T12:00:00.000Z""},{""claimable"":false,""currency"":""MYR"",""discount"":18,""discount_cap"":0,""discount_percentage"":0,""min_spend"":6000000,""shop_vouncher"":""SKINTIFIC Official Shop"",""special_condition"":null,""text_info"":""9ASKINTV"",""validity_end"":""2024-09-24T15:59:00.000Z"",""validity_start"":""2024-09-08T12:00:00.000Z""},{""claimable"":false,""currency"":""MYR"",""discount"":null,""discount_cap"":2000000,""discount_percentage"":20,""min_spend"":6000000,""shop_vouncher"":""SKINTIFIC Official Shop"",""special_condition"":null,""text_info"":""QS2SME135"",""validity_end"":""2024-09-30T15:59:00.000Z"",""validity_start"":""2024-09-08T12:00:00.000Z""},{""claimable"":false,""currency"":""MYR"",""discount"":60,""discount_cap"":0,""discount_percentage"":0,""min_spend"":15000000,""shop_vouncher"":""SKINTIFIC Official Shop"",""special_condition"":null,""text_info"":""9ACZ0762"",""validity_end"":""2024-09-24T15:59:00.000Z"",""validity_start"":""2024-09-08T12:00:00.000Z""},{""claimable"":false,""currency"":""MYR"",""discount"":51,""discount_cap"":0,""discount_percentage"":0,""min_spend"":17000000,""shop_vouncher"":""SKINTIFIC Official Shop"",""special_condition"":null,""text_info"":""9AAZ0002"",""validity_end"":""2024-09-24T15:59:00.000Z"",""validity_start"":""2024-09-08T12:00:00.000Z""}]",,,null
https://shopee.com.mx/Deus-Ex-Machina-Camiseta-De-Centimento-Para-Ni%C3%B1os-i.668165235.10485798852?model_id=134046261161,10485798852,Deus Ex Machina-Camiseta De Centimento Para Niños,0,4.8,0,7.145000000000000e+02,7.145000000000000e+02,MXN,,0,"[""https://down-mx.img.susercontent.com/file/id-11134207-7r98q-lr9nli8ypgfx06_tn"",""https://down-mx.img.susercontent.com/file/1aba59333f36014fd7748b60c199780b_tn"",""https://down-mx.img.susercontent.com/file/id-11134207-7r98t-lr9nli8yqv0dd6_tn""]",null,deu███mac███ain█████████.mx███,https://shopee.com.mx/deusexmachinaindonesiaf7.mx,"[""Moda para Bebés y Niños"",""Ropa de Bebés"",""Tops""]","[{""name"":""Existencias"",""value"":""17""}]","La camiseta de centímetros para niños es una colección de Invierno Deus Ex Machina 2020.

Camiseta de corte Regular para niños con estampado de arte Deus, hecha de camiseta de algodón de hilo de 160 gm oe y técnicas de coloración detalladas.

En diseño y prueba en el Deus Temple of Enthusiasm, Awkward, Bali.

Instrucciones de lavado: lavar a máquina con velocidad normalmente con color a juego.
El precio de los artículos incluye una tarifa de envío que debe ser transmitida por el comprador.
El precio del artículo incluye una tarifa de envío que debe ser transmitida por el comprador.",0,99,57,,Wed Jan 26 2022 09:18:40 GMT+0000 (Coordinated Universal Time),3,"[{""name"":""Color"",""variations"":[""Blanco""]},{""name"":""Tamaño"",""variations"":[""2"",""4"",""6"",""8"",""10"",""12"",""14""]}]",https://shopee.com.mx,,100633,false,,"[{""name"":""model"",""value"":""Blanco,14""}]",0,https://shopee.com.mx/Camisetas-de-Beb%C3%A9-cat.11057052.11057063.11057145,null,,,null
https://shopee.com.mx/MESIN-Peine-El%C3%A9ctrico-Para-Piojos-V-comb-Aspiradora-M%C3%A1s-Reciente-Licetec-Filtro-Vcomb-La-Eliminaci%C3%B3n-De-Humanos-Y-Animales-Tecnolog%C3%ADa-Avanzada-Usando-M%C3%A1quina-El%C3%A9ctrica-Vac%C3%ADo-S-i.833055796.19359743106?model_id=230181980509,19359743106,MESIN Peine Eléctrico Para Piojos V-comb Aspiradora Más Reciente Licetec-Filtro Vcomb La Eliminación De Humanos Y Animales Tecnología Avanzada-Usando Máquina Eléctrica Vacío S,0,2.7,0,1.545000000000000e+02,1.350400000000000e+02,MXN,,0,"[""https://down-mx.img.susercontent.com/file/c389deb79ba8becc4bfb734436a3f15a_tn"",""https://down-mx.img.susercontent.com/file/8c1aa5431c0a9ae3362fcd103dda2fb5_tn"",""https://down-mx.img.susercontent.com/file/874ee5b198869239c64baf7cdd2382e1_tn""]",null,rup███goe███.mx███,https://shopee.com.mx/rupaulgoesqi.mx,"[""Belleza"",""Herramientas de Belleza"",""Herramientas para Cabello"",""Cepillos y Peines""]","[{""name"":""Stock con descuentos"",""value"":""50""},{""name"":""Otro Stock"",""value"":""124""}]","El último peine de eliminación de piojos técnico es el último producto sin usar productos químicos nocivos ni champú especial para piojos para eliminar el vello de su cabello, también se puede usar para mascotas. Los productos se tomaron primero antes de que se entreguen y se confirman para funcionar correctamente (sin devolución/probación)
Contenidos del paquete:
1x peine en V
2x filtro
Libro Manual
Cepillo de limpieza

¡¡¡¡¡Muy Importante!!!
- Junta
- Antes de enviar los productos, comprobaremos primero (QC)
- Ya no hay algunas cosas que se verifican porque ya está en QC de su fábrica. 
- No lo enviaremos productos dañados, usado 
- Motivo aleatorio / elección de color si no hay motor/seleccionado por color
Y ayude a referencia a amigos2 hermanos2, así como a revisar sí.
Saludos.
El precio de los artículos incluye una tarifa de envío que debe ser transmitida por el comprador.
El precio del artículo incluye los gastos de envío que deben correr a cargo del comprador.",2.2,32,57,,Wed Aug 03 2022 07:51:05 GMT+0000 (Coordinated Universal Time),14,"[{""name"":""Variaciones"",""variations"":[""Peine"",""Peine FILTER""]}]",https://shopee.com.mx,,100630,false,,"[{""name"":""model"",""value"":""Peine FILTER""}]",0,https://shopee.com.mx/Herramientas-para-Cabello-cat.11056740.11056746.11056801,null,,,null
https://shopee.co.id/pinky-organik-capsules-original-i.482405347.29705848108?model_id=256233546004,29705848108,pinky organik capsules original,0,0,0,129000,129000,IDR,,0,"[""https://down-id.img.susercontent.com/file/id-11134207-7r98u-lxz48g5ieq0a42_tn""]",null,Pin███Bea███ Or██████,https://shopee.co.id/pinky_organik,"[""Kesehatan"",""Suplemen Makanan"",""Suplemen Kecantikan""]","[{""name"":""Stok"",""value"":""4500""},{""name"":""Merek"",""value"":""Pinky Pelangsing""},{""name"":""Jenis Kelamin"",""value"":""Unisex""},{""name"":""Masa Penyimpanan"",""value"":""12 Bulan""},{""name"":""Tanggal Kedaluwarsa"",""value"":""01-12-2026""},{""name"":""No. Izin Edar (BPOM, PIRT)"",""value"":""-""},{""name"":""Dikirim Dari"",""value"":""KAB. GARUT""}]","PINKY ORIGINAL PRODUCT

1 BOTOL ISI 30 KAPSUL DIMAKAN SEHARI 2X PAGI DAN MALAM SETELAH MAKAN",0,1,57,,Tue Jul 06 2021 09:19:40 GMT+0000 (Coordinated Universal Time),3,"[{""name"":""Spesifikasi"",""variations"":[""Paket bundle"",""pinky organik"",""Pinky booster""]}]",https://shopee.co.id,Pinky Pelangsing,100001,false,,"[{""name"":""model"",""value"":""Pinky booster""}]",0,https://shopee.co.id/Suplemen-Kecantikan-cat.11043279.11043280.11043282,null,,,null
https://shopee.co.id/Buku-The-Psychology-of-Money-(HARDCOVER)---Morgan-Housel---Baca-i.34379470.13462619690,13462619690,Buku The Psychology of Money (HARDCOVER) - Morgan Housel - Baca,0,4.9,0,110000,93500,IDR,,0,"[""https://down-id.img.susercontent.com/file/id-11134207-7r98v-lsibzzgf0jbtde_tn"",""https://down-id.img.susercontent.com/file/id-11134207-7r98r-lsibzzgf1xw9fc_tn"",""https://down-id.img.susercontent.com/file/id-11134207-7r98y-lsibzzgf3cgp72_tn""]",null,Rep███ik ███si █████████Sho███,https://shopee.co.id/republikfiksi,"[""Buku & Majalah"",""Buku Bacaan"",""Pengembangan Diri & Karir""]","[{""name"":""Stok"",""value"":""19""},{""name"":""Merek"",""value"":""Baca""},{""name"":""Bahasa"",""value"":""Indonesia""},{""name"":""Jenis Cover"",""value"":""Hard Cover""},{""name"":""Dikirim Dari"",""value"":""KOTA TANGERANG SELATAN""}]","Judul : The Psychology of Money
Penilis : Morgan Housel
Penerbit : Baca
Harga : 100.000
ISBN: 9786026486578
Tebal : 262Hlm

Kesuksesan dalam mengelola uang tidak selalu tentang apa yang Anda ketahui. Ini tentang bagaimana Anda berperilaku. Dan perilaku sulit untuk diajarkan, bahkan kepada orang yang sangat pintar sekalipun. Seorang genius yang kehilangan kendali atas emosinya bisa mengalami bencana keuangan. Sebaliknya, orang biasa tanpa pendidikan finansial bisa kaya jika mereka punya sejumlah keahlian terkait perilaku yang tak berhubungan dengan ukuran kecerdasan formal.

Uang―investasi, keuangan pribadi, dan keputusan bisnis―biasanya diajarkan sebagai bidang berbasis matematika. Dengan data dan rumus memberi tahu kita apa yang harus dilakukan. Namun di dunia nyata, orang tidak membuat keputusan finansial di spreadsheet. Mereka membuatnya di meja makan, atau di ruang rapat, di mana sejarah pribadi, pandangan unik Anda tentang dunia, ego, kebanggaan, pemasaran, dan berbagai insentif bercampur.",4.91,4532,97,1.83 hours,Mon Sep 11 2017 02:38:42 GMT+0000 (Coordinated Universal Time),121319,"[{""variations"":[null]}]",https://shopee.co.id,Baca,100643,false,,"[{""name"":""model"",""value"":null}]",0,https://shopee.co.id/Pengembangan-Diri-Karir-cat.11044123.11044197.11044210,null,,,null
https://shopee.co.th/%E2%96%A1%E2%9D%A1%E0%B8%A3%E0%B8%AD%E0%B8%87%E0%B9%80%E0%B8%97%E0%B9%89%E0%B8%B2%E0%B9%81%E0%B8%95%E0%B8%B0%E0%B8%9C%E0%B8%B9%E0%B9%89%E0%B8%AB%E0%B8%8D%E0%B8%B4%E0%B8%87-Wnc-Native-Waterproof-Shoes-EVA-Non-slip-Beach-Hollow-Sandals-Solid-Color-Couple-i.886197014.20659907642?model_id=107675403421,20659907642,□❡รองเท้าแตะผู้หญิง Wnc Native Waterproof Shoes EVA Non-slip Beach Hollow Sandals Solid Color Couple,0,0,0,708,708,THB,,0,"[""https://down-th.img.susercontent.com/file/sg-11134201-22110-zgz5xj6q9fjvfd_tn"",""https://down-th.img.susercontent.com/file/sg-11134201-22110-4f29yi8q9fjv3d_tn"",""https://down-th.img.susercontent.com/file/sg-11134201-22110-ux09b08q9fjv4c_tn"",""https://down-th.img.susercontent.com/file/sg-11134201-22110-j1bvg89q9fjv7e_tn"",""https://down-th.img.susercontent.com/file/sg-11134201-22110-8n8umzfr9fjv98_tn"",""https://down-th.img.susercontent.com/file/sg-11134201-22110-6byn6tgr9fjv2d_tn"",""https://down-th.img.susercontent.com/file/sg-11134201-22110-cqa20whr9fjv14_tn"",""https://down-th.img.susercontent.com/file/sg-11134201-22110-d3ft9qir9fjv10_tn"",""https://down-th.img.susercontent.com/file/sg-11134201-22110-5wv1czjr9fjv40_tn""]",null,1lw███2et███,https://shopee.co.th/1lw42a2eta,"[""รองเท้าผู้หญิง"",""รองเท้าแตะ"",""รองเท้าแตะส้นแบน""]","[{""name"":""คลัง"",""value"":""27408""},{""name"":""รูปแบบรองเท้า"",""value"":""รองเท้าแกลดิเอเตอร์""},{""name"":""ส่งจาก"",""value"":""จังหวัดสมุทรปราการ""}]","เรียนลูกค้า โปรดใส่ใจเมื่อทำการสั่งซื้อ! ! !
 ติดตามร้านค้าเพื่อรับคูปอง
 สินค้าเป็นสินค้าพรีเซลล์จากต่างประเทศ ใช้เวลาสินค้า 10-12วัน กรุณารออย่างอดทน 
สินค้าที่จัดส่งไม่สนับสนุนการคืนสินค้า หากคุณมีคำถามใดๆ คุณสามารถติดต่อฝ่ายบริการลูกค้าเพื่อสื่อสาร .
 ให้ความสนใจในการตรวจสอบ ฉันขอให้คุณช้อปปิ้งมีความสุข และหวังว่าจะได้รับความคิดเห็นระดับห้าดาวของคุณ ครั้งต่อไปที่คุณซื้อผลิตภัณฑ์จากร้านค้า คุณสามารถติดต่อลูกค้าเพื่อรับส่วนลดได้ 
โปรดตรวจสอบที่อยู่จัดส่งและหมายเลขติดต่ออย่างละเอียดก่อนทำการสั่งซื้อ ! ! !ชื่อยี่ห้อ:wnc native
วัสดุด้านบน:EVA
ประเภทรองเท้าแตะ:รองเท้าฉีด EVA
วัสดุซับ:พีวีซี
แฟชั่น ธาตุ:ตื้น
วัสดุพื้นรองเท้า:EVA
โอกาส:ลำลอง
ประเภทปิด: สลิปออน
สไตล์:รัดกุม
ส้นสูง:ต่ำ(1cm-3cm)
ประเภทรูปแบบ:ของแข็ง
หมายเลขรุ่น:W1806
วัสดุพื้นรองเท้า:EVA

โปรดทราบว่ารองเท้านี้ไม่สามารถตากแดดหลังซักได้ เพราะจะทำให้เสียรูป

พอดี: รองเท้านี้ใหญ่กว่าปกติเล็กน้อย โปรดใช้ขนาดที่ถูกต้องจากแผนภูมิขนาด

Size 35= ความยาวด้านใน 22.5 cm
Size 36= ความยาวด้านใน 23.5 cm
Size 37= ความยาวด้านใน 24.0 cm
Size 38= ความยาวด้านใน 24.5 cm
Size 39= ความยาวด้านใน 25.0 cm
Size 40= ความยาวด้านใน 25.5 cm
Size 41= ความยาวด้านใน 26.0 cm
Size 42= ความยาวด้านใน 26.5 cm
Size 43= ความยาวด้านใน 27.5 cm
Size 44= ความยาวด้านใน 28.0 cm
Size 45= ความยาวด้านใน 28.5 cm

การบรรจุ: รองเท้าคู่หนึ่ง.

#รองเท้าพื้นเมือง #รองเท้าผู้หญิง #รองเท้ากันน้ำ #hollowshoes #รองเท้าสำหรับคู่รัก #รองเท้าแตะรองเท้าแตะ #รองเท้าแตะชายหาด #รองเท้าแตะสำหรับผู้หญิง #รองเท้าแตะสำหรับผู้หญิง #รองเท้าคู่",5,200,57,,Wed Oct 19 2022 08:36:36 GMT+0000 (Coordinated Universal Time),2,"[{""name"":""Variation"",""variations"":[""pink"",""สีเทาเข้ม"",""ขาว"",""แดง"",""แสงสีเทา"",""สีเหลือง"",""ส้ม"",""น้ำ"",""ฟ้า"",""black""]},{""name"":""Size"",""variations"":[""40"",""39"",""37"","" 38"",""36""]}]",https://shopee.co.th,,100532,false,,"[{""name"":""model"",""value"":""แสงสีเทา,40""}]",0,https://shopee.co.th/%E0%B8%A3%E0%B8%AD%E0%B8%87%E0%B9%80%E0%B8%97%E0%B9%89%E0%B8%B2%E0%B9%81%E0%B8%81%E0%B8%A5%E0%B8%94%E0%B8%B4%E0%B9%80%E0%B8%AD%E0%B9%80%E0%B8%95%E0%B8%AD%E0%B8%A3%E0%B9%8C-cat.11044948.11045093.11045499,null,,,null
https://shopee.co.id/Baju-Tidur-Wanita-PAKET-HEMAT-100k-Dapat-3-Setel-Piyama-Wanita-i.124388453.25014938590,25014938590,Baju Tidur Wanita PAKET HEMAT 100k Dapat 3 Setel Piyama Wanita,0,4.5,0,100000,100000,IDR,,0,"[""https://down-id.img.susercontent.com/file/id-11134207-7r990-ls3gf2c7ibbte0_tn"",""https://down-id.img.susercontent.com/file/id-11134207-7r992-ls3gf2c7l4gpa4_tn"",""https://down-id.img.susercontent.com/file/id-11134207-7r98r-lsw56hj8k03d40_tn"",""https://down-id.img.susercontent.com/file/id-11134207-7r990-lsw56hj8k03h47_tn"",""https://down-id.img.susercontent.com/file/id-11134207-7r98t-lsw56hj8jzuxeb_tn"",""https://down-id.img.susercontent.com/file/id-11134207-7r98u-lsw56hj8leesee_tn"",""https://down-id.img.susercontent.com/file/id-11134207-7r98p-lsw56hj8jzucdf_tn""]",null,sha███a.i███,https://shopee.co.id/shafeea.id,"[""Pakaian Wanita"",""Pakaian Tidur & Piyama"",""Piyama""]","[{""name"":""Stok"",""value"":""3815""},{""name"":""Merek"",""value"":""-""},{""name"":""Kecil"",""value"":""Tidak""},{""name"":""Negara Asal"",""value"":""Indonesia""},{""name"":""Panjang Lengan"",""value"":""Lengan Pendek""},{""name"":""Bahan"",""value"":""Katun""},{""name"":""Motif"",""value"":""Lainnya""},{""name"":""Dikirim Dari"",""value"":""KAB. PEKALONGAN""}]","Setelan Piyama Wanita
PAKET HEMAT 
100K Isi 3 Setel Piyama
Bahan: Katun Micro (adem dan nyaman dipakai)
Ukuran: All Size ( Fit to M-L)

Detail Ukuran:
Lingkar Dada 105 cm
Panjang Baju 65 cm
Panjang Celana 90 cm

Detail Produk: 
Motif bervariasi (Pengiriman RANDOM menyesuaikan stok yang ada)
Bagian depan baju ada saku
Full kancing dari atas sampe bawah
Estimasi BB MAX 55 Kg
Celana pinggang full karet
",4.71,20,79,3.34 hours,Sun Feb 03 2019 09:37:27 GMT+0000 (Coordinated Universal Time),2359,"[{""name"":""Ukuran"",""variations"":[""Karakter 3 in 1""]}]",https://shopee.co.id,,100017,false,,"[{""name"":""model"",""value"":""Karakter 3 in 1""}]",0,https://shopee.co.id/Piyama-cat.11042745.11042807.11042808,null,,,null
https://shopee.co.th/[EarWonders]-%E3%80%90%E0%B8%9E%E0%B8%A3%E0%B9%89%E0%B8%AD%E0%B8%A1%E0%B8%AA%E0%B9%88%E0%B8%87%E3%80%91JBL-Wave-300-TWS-%E0%B8%8A%E0%B8%B8%E0%B8%94%E0%B8%AB%E0%B8%B9%E0%B8%9F%E0%B8%B1%E0%B8%87%E0%B8%AA%E0%B9%80%E0%B8%95%E0%B8%AD%E0%B8%A3%E0%B8%B4%E0%B9%82%E0%B8%AD%E0%B9%84%E0%B8%A3%E0%B9%89%E0%B8%AA%E0%B8%B2%E0%B8%A2-%E0%B8%9A%E0%B8%A5%E0%B8%B9%E0%B8%97%E0%B8%B9%E0%B8%98-5.2-3D-%E0%B8%9E%E0%B8%A3%E0%B9%89%E0%B8%AD%E0%B8%A1%E0%B9%84%E0%B8%A1%E0%B9%82%E0%B8%84%E0%B8%A3%E0%B9%82%E0%B8%9F%E0%B8%99%E0%B9%83%E0%B8%99%E0%B8%95%E0%B8%B1%E0%B8%A7-%E0%B8%AA%E0%B9%8D%E0%B8%B2%E0%B8%AB%E0%B8%A3%E0%B8%B1%E0%B8%9A%E0%B9%80%E0%B8%A5%E0%B9%88%E0%B8%99%E0%B8%81%E0%B8%B5%E0%B8%AC%E0%B8%B2-i.325311773.24758938190?model_id=99503078758,24758938190,[EarWonders] 【พร้อมส่ง】JBL Wave 300 TWS ชุดหูฟังสเตอริโอไร้สาย บลูทูธ 5.2 3D พร้อมไมโครโฟนในตัว สําหรับเล่นกีฬา,0,4.6,0,148,148,THB,0,0,"[""https://down-th.img.susercontent.com/file/cn-11134207-7r98o-lqle04x70ahk45_tn"",""https://down-th.img.susercontent.com/file/cn-11134207-7r98o-lqle04x71p200c_tn"",""https://down-th.img.susercontent.com/file/cn-11134207-7r98o-lqle04x7bj1443_tn"",""https://down-th.img.susercontent.com/file/cn-11134207-7r98o-lqle04x74i6wc4_tn"",""https://down-th.img.susercontent.com/file/cn-11134207-7r98o-lqle04x75wrc59_tn"",""https://down-th.img.susercontent.com/file/cn-11134207-7r98o-lqle04x77bbsc7_tn"",""https://down-th.img.susercontent.com/file/cn-11134207-7r98o-lqle04x7a4go3f_tn"",""https://down-th.img.susercontent.com/file/cn-11134207-7r98o-lqle04x78pw85f_tn"",""https://down-th.img.susercontent.com/file/cn-11134207-7r98o-lqle04x733mg4d_tn""]",null,Ear███der███I,https://shopee.co.th/digimon.th,"[""เครื่องเสียง"",""หูฟัง""]","[{""name"":""คลัง"",""value"":""1954""},{""name"":""ประเภทการเชื่อมต่อ"",""value"":""แบบไร้สาย""},{""name"":""ประเภทหูฟังและหูฟังไมโครโฟน"",""value"":""หูฟังอินเอียร์""},{""name"":""เน้นใช้เล่นเกม"",""value"":""ใช่""},{""name"":""อุปกรณ์รองรับเครื่องเสียง"",""value"":""โทรศัพท์มือถือ, อื่นๆ, คอมพิวเตอร์และโน๊ตบุ๊ค""},{""name"":""ประเภทการประกัน"",""value"":""ไม่รับประกัน""},{""name"":""ส่งจาก"",""value"":""ต่างประเทศ""}]","คำอธิบาย:
1.Jbl Deep Bass Sound: ไดรเวอร์ 12 มม. ในเอียร์บัดเหล่านี้ให้เสียงเบสที่หนักแน่นและเสียงที่หนักแน่นสร้างประสบการณ์การฟังที่สมจริงและเพิ่มคุณภาพชีวิตประจำวันของคุณ
2.ฟังได้ทั้งวัน: เพลิดเพลินกับเพลงโปรดและพอดคาสต์ของคุณได้นานถึง 26 ชั่วโมงและเล่นได้นานถึง 20 ชั่วโมงด้วยเคสชาร์จที่ให้มา
3.สวมใส่สบายพอดี: เอียร์บัดเหล่านี้มีรูปทรงตามหลักสรีรศาสตร์เพื่อให้สวมใส่สบายและปลอดภัยในขณะที่การออกแบบที่เปิดช่วยเพิ่มการรับรู้ของคุณในสภาพแวดล้อม
4.ผู้ช่วยเสียงเข้าถึงการเข้าถึงด้วยเสียง: จัดการการโทรและเพลงหรือใช้ผู้ช่วยเสียงในคลิกเดียว การเชื่อมต่อคู่ช่วยให้คุณใช้หูฟังเพียงอย่างเดียวเพื่อประหยัดแบตเตอรี่

ข้อมูลจำเพาะ:
นาฬิกาข้อมือ WAVE300TWS รุ่น: WAVE300TWS
เวอร์ชันบลูทู ธ: 5.2
เวลาในการชาร์จ: ภายใน 2 ชั่วโมง
เวลาเล่นเพลงของบลูทู ธ เปิดอยู่: นานถึง 6 ชั่วโมง
แหล่งจ่ายไฟ: 5V1A
ความต้านทาน: 32Ω
การตอบสนองความถี่: 20Hz-20kHz


แพ็คเกจประกอบด้วย:
หูฟัง 2 * หูฟัง 2 *
1 * กล่องชาร์จ
1 * สายชาร์จ
1 * คู่มือผู้ใช้",4.63,189,0,,Tue Oct 20 2020 09:37:34 GMT+0000 (Coordinated Universal Time),341,"[{""name"":""สี"",""variations"":[""สีดํา"",""สีขาว"",""A6s""]}]",https://shopee.co.th,,100535,false,,"[{""name"":""model"",""value"":""สีขาว""}]",0,https://shopee.co.th/%E0%B8%AB%E0%B8%B9%E0%B8%9F%E0%B8%B1%E0%B8%87%E0%B8%AD%E0%B8%B4%E0%B8%99%E0%B9%80%E0%B8%AD%E0%B8%B5%E0%B8%A2%E0%B8%A3%E0%B9%8C-cat.11044946.11045076.11045447,null,,,null
https://shopee.co.id/Airmineral-Cleo-mini-220ml_isi-24-botol-i.3770144.26358995173,26358995173,Airmineral Cleo mini 220ml_isi 24 botol,0,0,0,19555,19555,IDR,,0,"[""https://down-id.img.susercontent.com/file/id-11134207-7r98t-lzbejcg3fyzi1e_tn"",""https://down-id.img.susercontent.com/file/id-11134207-7r98t-lzbejcg3ll9a18_tn"",""https://down-id.img.susercontent.com/file/id-11134207-7r98s-lzbejcg3is4ef8_tn"",""https://down-id.img.susercontent.com/file/id-11134207-7r98r-lzbejcg3hdjye0_tn"",""https://down-id.img.susercontent.com/file/id-11134207-7r98x-lzbejcg3k6ou4d_tn""]",null,ARI███URE███TER███,https://shopee.co.id/anggit.rani12,"[""Makanan & Minuman"",""Minuman"",""Air Mineral""]","[{""name"":""Stok"",""value"":""500""},{""name"":""Merek"",""value"":""CLEO""},{""name"":""Negara Asal"",""value"":""Indonesia""},{""name"":""Berat Produk"",""value"":""3kg""},{""name"":""Tipe Paket"",""value"":""Multipack""},{""name"":""Masa Penyimpanan"",""value"":""24 Bulan""},{""name"":""Produk Custom"",""value"":""Tidak""},{""name"":""No. Izin Edar (BPOM, PIRT)"",""value"":""MD 122882001300115""},{""name"":""Volume"",""value"":""3500ml""},{""name"":""Tanggal Kedaluwarsa"",""value"":""16-10-2026""},{""value"":""Cleo Pure Water, Lebih Murni dengan Penyaringan Membran Hiperfiltrasi Air murni Cleo disaring dengan teknologi penyaringan yang dikenal sebagai Hiperfiltrasi, melalui saringan yang sangat halus air di""},{""name"":""Jumlah Produk Dalam Kemasan"",""value"":""24""},{""name"":""Ukuran Per Produk"",""value"":""220ML""},{""name"":""Jenis Air"",""value"":""Purewater""},{""name"":""No.Sertifikat (SNI,K3L,UTTP)"",""value"":""01-3553-2006""},{""name"":""No. Sertifikasi (Halal)"",""value"":""2441000002-EBT-178338590""},{""name"":""Dikirim Dari"",""value"":""KAB. TANGERANG""}]","Cleo air murni bukan air mineral, tapi Air murni
BPA FREE (1) & BROMAT FREE

Banyak orang menyebut air minum yang diminum sehari-hari adalah air mineral. Padahal, air minum ada pula yang berjenis air murni atau air demineral. Salah satunya adalah Cleo air murni. 

Air mineral berarti air yang mengandung mineral atau bahan yang terlarut lainnya. Mineral di dalamnya tersebut bisa berjumlah banyak maupun sedikit dengan komponen yang bermacam-macam. Bahkan, bisa jadi di dalam air mineral terdapat berbagai mineral anorganik yang tidak diperlukan tubuh. 

Sementara itu, air murni atau air demineral merupakan air yang sudah melalui proses penyaringan sehingga lebih aman untuk diminum. Air murni ini akan lebih bermanfaat bagi kesehatan karena tidak mengandung zat berbahaya.Adapun kebutuhan mineral dalam tubuh bisa didapatkan dari berbagai jenis makanan, sperti sayur dan daging. 

Cleo mini 220ml
per pack isi 24 Botol

hanya melayani pesanan dengan jasa kirim instan
Shopee Express Maksimal 6
Gojek Instan Maksimal 6
Grab Instan Maksimal 6

langsung Checkout saja gaezz sebelum kehabisan",0,5,0,,Thu Mar 03 2016 21:32:57 GMT+0000 (Coordinated Universal Time),140,"[{""variations"":[null]}]",https://shopee.co.id,CLEO,100629,false,,"[{""name"":""model"",""value"":null}]",0,https://shopee.co.id/Air-Mineral-cat.11043451.11043502.11043507,null,,,null
https://shopee.ph/Lenovo-Bluetooth-Wireless-Earphone-TWS-with-Mic-Mini-Earbuds-Bluetooth-5.0-Sports-Headset-i.733529829.20589970236?model_id=197191749667,20589970236,Lenovo Bluetooth Wireless Earphone TWS with Mic Mini Earbuds Bluetooth 5.0 Sports Headset,0,4.9,0,950,499,PHP,,0,"[""https://down-ph.img.susercontent.com/file/cn-11134207-7r98o-lkoqev7k0pfg9c_tn"",""https://down-ph.img.susercontent.com/file/cn-11134207-7qukw-li6td0x1z3hyd7_tn"",""https://down-ph.img.susercontent.com/file/cn-11134207-7qukw-li6td0x264c648_tn"",""https://down-ph.img.susercontent.com/file/cn-11134207-7qukw-li6td0x2k60m47_tn"",""https://down-ph.img.susercontent.com/file/cn-11134207-7qukw-li6td0x2ac1i96_tn"",""https://down-ph.img.susercontent.com/file/cn-11134207-7qukw-li6td0x2r6uu69_tn"",""https://down-ph.img.susercontent.com/file/cn-11134207-7qukw-li6td0x2mz5ie8_tn"",""https://down-ph.img.susercontent.com/file/cn-11134207-7qukw-li6td0x2d56e98_tn"",""https://down-ph.img.susercontent.com/file/cn-11134207-7r98o-lkoqev7k3ikc4b_tn""]",null,Len███ Au███ St██████,https://shopee.ph/thinkplus.ph,"[""Audio"",""Earphones, Headphones & Headsets""]","[{""name"":""Discount stock"",""value"":""689""},{""name"":""Other Stock"",""value"":""275453""},{""name"":""Brand"",""value"":""Lenovo""},{""name"":""Connection Type"",""value"":""Wireless""},{""name"":""Earphone, Headphone, & Headset Type"",""value"":""In Ear""},{""name"":""Gaming Focused"",""value"":""Yes""},{""name"":""Audio Compatibility"",""value"":""Mobile, PC & Laptop""},{""name"":""Sports Focused"",""value"":""Yes""},{""name"":""Earphones, Headphones & Headsets Features"",""value"":""Built-in Microphone, Noise Cancellation, Remote Control, Sweat Resistant, Volume Control""},{""name"":""Headphone Connection Type"",""value"":""Bluetooth""},{""name"":""Ships From"",""value"":""Mandaue City, Cebu""}]","【Excellent sound quality】
The headset uses a 13mm composite diaphragm loudspeaker. 
Let you enjoy excellent bass and HIFI sound quality.

【Long Stand by life】
After full charging, the earbuds can working about 4-5 hours. 
And the charing box can provide about 25 hours to earbuds.

【With HD Microphone】
A microphone with intelligent noise reduction, it allows you to make high-definition calls. 
It can be used for online courses or online meetings.

【 Compatible with IOS and Androids】
it can work with all IOS and Android device with bluetooth function.
Mobile phones, tablets, laptops and ect.

【Smart touch】
switch music
Previous song: Triple-click the left earphone function button
Next song: Triple-click the right earphone function button
volume adjustment
Volume +: Double-click the function key of the right earphone (increase to the highest volume and the prompt will sound ""beep"")
Volume -: Double-click the left earphone function key
pause/play：Click the left (or right) headphone function button
Call answering: Click the left (or right) function key
Call rejection: long press the left (or right) function key for two seconds
End call: In the call state, click the left (or right) function key
activate voice assistant
Long press the left ear function button for 2 seconds to activate the voice assistant
Switch music/game mode
Long press the right function key for 2 seconds to enter the game mode, the prompt sound ""beep"" twice, press and hold again for 2 seconds to enter the music mode, the prompt sound ""ding dong""

Product Specifications
BT version: BT5.3
Charging port: Type-C
Communication distance: 10m (without obstacles)
Compatible system: IOS / ANDROID / WINDOWS
Working time: about 4 hours after full charging.
The charging case can provide 20 hours of power to the earphones.

Products Include
1 * A pair of wireless earplugs
1 *Charging box
1 *Charging cable
1 *User Manual",4.81,50,100,0.01 hours,Tue Mar 29 2022 08:48:38 GMT+0000 (Coordinated Universal Time),114799,"[{""name"":""Color"",""variations"":[""White"",""Black"",""White+Case"",""Black+Case"",""White+Kuromi"",""White+Sailor Moon"",""White+StellaLou"",""White+Cinnamoroll"",""White+Lotso"",""Black+Kuromi"",""Black+Sailor Moon"",""Black+StellaLou"",""Black+Cinnamoroll"",""Black+Lotso""]}]",https://shopee.ph,Lenovo,100535,true,Tue Sep 03 2024 12:59:59 GMT+0000 (Coordinated Universal Time),"[{""name"":""model"",""value"":""White+Kuromi""}]",0,https://shopee.ph/Gaming-Headsets-cat.11115519.11115539.11021190,"[{""claimable"":false,""currency"":""PHP"",""discount"":20,""discount_cap"":0,""discount_percentage"":0,""min_spend"":79900000,""shop_vouncher"":""Lenovo Audio Store"",""special_condition"":null,""text_info"":""THIN62920"",""validity_end"":""2024-09-30T08:21:00.000Z"",""validity_start"":""2024-06-29T07:21:00.000Z""}]",,,null
https://shopee.ph/CUSTOMIZED-VINTAGE-FRAME-WITH-FREE-BOOKSHAPED-BOX-FREE-SF-(GIFT-FOR-ALL-OCCASIONS)-i.374345806.13182775839?model_id=87262300700,13182775839,CUSTOMIZED VINTAGE FRAME WITH FREE BOOKSHAPED BOX FREE SF (GIFT FOR ALL OCCASIONS),0,4.9,0,279,279,PHP,,0,"[""https://down-ph.img.susercontent.com/file/ph-11134207-7r992-lyz4l4gjbo8qe8_tn"",""https://down-ph.img.susercontent.com/file/ph-11134207-7r98u-lyz4l4gii6m614_tn"",""https://down-ph.img.susercontent.com/file/ph-11134207-7r98p-lx21rdqx021t5b_tn"",""https://down-ph.img.susercontent.com/file/ph-11134207-7r98y-lyz4l4gixmv217_tn"",""https://down-ph.img.susercontent.com/file/ph-11134207-7qul2-lfzx0yo6dny097_tn"",""https://down-ph.img.susercontent.com/file/ph-11134207-7r98o-lyz4l4gi44xq31_tn"",""https://down-ph.img.susercontent.com/file/ph-11134207-7r98v-lyz4l4gigrqya8_tn"",""https://down-ph.img.susercontent.com/file/ph-11134207-7r992-lyz4l4gi2qda54_tn"",""https://down-ph.img.susercontent.com/file/ph-11134207-7r98t-lyz4l4giw7zub3_tn""]",null,FIX███ONL███ SH███,https://shopee.ph/thefixieshop,"[""Home & Living"",""Decoration"",""Photo Frames & Wall Decoration""]","[{""name"":""Stock"",""value"":""2414""},{""name"":""Seasonal Decoration"",""value"":""No""},{""name"":""Ships From"",""value"":""Silang, Cavite""}]","WITH FREE BOOK-SHAPED JEWELRY BOX (NO JEWELRY : FREE BOX ONLY)

𝐎𝐑𝐃𝐄𝐑 PROCESS: 3-7 DAYS

ORDER FOR ALL OCCASIONS ! ❤️☃️

NOTE: 80 PESOS KALTAS + SAGOT NAMIN SF
𝐌𝐀𝐓𝐄𝐑𝐈𝐀𝐋:  Polyethylene Film with Stand
𝐑𝐄𝐌𝐈𝐍𝐃𝐄𝐑: 

🚨 Yung FREE/LIBRENG BOX ay hindi mo binayaran, so please wag mag rate ng mababa once may yupi ang box FRAME ang binayaran
🚨 WITH BUBBLE WRAP & FRAGILE STICKER

🩸: UNABLE TO SEND DETAILS FRAME WITH DESIGN IPAPADALA! NO RETURN REFUND APPROVED 
• Vintage Designs (retro stickers, self-layout designs, dried flowers, waterproof stickers, PVC material, postmark & more)

• QUALITY
 Printer worth 💰 32k HD Matte & Glossy prints
 Paper💴 Glossy Satin Paper WATERPROOF!

- DM FOR INQUIRY -",4.94,7,74,3.44 hours,Sun Jan 17 2021 04:10:24 GMT+0000 (Coordinated Universal Time),3429,"[{""name"":""Sizes"",""variations"":[""11×11 XS super mini"",""Frame: 14×14 SMALL"",""18×18 MEDIUM""]},{""name"":""Details"",""variations"":[""With lights"",""no lights""]}]",https://shopee.ph,,100636,false,,"[{""name"":""model"",""value"":""11×11 XS super mini,With lights""}]",0,https://shopee.ph/Wall-Decor-Picture-Frame-cat.11021407.11021424.11021425,null,,,null
https://shopee.co.id/Maroua-Sandal-i.1093460977.26107382433?model_id=178348084305,26107382433,Maroua Sandal,0,5,0,150000,120000,IDR,,0,"[""https://down-id.img.susercontent.com/file/id-11134207-7r98x-lzhhrhaqvinc04_tn"",""https://down-id.img.susercontent.com/file/id-11134207-7r98x-lyoy7600mb6w6a_tn"",""https://down-id.img.susercontent.com/file/id-11134207-7r98u-lyoy7600mbalfa_tn"",""https://down-id.img.susercontent.com/file/id-11134207-7r98x-lwg294cjgnyzac_tn"",""https://down-id.img.susercontent.com/file/id-11134207-7r98w-lwg294cjgomk7e_tn""]",null,NAO███ OF███IAL███,https://shopee.co.id/naoomi.official,"[""Sepatu Wanita"",""Sandal Jepit & Sandal Lainnya"",""Sandal Flat""]","[{""name"":""Stok"",""value"":""683""},{""name"":""Merek"",""value"":""NAOOMI""},{""name"":""Tinggi Hak"",""value"":""Tanpa Hak""},{""name"":""Bahan"",""value"":""Kulit, Lainnya, Karet, Sintetis""},{""name"":""Tipe Pengikat"",""value"":""Slip-On""},{""name"":""Negara Asal"",""value"":""Indonesia""},{""name"":""Sepatu Hiking"",""value"":""Tidak""},{""name"":""Dikirim Dari"",""value"":""KOTA BANDUNG""}]","NAOOMI OFFICIAL 

Sandal wanita kami adalah pilihan sempurna untuk menambahkan sentuhan gaya dan kenyamanan pada penampilan kamu. Dengan sendal ini, kamu akan siap menghadapi hari dengan percaya diri.

*Size normal
*100% realpict, take menggunakan kamera ponsel

Size Chart (Estimasi Panjang Kaki):
•	36 : 21,5 cm
•	37 : 22,5 cm
•	38 : 23,5 cm
•	39 : 24 cm
•	40 : 24,5 cm
•	41 : 25 cm
•	42 : 25,5 cm

Mohon untuk ketahui dulu panjang kaki kamu (cm) sebelum order.

Perawatan :
Untuk menjaga kondisi sepatu lap noda dengan kain lembut. Simpan dalam kotak dengan silika gel.

Pengiriman : 
Setiap hari MINGGU dan TANGGAL MERAH/LIBUR NASIONAL TIDAK ADA PENGIRIMAN.
(Barang akan dikirim setelah tanggal merah)

Jam operasional admin :
Senin s/d Sabtu jam 09:00 s/d 17:00 WIB. 
Hari Minggu dan Hari Libur Nasional OFF

Note :
* Warna produk yang Anda terima bisa jadi berbeda dengan warna pada foto karena resolusi warna dan pencahayaan ruangan.
* Jika ada selisih sedikit dalam masalah sizing, mohon dimaklumi.
* Complaint tidak dapat di tindak lanjuti jika tidak memenuhi prosedur penukaran size.
* Mohon untuk konfirmasi admin terlebih dahulu jika ada kendala, jika memberikan bad review tidak akan kami respon.

Thanks Nomi,
Happy Shopping!",4.83,62,82,3.04 hours,Thu Oct 12 2023 11:58:22 GMT+0000 (Coordinated Universal Time),62022,"[{""name"":""Warna"",""variations"":[""Maroon"",""Black""]},{""name"":""Ukuran"",""variations"":[""36"",""37"",""38"",""39"",""40"",""41"",""42""]}]",https://shopee.co.id,NAOOMI,100532,false,,"[{""name"":""model"",""value"":""Maroon,42""}]",0,https://shopee.co.id/Sandal-Flat-cat.11042604.11042624.11042625,null,,,null
https://shopee.co.id/New-Kacamata-Photocromic-Cat-Eye-F7003-Lensa-Bluecromic-Blueray-i.931359073.23046833006?model_id=231754819001,23046833006,New Kacamata Photocromic Cat Eye F7003 Lensa Bluecromic Blueray,0,4.8,0,69000,57960,IDR,,0,"[""https://down-id.img.susercontent.com/file/id-11134201-7qul8-limq0yo0zu2471_tn"",""https://down-id.img.susercontent.com/file/id-11134201-7qul0-limq10aa73wb90_tn"",""https://down-id.img.susercontent.com/file/id-11134201-7qul9-limq11w9u94373_tn"",""https://down-id.img.susercontent.com/file/id-11134201-7qukz-limq15u22rmyb6_tn"",""https://down-id.img.susercontent.com/file/id-11134201-7qukx-limq17njey03a3_tn"",""https://down-id.img.susercontent.com/file/id-11134201-7qul7-limq19esudg642_tn""]",null,For███a I███,https://shopee.co.id/audityaprazyuda,"[""Aksesoris Fashion"",""Kacamata & Aksesoris"",""Frame & Lensa Kacamata""]","[{""name"":""Stok"",""value"":""594257""},{""name"":""Merek"",""value"":""FORTUNE""},{""name"":""Jenis Kelamin"",""value"":""Unisex""},{""name"":""Bahan Bingkai"",""value"":""Plastik""},{""name"":""Bentuk Bingkai"",""value"":""Cat Eye/ Horn""},{""name"":""Tipe Bingkai"",""value"":""Full Rim""},{""name"":""Jenis Lensa"",""value"":""Lensa UV Protection""},{""name"":""Dikirim Dari"",""value"":""KOTA JAKARTA BARAT""}]","Selamat Datang Di Fortuna SHOPp
Kacamata Detail Tipe Bingkai: Full Rim
Tersedia Jenis Lensa:
• Lensa Blueray: Melindungi mata dari sinar HP,Laptop,dll.
• Lensa Photocromic: Berubah Warna Menjadi Gelap Ketika Kena Cahaya Matahari,semakin terik matahari akan
semakin gelap.
• Lensa Bluecromic Perpaduan Blueray dan Photocromic ygy.
Untuk Lensa Custom silahkan dicantumkan dipesan (opsional) Gratis Box dan Lap Pembersih Kacamata Barang
dipacking aman dan rapi.
Note:
• Khusus Untuk Lensa Custom Mohon ditulis di catatan pembeli atau langsung konfirmasi ukuran dengan benar
dan sesuai. Supaya menghindari tidak terjadi kesalahan.
• Untuk Setiap Pembelian Sudah dapat Box Kacamata dan Lap Pembersih dan dipacking aman dengan bubble
wrap tebal.
• Untuk Barang Mohon diunboxing menggunakan video jika ada kekurangan dari kami dan diganti dengan
barang yang baru kembali. Happy Shopping :)",4.84,33,97,1.81 hours,Tue Jan 03 2023 09:39:19 GMT+0000 (Coordinated Universal Time),3539,"[{""name"":""Warna"",""variations"":[""Hitam"",""Cream Leo"",""Caramel"",""Hitam Leo"",""Coklat Gradiasi""]},{""name"":""Spesifikasi"",""variations"":[""Antiradiasi"",""Photocromic Mns"",""Photocromic Normal"",""Bluecromic Normal"",""Blueray Mns"",""Bluecromic Mns""]}]",https://shopee.co.id,FORTUNE,100009,false,,"[{""name"":""model"",""value"":""Hitam,Photocromic Normal""}]",0,https://shopee.co.id/Frame-Lensa-Kacamata-cat.11042921.11042952.11042954,null,,,null
https://shopee.co.id/RAK-KOSMETIK-GANTUNG-/-RAK-RIAS-GANTUNG-KOKOH-i.290525296.22747607392,22747607392,RAK KOSMETIK GANTUNG / RAK RIAS GANTUNG KOKOH,0,4.5,0,65000,33000,IDR,,0,"[""https://down-id.img.susercontent.com/file/id-11134207-7qukw-liz0azq23di92b_tn"",""https://down-id.img.susercontent.com/file/id-11134207-7quky-liz0azq21yxt99_tn"",""https://down-id.img.susercontent.com/file/id-11134207-7qul3-lj1avgajuroj9b_tn""]",null,Jay███erk███sho██████,https://shopee.co.id/RAK-KOSMETIK-GANTUNG-/kasakiistore,"[""Perlengkapan Rumah"",""Furniture"",""Rak & Rak Gantung""]","[{""name"":""Stok"",""value"":""9864430""},{""name"":""Merek"",""value"":""-""},{""name"":""Perakitan"",""value"":""Sudah Dirakit""},{""name"":""Negara Asal"",""value"":""Indonesia""},{""name"":""Dikirim Dari"",""value"":""KAB. SIDOARJO""}]","WAJIB BACA DESKRIPSI SAMPAI SELESAI!! 

CERMIN RIAS/MEJA RIAS UK MINI✨

Meja Rias Dilengkapi Dengan Kaca

Detail full produk :
Bahan Hardboard (Lebih bagus dan lebih tebal)
Dibelakang cermin sudah terdapat pengait paku untuk digantung. 
Pemakaian : bisa ditempel di dinding atau ditaruh bawah

Uk. : 40 X 25
FREE KARDUS & BUBBLE WARP untuk packing yg lebih aman ♥️",4.51,11,84,2.22 hours,Wed Jul 29 2020 15:26:31 GMT+0000 (Coordinated Universal Time),544,"[{""variations"":[null]}]",https://shopee.co.id,,100636,false,,"[{""name"":""model"",""value"":null}]",0,https://shopee.co.id/Rak-Rak-Gantung-cat.11043778.11043820.11043828,null,,,null
https://shopee.com.mx/Juguete-Mokit-gundam-strike-freedom-66031/100-Escala-Modelo-De-Lucha-CWqtpISD-Figura-De-Acci%C3%B3n-tokofigure-vanmarvel-baltoys-Juguetesjuguete-De-Recogida-Juguetes-Bandung-Baratos-itoysbaltos-Colecci%C3%B3n-i.1002375526.25560365159,25560365159,Juguete Mokit gundam strike freedom 66031/100 Escala Modelo De Lucha CWqtpISD Figura De Acción tokofigure vanmarvel baltoys Juguetesjuguete De Recogida Juguetes Bandung Baratos itoysbaltos Colección,0,0,0,5.265000000000000e+02,5.265000000000000e+02,MXN,,0,"[""https://down-mx.img.susercontent.com/file/id-11134201-7qul6-lism7998p56244_tn"",""https://down-mx.img.susercontent.com/file/id-11134201-7qul6-lism79a2nx4r08_tn"",""https://down-mx.img.susercontent.com/file/id-11134201-7quky-lism799ioqlf5b_tn"",""https://down-mx.img.susercontent.com/file/id-11134201-7qul4-lism799ioqd74b_tn""]",null,van███vel███tos██████,https://shopee.com.mx/Juguete-Mokit-gundam-strike-freedom-66031/vanmarvelbaltoso0.mx,"[""Hobbies y Colecciones"",""Artículos Coleccionables"",""Figurillas de Acción""]","[{""name"":""Existencias"",""value"":""1""},{""name"":""Peso"",""value"":""1 Kilo""}]","Gundam golpe libertad mokit juguete 6603
Modelo de luchador a escala 1/100 

Cwqtpisd
El precio de los artículos incluye una tarifa de envío que debe ser transmitida por el comprador.
El precio del artículo incluye una tarifa de envío que debe ser transmitida por el comprador.",0,97,57,,Wed May 17 2023 05:36:52 GMT+0000 (Coordinated Universal Time),0,"[{""variations"":[null]}]",https://shopee.com.mx,,100639,false,,"[{""name"":""model"",""value"":null}]",0,https://shopee.com.mx/Figuras-de-Acci%C3%B3n-cat.11056743.11056795.11059120,null,,,null
https://shopee.cl/GC6-Stumble-guys-Monedero-Dibujo-Animado-Cute-Children-Zero-Wallet-Student-Card-Bag-Moda-Bolsa-De-Almacenamiento-Casual-i.662807606.22886781562?model_id=214762067059,22886781562,GC6 Stumble guys Monedero Dibujo Animado Cute Children Zero Wallet Student Card Bag Moda Bolsa De Almacenamiento Casual,0,5,0,2978,2786,CLP,,0,"[""https://down-cl.img.susercontent.com/file/sg-11134201-7rbky-loc8sf9zy4om7c_tn"",""https://down-cl.img.susercontent.com/file/sg-11134201-7rbkc-loav92mdr7777e_tn"",""https://down-cl.img.susercontent.com/file/sg-11134201-7rbkd-loav94bz92d21f_tn"",""https://down-cl.img.susercontent.com/file/sg-11134201-7rble-loav95qh8kf131_tn"",""https://down-cl.img.susercontent.com/file/sg-11134201-7rbku-loav97d0uwcx0b_tn"",""https://down-cl.img.susercontent.com/file/sg-11134201-7rbka-loav98z0gmk33a_tn"",""https://down-cl.img.susercontent.com/file/sg-11134201-7rbmx-loav9beewq6iab_tn"",""https://down-cl.img.susercontent.com/file/sg-11134201-7rbmu-loav9d40el2ra4_tn""]",null,gre███ent███6.c███,https://shopee.cl/greencentury6.cl,"[""Bolsas de Hombre"",""Monederos y Carteras"",""Monederos y Carteras""]","[{""name"":""Existencias"",""value"":""701""}]","Información Del producto 
Material: fibra de poliéster
Color: como se muestra
Método de apertura: Cremallera
Género aplicable: ambos sexos
Patrón:anime
Tamaño: 13,5*11 cm
Paquete: 1 ud./bolsa

Nota:
1. Lea la información sobre el tamaño antes de elegir el tamaño, gracias. Unidad: cm, 1 pulgada = 2,54 cm
2. La imagen solo muestra la muestra, debido a la luz, el entorno, la cámara, varios efectos, la imagen es ligeramente diferente de la real.
3. La medición Manual tendrá un error de 1-3 cm, por favor, comprenda.
¡Gracias!

Comentario:
1. Agradecemos que nos elija y nos animamos a hacerlo mejor. Sus comentarios y evaluación son muy importantes para nosotros.
2. Si está satisfecho con nuestros productos o servicios, déjenos una calificación de 5 estrellas.
3. Sin embargo, si tiene alguna pregunta o inquietud sobre su pedido, no dude en comunicarse con nosotros antes de recibir cualquier comentario, haremos todo lo posible para resolver el problema por usted.
 Verdecentury6.cl",4.69,558,57,,Fri Jan 21 2022 02:36:37 GMT+0000 (Coordinated Universal Time),242,"[{""name"":""color"",""variations"":[""stumble 01"",""stumble 02"",""stumble 03"",""stumble 04"",""stumble 05"",""stumble 06"",""stumble 07"",""stumble 08"",""stumble 09"",""stumble 10"",""stumble 11"",""stumble 12""]}]",https://shopee.cl,,100533,false,,"[{""name"":""model"",""value"":""stumble 08""}]",0,https://shopee.cl/Otros-cat.11070457.11070551.11071065,null,,,null
https://shopee.ph/INNA-CLEARANCE-SALE-Mini-Washing-Machine-Ultrasonic-Turbine-Washing-Machine-Portable-Turbo-Washer-i.252715525.26157144020,26157144020,INNA CLEARANCE SALE Mini Washing Machine Ultrasonic Turbine Washing Machine Portable Turbo Washer,0,0,0,270,149,PHP,,0,"[""https://down-ph.img.susercontent.com/file/sg-11134201-7rdvo-lym1eyhyqu9jbd_tn"",""https://down-ph.img.susercontent.com/file/sg-11134201-7rdwa-lym1eyryc8dwd0_tn"",""https://down-ph.img.susercontent.com/file/sg-11134201-7rdym-lym1eyym5a3m4a_tn"",""https://down-ph.img.susercontent.com/file/sg-11134201-7rdvx-lym1ez77sp4cc3_tn"",""https://down-ph.img.susercontent.com/file/sg-11134201-7rdy5-lym1ezfjf3t322_tn"",""https://down-ph.img.susercontent.com/file/sg-11134201-7rdvh-lym1ezm73yfaf7_tn"",""https://down-ph.img.susercontent.com/file/sg-11134201-7rdx0-lym1ezuiul422f_tn"",""https://down-ph.img.susercontent.com/file/sg-11134201-7rdvz-lym1f01qh7uu04_tn"",""https://down-ph.img.susercontent.com/file/sg-11134201-7rdwl-lym1f0g5w3rb20_tn""]",null,Inn███ome███,https://shopee.ph/homezania,"[""Home Appliances"",""Large Household Appliances"",""Washing Machines & Dryers"",""Washing Machines""]","[{""name"":""Stock"",""value"":""1898""},{""name"":""Ships From"",""value"":""Tondo I / Ii, Metro Manila""}]","• HIGH QUALITY MATERIALS: The folding washing machine is made of environmentally friendly materials. It is safe, non-toxic, and tasteless. And is durable. Can bear about 1 kg of clothing weight.Adopting low noise design, no worrying disturbing your rest or sleeping.
• ULTRASONIC CLEANING: This product of ours uses high-frequency vibration cavitation to accelerate the dispersion of the liquid, which can clean the turbine forward and backward to achieve the purpose of cleaning.It has a powerful suction cup, so there is no need to worry about shaking. Very effective in washing clothes.
• EASY TO USE: Once you set up washer to suitable bucket w/water, add your personal laundry and preferred detergent. Plug in and press the power button to on remote to begin auto circ.Carefully rubbing like hands, no hurt to clothing.The washing machine first cleans the turbine for 2 minutes, followed by 1.5 minutes of ultrasonic vibration cleaning, and then performs bubbling cleaning for 5 minutes, repeating for about 30 minutes.
• LIGHT AND PORTABLE: Diameter-9CM/3.54; Weight-300g, can be carried in a pocket or handbag.Suitable for those who cant use large machines,like travel and trips.This washing machine can only wash underwear or light and small objects, please do not use to wash heavy clothes such as jeans, coats, etc.
• ENERGY SAVING: Energy saving, environmental protection, water and electricity saving.Our portable washing machines not only save a third of water, but also save a lot of power than washing machines.",4.66,732,80,2.75 hours,Wed Apr 22 2020 07:15:03 GMT+0000 (Coordinated Universal Time),12232,"[{""name"":""Color"",""variations"":[""White""]}]",https://shopee.ph,,100010,false,,"[{""name"":""model"",""value"":""White""}]",0,https://shopee.ph/Washing-Machines-cat.11034482.11034543.11034546,"[{""claimable"":false,""currency"":""PHP"",""discount"":5,""discount_cap"":0,""discount_percentage"":0,""min_spend"":19900000,""shop_vouncher"":""Inna Home"",""special_condition"":null,""text_info"":""SVC-948354775801877"",""validity_end"":""2024-09-04T15:59:00.000Z"",""validity_start"":""2024-08-04T16:00:00.000Z""},{""claimable"":false,""currency"":""PHP"",""discount"":5,""discount_cap"":0,""discount_percentage"":0,""min_spend"":19900000,""shop_vouncher"":""Inna Home"",""special_condition"":null,""text_info"":""SVC-963633293844716"",""validity_end"":""2024-09-05T15:59:00.000Z"",""validity_start"":""2024-08-29T16:00:00.000Z""},{""claimable"":false,""currency"":""PHP"",""discount"":10,""discount_cap"":0,""discount_percentage"":0,""min_spend"":29900000,""shop_vouncher"":""Inna Home"",""special_condition"":null,""text_info"":""SVC-948354775932957"",""validity_end"":""2024-09-04T15:59:00.000Z"",""validity_start"":""2024-08-04T16:00:00.000Z""},{""claimable"":false,""currency"":""PHP"",""discount"":10,""discount_cap"":0,""discount_percentage"":0,""min_spend"":29900000,""shop_vouncher"":""Inna Home"",""special_condition"":null,""text_info"":""SVC-963633293451560"",""validity_end"":""2024-09-05T15:59:00.000Z"",""validity_start"":""2024-08-29T16:00:00.000Z""},{""claimable"":false,""currency"":""PHP"",""discount"":20,""discount_cap"":0,""discount_percentage"":0,""min_spend"":49900000,""shop_vouncher"":""Inna Home"",""special_condition"":null,""text_info"":""SVC-963633293451504"",""validity_end"":""2024-09-05T15:59:00.000Z"",""validity_start"":""2024-08-29T16:00:00.000Z""},{""claimable"":false,""currency"":""PHP"",""discount"":50,""discount_cap"":0,""discount_percentage"":0,""min_spend"":149900000,""shop_vouncher"":""Inna Home"",""special_condition"":null,""text_info"":""SVC-963633301839944"",""validity_end"":""2024-09-05T15:59:00.000Z"",""validity_start"":""2024-08-29T16:00:00.000Z""}]",,,null
"https://shopee.com.mx/Tarmac-SL6-Marco-De-Carbono-Para-Bicicleta-De-Carretera-,-Dise%C3%B1o-De-Taiw%C3%A1n-i.538058143.23901136870",23901136870,"Tarmac SL6-Marco De Carbono Para Bicicleta De Carretera , Diseño De Taiwán",0,0,0,2.292960000000000e+04,2.292960000000000e+04,MXN,,0,"[""https://down-mx.img.susercontent.com/file/811f1b1a8a0bc99be4193f3bdf6a663b_tn"",""https://down-mx.img.susercontent.com/file/e8033cd9257ed6f96ec2964770238aa6_tn"",""https://down-mx.img.susercontent.com/file/9f07475aacd2dadcacb258877e905a7c_tn"",""https://down-mx.img.susercontent.com/file/5e921ee4400bac6074682e403c39b8c8_tn""]",null,out███neb███.mx███,https://shopee.com.mx/outshonebike.mx,"[""Deportes y Aire Libre"",""Deportes y Recreación al Aire Libre"",""Ciclismo"",""Componentes y Accesorios de Bicicletas""]","[{""name"":""Existencias"",""value"":""10""},{""name"":""Tipo de Piezas de Bicicleta"",""value"":""Campanas y Cuernos, Marcos, Manubrio""}]","Sl6 T1000 - marco de carbono completo
Horquilla de carbono completa SL6
Sl6 - tija de asiento de carbono
Audífonos S-Work
Taiwán hecho
Disponible en todos los tamaños. Amablemente haga clic en CHAT y póngase en contacto con nosotros y indique el tamaño de su marco.

Puede comunicarse con nosotros en +6 010 - 299 9262",4.27,9,57,,Tue Sep 14 2021 13:01:03 GMT+0000 (Coordinated Universal Time),75,"[{""variations"":[null]}]",https://shopee.com.mx,,100637,false,,"[{""name"":""model"",""value"":null}]",0,https://shopee.com.mx/Componentes-y-Accesorios-de-Bicicletas-cat.11058547.11058613.11059047,null,,,null
https://shopee.com.co/Arai-Unidad-De-Pegatina-De-Corte-Casco-Accesorios-Motocicleta-i.676349137.21801168072,21801168072,Arai Unidad De Pegatina De Corte Casco Accesorios Motocicleta,0,5,0,18288,17184,COP,,0,"[""https://down-co.img.susercontent.com/file/bb35840f543348cd08b2b1946f972e3b_tn"",""https://down-co.img.susercontent.com/file/d3de199bc028e8a73cf03711795aadab_tn"",""https://down-co.img.susercontent.com/file/f1dc02731658d833d547b22bfc66a45a_tn"",""https://down-co.img.susercontent.com/file/0f96c25ecc78fcaff6c5eb1f39db7028_tn""]",null,pap███ack███cha█████████o,https://shopee.com.co/paperjackmerchandiseyc.co,"[""Motocicletas"",""Accesorios para Motocicletas"",""Pegatinas, Logos y Emblemas""]","[{""name"":""Existencias"",""value"":""9985""}]","Tamaño 10 cm x 5 cm

Esta pegatina de corte está hecha de Material importado de Alemania,
Resistente al calor y no se desvanecerá.
Fuerte adherencia 
No dañará el cuerpo del vehículo.


Como se adjunta a:
- Carrocería
- Bicicleta
- Vidrio de coche
- Material de aluminio/hierro
- Material de madera
- Pc/portátil
- Banco de energía
- Puerta
- Pared
- Gadgets
-Et.


Registros de tiendas
El precio de los artículos incluye una tarifa de envío que debe ser transmitida por el comprador.
El precio del artículo incluye una tarifa de envío que debe ser transmitida por el comprador.",0,19,57,,Thu Feb 03 2022 11:01:58 GMT+0000 (Coordinated Universal Time),2,"[{""variations"":[null]}]",https://shopee.com.co,,100641,false,,"[{""name"":""model"",""value"":null}]",0,"https://shopee.com.co/Pegatinas,-Logos-y-Emblemas-cat.11069117.11069295.11070076",null,,,null
https://shopee.co.th/%E0%B8%94%E0%B8%B2%E0%B8%A3%E0%B9%8C%E0%B8%A5%E0%B8%B5%E0%B9%88-%E0%B8%A2%E0%B8%B2%E0%B8%AA%E0%B8%B5%E0%B8%9F%E0%B8%B1%E0%B8%99-%E0%B8%AD%E0%B8%AD%E0%B8%A5%E0%B8%A5%E0%B9%8C-%E0%B8%8A%E0%B8%B2%E0%B8%A2%E0%B8%99%E0%B8%B5%E0%B9%88-%E0%B9%84%E0%B8%A7%E0%B8%97%E0%B9%8C-%E0%B9%80%E0%B8%A5%E0%B8%A1%E0%B8%AD%E0%B8%99-%E0%B8%A1%E0%B8%B4%E0%B8%99%E0%B8%95%E0%B9%8C-140-%E0%B8%81%E0%B8%A3%E0%B8%B1%E0%B8%A1-[%E0%B9%81%E0%B8%9E%E0%B9%87%E0%B8%84%E0%B8%84%E0%B8%B9%E0%B9%88]-i.438282802.9159011574,9159011574,ดาร์ลี่ ยาสีฟัน ออลล์ ชายนี่ ไวท์ เลมอน มินต์ 140 กรัม [แพ็คคู่],0,4.9,0,139,95,THB,,0,"[""https://down-th.img.susercontent.com/file/th-11134207-7r98x-ltgg3wo6mmwv5d_tn"",""https://down-th.img.susercontent.com/file/th-11134201-7qul5-lhn0908s1fhf96_tn"",""https://down-th.img.susercontent.com/file/th-11134201-7qukx-lhzuep3f7uebee_tn"",""https://down-th.img.susercontent.com/file/th-11134201-7qul5-lhn090hdou8jde_tn"",""https://down-th.img.susercontent.com/file/th-11134201-7qul7-lhzuesfkc14375_tn"",""https://down-th.img.susercontent.com/file/th-11134201-7qul2-lhzucqkmf2fn87_tn"",""https://down-th.img.susercontent.com/file/th-11134201-7qukz-lhh4l4w7c2s313_tn""]",null,Dar███ Of███ial█████████,https://shopee.co.th/darlie_officialshop,"[""กลุ่มผลิตภัณฑ์เพื่อสุขภาพ"",""ของใช้ส่วนตัว"",""ผลิตภัณฑ์ดูแลช่องปาก"",""ยาสีฟัน""]","[{""name"":""คลัง"",""value"":""49""},{""name"":""สินค้า"",""value"":""Darlie(ดาร์ลี่)""},{""name"":""ส่งจาก"",""value"":""จังหวัดสมุทรปราการ""}]","ยาสีฟันดาร์ลี่ ออลล์ ชายนี่ ไวท์ เลมอน มินต์

ระเบิดพลังฟันขาวสะอาด 14 วัน + พร้อมป้องกันคราบเกิดใหม่2 



ฟันขาวขึ้นอย่างเป็นธรรมชาติใน 14 วัน + ป้องกันคราบเกิดใหม่2 

- ด้วยพลังไมโครไวท์เทนนิ่ง1 ขจัดคราบสะสมถึง 2 เท่า3 ให้ฟันขาวขึ้นเป็นธรรมชาติอย่างมีประสิทธิภาพ พร้อมป้องกันคราบเกิดใหม่2



ลมหายใจหอมสดชื่น4

- ด้วยเลมอนเอสเซนส์และมินต์อโรม่าสกัดจากธรรมชาติ4 เพื่อลมหายใจหอมสดชื่น



1Total polyphosphate (Tetrasodium Pyrophosphate, Disodium Pyrophosphate) 

2ช่วยป้องกันคราบเกาะบนผิวฟัน

3เมื่อทดสอบและเปรียบเทียบในห้องทดลองกับยาสีฟันดาร์ลี่ สูตรไวท์เทนนิ่งทั่วไป

4สารแต่งรสมีส่วนผสมของสารสกัดเลมอนและมินต์จากธรรมชาติ

ผลลัพธ์ที่ได้อาจแตกต่าง ขึ้นอยู่กับการดูแลของแต่ละบุคคล",4.91,70,98,0.15 hours,Thu May 06 2021 05:19:40 GMT+0000 (Coordinated Universal Time),115592,"[{""variations"":[null]}]",https://shopee.co.th,Darlie(ดาร์ลี่),100001,false,,"[{""name"":""model"",""value"":null}]",0,https://shopee.co.th/%E0%B8%94%E0%B8%B9%E0%B9%81%E0%B8%A5%E0%B8%8A%E0%B9%88%E0%B8%AD%E0%B8%87%E0%B8%9B%E0%B8%B2%E0%B8%81-cat.11044959.11045210.11046509,"[{""claimable"":false,""currency"":""THB"",""discount"":29,""discount_cap"":0,""discount_percentage"":0,""min_spend"":23900000,""shop_vouncher"":""Darlie Official Store"",""special_condition"":null,""text_info"":""DARLSP01"",""validity_end"":""2024-09-08T12:59:00.000Z"",""validity_start"":""2024-08-31T17:00:00.000Z""},{""claimable"":false,""currency"":""THB"",""discount"":59,""discount_cap"":0,""discount_percentage"":0,""min_spend"":39900000,""shop_vouncher"":""Darlie Official Store"",""special_condition"":null,""text_info"":""DARLSP02"",""validity_end"":""2024-09-08T12:59:00.000Z"",""validity_start"":""2024-08-31T17:00:00.000Z""},{""claimable"":false,""currency"":""THB"",""discount"":119,""discount_cap"":0,""discount_percentage"":0,""min_spend"":69900000,""shop_vouncher"":""Darlie Official Store"",""special_condition"":null,""text_info"":""DARLSP03"",""validity_end"":""2024-09-08T12:59:00.000Z"",""validity_start"":""2024-08-31T17:00:00.000Z""},{""claimable"":false,""currency"":""THB"",""discount"":null,""discount_cap"":99900000,""discount_percentage"":10,""min_spend"":119900000,""shop_vouncher"":""Darlie Official Store"",""special_condition"":null,""text_info"":""DARLSP04"",""validity_end"":""2024-09-08T12:59:00.000Z"",""validity_start"":""2024-08-31T17:00:00.000Z""}]",,,null
https://shopee.com.mx/VQ-Algod%C3%B3n-Chaleco-Deportivo-Hombres-Fitness-Jogging-Casual-Tank-top-i.396752270.21584249098?model_id=184587894809,21584249098,VQ Algodón Chaleco Deportivo Hombres Fitness Jogging Casual Tank-top,0,3.6,0,6.565000000000000e+02,2.099000000000000e+02,MXN,,0,"[""https://down-mx.img.susercontent.com/file/dee2e2c072c8ef5499270b6456e108a0_tn"",""https://down-mx.img.susercontent.com/file/3748ab1bb558a3f6041f61480f29a8f2_tn"",""https://down-mx.img.susercontent.com/file/84a2862b773addd0ca0499de90963d0a_tn"",""https://down-mx.img.susercontent.com/file/1499498979d4357ecf3ffc0fbf664491_tn"",""https://down-mx.img.susercontent.com/file/a643ecfcb0c8a0473fe091ef0e2f3522_tn"",""https://down-mx.img.susercontent.com/file/1e9016a031f86d54a5d399859e3b748d_tn"",""https://down-mx.img.susercontent.com/file/52c131d806da3909366bebafdb02cd26_tn"",""https://down-mx.img.susercontent.com/file/334c31f723fb19a6265f23a0a81bcdac_tn"",""https://down-mx.img.susercontent.com/file/8c11251e07daefea3c4197e8012a8b43_tn""]",null,she███ei.███,https://shopee.com.mx/shengfei.mx,"[""Ropa de Hombre"",""Tops"",""Tanks""]","[{""name"":""Existencias"",""value"":""4999""},{""name"":""Longitud de la Manga"",""value"":""Sin Mangas""},{""name"":""Estilo"",""value"":""Atlético, Básico, Estilo Callejero""},{""name"":""Tipo de Encaje del Top"",""value"":""Músculo""},{""name"":""Material"",""value"":""Algodón""},{""name"":""Patrón"",""value"":""Estampado""},{""name"":""Talla Extra"",""value"":""Sí""}]","💪100% nuevo de alta calidad
💪Mercancía en esta tienda está disponible en stock, puedes suscribirte directamente

✅La mejor opción para el clima cálido
✅El favorito de Fitness es
🤗Chaleco de algodón para exterior/ocio doméstico

Tejido: 85% algodón.
Espesor: Normal
Suave: agradable a la piel
Elasticidad: Micro-elástico
Función: absorbente de humedad transpirable
Aplicable: gimnasio Rock escalada montaña escalada Deportes ocio

Color: blanco, amarillo, azul marino, negro y negro, negro y rojo
Tamaño: M, L, XL, XXL, XXXL

☞ Para más estilos deportivos, vaya a la tienda para buscar",4.49,265,67,2.43 hours,Wed Mar 03 2021 11:17:29 GMT+0000 (Coordinated Universal Time),89,"[{""name"":""Color"",""variations"":[""Blanco"",""Amarillo"",""Azul marino"",""Negro y negro"",""Negro y rojo""]},{""name"":""Tamaño"",""variations"":[""M"",""L"",""XL"",""XXL"",""XXXL""]}]",https://shopee.com.mx,,100011,false,,"[{""name"":""model"",""value"":""Negro y rojo,XXXL""}]",0,https://shopee.com.mx/Otros-cat.11057055.11057084.11057232,"[{""claimable"":false,""currency"":""MXN"",""discount"":null,""discount_cap"":4500000,""discount_percentage"":20,""min_spend"":18000000,""shop_vouncher"":""shengfei.mx"",""special_condition"":null,""text_info"":""SHENCCKBZ"",""validity_end"":""2024-10-01T05:59:59.000Z"",""validity_start"":""2024-09-01T06:00:00.000Z""},{""claimable"":false,""currency"":""MXN"",""discount"":null,""discount_cap"":2000000,""discount_percentage"":18,""min_spend"":6000000,""shop_vouncher"":""shengfei.mx"",""special_condition"":null,""text_info"":""SHENOXJCA"",""validity_end"":""2024-10-01T05:59:59.000Z"",""validity_start"":""2024-09-01T06:00:00.000Z""},{""claimable"":false,""currency"":""MXN"",""discount"":null,""discount_cap"":1950000,""discount_percentage"":10,""min_spend"":1000,""shop_vouncher"":""shengfei.mx"",""special_condition"":null,""text_info"":""SHENXXAVV"",""validity_end"":""2024-10-01T05:59:59.000Z"",""validity_start"":""2024-09-01T06:00:00.000Z""}]",,,null
https://shopee.com.mx/3-botellas-East-Moon-Minoxidil-5%-Soluci%C3%B3n-t%C3%B3pica-para-el-crecimiento-del-cabello-L%C3%ADquido-Barba-Crecimiento-Cejas-Gu%C3%ADas-de-crecimiento-i.382364692.20890243649?model_id=186844086210,20890243649,3 botellas East Moon Minoxidil 5% Solución tópica para el crecimiento del cabello Líquido Barba Crecimiento Cejas Guías de crecimiento,0,0,0,4.062600000000000e+02,4.062600000000000e+02,MXN,,0,"[""https://down-mx.img.susercontent.com/file/sg-11134201-7qvfi-lik1x7s7qnvzdd_tn"",""https://down-mx.img.susercontent.com/file/sg-11134201-7qve1-liie44lxx2py21_tn"",""https://down-mx.img.susercontent.com/file/sg-11134201-7qvev-lgp1c1zqpilg68_tn"",""https://down-mx.img.susercontent.com/file/sg-11134201-7qve8-liie43ywusfn72_tn"",""https://down-mx.img.susercontent.com/file/sg-11134201-7qved-lfoswbgqovs239_tn"",""https://down-mx.img.susercontent.com/file/sg-11134201-7qvea-liie457l1ey2d3_tn"",""https://down-mx.img.susercontent.com/file/sg-11134201-7qvei-lfosw88hf0bme4_tn"",""https://down-mx.img.susercontent.com/file/sg-11134201-7qvfp-lgp1byyz4ovr24_tn"",""https://down-mx.img.susercontent.com/file/sg-11134201-7qvg9-liie42okqlbjad_tn""]",null,mee███a.m███,https://shopee.com.mx/guides.mx,"[""Belleza"",""Cuidado del Cabello"",""Modelado de Cabello""]","[{""name"":""Existencias"",""value"":""1999""},{""name"":""Duración"",""value"":""24 Meses""}]","Descripción:
Nombre: Líquido de crecimiento del cabello de los hombres
Contenido neto: 3 piezas (60 ml * 3)
Vida útil: tres años
Método de almacenamiento: almacenar en un lugar fresco y seco
Función del producto: crecimiento del cabello.
Peso neto: 171g
Peso bruto: 180g
Ingredientes: jengibre, menta, Polygonum multiflorum, etc.
Especificaciones:
Promueve el crecimiento del cabello y previene la caída del cabello.
Nutre el cabello, repara profundamente los folículos pilosos.
También puede hidratar el cabello y hacerlo brillante, sedoso y suave.
El producto contiene la esencia del extracto de jengibre y tiene una variedad de nutrientes.
Nutre las raíces del cabello y mantiene la salud.
Síntomas de cabello aplicables: crecimiento lento del cabello, crecimiento del cabello, sin elasticidad
El cabello está opaco, se rompe fácilmente, es áspero, incómodo y no es suave.
El paquete incluye:
3 * líquido de crecimiento del cabello",4.52,311,57,,Tue Feb 02 2021 09:35:44 GMT+0000 (Coordinated Universal Time),1364,"[{""name"":""color"",""variations"":[""60ml*3pcs"",""Nasal hair scraper""]}]",https://shopee.com.mx,,100630,false,,"[{""name"":""model"",""value"":""60ml*3pcs""}]",0,https://shopee.com.mx/Modelado-de-Cabello-cat.11056740.11056748.11056820,null,,,null
https://shopee.co.th/Beatrice---Cream%F0%9F%8C%B7%E2%9C%A8%F0%9F%8D%A6%E0%B9%80%E0%B8%AA%E0%B8%B7%E0%B9%89%E0%B8%AD%E0%B8%AA%E0%B8%B2%E0%B8%A2%E0%B9%80%E0%B8%94%E0%B8%B5%E0%B9%88%E0%B8%A2%E0%B8%A7%E0%B8%81%E0%B8%B1%E0%B8%9A%E0%B8%81%E0%B8%A3%E0%B8%B0%E0%B9%82%E0%B8%9B%E0%B8%A3%E0%B8%87-%E0%B8%AA%E0%B9%84%E0%B8%95%E0%B8%A5%E0%B9%8C%E0%B8%A5%E0%B8%B9%E0%B8%81%E0%B8%84%E0%B8%B8%E0%B8%93%E0%B8%AB%E0%B8%99%E0%B8%B9%E0%B8%84%E0%B8%B0-%E0%B8%99%E0%B9%88%E0%B8%B2%E0%B8%A3%E0%B8%B1%E0%B8%81%E0%B8%A1%E0%B8%B2%E0%B8%81%E0%B9%86%E0%B8%84%E0%B9%88%E0%B8%B0%F0%9F%AB%B6%F0%9F%8F%BB-BT-CREAM-i.109981.18995315342?model_id=246469329614,18995315342,Beatrice - Cream🌷✨🍦เสื้อสายเดี่ยวกับกระโปรง ��ไตล์ลูกคุณหนูคะ น่ารักมากๆค่ะ🫶🏻 BT-CREAM,0,4.9,0,590,561,THB,,0,"[""https://down-th.img.susercontent.com/file/th-11134207-7r990-lo6suwwkene8d2_tn"",""https://down-th.img.susercontent.com/file/th-11134207-7r98v-lo725b47wg6q6b_tn"",""https://down-th.img.susercontent.com/file/th-11134207-7r990-lo725b4hw1rk0e_tn"",""https://down-th.img.susercontent.com/file/th-11134207-7r98v-lo725b4ibi0gb6_tn"",""https://down-th.img.susercontent.com/file/th-11134207-7r98z-lo725b47xur6a5_tn"",""https://down-th.img.susercontent.com/file/th-11134207-7r98z-lo725b4hxgc0ab_tn"",""https://down-th.img.susercontent.com/file/th-11134207-7r992-lo725b4icwkwe1_tn"",""https://down-th.img.susercontent.com/file/th-11134207-7r98w-lo725bctjv1u6c_tn""]",null,GIL███NBO███QUE█████████อล ███,https://shopee.co.th/giltmonboutique,"[""เสื้อผ้าผู้หญิง"",""เสื้อ"",""เสื้อกล้าม/สายเดี่ยว""]","[{""name"":""คลัง"",""value"":""1150""},{""name"":""ขนาดใหญ่"",""value"":""ไม่""},{""name"":""ส่งจาก"",""value"":""จังหวัดนครราชสีมา""}]","Beatrice - Cream 🤍เสื้อสายเดี่ยวกับกระโปรง สไตล์ลูกคุณหนูคะ น่ารักมากๆค่ะ🫶🏻
✨ดีเทล
✨เสื้อ เป็นซิปถอดได้ข้างหลัง มีซับในทั้งตัว ตกแต่งด้วยผ้าชีฟอง แขนสามารถใส่แบบตรงหัวไหล่หรือ เป็นแบบเปิดไหล่ (ไม่ใส่ฟองน้ำค่ะ)
✨กระโปรง เป็นกระโปรงเอวสูงทรงเอนิดๆทรงเข้ารูป เย็บกับซับในทั้งตัว มีซิปซ้อนข้างหลังค่ะ คล้ายกับรุ่นลอล่าแต่รุ่นเบียทริสความยาวกระโปรงจะสั้นกว่าค่ะ ความยาวกระโปรง14นิ้วค่ะ


(เสื้อ 490บาท กระโปรง 490บาท)
(ไซส์ L,XL เพิ่ม100บาท)
สามารถสั่งตัดไซส์พิเศษได้ค่ะ

🌷ขนาดไซส์🌷
XS: อก29-30"" เอว23-24"" สะโพก33-34""
S : อก31-32"" เอว25-26"" สะโพก35-36""
M: อก33-34"" เอว27-28"" สะโพก37-38""
L: อก35-36"" เอว29-30"" สะโพก39-40""
XL อก37-38” เอว31-32” สะโพก41-42”

นางแบบ อก31 เอว 23 สะโพก 32 ใส่ไซส์ XS ค่ะ

🫶🏻แนะนำ ใส่แบบพอดีไซส์นะคะ🫶🏻",4.91,162,91,1.61 hours,Thu Jul 09 2015 03:27:14 GMT+0000 (Coordinated Universal Time),73890,"[{""name"":""แบบ"",""variations"":[""เสื้อ"",""กระโปรง"",""เสื้อขาว"",""กระโปรงขาว"",""เสื้อชมพู"",""กระโปรงชมพู"",""เสื้อดำ"",""กระโปรงดำ"",""เสื้อแดง"",""กระโปรงแดง""]},{""name"":""ขนาด"",""variations"":[""XS"",""S"",""M"",""L"",""XL""]}]",https://shopee.co.th,,100017,false,,"[{""name"":""model"",""value"":""กระโปรงชมพู,L""}]",0,https://shopee.co.th/%E0%B9%80%E0%B8%AA%E0%B8%B7%E0%B9%89%E0%B8%AD%E0%B8%81%E0%B8%A5%E0%B9%89%E0%B8%B2%E0%B8%A1/%E0%B8%AA%E0%B8%B2%E0%B8%A2%E0%B9%80%E0%B8%94%E0%B8%B5%E0%B9%88%E0%B8%A2%E0%B8%A7-cat.11044944.11045058.11045404,null,,,null
https://shopee.cl/vi-Self-adhesive-Wall-mounted-Under-Shelf-Spice-Organizer-Spice-Bottle-Storage-Rack-es-i.617918258.14565615270,14565615270,vi Self-adhesive Wall-mounted Under-Shelf Spice Organizer Spice Bottle Storage Rack es,0,0,0,23255,23255,CLP,0,0,"[""https://down-cl.img.susercontent.com/file/020e3285f733ee96129c59d7e1196d4d_tn"",""https://down-cl.img.susercontent.com/file/820d6f45d9e2fde7cc9ed0ff27b497f8_tn"",""https://down-cl.img.susercontent.com/file/b7bf04d5a2d9c86ea7ae4c67e084f7d8_tn"",""https://down-cl.img.susercontent.com/file/38bff592a01c0905de396bd63c2a4309_tn"",""https://down-cl.img.susercontent.com/file/6cfc0873477f53503c5033061af04412_tn"",""https://down-cl.img.susercontent.com/file/119701db2e8b9fe6925317d66ea6c314_tn""]",null,out███eal███,https://shopee.cl/outaoreal.cl,"[""Hogar y Vida"",""Utensilios de Cocina"",""Escurridores de Cocina""]",null,"Self-adhesive Wall-mounted Under-Shelf Spice Organizer Spice Bottle Storage Rack
Material: PP
Size: As shown in the figure
Color: shown in the figure
Package includes: 1PC",3,3000,57,,Thu Dec 09 2021 03:03:58 GMT+0000 (Coordinated Universal Time),1,"[{""variations"":[null]}]",https://shopee.cl,,100636,false,,"[{""name"":""model"",""value"":null}]",0,https://shopee.cl/Escurridores-de-Cocina-cat.11070442.11070641.11071524,null,,,null
https://shopee.com.br/Caracter%C3%ADsticas-De-Deus-Essenciais-Marca-De-Moda-Manga-Curta-Slogan-SimpleTT-shirt-Casal-Masculino-E-Feminino-i.1238213004.24925788850?model_id=232715646087,24925788850,Características De Deus Essenciais Marca De Moda Manga Curta Slogan SimpleTT-shirt Casal Masculino E Feminino,0,0,0,155,155,BRL,,0,"[""https://down-br.img.susercontent.com/file/sg-11134201-7rd5a-ludh1bz53iec7b_tn"",""https://down-br.img.susercontent.com/file/sg-11134201-7rd4p-ludh1cvvrlmv70_tn"",""https://down-br.img.susercontent.com/file/sg-11134201-7rd3z-ludh1dkkrgy9ee_tn"",""https://down-br.img.susercontent.com/file/sg-11134201-7rd66-ludh1ed5ln40ac_tn"",""https://down-br.img.susercontent.com/file/sg-11134201-7rd49-ludh1f74dsdu4a_tn"",""https://down-br.img.susercontent.com/file/sg-11134201-7rd40-luazpz57cln1df_tn"",""https://down-br.img.susercontent.com/file/sg-11134201-7rd73-ludh1gb2rbx3f0_tn"",""https://down-br.img.susercontent.com/file/sg-11134201-7rd5a-ludh1bz53iec7b_tn""]",null,lia███i.b███,https://shopee.com.br/lianshi.br,"[""Roupas Masculinas"",""Blusas"",""Camisetas""]","[{""name"":""Estoque"",""value"":""800""},{""name"":""Compimento da Manga"",""value"":""Manga Curta""},{""name"":""Tipo de roupas da parte de cima"",""value"":""Largo""},{""name"":""Estações do ano"",""value"":""Verão""},{""name"":""Plus Size"",""value"":""Sim""},{""name"":""Material"",""value"":""Protetor solar, secagem rápida, respirável, Anti-ultravioleta, antirrugas, resistente ao desgaste, absorção de umidade, alta cor, resfriamento e resfriamento""},{""name"":""Estilo"",""value"":""Maré de Rua""},{""name"":""Quantidade"",""value"":""Nilo""},{""name"":""Estampa"",""value"":""Cartas""},{""name"":""Envio de"",""value"":""Internacional""}]","Descrição do produto em inglês após português

Estilo do estilo: Moda de rua

No do Item: DX6010

Composição principal do tecido:Algodão

Padrão: Letras

Versão: Solto

Categoria da fonte: Mercadorias pontuais

Pessoas: Adequado para pessoas:Teenagers

Categoria de produtos de compras: popularidade juvenil (18-40 anos)

Estilo: pulôver

Tipo de gola: sem gola

Forma de decote redondo: formato de decote redondo: pescoço redondo

Comprimento da manga:Manga curta

Com capuz ou não: sem capuz

Espessura da grossura: Comum

Marca:essencials ZONE

Adequado para estações: Adequado para estações: Quatro estações

Faixa de erro de erro: 1-3

Estoque ou não:não

Temporada de lançamento/temporada: 2021Verão

Nome do tecido do algodão

Componentes de tecido principal:100

Cenários aplicáveis: Lazer

Detalhes do estilo de impressão:Impressão

Tema de impressão:MarcaLOGO

Artesanato: Impressão/Impressão e tingimento

Muito grande,Também preto grande

Tamanho: S, M, G, XL

Marcas particulares autorizadas:Não

A exportação transfronteiriça está exclusivamente disponível: Se a exportação transfronteiriça está exclusivamente disponível:Sim

Categoria de categoria: colete de camiseta

Tipo de manga: manga de ombro de gota

Fonte de Design Original da fonte: Não

Relatório de inspeção de qualidade com relatório de inspeção de qualidade ou não:Não

Peso da grama:250g

Função de Material: proteção solar, secagem rápida, resistência Uv, antirugas, resistente ao desgaste, absorção de umidade, alta resistência à cor, sensação de resfriamento
**************************************************

Description:

Style：Street fashion

Item No.：DX6010

Main Fabric Composition：Cotton

Pattern：Letters

Version：Loose

Source Category：Spot Goods

Suitable for People：Teenagers

Shopping Products Category：Youth popularity（18-40Years Old）

Style：Pullover

Collar Type：Collarless

Neckline Shape：round Neck

Sleeve Length：Short Sleeve

Hooded Or Not：No Hooded

Thickness：Ordinary

Brand：ESSENTIALS ZONE

Suitable for Seasons：Four Seasons

Error Range：1-3

Inventory Or Not：No

Year of release/Season：2021Summer

Fabric Name：Cotton

Content of Main Fabric Components：100

Applicable Scenarios：Leisure

Style Details：Printing

Printing theme：BrandLOGO

Craft：Printing/Printing and Dyeing

Color：White Too Large,Black Too Large

Size：S,M,L,XL

Have Authorized Private Brands：No

Whether Cross-Border Export Is Exclusively Available：Yes

Category：TT-shirt Vest

Sleeve Type：Drop-shoulder sleeve

Original Design Supply：No

With quality inspection report or not：No

Gram Weight：250g

Material Function：Sun Protection,Quick-Drying,Breathable,Uv Resistance,Anti-Wrinkle,Wear-Resistant,Moisture Wicking,High Color Fastness,Cooling Feeling",4.5,2,100,9.43 hours,Sat Apr 20 2024 02:40:01 GMT+0000 (Coordinated Universal Time),7,"[{""name"":""Cor"",""variations"":[""Branco grande"",""Preto grande""]},{""name"":""Tamanho"",""variations"":[""S"",""M"",""L"",""XL""]}]",https://shopee.com.br,,100011,false,,"[{""name"":""model"",""value"":""Branco grande,XL""}]",0,https://shopee.com.br/Camisetas-cat.11059986.11060155.11061899,null,,,null
https://shopee.co.id/Buket-Bunga-Artifical-|-Buket-Wisuda-|-Free-Packing-Kardus-i.70507277.29409781471?model_id=223169636838,29409781471,Buket Bunga Artifical | Buket Wisuda | Free Packing Kardus,0,0,0,40000,40000,IDR,,0,"[""https://down-id.img.susercontent.com/file/id-11134207-7r991-lzlu5v2n2wx4d7_tn""]",null,Buk███Bun███Art█████████y B███,https://shopee.co.id/karisma188,"[""Perlengkapan Rumah"",""Dekorasi"",""Bunga""]","[{""name"":""Stok"",""value"":""5""},{""name"":""Merek"",""value"":""-""},{""name"":""Jenis Garansi"",""value"":""Tidak Garansi""},{""name"":""Negara Asal"",""value"":""Indonesia""},{""name"":""Bentuk Bunga"",""value"":""Buket""},{""name"":""Jenis Bunga"",""value"":""Buatan""},{""name"":""Spesies Tanaman"",""value"":""Bunga Artifical""},{""name"":""Dikirim Dari"",""value"":""KAB. BANTUL""}]","Buket Bunga
Buket Uang
Buket Boneka Wisuda
",4.93,10,23,3.88 hours,Mon May 21 2018 09:13:24 GMT+0000 (Coordinated Universal Time),70,"[{""name"":""Buket Bunga"",""variations"":[""Hitam Bunga Merah"",""Pink Bunga Pink"",""Buket Boneka Wisuda"",""Biru Bunga Putih"",""Putih Bunga Mix""]}]",https://shopee.co.id,,100636,false,,"[{""name"":""model"",""value"":""Hitam Bunga Merah""}]",0,https://shopee.co.id/Buket-Bunga-cat.11116633.11044253.11044254,null,,,null
https://shopee.cl/Sylvanian-Families-Mesa-Y-Silla-De-Jard%C3%ADn-Ornamentada-i.1002420580.22744534632,22744534632,Sylvanian Families Mesa Y Silla De Jardín Ornamentada,0,4.4,0,11000,11000,CLP,0,0,"[""https://down-cl.img.susercontent.com/file/19f77a3510ca089433668a73fbf6ef0f_tn"",""https://down-cl.img.susercontent.com/file/0780978cbec9c060103fc3384796aed1_tn""]",null,lee███ngm███wx.███,https://shopee.cl/leekwongmengwx.cl,"[""Madre y Bebé"",""Juguetes"",""Juguetes Didácticos"",""Otros""]",null,Sylvanian Families ornate mesa y silla de jardín,4.6,168,57,,Wed May 17 2023 06:48:11 GMT+0000 (Coordinated Universal Time),280,"[{""variations"":[null]}]",https://shopee.cl,,100632,false,,"[{""name"":""model"",""value"":null}]",0,https://shopee.cl/Otros-cat.11070436.11070684.11071757,null,,,null
https://shopee.com.mx/20mm-22mm-correa-Para-Samsung-Galaxy-watch-5-Pro-4-3-45mm-44mm-46mm-42mm-Amazfit-Classic-Active-Gear-BIP-GTS-GTA-46mm-Trail-loop-nylon-Pulsera-Huawei-GT-2/2se-b-i.779100221.18567727891?model_id=165309998928,18567727891,20mm 22mm correa Para Samsung Galaxy watch 5 Pro 4 3 45mm 44mm 46mm 42mm Amazfit Classic Active Gear BIP GTS GTA 46mm Trail loop nylon Pulsera Huawei GT 2/2se b,0,4.8,0,1.840900000000000e+02,1.104600000000000e+02,MXN,,0,"[""https://down-mx.img.susercontent.com/file/sg-11134201-22120-ufafs48c5ukvf1_tn"",""https://down-mx.img.susercontent.com/file/sg-11134201-22120-jlpozk9c5ukve8_tn"",""https://down-mx.img.susercontent.com/file/sg-11134201-22120-of3ws69c5ukv2b_tn"",""https://down-mx.img.susercontent.com/file/sg-11134201-22120-ie2phscd5ukv93_tn"",""https://down-mx.img.susercontent.com/file/sg-11134201-22120-j6sscbdd5ukvaf_tn"",""https://down-mx.img.susercontent.com/file/sg-11134201-22120-gul1ntdd5ukvf9_tn"",""https://down-mx.img.susercontent.com/file/sg-11134201-22120-gambpbed5ukv58_tn"",""https://down-mx.img.susercontent.com/file/sg-11134201-22120-npwseqed5ukv06_tn"",""https://down-mx.img.susercontent.com/file/sg-11134201-22120-z5d504ed5ukve8_tn""]",null,Fai███asi███ban█████████tor███,https://shopee.com.mx/20mm-22mm-correa-Para-Samsung-Galaxy-watch-5-Pro-4-3-45mm-44mm-46mm-42mm-Amazfit-Classic-Active-Gear-BIP-GTS-GTA-46mm-Trail-loop-nylon-Pulsera-Huawei-GT-2/fairycasing.mx,"[""Relojes"",""Accesorios de Reloj"",""Correas""]","[{""name"":""Existencias"",""value"":""56787""},{""name"":""Tipo de Garantía"",""value"":""Sin Garantía""},{""name"":""Duración de la Garantía"",""value"":""Sin garantía""},{""name"":""Material de la Caja"",""value"":""Silicona del océano""},{""name"":""Cantidad"",""value"":""1""},{""name"":""Tamaño Del Paquete"",""value"":""22L""}]","Marca: Fairycarcasa
Tipo de artículo: para Samsung Galaxy watch para correa de reloj Huawei
Material de la correa: nailon.
Origen: China continental
Número de modelo: Starp para Samsung Galaxy watch 22mm 20mm 5/5 pro Classic Active 2 3 Gear sport Amazfit GTS 3 BIP CTR para Huawei reloj GT 2 2e 46mm 42mm
Tipo de artículo: correas de reloj
Estilo 1: para samsung galaxy reloj Amazfit Bip GTS GTR 3 Pro Classic 46 mm 42 mm 40 mm 44 mm
Style2: banda deportiva de nailon
Style3: para samsung galaxy reloj activo 2 42mm 44mm
Style4: para Samsung Gear sport Gear S3 Banda
Style6: para reloj Huawei GT 2 2e 3 3Pro 46mm correa de 42mm
¡¡Bienvenido A Fairycarcasa!!
1.¡Todos Nuestros artículos están listos!
2.Enviaremos dentro de las 24 horas.
3.Si su producto se daña durante el envío, se lo enviaremos como regalo y le enviaremos un nuevo paquete.
4.¡Más De 10 fundas para teléfonos móviles en el pedido, bolsa de embalaje para fundas de teléfonos móviles gratis!
5.Síguenos en
6.¡Tus 5 estrellas son el mejor apoyo para nuestra tienda! (Cualquier Problema, por favor contáctenos 1o, por favor no dé una mala calificación, amigos de agradecimiento)
# Para Samsung Galaxy correa de reloj#Correa#Pulsera#Pulsera#Activo 2#40 mm#44 mm#46 mm#42 mm#22 mm#20 mm#4 clásicos#Reloj 4#Reloj 3#Para correa de reloj Huawei#Gt 2#2e#Gtr#Gts 3#Deporte de engranajes#Ip#Mujeres#Hombres#Moda#Lujo#Estrella de nailon#Accesorios para relojes inteligentes#Banda de lazo de Trail",4.73,998,57,0.99 hours,Tue May 24 2022 18:10:19 GMT+0000 (Coordinated Universal Time),2529,"[{""name"":""Color"",""variations"":[""Gris"",""Amarillo"",""Azul""]},{""name"":""Tamaño"",""variations"":[""22mm"",""20mm""]}]",https://shopee.com.mx,,100534,false,,"[{""name"":""model"",""value"":""Amarillo,22mm""}]",0,https://shopee.com.mx/Correas-y-Hebillas-cat.11057053.11057139.11057355,null,,,null
https://shopee.vn/[Nh%E1%BA%ADp-COSRM88-gi%E1%BA%A3m-12%]-[Rom&nd]-Son-Tint-l%C3%AC-cho-m%C3%B4i-c%C4%83ng-m%E1%BB%8Dng-H%C3%A0n-Qu%E1%BB%91c-Romand-Juicy-Lasting-Tint-5.5g-i.590427230.14613920375?model_id=217123669198,14613920375,[Nhập COSRM88 giảm 12%] [Rom&nd] Son Tint lì cho môi căng mọng Hàn Quốc Romand Juicy Lasting Tint 5.5g,0,4.9,0,279000,179000,VND,,0,"[""https://down-vn.img.susercontent.com/file/vn-11134201-7r98o-lznn0udcr1otcf_tn"",""https://down-vn.img.susercontent.com/file/vn-11134201-7r98o-lwp6rzjqonhl00_tn"",""https://down-vn.img.susercontent.com/file/vn-11134201-7r98o-lwp6rzrscv96f8_tn"",""https://down-vn.img.susercontent.com/file/vn-11134201-7r98o-lwp6rzjqoneaba_tn"",""https://down-vn.img.susercontent.com/file/vn-11134201-7r98o-lznn0ujg6vkde2_tn"",""https://down-vn.img.susercontent.com/file/vn-11134201-7r98o-lwp6rzimqa1f50_tn"",""https://down-vn.img.susercontent.com/file/vn-11134201-7r98o-lznn0ujg6vtt86_tn"",""https://down-vn.img.susercontent.com/file/vn-11134201-7r98o-lwp6rzk0o8ie35_tn""]",null,Rom███_Of███ial█████████,https://shopee.vn/romand.officialstore,"[""Sắc Đẹp"",""Trang điểm"",""Trang điểm môi"",""Son tint""]","[{""name"":""Số lượng hàng khuyến mãi"",""value"":""2387""},{""name"":""Số sản phẩm còn lại"",""value"":""23421""},{""name"":""Thương hiệu"",""value"":""rom&nd""},{""name"":""Công Thức"",""value"":""Dạng Kem""},{""name"":""Công dụng cho môi"",""value"":""lâu trôi""},{""name"":""Xuất xứ"",""value"":""Hàn Quốc""},{""name"":""Hạn sử dụng"",""value"":""36 tháng""},{""name"":""Gửi từ"",""value"":""TP. Hồ Chí Minh""}]","𝐒𝐎𝐍 𝐓𝐈𝐍𝐓 𝐋𝐈̀ 𝐑𝐎𝐌𝐀𝐍𝐃 𝐉𝐔𝐈𝐂𝐘 𝐋𝐀𝐒𝐓𝐈𝐍𝐆 𝐓𝐈𝐍𝐓

Son tint lì Romand Juicy Lasting Tint là dòng son tint thuộc thương hiệu Romand với bảng màu đa dạng từ màu nude nhẹ nhàng đến những tông đỏ gạch trầm cùng chất son sáng bóng, trong trẻo tựa lớp đường kẹo hồ lô, màu son duy trì trong nhiều giờ liền cho bạn cảm giác bờ môi sáng bóng, căng mọng và ngọt ngào



THÔNG TIN SẢN PHẨM

- Son có thiết kế dạng thân trụ tròn có màu sắc trùng với màu son bên trong rất tiện lợi cho những cô nàng tìm màu son khi đang vội nhé

- Đầu cọ son vát nhẹ giúp cho việc lấy son dễ dàng hơn, tránh vây son bên ngoài

- Kết cấu son dạng tint bóng khi lướt trên môi mang cảm giác tươi mát, không bị dính môi rất dễ chịu

- Vì là son tint nên có độ bám màu cao, giữ màu lâu mà không gây cảm giác nặng môi

- Lớp stain môi tạo cho đôi môi cảm giác căng mọng, đầy đặn quyến rũ dễ thương



BẢNG MÀU THỜI THƯỢNG
🔥 06 FigFig
🔥 07 Jujube
08 Apple Brown
09 Litchi Coral
10 Nudy Peanut
11 Pink Pumpkin
🔥 12 Cherry Bomb
🔥 13 Eat Dotori
14 Berry Shot
15 Funky Melon
🔥 16 Corni Soda
🔥 17 Plum Coke
18 Mulled Peach
🔥 19 Almond Rose
🔥 20 Dark Coconut
🔥 21 Deep Sangria
22 Pomelo Skin
🔥 23 Nucadamia
24 Peeling Angdoo
25 Bare Grape
26 Very Berry Pink
27 Pink Popsicle
28 Bare Fig
29 Papaya Jam
31 BARE APRICOT
32 BERRY SMOOTHIE
33 BARE VINE
36 PEACH HONEY B
37 MELLOW PEAR
38 BREEZE FIG
39 ODD GRAPE



HƯỚNG DẪN SỬ DỤNG/ LƯU Ý

Bặm nhẹ môi vào khăn giấy để loại bỏ bớt phần son dưỡng thừa và tạo một lớp nền mềm mịn nhưng không quá trơn trượt để áp dụng son dễ hơn.

Nhúng đầu cọ vào son và gạt nhẹ vào phần miệng/ lọ cây son để lấy được lượng son vừa đủ dùng.

Chấm son vào lòng môi trên và dưới, sau đó tán đều chất son qua hai bên tái và phải bằng đầu cọ hoặc tay không để tạo hiệu ứng 3D hoàn hảo cho môi



VỀ THƯƠNG HIỆU ROMAND

Romand là thương hiệu mỹ phẩm đến từ Hàn Quốc ra mắt vào năm 2017, hướng đến phong cách trẻ trung và năng động. Các sản phẩm từ nhà Romand luôn tạo được tiếng vang và nhận được sự yêu thích nồng nhiệt vì giá thành hợp lý, chất lượng ưng ý và luôn dẫn đầu các xu hướng mới lạ.



● Xuất xứ thương hiệu: Hàn Quốc

● Sản xuất tại: Hàn Quốc

● Dung tích: 5.5g

● Hạn sử dụng: 3 năm kể từ ngày sản xuất/NSX xem trên bao bì (12 tháng sau khi mở nắp)",4.94,128,100,2.13 hours,Fri Nov 12 2021 16:55:12 GMT+0000 (Coordinated Universal Time),1217446,"[{""name"":""Màu sắc"",""variations"":[""22 Pomelo Skin"",""🔥 23 Nucadamia"",""24 Peeling Angdoo"",""25 Bare Grape"",""08 Apple Brown"",""09 Litchi Coral"",""10 Nudy Peanut"",""11 Pink Pumpkin"",""14 Berry Shot"",""15 Funky Melon"",""18 Mulled Peach"",""26 Very Berry Pink"",""27 Pink Popsicle"",""🔥 06 FigFig"",""🔥 07 Jujube"",""🔥 12 Cherry Bomb"",""🔥 13 Eat Dotori"",""🔥 16 Corni Soda"",""🔥 17 Plum Coke"",""🔥 19 Almond Rose"",""🔥 20 Dark Coconut"",""🔥 21  Deep Sangria"",""29 Papaya Jam"",""28 Bare Fig"",""31 BARE APRICOT"",""32 BERRY SMOOTHIE"",""33 BARE VINE"",""39 ODD GRAPE"",""37 MELLOW PEAR"",""38 BREEZE FIG"",""36 PEACH HONEY B""]}]",https://shopee.vn,rom&nd,100630,true,Wed Sep 04 2024 01:59:59 GMT+0000 (Coordinated Universal Time),"[{""name"":""model"",""value"":""🔥 06 FigFig""}]",0,https://shopee.vn/Trang-%C4%91i%E1%BB%83m-m%C3%B4i-cat.11036279.11036314.11036318,"[{""claimable"":false,""currency"":""VND"",""discount"":10000,""discount_cap"":0,""discount_percentage"":0,""min_spend"":14900000000,""shop_vouncher"":""Romand_Official Store"",""special_condition"":null,""text_info"":""ROMA10KA"",""validity_end"":""2024-09-08T16:59:00.000Z"",""validity_start"":""2024-09-03T17:01:00.000Z""},{""claimable"":false,""currency"":""VND"",""discount"":10000,""discount_cap"":0,""discount_percentage"":0,""min_spend"":14900000000,""shop_vouncher"":""Romand_Official Store"",""special_condition"":null,""text_info"":""ROMA10K"",""validity_end"":""2024-09-30T16:59:00.000Z"",""validity_start"":""2024-09-01T17:00:00.000Z""},{""claimable"":false,""currency"":""VND"",""discount"":null,""discount_cap"":10000000000,""discount_percentage"":10,""min_spend"":29900000000,""shop_vouncher"":""Romand_Official Store"",""special_condition"":null,""text_info"":""ROMA10"",""validity_end"":""2024-09-30T16:59:00.000Z"",""validity_start"":""2024-08-31T17:00:00.000Z""},{""claimable"":false,""currency"":""VND"",""discount"":null,""discount_cap"":5000000000,""discount_percentage"":8,""min_spend"":29900000000,""shop_vouncher"":""Romand_Official Store"",""special_condition"":null,""text_info"":""ROMAND8P"",""validity_end"":""2024-09-30T16:59:00.000Z"",""validity_start"":""2024-09-01T17:00:00.000Z""},{""claimable"":false,""currency"":""VND"",""discount"":50000,""discount_cap"":0,""discount_percentage"":0,""min_spend"":39900000000,""shop_vouncher"":""Romand_Official Store"",""special_condition"":null,""text_info"":""ROMA50"",""validity_end"":""2024-09-08T16:59:00.000Z"",""validity_start"":""2024-09-03T17:02:00.000Z""},{""claimable"":false,""currency"":""VND"",""discount"":null,""discount_cap"":10000000000,""discount_percentage"":10,""min_spend"":49900000000,""shop_vouncher"":""Romand_Official Store"",""special_condition"":null,""text_info"":""ROMA10A"",""validity_end"":""2024-09-30T16:59:00.000Z"",""validity_start"":""2024-09-01T17:00:00.000Z""},{""claimable"":false,""currency"":""VND"",""discount"":null,""discount_cap"":20000000000,""discount_percentage"":12,""min_spend"":89900000000,""shop_vouncher"":""Romand_Official Store"",""special_condition"":null,""text_info"":""ROMA12T"",""validity_end"":""2024-09-30T16:59:00.000Z"",""validity_start"":""2024-09-01T17:00:00.000Z""},{""claimable"":false,""currency"":""VND"",""discount"":null,""discount_cap"":0,""discount_percentage"":22,""min_spend"":250000000000,""shop_vouncher"":""Romand_Official Store"",""special_condition"":null,""text_info"":""ROMA22"",""validity_end"":""2024-09-30T16:59:00.000Z"",""validity_start"":""2024-08-31T17:00:00.000Z""},{""claimable"":false,""currency"":""VND"",""discount"":null,""discount_cap"":10000000000,""discount_percentage"":5,""min_spend"":36000000000,""shop_vouncher"":""Romand_Official Store"",""special_condition"":null,""text_info"":""ROMA5"",""validity_end"":""2024-09-30T16:59:00.000Z"",""validity_start"":""2024-09-04T11:00:00.000Z""}]",,,null
"https://shopee.vn/[N%C3%B3ng-B%C3%A1n]-D%E1%BB%A5ng-C%E1%BB%A5-H%E1%BB%97-Tr%E1%BB%A3-T%E1%BA%ADp-Xo%E1%BA%A1c-Ch%C3%A2n,B%C4%83ng-M%C3%A1y-h%E1%BB%97-tr%E1%BB%A3-xo%E1%BA%A1c-ch%C3%A2n,-C%C3%B3-B%C3%A1nh-Xe-L%C4%83n-D%C3%A0nh-Cho-Ng%C6%B0%E1%BB%9Di-L%E1%BB%9Bn-V%C3%A0-Tr%E1%BA%BB-Em-Cxmin09-i.965992203.22040544745?model_id=231535221553",22040544745,"[Nóng Bán] Dụng Cụ Hỗ Trợ Tập Xoạc Chân,Băng Máy hỗ trợ xoạc chân, Có Bánh Xe Lăn Dành Cho Người Lớn Và Trẻ Em Cxmin09",0,4.8,0,1989000,1127000,VND,,0,"[""https://down-vn.img.susercontent.com/file/cn-11134207-7r98o-lovxj5plyqjb93_tn"",""https://down-vn.img.susercontent.com/file/cn-11134207-7r98o-ln6w7wsottjt9c_tn"",""https://down-vn.img.susercontent.com/file/cn-11134207-7r98o-ln6w7wsoy19586_tn"",""https://down-vn.img.susercontent.com/file/cn-11134207-7r98o-ln6w7wsp0ue173_tn"",""https://down-vn.img.susercontent.com/file/cn-11134207-7qukw-lgdj5hgo64cef0_tn"",""https://down-vn.img.susercontent.com/file/cn-11134207-7qukw-lgdj5hgoac1q5d_tn"",""https://down-vn.img.susercontent.com/file/cn-11134207-7qukw-lgdj5hgobqm632_tn"",""https://down-vn.img.susercontent.com/file/cn-11134207-7qukw-lgdj5hgod56mf1_tn"",""https://down-vn.img.susercontent.com/file/cn-11134207-7r98o-lovxj5plxbyvdc_tn""]",null,cxm███9.v███,https://shopee.vn/cxmin09.vn,"[""Thể Thao & Dã Ngoại"",""Dụng Cụ Thể Thao & Dã Ngoại"",""Thiết Bị Thể Thao"",""Máy Tập""]","[{""name"":""Kho"",""value"":""9""},{""name"":""Gửi từ"",""value"":""Nước ngoài""}]","✿✿✿ Chào mừng các bạn đến với cxmin09.vn ✿✿✿
☛Theo dõi cửa hàng của chúng tôi để luôn theo dõi các sản phẩm mới và nhận thêm một phiếu giảm giá.
☛Hãy theo dõi các sản phẩm đang giảm giá và được hưởng nhiều chiết khấu hơn nữa tại cửa hàng của chúng tôi.
☛Giờ phục vụ khách hàng: Từ Thứ Hai đến Chủ Nhật (9: 00-18: 00).
☛Đối với bất kỳ vấn đề, xin vui lòng liên hệ với chúng tôi, cảm ơn bạn đã hợp tác của bạn, luôn phục vụ bạn với sự chân thành, chúc bạn mua sắm tốt!
-----------------------------------------✪✪✪✪✪✪-------------------------------------
✨Thông tin người bán & Tuyên bố từ chối trách nhiệm✨:
Tên công ty: Thâm Quyến Huotong Bafang Thương mại điện tử xuyên biên giới CO., Ltd
Địa chỉ: Room 310, No 2007, Baoyuan Road, Laobor Community, Xixiang Street, Baoan District, Shezhen
Số giấy phép kinh doanh: 91440300Ma5g3kt301

✨Đặc điểm:
1. [Thuận Tiện và thiết thực] Máy kéo giãn chân nhỏ, mười lăm phút mỗi ngày, dễ dàng kéo dài chân của bạn, hỗ trợ luyện tập chia ngang hoặc dọc, đáp ứng nhu cầu giải trí và tập thể dục của bạn.
2. [Điều Chỉnh hoàn thiện] Máy kéo giãn chân này hỗ trợ 0 đến 180° Điều chỉnh tuần tự, dễ dàng rèn luyện thành một đôi chân đẹp tỷ lệ, để tránh tổn thương cơ do kéo căng quá mức.
3. [Dễ Cất giữ] Máy tách chân rất nhỏ, đơn giản và dễ bảo quản, một tủ nhỏ có thể chứa được, không tốn diện tích ở nhà. Thiết kế bánh xe lăn, dễ dàng thay đổi cách sử dụng của trang web.
4. [Phù Hợp cho mọi người] Kéo giãn chân thích hợp cho khiêu vũ, thể dục dụng cụ hoặc võ thuật, và có thể được sử dụng cho nam giới, phụ nữ và trẻ em, kéo giãn có thể được thực hiện bởi một người mà không cần sự trợ giúp của người khác.
5. [Khả Năng chịu tải lớn] Máy tách và kéo giãn chân được làm bằng vật liệu dày để đảm bảo khả năng chịu tải cao hơn. Kết cấu chắc chắn, bạn có thể thoải mái sử dụng.

✨Thông tin chi tiết:
Loại sản phẩm: Máy kéo căng chân
Vật chất: Ống thép, ABS, Bọt

✨Gói hàng bao gồm
1 x Máy kéo giãn chân",4.77,2094,100,0.87 hours,Thu Mar 09 2023 06:23:37 GMT+0000 (Coordinated Universal Time),2040,"[{""name"":""Màu sắc"",""variations"":[""Màu hồng (Không tựa lưng)"",""Loại tựa lưng""]}]",https://shopee.vn,,100637,false,,"[{""name"":""model"",""value"":""Loại tựa lưng""}]",0,https://shopee.vn/Thi%E1%BA%BFt-B%E1%BB%8B-Th%E1%BB%83-Thao-cat.11035478.11035503.11035528,"[{""claimable"":false,""currency"":""VND"",""discount"":null,""discount_cap"":3000000000,""discount_percentage"":10,""min_spend"":6000000000,""shop_vouncher"":""cxmin09.vn"",""special_condition"":null,""text_info"":""SVSEP133"",""validity_end"":""2024-09-30T16:59:00.000Z"",""validity_start"":""2024-08-31T17:00:00.000Z""}]",,,null
https://shopee.vn/M%E1%BA%ABu-%C3%A1o-Babytee-form-d%C3%A1ng-v%E1%BB%ABa-ch%E1%BA%A5t-v%E1%BA%A3i-cty-d%C3%A0y-d%E1%BA%B7n-m%E1%BB%8Bn-%C4%91%E1%BA%B9p-i.496009545.25328480376?model_id=138950586587,25328480376,Mẫu áo Babytee form dáng vừa chất vải cty dày dặn mịn đẹp,0,4.8,0,79521,39761,VND,0,0,"[""https://down-vn.img.susercontent.com/file/vn-11134207-7r98o-luwcozv6pjbm7a_tn"",""https://down-vn.img.susercontent.com/file/vn-11134207-7r98o-luwcozv6fpci05_tn"",""https://down-vn.img.susercontent.com/file/vn-11134207-7r98o-luwcozv6h3wy9d_tn"",""https://down-vn.img.susercontent.com/file/vn-11134207-7r98o-luwcozv6iihe78_tn"",""https://down-vn.img.susercontent.com/file/vn-11134207-7r98o-luwcozv6jx1u1f_tn"",""https://down-vn.img.susercontent.com/file/vn-11134207-7r98o-luwcozv6lbma7f_tn"",""https://down-vn.img.susercontent.com/file/vn-11134207-7r98o-luwcozv6mq6q67_tn"",""https://down-vn.img.susercontent.com/file/vn-11134207-7r98o-luwcozv6o4r64c_tn"",""https://down-vn.img.susercontent.com/file/vn-11134207-7r98o-luwcozv6scgi53_tn""]",null,CHU███EX,https://shopee.vn/chunisex,"[""Thời Trang Nữ"",""Áo"",""Áo thun""]","[{""name"":""Kho"",""value"":""10688""},{""name"":""Chiều dài tay áo"",""value"":""Tay ngắn""},{""name"":""Mẫu"",""value"":""Trơn""},{""name"":""Gửi từ"",""value"":""Hà Nam""}]","
Form 
40-50kg mặc form vừa không ôm 
50-60kg mặc form dáng ôm

🎁THÔNG TIN SẢN PHẨM : 

🕸️🕸️🕸️🕸️🕸️🕸️
.

Đường may kỹ,chắc chắn, tinh tế, sắc xảo


🌀 Màu sắc ( lưu ý ) :

 ● Do ánh sáng góc chụp, màn hình khác nhau, hàng thật có thể khác với hình ảnh. Vui lòng lấy sản phẩm thật làm tiêu chuẩn!

🌀 Form chuẩn Unisex Nam Nữ Couple đều mặc được.

🌀 Cam kết: Chất lượng và Mẫu mã Sản phẩm giống với Hình ảnh.

🔥Lưu ý : 

+ Giao hàng tận nơi. Nhận hàng thanh toán.

(Nếu Sản phẩm bị lỗi Quý khách vui lòng inbox liên hệ Shop để được hỗ trợ đổi hàng hoặc Trả hàng/Hoàn tiền cho Khách ạ. Rất mong Quý Khách đừng vì lỗi nhỏ mà cho Shop 1 - 2 sao tội nghiệp Shop! Và đồng nghĩa Quý khách sẽ mất đi quyền lợi đổi hàng nha)



HƯỚNG DẪN GIỮ LÂU MÀU HÌNH IN VÀ SẢN PHẨM NHÀ CH STORE

- Nhận hàng về nếu bạn có giặt thì mình giặt sơ bằng nước lạnh rồi phơi luôn nhé.

- Hoặc giặt sau 3 ngày nhận áo ( để hình in được dính chặt hơn trên sợi vải) ---> giữ hình in đẹp hơn.

- Các bạn tuyệt đối không ngâm áo với chất tẩy.

- Hạn chế giặt máy nhiều nha ít nhất trong 2 tuần đầu nè.

- Các bạn cũng đừng ngâm áo hoặc quần quá lâu trong nước giặt và nước xả nha.

- À, QUAN TRỌNG HƠN LÀ NHỚ LỘN QUẦN TRƯỚC KHI PHƠI NÈ.



- Hỗ trợ đổi trả qua Shopee.

- Hàng có sẵn, nhận đơn thì donna đi hàng nhé.

- Hoàn tiền 100% nếu sản phẩm không giống mô tả.

- Hỗ trợ đổi sản phẩm miễn phí nếu sản phẩm bị lỗi do nhà sản xuất.

-------------------------------

* CH STORE CAM KẾT: 

- Sản phẩm 100% giống mô tả

- Tư vấn nhiệt tình, chu đáo luôn lắng nghe khách hàng để phục vụ tốt. 

- Giao hàng nhanh đúng tiến độ không phải để quý khách chờ đợi lâu để nhận hàng. 

-------------------------------

* Đổi trả theo đúng quy định của Shopee 

1. Điều kiện áp dụng (trong vòng 03 ngày kể từ khi nhận sản phẩm): 

- Có video khi bóc hàng , kiểm hàng 

- Hàng hoá vẫn còn mới, chưa qua sử dụng 

- Hàng hóa hư hỏng do vận chuyển hoặc do nhà sản xuất. 



2. Trường hợp được chấp nhận: 

- Hàng không đúng size, kiểu dáng như quý khách đặt hàng 

- Không đủ số lượng, không đủ bộ như trong đơn hàng



3. Trường hợp không đủ điều kiện áp dụng chính sách:
- Quá 03 ngày kể từ khi Quý khách nhận hàng 

 - Gửi lại hàng không đúng mẫu mã

 - Đặt nhầm sản phẩm, chủng loại, không thích, không hợp,...

 Ấn theo dõi để ủng hộ shop và tham khảo các sản phẩm mới của shop, CH Store rất hân hạnh được phục vụ quý khách

------------------------------------------
",4.59,1016,72,4.32 hours,Sat Jul 24 2021 05:34:11 GMT+0000 (Coordinated Universal Time),304680,"[{""name"":""Mẫu"",""variations"":[""Nơ hot hit trắng"",""Nơ hot hit đen"",""Hình sao rút eo"",""Cổ polo khóa"",""Rúm eo trơn xám"",""Rúm eo trơn trắng"",""In hình nơ trắng"",""In hình nơ xám"",""Nơ giữa đen rút eo"",""Đính nơ viền đen"",""Đính nơ viền trắng"",""Đính nhiều nơ đen"",""Đính nhiều nơ trắng"",""Nơ to đen"",""Nơ to trắng"",""Kẹp hoa sứ vàng"",""Nơ giữa xám rút eo"",""Polo cổ cúc xám"",""Cổ tròn cúc xám"",""Ren cổ nơ xám"",""Roman xám"",""Roman đen"",""Hình Xiao rúm eo"",""Mèo Flota hồng"",""Croptop Abmore xám"",""Mèo Flota đen"",""Cổ bèo trơn buộc dây"",""Cổ chữ U đính nơ"",""Protect đen"",""Protect xám"",""Protect trắng"",""Yes Be"",""Yes Đen"",""Cổ tim ren nơ đen"",""Cổ tim ren nơ xám"",""Vạt chéo nơ đen"",""Ren cổ nơ đen"",""Trễ vai trắng"",""Trễ vai đen""]}]",https://shopee.vn,,100017,false,,"[{""name"":""model"",""value"":""Cổ bèo trơn buộc dây""}]",0,https://shopee.vn/%C3%81o-thun-cat.11035639.11035640.11035643,"[{""claimable"":false,""currency"":""VND"",""discount"":null,""discount_cap"":3000000000,""discount_percentage"":15,""min_spend"":9900000000,""shop_vouncher"":""CHUNISEX"",""special_condition"":null,""text_info"":""69TOP115"",""validity_end"":""2024-09-06T16:59:00.000Z"",""validity_start"":""2024-09-05T17:00:00.000Z""},{""claimable"":false,""currency"":""VND"",""discount"":null,""discount_cap"":10000000000,""discount_percentage"":10,""min_spend"":50000000000,""shop_vouncher"":""CHUNISEX"",""special_condition"":null,""text_info"":""09SIB58"",""validity_end"":""2024-09-30T16:59:00.000Z"",""validity_start"":""2024-08-31T17:00:00.000Z""}]",,,null
https://shopee.co.id/pasmina-turkey-shawl-i.519231016.25635374202?model_id=223158435981,25635374202,pasmina turkey shawl,0,5,0,50000,50000,IDR,,0,"[""https://down-id.img.susercontent.com/file/id-11134207-7r98x-lzij377vqgtp32_tn"",""https://down-id.img.susercontent.com/file/id-11134207-7r98s-lzikmpy6k7vsda_tn"",""https://down-id.img.susercontent.com/file/id-11134207-7r991-lzikmq0yg5nxca_tn""]",null,val███tsy███r,https://shopee.co.id/itsyourvallue,"[""Fashion Muslim"",""Pakaian Muslim Wanita"",""Hijab"",""Pashmina""]","[{""name"":""Stok"",""value"":""23""},{""name"":""Merek"",""value"":""-""},{""name"":""Bahan"",""value"":""khimar""},{""name"":""Dikirim Dari"",""value"":""KOTA BENGKULU""}]","IMPORT [ PRE ORDER 7 hari ] 

• barang import , jadwal restock tidak pasti. 
• ⁠barang rebutan , tiap restock langsung sold yuk gercep amankan stock nyaahh 

sudah masuk QC (quality control) jika terdapat kesalahan bahan ( bolong,sobek,salah warna ) bisa direturn yahh✨ 

LIMITID STOCK 
( pasmina tidak pasaran , susah dicari , jadi inceran harga termurah , pilihan warna banyak ) 

instruksi perawatan 

untuk menjaga pasmina Anda dalam kondisi terbaik, kami menyarankan untuk mencuci dengan tangan saja, isi baskom dengan air dingin dan tambahkan detergen lembut. rendam pasmina beberapa menit lalu aduk perlahan untuk menghilangkan kotoran , bilas pasmina hingga bersih dengan air dingin hingga sabun hilang. jangan memeras atau memelintir pasmina, karena dapat menyebabkan kerusakan thankyou!


GOOD METERIAL , SIZE & LOOKS 

• material : katun adem rumbai 
• size : _+ 200 x 80 cm 

DETAIL : kain mudah dibentuk ✅ adem / tidak gerah ✅ tidak nerawang ✅ lembut✅ 

COCOK DIGUNAKAN DIOUTFIT APAPUNNN🫶🏻",5,0,59,5.71 hours,Tue Aug 24 2021 01:42:07 GMT+0000 (Coordinated Universal Time),60,"[{""name"":""Warna"",""variations"":[""black"",""taupe"",""coffe"",""maroon"",""light grey"",""babypinky"",""navy"",""darkgrey"",""frapuchino"",""cream""]}]",https://shopee.co.id,,100014,false,,"[{""name"":""model"",""value"":""black""}]",0,https://shopee.co.id/Pashmina-cat.11042684.11042685.11042689,null,,,null
https://shopee.com.co/Kit-De-Primeros-Auxilios-De-Rescate-Para-Adultos-Y-Ni%C3%B1os-Dispositivo-De-Asfixia-Port%C3%A1til-i.775665159.17991531197?model_id=230544315423,17991531197,Kit De Primeros Auxilios De Rescate Para Adultos Y Niños Dispositivo De Asfixia Portátil,0,4.7,0,135480,50400,COP,,0,"[""https://down-co.img.susercontent.com/file/sg-11134201-22120-zdy7ytefv7kv34_tn"",""https://down-co.img.susercontent.com/file/sg-11134201-22120-jelhcaffv7kv55_tn"",""https://down-co.img.susercontent.com/file/sg-11134201-22120-18fu6pffv7kv24_tn"",""https://down-co.img.susercontent.com/file/sg-11134201-22120-bjybr4ffv7kv4a_tn"",""https://down-co.img.susercontent.com/file/sg-11134201-22120-lqucsqgfv7kvf6_tn"",""https://down-co.img.susercontent.com/file/sg-11134201-22120-27dvp3gfv7kv72_tn"",""https://down-co.img.susercontent.com/file/sg-11134201-22120-wvqe4dhfv7kv0d_tn"",""https://down-co.img.susercontent.com/file/sg-11134201-22120-sw5mywhfv7kv51_tn"",""https://down-co.img.susercontent.com/file/sg-11134201-22120-h5rlhmifv7kv10_tn""]",null,Suo███r S███e,https://shopee.com.co/suoyin.co,"[""Salud"",""Cuidado Personal"",""Dispositivos de Masaje y Terapia""]","[{""name"":""Existencias"",""value"":""149908""},{""name"":""Marcas"",""value"":""Suolaer""},{""name"":""Dispositivo eléctrico"",""value"":""Sí""},{""name"":""Tipo de Equipo de Masaje"",""value"":""Otros""},{""name"":""Vida Útil"",""value"":""2 Meses""},{""name"":""Registro de la FDA No."",""value"":""5266""}]","DISPOSITIVO De LLAMACIÓN ACEITE El dispositivo de rescate de asfixia puede eliminar eficazmente líquidos y objetos extraños que causan dificultades de respiración. En una emergencia de obstrucción de las vías respiratorias, puede darte tranquilidad.
 Fácil De usar &amp; Nunca EXPIRES Nuestro dispositivo antichoque es fácil de usar. Lo suficientemente fácil como para vivir solo, puedes usarlo tú mismo en una emergencia de asfixia. La duración de la succión es mínima, por lo que el dispositivo es seguro y eficaz. En circunstancias normales no es necesario reemplazar el dispositivo, solo la cubierta facial debe reemplazarse cada 2 o 3 años.
 TRUCTURA Del SONABLE &amp; Silicona SUAVE El dispositivo de emergencia para atrapar adopta material de silicona, suave y agradable para la piel, cómodo de llevar. Pequeño y liviano, fácil de transportar, perfecto para viajes. Succione los éteres para generar presión negativa, obstrucciones más poderosamente. Válvula de ventilación para cargar aire desde el cuerpo principal para garantizar que pueda generar una fuerte succión.
 LIMAÑO De DIFERENTES EQUIPADO DIFERENTE Los dispositivos para niños y adultos están equipados con dos máscaras de diferentes tamaños, no necesita preocuparse por el tamaño incorrecto. Nuestro dispositivo de extracción puede satisfacer sus diferentes necesidades, ahorrar dinero.
 MANGA Cucha PARA COMPRAR PRIMERO Lea atentamente las instrucciones y opere de acuerdo con las instrucciones. Si tiene alguna pregunta sobre nuestros productos, no dude en contactarnos. Ofrecemos 1 mes de devolución y cambio de servicio gratuito.


Especificación: 
100% nuevo y a estrenar 
Tamaño: como muestran las imágenes (1 pulgada E32,54 cm) 
Color: como imágenes 
Materiales: Plástico

El paquete incluye: 
1 Válvula de retención 
1 máscara para niños. 
1 máscara para adultos. 
Nota: tenga en cuenta que, debido al monitor de la computadora, el color puede tener alguna diferencia entre la imagen y el objeto real. Hay una diferencia del 2-3% dependiendo de la medición manual.

 
",4.58,452,100,5.64 hours,Fri May 20 2022 02:10:20 GMT+0000 (Coordinated Universal Time),379,"[{""name"":""Color"",""variations"":[""Verde"",""Amarillo"",""Negro""]}]",https://shopee.com.co,Suolaer,100001,false,,"[{""name"":""model"",""value"":""Negro""}]",0,https://shopee.com.co/Dispositivos-de-Masaje-y-Terapia-cat.11069099.11069169.11069588,"[{""claimable"":false,""currency"":""COP"",""discount"":null,""discount_cap"":880000000,""discount_percentage"":6,""min_spend"":0,""shop_vouncher"":""Suolaer Store"",""special_condition"":null,""text_info"":""SUOYQNH"",""validity_end"":""2024-09-06T04:57:00.000Z"",""validity_start"":""2024-06-05T03:57:00.000Z""},{""claimable"":false,""currency"":""COP"",""discount"":3000,""discount_cap"":0,""discount_percentage"":0,""min_spend"":3000000000,""shop_vouncher"":""Suolaer Store"",""special_condition"":null,""text_info"":""SUOYQCVV"",""validity_end"":""2024-09-06T04:57:00.000Z"",""validity_start"":""2024-06-05T03:57:00.000Z""},{""claimable"":false,""currency"":""COP"",""discount"":11320,""discount_cap"":0,""discount_percentage"":0,""min_spend"":28301600000,""shop_vouncher"":""Suolaer Store"",""special_condition"":null,""text_info"":""SUOYGFHG"",""validity_end"":""2024-10-31T11:38:00.000Z"",""validity_start"":""2024-07-31T10:38:00.000Z""},{""claimable"":false,""currency"":""COP"",""discount"":22641,""discount_cap"":0,""discount_percentage"":0,""min_spend"":56603200000,""shop_vouncher"":""Suolaer Store"",""special_condition"":null,""text_info"":""SUOYDFGG"",""validity_end"":""2024-10-31T11:38:00.000Z"",""validity_start"":""2024-07-31T10:38:00.000Z""},{""claimable"":false,""currency"":""COP"",""discount"":28717,""discount_cap"":0,""discount_percentage"":0,""min_spend"":71793000000,""shop_vouncher"":""Suolaer Store"",""special_condition"":null,""text_info"":""SUOYDFGS"",""validity_end"":""2024-10-31T11:38:00.000Z"",""validity_start"":""2024-07-31T10:38:00.000Z""}]",,,null
https://shopee.com.co/Men-Underwear-Y-Front-Briefs-Mid-Waist-One-Piece-Semi-Transparent-Breathable-i.631854836.11183535980?model_id=133759966551,11183535980,Men Underwear Y-Front Briefs Mid Waist One Piece Semi-Transparent Breathable,0,0,0,25680,25680,COP,,0,"[""https://down-co.img.susercontent.com/file/dd1db73716560dd6c640c4bda5123db8_tn"",""https://down-co.img.susercontent.com/file/f877cde447c077a0ddcba656b2b31016_tn"",""https://down-co.img.susercontent.com/file/e16b6004ec3e153409fa57b8f3e9ce87_tn"",""https://down-co.img.susercontent.com/file/4688f6a0f56894663cae23dc84cc2584_tn"",""https://down-co.img.susercontent.com/file/c238e943d8f959d1e11076794c2b9977_tn"",""https://down-co.img.susercontent.com/file/70a2f3cbeeb4b351bfa15ce96b3592f5_tn"",""https://down-co.img.susercontent.com/file/2dec69f58a277877b859f295ef4bac4c_tn"",""https://down-co.img.susercontent.com/file/f9a88e479d37a40619915b4d48a1bf4b_tn""]",null,sug███wee███op.███,https://shopee.com.co/sugersweetshop.co,"[""Ropa de Hombre"",""Ropa Interior"",""Ropa Interior""]","[{""name"":""Existencias"",""value"":""8001""},{""name"":""Material"",""value"":""Otros""},{""name"":""Tipo de la Ropa interior"",""value"":""Otros""},{""name"":""Patrón"",""value"":""Otros""},{""name"":""Talla Extra"",""value"":""No""}]","Tag Size:L~3XL. Please make sure that these actual measurements will fit you.
Size Chart (1 inch=2.54cm) |
Tag Size | L | XL | 2XL | 3XL |
Fit Waist | cm | 66.6-76.6 | 76.6-83.3 | 83.3-89.9 | 89.9-99.9 |
inch | 26.2-30.2 | 30.2-32.8 | 32.8-35.4 | 35.4-39.3 |
Fit Weight(kg) | 47.5-52.5 | 50-65 | 65-75 | 75-90 |
*Item Fabric:85%Nylon+15%Spandex
*Item Color:As pictures show
*Item Condition:100% Brand New
*Item Description:Men Underwear Y-Front Briefs Mid Waist One Piece Semi-Transparent Breathable
*Gender:Men
*Package Contents:1*Underwear (NO Accessories Included)
How to choose proper size?
1) Use similar garment to compare with the sizes
2) Choose larger sizes if your sizes are same as the flat measurement size chart
Note:
1. The real color of the item may be slightly different from the pictures shown on website caused by many factors such as brightness of your monitor and light brightness.
2. Please allow slight manual measurement deviation for the data.",4.5,2865,25,6.56 hours,Tue Dec 21 2021 02:39:14 GMT+0000 (Coordinated Universal Time),3,"[{""name"":""Color"",""variations"":[""Type A"",""D section"",""E section""]},{""name"":""Size"",""variations"":[""L"",""XL"",""2XL"",""3XL""]}]",https://shopee.com.co,,100011,false,,"[{""name"":""model"",""value"":""E section,L""}]",0,https://shopee.com.co/Ropa-Interior-cat.11069104.11069195.11069702,null,,,null
https://shopee.cl/brazilian-20pcs-Wooden-Matching-Game-with-60-Cards-Wooden-Matching-Block-Puzzles-Board-Game-Early-Educational-Toy-Parent-Children-Interactive-Matching-Building-Blocks-for-Kids-and-Adults-i.441010844.15934939397,15934939397,brazilian 20pcs Wooden Matching Game with 60 Cards Wooden Matching Block Puzzles Board Game Early Educational Toy Parent-Children Interactive Matching Building Blocks for Kids and Adults,0,0,0,48878,48878,CLP,0,0,"[""https://down-cl.img.susercontent.com/file/8962cf83551907cac9f553aab6ee45a9_tn"",""https://down-cl.img.susercontent.com/file/2c3c7ec9221d12e5bb914189e1a475b0_tn"",""https://down-cl.img.susercontent.com/file/3f1725401cf9a0dea675c2f9e38d96cb_tn"",""https://down-cl.img.susercontent.com/file/928c514a4ac2dc6c9dcb929c6b334446_tn"",""https://down-cl.img.susercontent.com/file/b6c7ae6ab46c79ee10639a03ed3ad304_tn"",""https://down-cl.img.susercontent.com/file/92e012e764a745acca19443cbdac6a0e_tn"",""https://down-cl.img.susercontent.com/file/1da04848374dc313b173873df90457fa_tn"",""https://down-cl.img.susercontent.com/file/da6fe72dea364f78374b72add994cf7b_tn""]",null,bra███ian███,https://shopee.cl/brazilian.cl,"[""Gaming y Consolas"",""Videojuegos"",""Juego de PC""]",null,"Description: 

 Product Name: Wooden Matching Game 
Material: Wood
Packing size: 15.5*15.5*7.5cm
Card size: 7*7cm/ 2.75*2.75inch
Block size: 5*2.5cm/ 1.96*0.98inch
Applicable age: 3+
Color: Colorful

Note:
1. Due to the difference between different monitors, the picture may not reflect the actual color of the item.
2. Please allow slight dimension difference due to different manual measurement. Thank you for your understanding. 

 Features: 

 [Safe Materials] Made of eco-friendly wood, the surface of the building blocks is covered with smooth and safe water-based paint, odorless, non-toxic, and burr-free. The rounded edges and smooth surface will not scratch kids' hands. 

[Block Puzzle Set] The building blocks toy comes with 20pcs building blocks(4 sets of 5 different blocks), and each block has 4 kinds of patterns. With 60 game cards, clear and interesting expressions can quickly arouse kids' interest. 

[Educational Toys] The building block toy is an excellent introductory game for children's growth. They can learn to interact with their peers and face competition. It is very good for children to learn fair competition and develop competitive skills. 

[Interactive] This building block game is suitable for family and friends. Your child can also learn basic strategies, problem-solving, and decision-making skills, improving to a higher level through more complex games. It will also build confidence.

[Perfect Gift] The matching toy can be as Halloween and Christmas gifts for 3+ years old kids. Children can play with their families or school classmates. The exquisite storage box helps children organize items, keep the floor clean and neat. Package inclulding: 

20 x Game Blocks (4 sets of 5 different blocks)
60 x Game Cards (12 cards in 5 difficulty levels)
1 x Game Manual
1 x Storage Box



#Wooden #Matching #With60Cards #Puzzles #BoardGame #WoodenMatchingGame #WoodenMatchingBlock #PuzzlesBoardGame #20pcsWoodenMatchingGamewith60Cards #EarlyEducationalToy #Parent-ChildrenInteractiveWoodenMatchingGame",3.67,789,57,,Mon May 10 2021 11:49:58 GMT+0000 (Coordinated Universal Time),2,"[{""name"":""Specifications"",""variations"":[""English color box""]}]",https://shopee.cl,,100634,false,,"[{""name"":""model"",""value"":""English color box""}]",0,https://shopee.cl/Juego-de-PC-cat.11070450.11070592.11071187,null,,,null
"https://shopee.cl/MAURICE-StumbleGuys-Mu%C3%B1eca-Colgante-,-Pl%C3%A1tano-Persona-Anime-Juego-Stumble-Chicos-Llavero-,-Figuras-Lindo-Divertido-Hombre-Le%C3%B3n-S-Tropezar-Mochila-Decoraci%C3%B3n-i.602012224.25624184614?model_id=222686780396",25624184614,"MAURICE StumbleGuys Muñeca Colgante , Plátano Persona Anime Juego Stumble Chicos Llavero , Figuras Lindo Divertido Hombre León S Tropezar Mochila Decoración",0,0,0,7000,4000,CLP,,0,"[""https://down-cl.img.susercontent.com/file/sg-11134201-7rd6g-lu4x9jsk8i4472_tn"",""https://down-cl.img.susercontent.com/file/sg-11134201-7rbnf-lp5f8a7ucocm24_tn"",""https://down-cl.img.susercontent.com/file/sg-11134201-7rbmq-lp5fxu0qbz6l6d_tn"",""https://down-cl.img.susercontent.com/file/sg-11134201-7rbk1-lp5f8h2sbbmie0_tn"",""https://down-cl.img.susercontent.com/file/sg-11134201-7rbmw-lp5f8ekm0o5i30_tn"",""https://down-cl.img.susercontent.com/file/sg-11134201-7rblh-lp5f8c57j61235_tn"",""https://down-cl.img.susercontent.com/file/sg-11134201-7rbm9-lp5f8gg18lq62f_tn"",""https://down-cl.img.susercontent.com/file/sg-11134201-7rbmp-lp5f8exng6ot3d_tn"",""https://down-cl.img.susercontent.com/file/sg-11134201-7rbkm-lp5fxuebs2xp56_tn""]",null,mau███ezb███,https://shopee.cl/mauricezb.cl,"[""Hobbies y Colecciones"",""Recuerdos"",""Llaveros""]","[{""name"":""Existencias"",""value"":""64438""},{""name"":""Has BSMI No."",""value"":""No""}]","¡Nuevo Y de alta calidad!
Nombre: colgante de chico semental
Aplicable: llavero, colgante de bolso, etc.
Material: pvc, aleación
Tamaño: imagen de referencia
El paquete incluye: 1 llavero de chicomble.
Nota:
-Debido A la medición manual, permita un error de 1-3 mm (0,04-0,12 pulg.).
-Como Las diferentes computadoras muestran diferentes colores, gracias por su comprensión, el color real del producto puede ser ligeramente diferente al de la imagen.
Stumble Guys Llavero StumbleGuys Muñeca Colgante Stumble Guys Llavero Banana Person Lion Man Cosplay Anime Game Funny Cute Mochila Decoración Auricular Estuche Coche Llavero Pareja Regalos Niñas Bolsa Accesorio Colgante Adornos Espárragos Figuras Moda Coche Accesorios Colgante",4.73,1542,57,,Wed Nov 24 2021 11:15:48 GMT+0000 (Coordinated Universal Time),4,"[{""name"":""Estilo"",""variations"":[""A"",""B"",""C"",""D"",""E"",""F"",""G"",""H"",""J""]}]",https://shopee.cl,,100639,false,,"[{""name"":""model"",""value"":""B""}]",0,https://shopee.cl/Otros-cat.11070437.11070671.11071668,null,,,null
"https://shopee.vn/Gi%C3%A0y-Asics-Court-MZ-Cream-Black-Gum-Nam-N%E1%BB%AF-36%3E43,-gi%C3%A0y-Asics-Court-b%E1%BA%A3n-S.C%E1%BA%A5p-full-pk-i.868259695.18293103428?model_id=232606891776",18293103428,"Giày Asics Court MZ Cream Black Gum Nam Nữ 36>43, giày Asics Court bản S.Cấp full pk",0,4.9,0,500000,355000,VND,,0,"[""https://down-vn.img.susercontent.com/file/vn-11134207-7r98o-llnc0b2hd4jzdf_tn"",""https://down-vn.img.susercontent.com/file/vn-11134207-7r98o-llnc0b2hsksvea_tn"",""https://down-vn.img.susercontent.com/file/vn-11134207-7r98o-llnc0b2j2xto71_tn"",""https://down-vn.img.susercontent.com/file/vn-11134207-7r98o-llnc0b2inhks79_tn"",""https://down-vn.img.susercontent.com/file/vn-11134207-7r98o-llnc0b2i811r50_tn"",""https://down-vn.img.susercontent.com/file/vn-11134207-7r98o-llnc0b2inhan3c_tn"",""https://down-vn.img.susercontent.com/file/vn-11134207-7r98o-llnc0b2hsl30c1_tn"",""https://down-vn.img.susercontent.com/file/vn-11134207-7r98o-llnc0b2hve7w43_tn"",""https://down-vn.img.susercontent.com/file/vn-11134207-7r98o-llnc0b3bbwzg64_tn""]",null,Sne███r_2███,https://shopee.vn/sneaker_27,"[""Giày Dép Nữ"",""Giày thể thao/ sneaker""]","[{""name"":""Số lượng hàng khuyến mãi"",""value"":""610""},{""name"":""Số sản phẩm còn lại"",""value"":""3258092""},{""name"":""Tình trạng"",""value"":""Product Condition""},{""name"":""Xuất xứ"",""value"":""Trung Quốc""},{""name"":""Gửi từ"",""value"":""Hà Nội""}]","➡️Thông tin sản phẩm : 

- Tăng thêm chiều cao 4cm

- phối đồ mọi phong cách

- Đế khâu 2 lớp chuẩn hàng Trung

- Size: 36 > 44 dành cho cả nam và nữ

- Mã sản phẩm:As

- Xuất xứ : được sản xuất tại nhà máy Quảng Châu
- Chú ý: sản phẩm hơi cứng phần đế nên khiến sp cứng hơn các sp khác
Sneaker27 cam kết:

☑️CAM KẾT : HOÀN TIỀN 100% NẾU SẢN PHẨM KHÔNG ĐÚNG MÔ TẢ .
☑️ HỖ TRỢ ĐỔI SIZE TRONG 3 NGÀY NẾU KHÔNG ĐI VỪA .
☑️ĐƯỢC KIỂM TRA HÀNG TRƯỚC KHI THANH TOÁN ( GỌI CHO SHOP THEO HOTLINE NẾU BƯU TA K HỖ TRỢ CHO KIỂM TRA HÀNG )
☑️SẢN PHẨM TRƯỚC KHI GIAO CHO KHÁCH HÀNG ĐẦY ĐỦ BILL,BOX, TAG...",4.85,51,94,2.49 hours,Wed Sep 21 2022 04:13:50 GMT+0000 (Coordinated Universal Time),36891,"[{""name"":""Phân loại"",""variations"":[""Asics Đen 1:1"",""Asics Xám 1:1"",""Asics Đen C.Cấp"",""Asics Xám C.Cấp"",""Asics đen S.Cấp"",""Asics Xám S.Cấp"",""Asics Đen best"",""Asics Xám best""]},{""name"":""Size"",""variations"":[""36"",""37"",""38"",""39"",""40"",""41"",""42"",""43"",""44""]}]",https://shopee.vn,,100532,true,Tue Sep 03 2024 16:59:59 GMT+0000 (Coordinated Universal Time),"[{""name"":""model"",""value"":""Asics Đen C.Cấp,43""}]",0,https://shopee.vn/Gi%C3%A0y-Th%E1%BB%83-Thao/-Sneaker-cat.11035825.11035830,null,,,null
https://shopee.com.mx/9F67-AMIRI-Diamond-Embedded-Rhinestone-Ripped-Straight-Jeans-Men's-and-Women's-Same-Style-American-High-Street-Long-Pants-Fashion-i.929875859.25168730461?model_id=236130286154,25168730461,9F67 AMIRI Diamond-Embedded Rhinestone Ripped Straight Jeans Men's and Women's Same Style American High Street Long Pants Fashion,0,0,0,1399,1399,MXN,,0,"[""https://down-mx.img.susercontent.com/file/sg-11134201-7rcdl-lspcpbekn7769f_tn"",""https://down-mx.img.susercontent.com/file/sg-11134201-7rcep-lspcpd3c6aaf42_tn"",""https://down-mx.img.susercontent.com/file/sg-11134201-7rcf0-lspcpfbiwxyh89_tn"",""https://down-mx.img.susercontent.com/file/sg-11134201-7rcc1-lspcphepuwgqb9_tn"",""https://down-mx.img.susercontent.com/file/sg-11134201-7rcdk-lspcpj738pmn8b_tn"",""https://down-mx.img.susercontent.com/file/sg-11134201-7rcdm-lspcpksiwnh622_tn"",""https://down-mx.img.susercontent.com/file/sg-11134201-7rcf5-lspcpmo85l4ea5_tn"",""https://down-mx.img.susercontent.com/file/sg-11134201-7rcdc-lspcpoenm7vl62_tn"",""https://down-mx.img.susercontent.com/file/sg-11134201-7rccc-lspcpq4t3a4a6c_tn""]",null,liu███.mx███,https://shopee.com.mx/liubei.mx,"[""Ropa de Hombre"",""Pantalones"",""Pantalones""]","[{""name"":""Existencias"",""value"":""12000""},{""name"":""Longitud de Pantalones"",""value"":""Largo""},{""name"":""Material"",""value"":""Algodón, Mezclilla""},{""name"":""Tipo de Ajuste de Pantalones"",""value"":""Slim Fit""},{""name"":""Talla Extra"",""value"":""Sí""},{""name"":""Estilo"",""value"":""Europa y los Estados Unidos""},{""name"":""Cantidad"",""value"":""Cero""}]","Fabric/Material：Denim/Cotton
Component Content：100%
Version：Slim Fit
Waist Type：High Waist
Pants Length：Trousers
Craft：Washed
Popular Elements：Hole
Style：Europe and America
Applicable Age：Youth（18-25One Year Old）
Time to Market：2023Autumn
Function：Wear-Resistant
With/without velvet：Not Fleece-lined
Elastic：Micro-Elastic
",4.67,498,57,,Sat Dec 31 2022 12:19:11 GMT+0000 (Coordinated Universal Time),50,"[{""name"":""Color"",""variations"":[""Réplica original negra 1: 1 co"",""Réplica original azul 1: 1 com"",""Réplica original blanca 1: 1 c""]},{""name"":""Tamaño"",""variations"":[""S"",""M"",""L32"",""XL34""]}]",https://shopee.com.mx,,100011,false,,"[{""name"":""model"",""value"":""Réplica original blanca 1: 1 c,L32""}]",0,https://shopee.com.mx/Pantalones-cat.11057055.11057078.11057226,null,,,null
https://shopee.co.id/KKV---DEOREX-Deodoran-Penghilang-Bau-Badan-Body-Deodorants-Odorizer-Spray-Non-Fragrance-/-Fragrance-Musk-60ml-i.261911729.20332824613?model_id=201691314441,20332824613,KKV - DEOREX Deodoran Penghilang Bau Badan Body Deodorants Odorizer Spray Non-Fragrance / Fragrance Musk 60ml,0,5,0,133800,75900,IDR,,0,"[""https://down-id.img.susercontent.com/file/287ad2edaaeb8c601f1251b512baa4a4_tn"",""https://down-id.img.susercontent.com/file/a4140ead34f569217a467c34d7e06c67_tn"",""https://down-id.img.susercontent.com/file/59478a414d88ded4b4da674d88d1fea9_tn"",""https://down-id.img.susercontent.com/file/2b839ffc0ccfd5beee0e2816df496dd0_tn"",""https://down-id.img.susercontent.com/file/aabbce6bd8522041b0750322a848b118_tn"",""https://down-id.img.susercontent.com/file/6a8246392c3cb033027831a9bcf95610_tn"",""https://down-id.img.susercontent.com/file/5ea592a211f9745d55e089b56f467d1e_tn"",""https://down-id.img.susercontent.com/file/47d85fb32ff1f8f72db3e253f646c91c_tn"",""https://down-id.img.susercontent.com/file/84932e168b95e57c376a9f07752b6584_tn""]",null,KKV███don███a O█████████hop███,https://shopee.co.id/KKV---DEOREX-Deodoran-Penghilang-Bau-Badan-Body-Deodorants-Odorizer-Spray-Non-Fragrance-/kkvindonesiaofficial,"[""Perawatan & Kecantikan"",""Perawatan Tubuh"",""Deodoran""]","[{""name"":""Stok"",""value"":""133""},{""name"":""Merek"",""value"":""Deorex""},{""name"":""Formulasi"",""value"":""Spray""},{""name"":""Masa Penyimpanan"",""value"":""24 Bulan""},{""name"":""No. Izin Edar (BPOM, PIRT)"",""value"":""NA18210900291""},{""name"":""Dikirim Dari"",""value"":""KAB. BEKASI""}]","🔸 KKV adalah brand yang berfokus pada gaya hidup kreatif yang menghadirkan koleksi pilihan produk impor maupun local masa kini. Saat ini terdapat 2.000+ cabang di seluruh dunia dan menargetkan untuk membuka 200 cabang di Indonesia. Semua produk KKV sudah melalui proses pemilihan dan dibawah pengawasan bea cukai dan pemerintah, sehingga produk KKV terjamin original dan berkualitas dengan harga yang terjangkau. 🔸

KKV - DEOREX Deodoran Penghilang Bau Badan Body Deodorants Odorizer Spray Non-Fragrance / Fragrance Musk 60ml

Deorex Body Odorizer Spray diformulasikan untuk membantu mengurangi bau badan yang mengganggu. Larutannya mampu melawan kuman, bakteri, dan jamur penyebab bau badan.

_________________

Deorex Body Odorizer Fragrance Musk dirancang untuk pria dan wanita saat beraktivitas. Larutan Deorex yang dikombinasikan dengan maladour masking fragrance membuat Anda percaya diri, apapun situasinya, dengan Deorex FM menjadikan Anda terlindung, wangi selama 72 jam.

Deskripsi Produk :
- Produk : Deodorant
- Brand : Deorex
- Isi : 60 ml
- Bentuk : Spray
- Tersedia 2 tipe : Non Fragrance / Fragrance Musk
- Membantu mengurangi bau tidak enak pada badan
- Tahan hingga 72 jam
- Tidak meninggalkan noda pada pakaian

Keunggulan Produk :
- Tahan lama hinga 72 jam
- Dapat digunakan selain di ketiak yaitu bawah lengan, telapak tangan, dan telapak kaki
- Kemasan botol spray yang praktis dan mudah dibawa
- Bertekstur cair yang tidak meninggalkan bekas pada pakaian
- Tidak mengandung bahan kimia berbahaya
- Membunuh bakteri penyebab bau badan
- Tidak menyumbat pori-pori kulit
- Tidak menimbulkan iritasi dan efek samping
- Dapat dipakai 2-3x seminggu

Cara Pakai : 
Semprotkan pada bagian yang membutuhkan seperti ketiak, bawah lengan, telapak tangan atau telapak kaki pada malam hari sebelum tidur.

Cara Penyimpanan : 
Simpan ditempat sejuk dan aman dari anak-anak

Komposisi : 
Purified water, aluminium chlorohydrate, propylen glycol, alcohol, PEG-40 hydrogenated castor oil, famesol, menthol, menthyl lactate, phenoxyethanol, methylparaben, ethylparaben, propylparaben, butylparaben

📌 Harap segera memeriksa produk yang diterima. Jika terdapat kesalahan pada pengiriman pesanan atau masalah kualitas produk, harap scan QR Code yang tertera pada receipt dan hubungi customer service kami. Kami akan langsung membantu anda menyelesaikan keluhan anda. Kunjungi juga outlet kami dan kami akan memberikan pelayanan dengan kualitas terbaik untuk anda.

📌 Proses order dan pengiriman akan dilakukan pada jam operasional kerja Senin – Jumat pukul 09.00 WIB – 16.00 WIB. KHUSUS Go-Send / Grab Express proses order dan pengiriman dilakukan pukul 09.00 WIB – 12.00 WIB. Order yang melewati jam operasional kerja akan dikirimkan di hari kerja berikutnya.

#deorex #deodoran #bodydeodorant #penghilangbaubadan #baubadan #deodorantspray #odorizer",4.9,5087,100,0.05 hours,Thu May 14 2020 02:59:07 GMT+0000 (Coordinated Universal Time),1933968,"[{""name"":""TYPE"",""variations"":[""Non-Fragrance"",""Fragrance""]}]",https://shopee.co.id,Deorex,100630,false,,"[{""name"":""model"",""value"":""Fragrance""}]",0,https://shopee.co.id/Deodoran-cat.11043145.11043146.11043152,null,,,null
https://shopee.com.mx/Adecuado-Para-Airpods-Pro-Silicona-Anti-Ca%C3%ADda-Ear-Loop/Auricular-Extra%C3%ADble-Antideslizante-Earhook/Slip-Tapones-Para-Auriculares-Deportivos/Mini-Soporte-Bluetooth-i.382365224.16198254113?model_id=108144225102,16198254113,Adecuado Para Airpods Pro Silicona Anti Caída Ear Loop/Auricular Extraíble Antideslizante Earhook/Slip Tapones Para Auriculares Deportivos/Mini Soporte Bluetooth,0,5,0,1.954500000000000e+02,1.954500000000000e+02,MXN,,0,"[""https://down-mx.img.susercontent.com/file/sg-11134201-7qvep-ljm5uj8befg49b_tn"",""https://down-mx.img.susercontent.com/file/sg-11134201-7qvfb-lje62pii04ct2a_tn"",""https://down-mx.img.susercontent.com/file/sg-11134201-7qvel-lje62pwdfto749_tn"",""https://down-mx.img.susercontent.com/file/sg-11134201-7qvex-lje62qcqw2rx89_tn"",""https://down-mx.img.susercontent.com/file/sg-11134201-7qvd2-lje62qui1w3l57_tn"",""https://down-mx.img.susercontent.com/file/sg-11134201-7qve4-lje62r6flu4h81_tn"",""https://down-mx.img.susercontent.com/file/sg-11134201-7qvcy-lje62rk10jb5d9_tn"",""https://down-mx.img.susercontent.com/file/sg-11134201-7qvfv-lje62s368id34e_tn"",""https://down-mx.img.susercontent.com/file/sg-11134201-7qvex-lje62se9s9omcd_tn""]",null,hou███mx,https://shopee.com.mx/Adecuado-Para-Airpods-Pro-Silicona-Anti-Ca%C3%ADda-Ear-Loop/Auricular-Extra%C3%ADble-Antideslizante-Earhook/Slip-Tapones-Para-Auriculares-Deportivos/houye.mx,"[""Celulares y Gadgets"",""Accesorios"",""Fundas, Carcasas y Skins"",""Otros""]","[{""name"":""Existencias"",""value"":""1019976""}]","
Bienvenido a nuestra tienda
1, ¿cuál es nuestro objetivo?
★ Producto perfecto: popular, práctico y económico.
★ Entrega rápida: stock listo y 24H enviado
2, mejor protección al consumidor
★Si hay algún problema, póngase en contacto con nosotros.
★ Reembolso completo si no recibes tu pedido.
★ Reembolso total o parcial, si el artículo no es como se describe.
Descripción del producto principal:
Soporte de silicona para auriculares Ganchos para las orejas Sharkfin
Ganchos para las orejas de diseño ergonómico para un ajuste perfecto y seguro en sus oídos
Los ganchos para los oídos son fáciles de colocar y quitar, deben retirarse antes de cargar
Especificación
Material: Silicona
Tamaño: alrededor de 2,7 cm
Adecuado: AirPods Pro
Función: antideslizante, los deportes no son fáciles de caer, reducción de ruido
Cantidad: 1 par
El paquete incluye: 1 par * cubierta para auriculares con gancho para la oreja
 
 
Nota: La descripción del producto anterior solo se aplica al producto que se muestra por la imagen principal
Otro Tipo Similar Descripción del producto:
Póngase en contacto con nuestro personal de servicio al cliente
Imagen de espectáculo de productos:
★★★★★★★★★★★★★★★★★★ Tipo A★★★★★★★★★★★★★★★★★★
Tamaño: alrededor de 2,7 cm
Cantidad: 1 par
★★★★★★★★★★★★★★★★★★ Tipo B★★★★★★★★★★★★★★★★★★
Tamaño: 1,6 cm x 6 cm
Cantidad: 2 piezas / par
★★★★★★★★★★★★★★★★★★ Tipo C★★★★★★★★★★★★★★★★★★
Tamaño: alrededor de 6*2,6 cm
Cantidad: 1 par
★★★★★★★★★★★★★★★★★★ Tipo D★★★★★★★★★★★★★★★★★★
Tamaño: alrededor de 6*3,5 cm
Cantidad: 1 par
★★★★★★★★★★★★★★★★★★ Tipo E★★★★★★★★★★★★★★★★★★
Tamaño: 54*42mm
Cantidad: 1
★★★★★★★★★★★★★★★★★★ Tipo F★★★★★★★★★★★★★★★★★★
Tamaño: 60*43*10mm
Cantidad: 1 par
★ Nota: debido a la diferencia de luz y pantalla, el color del artículo puede ser ligeramente diferente al de las imágenes. Por favor, comprenda y permita algunas diferencias debido a la medición manual.
",4.69,2817,100,0.15 hours,Tue Feb 02 2021 09:35:54 GMT+0000 (Coordinated Universal Time),7935,"[{""name"":""Tamaño"",""variations"":[""A1-1Pair"",""A2-1Pair"",""B1-1Pair"",""B2-1Pair"",""B3-1Pair"",""B4-1Pair"",""B5-1Pair"",""B6-1Pair"",""B7-1Pair"",""B8-1Pair"",""C-1Pair"",""D1-1Pair"",""D2-1Pair"",""D3-1Pair"",""E1-1Pair"",""E2-1Pair"",""F1-1Pair"",""F2-1Pair"",""F3-1Pair"",""F4-1Pair"",""F5-1Pair"",""F6-1Pair""]}]",https://shopee.com.mx,,100013,false,,"[{""name"":""model"",""value"":""D1-1Pair""}]",0,https://shopee.com.mx/Otros-cat.11058541.11058555.11058672,null,,,null
https://shopee.co.id/Shiseido-Clear-Sun-Care-Stick-SPF50-20gr-/-Sunblock-/-Sunscreen-/-Shiseido-Men-i.86542887.21201939734?model_id=250484665076,21201939734,Shiseido Clear Sun-Care Stick SPF50 20gr / Sunblock / Sunscreen / Shiseido Men,0,5,0,580000,580000,IDR,,0,"[""https://down-id.img.susercontent.com/file/id-11134207-7r98x-lswwbt2jqzjx93_tn"",""https://down-id.img.susercontent.com/file/id-11134207-7r98t-lsvlg5wdqpxp4d_tn""]",null,Mus███eau███Sto███,https://shopee.co.id/Shiseido-Clear-Sun-Care-Stick-SPF50-20gr-/-Sunblock-/-Sunscreen-/musebeauty.store,"[""Perawatan & Kecantikan"",""Perawatan Wajah"",""Sunscreen Wajah""]","[{""name"":""Stok"",""value"":""2""},{""name"":""Merek"",""value"":""-""},{""name"":""Masa Penyimpanan"",""value"":""24 Bulan""},{""name"":""No. Izin Edar (BPOM, PIRT)"",""value"":""-""},{""name"":""Dikirim Dari"",""value"":""KOTA SURABAYA""}]","Semua produk MUSE 100% original money back guarantee.

- Kemasan counter resmi, bukan share in
- Baru, ada BPOM
- Transaksi di atas pkl. 12.00, ikut pengiriman besoknya
- Minggu dan tanggal merah libur
- Free bubble wrap / kardus
- Semua paket sudah dilengkapi dengan asuransi paket hilang / rusak

Note : tidak menerima klaim / komplain tanpa menyertakan video unboxing

** Harga Counter : 580.000 **

Happy Shopping 🙏",4.96,678,98,1.10 hours,Mon Aug 27 2018 23:15:51 GMT+0000 (Coordinated Universal Time),26190,"[{""name"":""Varian"",""variations"":[""Shiseido"",""Shiseido Men""]}]",https://shopee.co.id,,100630,false,,"[{""name"":""model"",""value"":""Shiseido""}]",0,https://shopee.co.id/Sunscreen-Wajah-cat.11043145.11043253.11043262,null,,,null
https://shopee.co.th/Reuzel-Aftershave-After-Shave-Skin-Care-100%E0%B8%A1%E0%B8%A5-i.1235510805.24177824824,24177824824,Reuzel Aftershave After Shave Skin Care 100มล,0,0,0,606,606,THB,,0,"[""https://down-th.img.susercontent.com/file/vn-11134207-7r98o-ltxa5mwqn7reb9_tn"",""https://down-th.img.susercontent.com/file/vn-11134207-7r98o-ltxa5mwqu8lm97_tn"",""https://down-th.img.susercontent.com/file/vn-11134207-7r98o-ltxa5mwqrfgq5b_tn"",""https://down-th.img.susercontent.com/file/vn-11134207-7r98o-ltxa5mwqvn62f3_tn"",""https://down-th.img.susercontent.com/file/vn-11134207-7r98o-ltxa5mwqsu16a8_tn"",""https://down-th.img.susercontent.com/file/vn-11134201-23020-6132w4jfj2nv99_tn""]",null,cla███cof███ial█████████h,https://shopee.co.th/classicofficialstore3a.th,"[""ผลิตภัณฑ์บำรุงและเสริมความงาม"",""ผลิตภัณฑ์ดูแลผู้ชาย"",""ผลิตภัณฑ์โกนหนวด"",""ผลิตภัณฑ์บำรุงผิวหลังการโกนหนวด""]","[{""name"":""คลัง"",""value"":""19""},{""name"":""กลิ่น"",""value"":""ไม้""},{""name"":""อายุการเก็บรักษา"",""value"":""36 Months""}]","Reuzel Aftershave เล็กน้อยบนใบหน้าหลังโกนหนวด สูตร T4 Tonic Blend ของเราช่วยปลอบประโลมทุกอย่างได้ทันที ด้วยกลิ่นหอมเปรี้ยวและไม้จันทน์คุณจะมั่นใจได้มากขึ้นตลอดทั้งวัน

ปลอบประโลมรูขุมขน - กลิ่นผู้ชาย
• ผิวเนียนนุ่มและสดชื่น• • • • ผิวเรียบเนียนและสดชื่น
•สูตร T4 Tonic Blend เพื่อการดูแลผิวที่ดีขึ้น••สูตร T4 Tonic Blend
•รสชาติเปรี้ยวและไม้จันทน์

การใช้:

ทา Reuzel Aftershave ลงบนฝ่ามือแล้วทาที่คางหรือที่ใดก็ได้ที่คุณโกน คุณจะเห็นผลทันทีรูขุมขนกระชับและดูแลผิวได้ดีมาก

มีประสิทธิภาพ:

Reuzel Aftershave ทำให้การโกนหนวดสะดวกสบายยิ่งขึ้นทำให้ผิวนุ่มและยอดเยี่ยม",0,3,57,,Wed Apr 17 2024 11:02:11 GMT+0000 (Coordinated Universal Time),0,"[{""variations"":[null]}]",https://shopee.co.th,,100630,false,,"[{""name"":""model"",""value"":null}]",0,https://shopee.co.th/%E0%B8%AD%E0%B8%B8%E0%B8%9B%E0%B8%81%E0%B8%A3%E0%B8%93%E0%B9%8C%E0%B9%82%E0%B8%81%E0%B8%99%E0%B8%AB%E0%B8%99%E0%B8%A7%E0%B8%94-cat.11044959.11045203.11046050,null,,,null
https://shopee.sg/Carlsberg-Green-Label-Can-320ml-(Pack-of-48)-Silver-Ring-i.91799978.14980138200,14980138200,Carlsberg Green Label Can 320ml (Pack of 48) Silver Ring,0,4.9,0,1.261600000000000e+02,1.028000000000000e+02,SGD,,0,"[""https://down-sg.img.susercontent.com/file/sg-11134207-7rdyb-lxj79bpl5ex62c_tn"",""https://down-sg.img.susercontent.com/file/b729b3eb33a0ac01f7c580a76589b7db_tn"",""https://down-sg.img.susercontent.com/file/0c2cb66e81dd268155c49a9ea377a024_tn""]",null,Sho███ Su███mar██████,https://shopee.sg/shopeesupermarketsg,"[""Food & Beverage"",""Alcoholic Beverages"",""Beer & Cider""]","[{""name"":""Stock"",""value"":""2683""},{""name"":""Brand"",""value"":""Carlsberg""},{""name"":""Ships From"",""value"":""SG""}]","Carlsberg Danish Pilsner Beer



Carlsberg Danish Pilsner is everything you’d expect from the makers of probably the best beer in the world. It’s a uniquely characterful premium beer brewed using pilsner malt, a delicate blend of quality hop varieties and the 'Saccharomyces Carlsbergensis’ yeast, to ensure a consistent, well-balanced taste. It’s wonderfully crisp and refreshing, with a rich malty aroma, a fruity hint of hops and a pleasantly smooth bitterness. Skål!



- 5.0% ABV premium pilsner beer

- Well-balanced with a rich malty aroma and a fruity hint of hops. 

- Pleasantly smooth mouthfeel and easy accessible bitterness 

- Goes well with sandwiches, burgers, salads or pasta 





•	Beer Type			        	: European Pale Lager

•	Alcohol by Volume			: 5.0%

•	Country of Origin		         	: Denmark

•	Country of Manufacture		: China

•	Pack Type		         		: 24 x 320ml",4.91,51988,100,2.08 hours,Fri Sep 21 2018 04:12:06 GMT+0000 (Coordinated Universal Time),460916,"[{""name"":""Variations"",""variations"":[""Carlsberg""]}]",https://shopee.sg,Carlsberg,100629,false,,"[{""name"":""model"",""value"":""Carlsberg""}]",0,https://shopee.sg/Beer-Cider-cat.11011871.11011872.11011876,null,,,null
https://shopee.com.my/YOU-cloud-touch-Blurring-Skin-Tint-|-Liquid-Foundation-|-Natural-Flawless-Finish-|-24H-Makeup-Stay-20ml-i.410162346.22749272680?model_id=59331350625,22749272680,YOU cloud touch Blurring Skin Tint | Liquid Foundation | Natural Flawless Finish | 24H Makeup Stay 20ml,0,4.9,0,4.290000000000000e+01,3.990000000000000e+01,MYR,,0,"[""https://down-my.img.susercontent.com/file/my-11134207-7r98o-lzhvtp4ugin4b1_tn"",""https://down-my.img.susercontent.com/file/my-11134207-7r98w-lqmphns8hc8u46_tn"",""https://down-my.img.susercontent.com/file/my-11134207-7r991-lqmphns8iqtaf9_tn"",""https://down-my.img.susercontent.com/file/my-11134207-7r98s-lqmphns8k5dqfa_tn"",""https://down-my.img.susercontent.com/file/my-11134207-7r990-lqmphns8ljy645_tn"",""https://down-my.img.susercontent.com/file/my-11134207-7r98v-lzhvun5unvc09a_tn"",""https://down-my.img.susercontent.com/file/my-11134207-7r991-lqmphns8od323c_tn"",""https://down-my.img.susercontent.com/file/my-11134207-7r990-lqmphns8prni39_tn"",""https://down-my.img.susercontent.com/file/my-11134207-7r98o-lzhvuv0v5pwp44_tn""]",null,Y.O███Bea███ Of█████████ore██████,https://shopee.com.my/you.os,"[""Beauty"",""Makeup"",""Face"",""Foundation""]","[{""name"":""Stock"",""value"":""9588""},{""name"":""Brand"",""value"":""Y.O.U Makeups""},{""name"":""Makeup Finish"",""value"":""Matte""},{""name"":""Foundation Coverage"",""value"":""Full""},{""name"":""Volume"",""value"":""20ml""},{""name"":""SPF"",""value"":""25""},{""name"":""Skin Type"",""value"":""Acne-prone""},{""name"":""Ships From"",""value"":""Selangor""}]","A lightweight skin care infused liquid foundation with SPF25+PA+++ that formulated for oily & combination skin, enriched with Ceramide and Centella Asiatica Extract, instantly delivers soft-focused skin filter effect.

Benefits:
1. 24H Makeup Stay
2. Breathable Comfort Skin
3. Flawless Complexion

Ingredients:
1. Ceramide: 
Strengthen Skin Barrier

2. Centella Asiatica: 
Reduce the visible signs of skin sensitivity

3. Korean Natural HG (Fermented Complex): 
Soothing and moisturizing

How to use:
• Shake well and apply a few drops with fingers or a brush
• For more coverage, add another layer to build it up.
• Pat lightly using a makeup sponge to blend out for a seamless and natural look.

Caution:
For external use only. Please avoid contact with eyes. If happened, rinse with water immediately. Keep out of reach of children. Stop using if signs of irritation appear.
",4.94,103,100,0.03 hours,Thu Mar 25 2021 04:40:31 GMT+0000 (Coordinated Universal Time),344434,"[{""name"":""Color"",""variations"":[""N402 Shell Ivory"",""C203 Pink Sand"",""N504 Rose Vanilla"",""W708 Crème Beige"",""N610 Golden Honey""]}]",https://shopee.com.my,Y.O.U Makeups,100630,false,,"[{""name"":""model"",""value"":""C203 Pink Sand""}]",0,https://shopee.com.my/Foundation-cat.11000168.11000215.11000217,"[{""claimable"":false,""currency"":""MYR"",""discount"":3,""discount_cap"":0,""discount_percentage"":0,""min_spend"":3000000,""shop_vouncher"":""Y.O.U Beauty Official Store MY"",""special_condition"":null,""text_info"":""YOUOSBKD"",""validity_end"":""2024-09-30T15:59:00.000Z"",""validity_start"":""2024-09-02T03:36:00.000Z""},{""claimable"":false,""currency"":""MYR"",""discount"":8,""discount_cap"":0,""discount_percentage"":0,""min_spend"":4000000,""shop_vouncher"":""Y.O.U Beauty Official Store MY"",""special_condition"":null,""text_info"":""SVC-961314933985449"",""validity_end"":""2024-09-08T15:59:59.000Z"",""validity_start"":""2024-08-25T16:00:00.000Z""},{""claimable"":false,""currency"":""MYR"",""discount"":12,""discount_cap"":0,""discount_percentage"":0,""min_spend"":6000000,""shop_vouncher"":""Y.O.U Beauty Official Store MY"",""special_condition"":null,""text_info"":""SVC-961314934116397"",""validity_end"":""2024-09-08T15:59:59.000Z"",""validity_start"":""2024-08-25T16:00:00.000Z""},{""claimable"":false,""currency"":""MYR"",""discount"":24,""discount_cap"":0,""discount_percentage"":0,""min_spend"":8000000,""shop_vouncher"":""Y.O.U Beauty Official Store MY"",""special_condition"":null,""text_info"":""8CFZ0943"",""validity_end"":""2024-09-08T15:59:00.000Z"",""validity_start"":""2024-08-24T12:00:00.000Z""},{""claimable"":false,""currency"":""MYR"",""discount"":20,""discount_cap"":0,""discount_percentage"":0,""min_spend"":8000000,""shop_vouncher"":""Y.O.U Beauty Official Store MY"",""special_condition"":null,""text_info"":""SELFFZ9"",""validity_end"":""2024-09-08T15:59:00.000Z"",""validity_start"":""2024-08-27T16:00:00.000Z""},{""claimable"":false,""currency"":""MYR"",""discount"":15,""discount_cap"":0,""discount_percentage"":0,""min_spend"":8000000,""shop_vouncher"":""Y.O.U Beauty Official Store MY"",""special_condition"":null,""text_info"":""82FZ1274"",""validity_end"":""2024-09-08T15:59:00.000Z"",""validity_start"":""2024-08-25T16:00:00.000Z""},{""claimable"":false,""currency"":""MYR"",""discount"":36,""discount_cap"":0,""discount_percentage"":0,""min_spend"":12000000,""shop_vouncher"":""Y.O.U Beauty Official Store MY"",""special_condition"":null,""text_info"":""8CFZ0944"",""validity_end"":""2024-09-08T15:59:00.000Z"",""validity_start"":""2024-08-24T12:00:00.000Z""},{""claimable"":false,""currency"":""MYR"",""discount"":8,""discount_cap"":0,""discount_percentage"":0,""min_spend"":4000000,""shop_vouncher"":""Y.O.U Beauty Official Store MY"",""special_condition"":null,""text_info"":""SVC-967120815804556"",""validity_end"":""2024-09-24T15:59:59.000Z"",""validity_start"":""2024-09-09T16:00:00.000Z""},{""claimable"":false,""currency"":""MYR"",""discount"":null,""discount_cap"":3000000,""discount_percentage"":20,""min_spend"":4000000,""shop_vouncher"":""Y.O.U Beauty Official Store MY"",""special_condition"":null,""text_info"":""QS2SME134"",""validity_end"":""2024-09-24T15:59:00.000Z"",""validity_start"":""2024-09-08T12:00:00.000Z""},{""claimable"":false,""currency"":""MYR"",""discount"":null,""discount_cap"":1500000,""discount_percentage"":15,""min_spend"":4000000,""shop_vouncher"":""Y.O.U Beauty Official Store MY"",""special_condition"":null,""text_info"":""QS1SME134"",""validity_end"":""2024-09-30T15:59:00.000Z"",""validity_start"":""2024-08-31T16:00:00.000Z""},{""claimable"":false,""currency"":""MYR"",""discount"":15,""discount_cap"":0,""discount_percentage"":0,""min_spend"":5000000,""shop_vouncher"":""Y.O.U Beauty Official Store MY"",""special_condition"":null,""text_info"":""SVC-966998014709912"",""validity_end"":""2024-09-24T15:59:59.000Z"",""validity_start"":""2024-09-08T12:00:00.000Z""},{""claimable"":false,""currency"":""MYR"",""discount"":12,""discount_cap"":0,""discount_percentage"":0,""min_spend"":6000000,""shop_vouncher"":""Y.O.U Beauty Official Store MY"",""special_condition"":null,""text_info"":""SVC-967120815542508"",""validity_end"":""2024-09-24T15:59:59.000Z"",""validity_start"":""2024-09-09T16:00:00.000Z""},{""claimable"":false,""currency"":""MYR"",""discount"":24,""discount_cap"":0,""discount_percentage"":0,""min_spend"":8000000,""shop_vouncher"":""Y.O.U Beauty Official Store MY"",""special_condition"":null,""text_info"":""9ABZ0565"",""validity_end"":""2024-09-24T15:59:00.000Z"",""validity_start"":""2024-09-08T12:00:00.000Z""},{""claimable"":false,""currency"":""MYR"",""discount"":20,""discount_cap"":0,""discount_percentage"":0,""min_spend"":8000000,""shop_vouncher"":""Y.O.U Beauty Official Store MY"",""special_condition"":null,""text_info"":""99BZ0572"",""validity_end"":""2024-09-24T15:59:00.000Z"",""validity_start"":""2024-09-09T16:00:00.000Z""},{""claimable"":false,""currency"":""MYR"",""discount"":36,""discount_cap"":0,""discount_percentage"":0,""min_spend"":12000000,""shop_vouncher"":""Y.O.U Beauty Official Store MY"",""special_condition"":null,""text_info"":""9ABZ0566"",""validity_end"":""2024-09-24T15:59:00.000Z"",""validity_start"":""2024-09-08T12:00:00.000Z""}]",,,null
"https://shopee.cl/Pegamento-Multiuso-Loctite-495,401,406,415,460,496,416,425,480-Adhesivo-Instant%C3%A1neo-20gr-i.682606843.27050532638?model_id=250865970707",27050532638,"Pegamento Multiuso Loctite 495,401,406,415,460,496,416,425,480 Adhesivo Instantáneo 20gr",0,0,0,6000,6000,CLP,,0,"[""https://down-cl.img.susercontent.com/file/id-11134207-7r990-lsmnuszttmrd34_tn"",""https://down-cl.img.susercontent.com/file/id-11134207-7r98q-lsmnzjbij8ll54_tn""]",null,arm███od2███.cl███,https://shopee.cl/armandod29gi.cl,"[""Hogar y Vida"",""Herramientas y Mejoras para el Hogar"",""Cintas Adhesivas""]","[{""name"":""Existencias"",""value"":""130""}]","20gr
Tipos disponibles: 495, 401, 406, 415, 460, 496, 416, 425, 480 

Ordenar con mensajero REGULAR
Lunes - lunes a viernes antes de las 16:00 se entregará el mismo día.
Sábado antes de las 12:00 se entregará el mismo día. 
Pasado que el paquete se enviará la próxima semana.

Lunes - viernes antes de las 16: 30 se entregará el mismo día.
Sábado antes de las 12:00 se entregará el mismo día.
Pasado que el paquete se enviará la próxima semana.

(COURIER Con frecuencia LARGO Y ENVÍO EL ARTÍCULO LARGO)
Lunes - de lunes a viernes antes de las 14:00 estará PROCESO el mismo día
Sábado antes de las 12: 00 estará PROCESO durante el mismo día 
Pasar desde él y luego el paquete será PROCESO el próximo día hábil
El precio de los artículos incluye una tarifa de envío que debe ser transmitida por el comprador.
El precio del artículo incluye una tarifa de envío que debe ser transmitida por el comprador.",0,8,57,,Wed Feb 09 2022 10:50:50 GMT+0000 (Coordinated Universal Time),0,"[{""name"":""Tipo"",""variations"":[""495"",""401"",""406"",""460"",""415"",""416"",""496"",""425"",""480""]}]",https://shopee.cl,,100636,false,,"[{""name"":""model"",""value"":""495""}]",0,"https://shopee.cl/Ganchos,-Cintas-y-Adhesivos-cat.11070442.11070613.11071522",null,,,null
https://shopee.vn/(Freeship-HN)-Loa-thanh-Soundbar-LG-4.1-SN5R-520W-i.4391439.5067446765,5067446765,(Freeship HN) Loa thanh Soundbar LG 4.1 SN5R 520W,0,4.9,0,3150000,2850000,VND,,0,"[""https://down-vn.img.susercontent.com/file/vn-11134207-7r98o-luk5m892uvqdfe_tn"",""https://down-vn.img.susercontent.com/file/530b9bc1ddb6be5a9a9dfe0ef0846923_tn"",""https://down-vn.img.susercontent.com/file/5a5cfaac97f593b1911daff677f60d0d_tn"",""https://down-vn.img.susercontent.com/file/c8736fbe2cf8e093dc4b2b144aaa36fb_tn""]",null,Âm ███nh ███n t███,https://shopee.vn/amthanhdientu,"[""Thiết Bị Âm Thanh"",""Dàn âm thanh"",""Hệ thống âm thanh giải trí tại gia""]","[{""name"":""Kho"",""value"":""3""},{""name"":""Thương hiệu"",""value"":""LG""},{""name"":""Hạn bảo hành"",""value"":""12 tháng""},{""name"":""Loại bảo hành"",""value"":""Bảo hành nhà sản xuất""},{""name"":""Kết nối đầu vào"",""value"":""HDMI ARC, USB, Optical""},{""name"":""Công suất"",""value"":""520""},{""name"":""Kích thước (dài x rộng x cao)"",""value"":""Dài 89 cm - Rộng 8.5 cm - Cao 5.8 cm""},{""name"":""Gửi từ"",""value"":""Hà Nội""}]"," [LƯU Ý] ÂM THANH ĐIỆN TỬ TUYỆT ĐỐI KHÔNG SỬ DỤNG HÌNH THỨC ĐẶT CỌC BẰNG TÀI KHOẢN BÊN NGOÀI VÀ CHỈ SỬ DỤNG DUY NHẤT 1 CỬA HÀNG NÀY. QUÝ KHÁCH TUYỆT ĐỐI LƯU Ý ĐỂ TRÁNH GẶP TRƯỜNG HỢP LỪA ĐẢO. 
Âm Thanh Điện Tử xin kính chào Qúy khách

Loa thanh Soundbar LG 4.1 SN5R 520W
Tổng công suất: 520W
Công suất loa chính: 180 W
Số lượng kênh: 4.1 kênh
Công nghệ âm thanh: AI Sound Pro, Bass Blast, DTS Virtual:X
Kết nối không dây: Bluetooth 4.0
Kết nối khác: HDMI, Optical, USB
Thương hiệu của: Hàn Quốc
Hãng: LG
Xuất xứ: Việt Nam

Chúng tôi xin cam kết 
 Sản phẩm mới nguyên kiện, nguyên đai, chưa bóc dỡ, chưa có giờ chạy 
 Sản phẩm bảo hành chính hãng tại nhà khách hàng 
 Sản phẩm đầy đủ giấy tờ hóa đơn – CO-CQ khi khách hàng yêu cầu 
Chính sách đổi trả
 Nhận đổi trả trong 7 ngày với các lỗi từ nhà sản xuất 
 Xin liên hệ số hotline CSKH: 0919911792 để giải quyết sự cố nhanh nhất
Thông tin về chúng tôi 
 Cửa hàng tại : số 39/a8 phố Hai Bà Trưng – Hoàn Kiếm – Hà Nội
 Số CSKH 0919911792 Luôn lắng nghe
Chúng tôi xin cam kết đem lại những trải nghiệm âm thanh tuyệt vời nhất đến quý khách – Với chất lượng dịch vụ trong và sau giao dịch cao nhất 
Những câu hỏi thường gặp :
1. Làm sao tôi biết chắc chắn đây là sản phẩm chính hãng :
Trên vỏ của bộ sản phẩm, có số IME máy, khách hàng chỉ cần liên hệ tổng đài lg, đọc IME máy là kiểm tra được đầy đủ thông tin về sản phẩm. 
2. Liệu sản phẩm có phải hàng trưng bày:
Chúng tôi xin cam kết, tất cả sản phẩm còn nguyên đai, nguyên kiện, 1 lớp băng dính, khách hàng sẽ là người bóc sản phẩm nguyên hộp tại nhà ạ
3.  Nhà tôi ở xa shop, vậy có bảo hành không:
Dạ thưa, chúng tôi xin cam kết sản phẩm bảo hành toàn quốc, chính hãng 
4. Nếu sản phẩm có trục trặc tôi cần liên hệ ai:
Qúy khách xin liên hệ : 0919911792 
Chúng tôi xin cam kết đem lại những trải nghiệm hình tuyệt vời nhất đến quý khách – Với chất lượng dịch vụ trong và sau giao dịch cao nhất
[LƯU Ý] ÂM THANH ĐIỆN TỬ TUYỆT ĐỐI KHÔNG SỬ DỤNG HÌNH THỨC ĐẶT CỌC BẰNG TÀI KHOẢN BÊN NGOÀI VÀ CHỈ SỬ DỤNG DUY NHẤT 1 CỬA HÀNG NÀY. QUÝ KHÁCH TUYỆT ĐỐI LƯU Ý ĐỂ TRÁNH GẶP TRƯỜNG HỢP LỪA ĐẢO.
",4.89,381,92,2.21 hours,Fri Apr 01 2016 05:51:18 GMT+0000 (Coordinated Universal Time),2681,"[{""variations"":[null]}]",https://shopee.vn,LG,100535,false,,"[{""name"":""model"",""value"":null}]",0,https://shopee.vn/D%C3%A0n-%C3%A2m-thanh-cat.11036132.11036135.11036142,null,,,null
https://shopee.cl/CURAPROX-Cepillo-De-Dientes-CS-5460-ORTHO-Brackets-i.1124167163.25515506987,25515506987,CURAPROX Cepillo De Dientes CS 5460 ORTHO Brackets,0,4.8,0,9000,9000,CLP,,0,"[""https://down-cl.img.susercontent.com/file/my-11134207-7r98p-ls8m2dmpxjp311_tn"",""https://down-cl.img.susercontent.com/file/my-11134207-7r992-ls8m2dmpqiuvcf_tn"",""https://down-cl.img.susercontent.com/file/my-11134207-7r98r-ls8m2dmprxfbfd_tn"",""https://down-cl.img.susercontent.com/file/my-11134207-7r98u-ls8m2dmptbzr46_tn"",""https://down-cl.img.susercontent.com/file/my-11134207-7r98z-ls8m2dmpuqk7f3_tn"",""https://down-cl.img.susercontent.com/file/my-11134207-7r990-ls8m2dmpw54n66_tn"",""https://down-cl.img.susercontent.com/file/my-11134207-7r991-ls8m2dmpyy9j61_tn"",""https://down-cl.img.susercontent.com/file/my-11134207-7r98z-ls8m2dmzlwjbdf_tn"",""https://down-cl.img.susercontent.com/file/my-11134207-7r98r-ls8m2dmznb3rd7_tn""]",null,den███are███cl,https://shopee.cl/denticared2.cl,"[""Salud"",""Cuidado Personal"",""Cuidado Bucal"",""Cepillos Dentales""]","[{""name"":""Existencias"",""value"":""10""},{""name"":""Marcas"",""value"":""Curaprox""}]","5.460 filamentos en el cabezal del cepillo: corte ligeramente más corto en el medio para envolver perfectamente alrededor de aparatos ortopédicos y cierres... y limpiar de manera más efectiva. El mejor cuidado diario para tus aparatos ortopédicos.

Este cepillo de dientes incorpora la ranura del soporte, una ranura especial para aparatos ortopédicos: el Rizo 5'460® Filamentos limpia soportes, dientes y encías con cuidado y cuidado. Rizo 5'460® Filamentos, 0,1 mm de diámetro.

Libre de sustancias nocivas como bisfenol A (BPA), ftalatos o tintes azorros.

Recomendado para
Cuidado de las encías
Inflamación del chicle
Limpiar los dientes
Protección de Caries
Placa
Ortodoncia",0,9,57,,Wed Nov 22 2023 04:26:01 GMT+0000 (Coordinated Universal Time),0,"[{""variations"":[null]}]",https://shopee.cl,Curaprox,100001,false,,"[{""name"":""model"",""value"":null}]",0,https://shopee.cl/Higiene-Bucal-cat.11070438.11070508.11070926,null,,,null
https://shopee.com.co/kok-estuche-port%C3%A1til-de-viaje-bolsa-de-almacenamiento-caja-de-transporte-for-jbl-clip-4-altavoz-bluetooth-i.471808556.6693186648,6693186648,kok estuche portátil de viaje bolsa de almacenamiento caja de transporte for-jbl clip 4 altavoz bluetooth,0,4.7,0,43104,30708,COP,,0,"[""https://down-co.img.susercontent.com/file/dc6bf650e1a11d499de174693245929b_tn"",""https://down-co.img.susercontent.com/file/106ec25f475887a8f71aa6224621a904_tn"",""https://down-co.img.susercontent.com/file/c8b50791935fb6bb3638a2dad0677159_tn"",""https://down-co.img.susercontent.com/file/f5bb1ae7c146eeb7eb09f11b50cacee4_tn"",""https://down-co.img.susercontent.com/file/bc0a66f6dfe2cb1e35152e077a5987d7_tn"",""https://down-co.img.susercontent.com/file/cc3d0305a9bb18e0766b9e13b4ebd133_tn"",""https://down-co.img.susercontent.com/file/1bd4f27f13cb9acf7a3d7f89a07d3c96_tn"",""https://down-co.img.susercontent.com/file/8153a75ece211c6c730d314700cd70f9_tn"",""https://down-co.img.susercontent.com/file/b93cf58869d4ede6c936789818a51387_tn""]",null,kok███yig███,https://shopee.com.co/kokoaryig.co,"[""Audio"",""Home Audio y Bocinas"",""Bocinas""]","[{""name"":""Existencias"",""value"":""9998""},{""name"":""Función de Bluetooth"",""value"":""Sí""}]","estuche de viaje portátil bolsa de almacenamiento caja de transporte for-jbl clip 4 altavoz bluetooth
descripción:
100% nuevo y de alta calidad
característica:
esta bolsa de almacenamiento portátil de transporte es especialmente diseñado para-jbl clip 4 altavoz.
el material eva es a prueba de golpes a prueba de polvo e impermeable para proteger a su altavoz de impactos y salpicaduras.
aspecto delicado hace que el caso se vea más enérgico y elegante.
correa de mano para mantener sus dispositivos seguros y a mano.
diseño de cremallera para una apertura y cierre sencillos.
bolsa de almacenamiento solo, otros accesorios demo en la imagen no está incluido!

especificaciones:
tipo de artículo: bolsa de almacenamiento
material: eva
tamaño: 150x105x50mm
color: negro
modelos compatibles: altavoz for-jbl clip 4
cantidad: 1 pc

nota:
no hay paquete de venta al por menor.
transición: 1cm=10mm=0.39inch
por favor, permita un error de 0-1cm debido a la medición manual. pls asegúrese de que no le importa antes de pujar.
debido a la diferencia entre diferentes monitores, la imagen puede no reflejar el color real del elemento. ¡gracias!

el paquete incluye:
1 x bolsa de almacenamiento",4.61,2987,57,,Mon Jun 21 2021 11:27:42 GMT+0000 (Coordinated Universal Time),6,"[{""variations"":[null]}]",https://shopee.com.co,,100535,false,,"[{""name"":""model"",""value"":null}]",0,https://shopee.com.co/Bocinas-cat.11069115.11069278.11069965,null,,,null
https://shopee.com.mx/Polene-Tonca-nuevo-estilo-de-cuero-genuino-franc%C3%A9s-peque%C3%B1o-bolso-dise%C3%B1o-de-nicho-ins-bolso-femenino-2022-bolso-de-moda-poleno-i.1015935282.23075916462?model_id=108151747536,23075916462,Polene Tonca nuevo estilo de cuero genuino francés pequeño bolso diseño de nicho ins bolso femenino 2022 bolso de moda poleno,0,0,0,1998,1998,MXN,,0,"[""https://down-mx.img.susercontent.com/file/cn-11134207-7qukw-lk28406l5kacb2_tn"",""https://down-mx.img.susercontent.com/file/cn-11134207-7qukw-lk28406l6yus01_tn"",""https://down-mx.img.susercontent.com/file/cn-11134207-7qukw-lk28406l8df89b_tn"",""https://down-mx.img.susercontent.com/file/cn-11134207-7qukw-lk28406l9rzof4_tn"",""https://down-mx.img.susercontent.com/file/cn-11134207-7qukw-lk289jvoncm519_tn"",""https://down-mx.img.susercontent.com/file/cn-11134207-7qukw-lk289jvoor6lb9_tn"",""https://down-mx.img.susercontent.com/file/cn-11134207-7qukw-lk289jvoq5r10a_tn"",""https://down-mx.img.susercontent.com/file/cn-11134207-7qukw-lk289jvorkbh9f_tn""]",null,koi███p.m███,https://shopee.com.mx/koicarp.mx,"[""Bolsas de Mujer"",""Bolsas Cruzadas y de Hombro""]","[{""name"":""Existencias"",""value"":""4995""},{""name"":""Estilo de Bolsa"",""value"":""Media Luna""},{""name"":""Material"",""value"":""Cuero""},{""name"":""Tamaño de Bolsa"",""value"":""Mini""}]","Bienvenido a mi tienda
Marca: poste
Polene Tonca Nuevo Cuero Francés Bolso Pequeño Diseño Niche Bolso ins Bolso Mujer 2022 Tide postno Bolsa
💙Todos los colores están en Stock, generalmente enviados dentro de los 2 días hábiles
🧡Cualquier pregunta puede chatear conmigo y te ayudaré a resolver el problema.
💛5 estrellas después de recibir los productos, puede obtener un cupón si recibe una buena revisión con imágenes y Videos
💚In Tik Tok, facebook.Ins u otra plataforma Social Envío Video promocional puede obtener descuento adicional
",4.65,45,57,,Sun Jun 11 2023 16:30:31 GMT+0000 (Coordinated Universal Time),33,"[{""name"":""Color"",""variations"":[""Gris"",""Camello"",""Blanco"",""Negro"",""Azul""]}]",https://shopee.com.mx,,100016,false,,"[{""name"":""model"",""value"":""Blanco""}]",0,https://shopee.com.mx/Bolsas-Cruzadas-y-de-Hombro-cat.11057060.11057112.11057277,null,,,null
https://shopee.co.th/(%E0%B8%A5%E0%B8%B9%E0%B8%81%E0%B8%84%E0%B9%89%E0%B8%B2%E0%B9%83%E0%B8%AB%E0%B8%A1%E0%B9%88-1-%E0%B8%9A%E0%B8%B2%E0%B8%97)-%E0%B9%83%E0%B8%AB%E0%B8%A1%E0%B9%88%EF%BC%81%E0%B8%81%E0%B8%B2%E0%B8%87%E0%B9%80%E0%B8%81%E0%B8%87%E0%B8%82%E0%B8%B2%E0%B8%AA%E0%B8%B1%E0%B9%89%E0%B8%99%E0%B8%9C%E0%B8%B9%E0%B9%89%E0%B8%8A%E0%B8%B2%E0%B8%A2%E0%B9%81%E0%B8%9F%E0%B8%8A%E0%B8%B1%E0%B9%88%E0%B8%99-%E0%B8%81%E0%B8%B2%E0%B8%87%E0%B9%80%E0%B8%81%E0%B8%87%E0%B8%82%E0%B8%B2%E0%B8%AA%E0%B8%B1%E0%B9%89%E0%B8%99%E0%B9%80%E0%B8%AD%E0%B8%A7%E0%B8%A2%E0%B8%B2%E0%B8%87%E0%B8%A2%E0%B8%B7%E0%B8%94+%E0%B8%AA%E0%B8%B2%E0%B8%A2%E0%B8%A3%E0%B8%B1%E0%B8%94-%E0%B8%81%E0%B8%B2%E0%B8%87%E0%B9%80%E0%B8%81%E0%B8%87%E0%B8%82%E0%B8%B2%E0%B8%AA%E0%B8%B1%E0%B9%89%E0%B8%99%E0%B8%A5%E0%B8%B3%E0%B8%A5%E0%B8%AD%E0%B8%87-i.291462510.17222160132?model_id=153026760697,17222160132,(ลูกค้าใหม่ 1 บาท) ใหม่！กางเกงขาสั้นผู้ชายแฟชั่น กางเกงขาสั้นเอวยางยืด+สายรัด กางเกงขาสั้นลำลอง,0,4.5,0,488,188,THB,,0,"[""https://down-th.img.susercontent.com/file/37fcfa641654b884f01234024cdf8e2f_tn"",""https://down-th.img.susercontent.com/file/4598ad7630d061cb4a7284806667e1c3_tn"",""https://down-th.img.susercontent.com/file/18d117f9fcbb234094af5b81632273d9_tn"",""https://down-th.img.susercontent.com/file/abedba70ada73f94ee0ec4df2024dcdf_tn"",""https://down-th.img.susercontent.com/file/3e1b97a4b54e2ef90aeba64b7fc87f8c_tn"",""https://down-th.img.susercontent.com/file/c90c8aeb35fb53d052149a5c9b236588_tn"",""https://down-th.img.susercontent.com/file/31f900d8eb8f581b3c1caf101051aa37_tn""]",null,(FU███ SH███,https://shopee.co.th/fufu8088,"[""เสื้อผ้าผู้ชาย"",""กางเกงขาสั้น""]","[{""name"":""คลัง"",""value"":""2974""},{""name"":""สไตล์เสื้อผ้า"",""value"":""ธรรมดา, โบฮีเมี่ยน, เกาหลี, ย้อนยุค, สไตล์สตรีท""},{""name"":""เสื้อผ้าสำหรับคนสูง"",""value"":""ใช่""},{""name"":""ประเทศต้นกำเนิดสินค้า"",""value"":""ไทย""},{""name"":""โอกาส"",""value"":""อื่นๆ""},{""name"":""ประเภทกางเกงขาสั้น"",""value"":""กางเกงขาสั้นเหนือเข่า""},{""name"":""วัสดุ"",""value"":""ผ้าสักหลาด""},{""name"":""ลวดลาย"",""value"":""เรียบๆ""},{""name"":""ความสูงเอว"",""value"":""เอวต่ำ""},{""name"":""ส่งจาก"",""value"":""จังหวัดกรุงเทพมหานคร""}]",✅【สินค้าทั้งหมดมีพร้อมส่งทุกชิ้น】【เราจัดส่งภายใน 24 ชั่วโมง ส่งสินค้าทุกวันไม่เว้นวันหยุด】【ลูกค้าในกรุงเทพรอรับสินค้า1-2วัน ต่างจังหวัด2-3วัน】【ทางร้านมีการตรวจสภาพสินค้าก่อนจัดส่งทุกชิ้น,4.35,23,78,5.07 hours,Sat Aug 01 2020 12:07:24 GMT+0000 (Coordinated Universal Time),11143,"[{""name"":""COLOIR"",""variations"":[""Gray(5506)"",""Khak(5506)"",""Green(5506)"",""Black(5506)""]},{""name"":""SIZE"",""variations"":[""L"",""XL"",""2XL"",""3XL"",""4XL""]}]",https://shopee.co.th,,100011,false,,"[{""name"":""model"",""value"":""Gray(5506),4XL""}]",0,https://shopee.co.th/%E0%B8%81%E0%B8%B2%E0%B8%87%E0%B9%80%E0%B8%81%E0%B8%87%E0%B8%82%E0%B8%B2%E0%B8%AA%E0%B8%B1%E0%B9%89%E0%B8%99%E0%B9%80%E0%B8%AD%E0%B8%A7%E0%B8%A2%E0%B8%B2%E0%B8%87%E0%B8%A2%E0%B8%B7%E0%B8%94-cat.11044945.11045073.11045437,null,,,null
https://shopee.vn/MacBook-Air-M1-2020-(8GB-RAM-|-256GB-SSD)-i.288286284.5875315506?model_id=43257996488,5875315506,MacBook Air M1 2020 (8GB RAM | 256GB SSD),0,4.9,0,28990000,28990000,VND,0,0,"[""https://down-vn.img.susercontent.com/file/sg-11134201-23020-rm8vwbd23cnv86_tn"",""https://down-vn.img.susercontent.com/file/sg-11134201-22100-7jka5nkyr2iv3c_tn"",""https://down-vn.img.susercontent.com/file/2477942b1ded3ec5ad3108a6e3140f63_tn"",""https://down-vn.img.susercontent.com/file/9e9f0f01b5f4fcfe13252fd14edffa6b_tn"",""https://down-vn.img.susercontent.com/file/1064afc02e7ecd3d33912a849338061f_tn""]",null,Sho███nk ███ici█████████,https://shopee.vn/shopdunk_official_store,"[""Máy tính & Laptop"",""Laptop""]","[{""name"":""Kho"",""value"":""2240""},{""name"":""Thương hiệu"",""value"":""Apple""},{""name"":""Kích thước màn hình laptop"",""value"":""13 Inches""},{""name"":""Loại laptop"",""value"":""Khác""},{""name"":""Dung lượng lưu trữ"",""value"":""256GB""}]","























 MacBook Air M1 Là máy tính xách tay mỏng và nhẹ nhất của Apple – nay thay đổi ngoạn mục với chip Apple M1 mạnh mẽ. Tạo ra một cú nhảy vọt về hiệu năng CPU và đồ họa, cùng thời lượng pin lên đến 18 giờ.

 Tính năng nổi bật:
- Chip M1 do Apple thiết kế tạo ra một cú nhảy vọt về hiệu năng máy học, CPU và GPU
- Tăng thời gian sử dụng với thời lượng pin lên đến 18 giờ
- CPU 8 lõi cho tốc độ nhanh hơn đến 3.5x, xử lý công việc nhanh chóng hơn bao giờ hết
- GPU lên đến 8 lõi với tốc độ xử lý đồ họa nhanh hơn đến 5x cho các ứng dụng và game đồ họa khủng
- Neural Engine 16 lõi cho công nghệ máy học hiện đại
- Bộ nhớ thống nhất 8GB giúp bạn làm việc gì cũng nhanh chóng và trôi chảy
- Ổ lưu trữ SSD siêu nhanh giúp mở các ứng dụng và tập tin chỉ trong tích tắc
- Thiết kế không quạt giảm tối đa tiếng ồn khi sử dụng
- Màn hình Retina 13.3 inch với dải màu rộng P3 cho hình ảnh sống động và chi tiết ấn tượng
- Camera FaceTime HD với bộ xử lý tín hiệu hình ảnh tiên tiến cho các cuộc gọi video đẹp hình, rõ tiếng hơn
- Bộ ba micro phối hợp tập trung thu giọng nói của bạn, không thu tạp âm môi trường
- Wi-Fi 6 thế hệ mới giúp kết nối nhanh hơn
- Hai cổng Thunderbolt / USB 4 để sạc và kết nối phụ kiện
- Bàn phím Magic Keyboard có đèn nền và Touch ID giúp mở khóa và thanh toán an toàn hơn
- macOS Big Sur với thiết kế mới đầy táo bạo cùng nhiều cập nhật quan trọng cho các ứng dụng Safari, Messages và Maps
- Hiện có màu vàng kim, xám bạc và bạc

 Bộ sản phẩm bao gồm:
  MacBook. Dây sạc. HDSD bảo hành điện tử 12 tháng",4.94,552,100,0.37 hours,Thu Jul 23 2020 08:12:42 GMT+0000 (Coordinated Universal Time),360329,"[{""name"":""Màu sắc"",""variations"":[""Vàng"",""Xám"",""Bạc""]}]",https://shopee.vn,Apple,100644,false,,"[{""name"":""model"",""value"":""Vàng""}]",0,https://shopee.vn/Laptop-cat.11035954.11036015,"[{""claimable"":false,""currency"":""VND"",""discount"":300000,""discount_cap"":0,""discount_percentage"":0,""min_spend"":0,""shop_vouncher"":""ShopDunk Official Store"",""special_condition"":null,""text_info"":""SDT9"",""validity_end"":""2024-09-30T16:59:00.000Z"",""validity_start"":""2024-09-01T17:00:00.000Z""}]",,,null
https://shopee.co.id/HOUGUO-2.8-Meter-Kemoceng-Microfiber-280cm-Tarik-Tekuk-Panjang-Alat-Pembersih-Langit-Langit-Rumah-Bisa-Di-Tekuk-Kemoceng-Panjang-i.856538501.25111899372?model_id=245301365393,25111899372,HOUGUO 2.8 Meter Kemoceng Microfiber 280cm Tarik Tekuk Panjang Alat Pembersih Langit-Langit Rumah Bisa Di Tekuk Kemoceng Panjang,0,4.8,0,50000,23999,IDR,,0,"[""https://down-id.img.susercontent.com/file/sg-11134201-7rdyc-lyjiu3jg74smdb_tn"",""https://down-id.img.susercontent.com/file/sg-11134201-7rcea-lr7efeb42jxlf6_tn"",""https://down-id.img.susercontent.com/file/sg-11134201-7rcec-lr7efejppz4981_tn"",""https://down-id.img.susercontent.com/file/sg-11134201-7rccb-lr7efeqxfemk29_tn"",""https://down-id.img.susercontent.com/file/sg-11134201-7rccd-lr7eff2ayrabeb_tn"",""https://down-id.img.susercontent.com/file/sg-11134201-7rcei-lr7effacmzij3b_tn"",""https://down-id.img.susercontent.com/file/sg-11134201-7rceh-lr7effkc8d1s77_tn"",""https://down-id.img.susercontent.com/file/sg-11134201-7rcf2-lr7effsxvsi862_tn"",""https://down-id.img.susercontent.com/file/sg-11134201-7rcc7-lr7effy7o2mx8d_tn""]",null,HOU███ Of███ial██████,https://shopee.co.id/j8ylmx3x3r,"[""Perlengkapan Rumah"",""Perawatan Rumah"",""Kemoceng""]","[{""name"":""Stok"",""value"":""233""},{""name"":""Merek"",""value"":""Ramiro""},{""name"":""Dikirim Dari"",""value"":""KOTA JAKARTA PUSAT""}]","💖Warna tersedia : Abu-abu/Putih Abu-abu 
💖Ukuran dengan extention stick : Panjang total dengan stick 280cm
💖Ukuran hanya kemoceng gagang tangan : 58cm

🎉Paket yang diterima:
📦1 Pcs kemoceng dengan gagang tangan
📦1 Pcs Stick extendable

👍Produk Fitur:
🌟 2 in 1 penggunaan, bisa pakai stick atau gagang tangan.

🌟  Penggunaan dengan stick dapat dipanjangkan sampai 2,8 Meter, dapat membersihkan langit -langit/ AC/ atas lemari, semua permukaan dengan ketinggian susah dibersihkan.

🌟  Rotasi 360° Kepala kemoceng lentur dapat ditekuk untuk mencapai sudut yang sulit dijangkau

🌟  Bulu kemoceng terbuat dari serat berkualitas tinggi dengan daya serap yang kuat，dapat mengangkat debu dengan sempurna, seperti magnet.

🌟  Kemoceng dapat dicuci dan dipakai semula kala.

🌟  Berfungsi untuk membersihkan kaca, mobil, sofa, dsb dari debu dan kotoran lainnya.

🌟  Dilengkapi dengan tongkat teleskopik yang dapat diatur panjang-pendek


🎉 Produk Impor 100% Tangan Pertama 
🎉  Wholesale /Menerima Dropship/Reseller
🎉  Ikuti toko kami untuk info DISKON dan PRODUK BARU ! 
🎉Semua barang di toko tersedia dan memiliki banyak persediaan, silakan hubungi kami jika Anda perlu membeli dalam jumlah besar!
📌: Harap rekam video unboxing saat membongkar
📌: Komplain kurang / Rusak harus ada lampirkan video unboxing
📌:  Tidak ada video = Tidak ada pengembalian uang
📌:  Komplain = Klaim = Ongkir PP ditanggung pembeli
📌: Jika isi pesanan tidak sesuai/hilang/rusak, harap hubungi customer service terlebih dahulu, jangan klik pesanan untuk menyelesaikan atau langsung memberi peringkat, agar kami dapat mengatasi masalah Anda dengan lebih baik，terima kasih!

💝Tentunya kami akan memberikan solusi terbaik buat Pelanggan kami, Anda mengucapkan sopan kepada kami, kami akan lebih sopan kepada Anda.Kami harap Anda mendapatkan pengalaman berbelanja yang menyenangkan, terima kasih!",4.73,72,99,0.93 hours,Sun Sep 04 2022 08:54:55 GMT+0000 (Coordinated Universal Time),20086,"[{""name"":""Spesifikasi"",""variations"":[""1 Set Putih Abu-abu"",""1 Set Abu-abu"",""Kepala Abu-abu"",""Kepala Putih Abu-abu""]}]",https://shopee.co.id,Ramiro,100636,false,,"[{""name"":""model"",""value"":""1 Set Abu-abu""}]",0,https://shopee.co.id/Kemoceng-cat.11043778.11043875.11043879,"[{""claimable"":false,""currency"":""IDR"",""discount"":250,""discount_cap"":0,""discount_percentage"":0,""min_spend"":2499900000,""shop_vouncher"":""HOUGUO Official Mall"",""special_condition"":null,""text_info"":""J8YL44444"",""validity_end"":""2024-10-31T15:59:00.000Z"",""validity_start"":""2024-08-05T05:06:00.000Z""},{""claimable"":false,""currency"":""IDR"",""discount"":700,""discount_cap"":0,""discount_percentage"":0,""min_spend"":7999900000,""shop_vouncher"":""HOUGUO Official Mall"",""special_condition"":null,""text_info"":""J8YL54"",""validity_end"":""2024-10-31T15:59:00.000Z"",""validity_start"":""2024-08-05T05:07:00.000Z""},{""claimable"":false,""currency"":""IDR"",""discount"":500,""discount_cap"":0,""discount_percentage"":0,""min_spend"":7999900000,""shop_vouncher"":""HOUGUO Official Mall"",""special_condition"":null,""text_info"":""J8YLKK"",""validity_end"":""2024-10-31T15:59:00.000Z"",""validity_start"":""2024-08-05T05:10:00.000Z""}]",,,null
https://shopee.tw/%E3%80%90%E9%AB%98%E9%9C%B2%E6%BD%94%E3%80%91-%E5%85%A8%E6%95%88%E7%89%99%E8%86%8F2+2%E4%BB%BB%E9%81%B8%E7%B5%84(%E9%9B%99%E9%8B%85+%E7%B2%BE%E8%83%BA%E9%85%B8/%E5%8F%A3%E8%85%94%E4%BF%9D%E5%81%A5/8%E5%A4%A7%E5%8A%9F%E6%95%88)-i.216919605.6816473040?model_id=153390297808,6816473040,【高露潔】 全效牙膏2+2任選組(雙鋅+精胺酸/口腔保健/8大功效),0,5,0,576,438,TWD,,0,"[""https://down-tw.img.susercontent.com/file/tw-11134207-7r98v-lsjh8f9els0878_tn"",""https://down-tw.img.susercontent.com/file/tw-11134207-7r98y-lsjh8f9en6koa8_tn"",""https://down-tw.img.susercontent.com/file/1512a4b60fbe97b9cfc19b2e6c980ab6_tn"",""https://down-tw.img.susercontent.com/file/9da77635582c57f3214f73cccdaf145d_tn"",""https://down-tw.img.susercontent.com/file/ba304026f972c906e291ecc16f2f5dd3_tn"",""https://down-tw.img.susercontent.com/file/bf3535f3933251dbd8bc4dfcc9e4ffd2_tn"",""https://down-tw.img.susercontent.com/file/2bf20b35020df11654596a358be339c2_tn"",""https://down-tw.img.susercontent.com/file/37a2cf6ca88a3b5128caabdcafa1622d_tn""]",null,高露潔███牌旗艦███,https://shopee.tw/%E3%80%90%E9%AB%98%E9%9C%B2%E6%BD%94%E3%80%91-%E5%85%A8%E6%95%88%E7%89%99%E8%86%8F2+2%E4%BB%BB%E9%81%B8%E7%B5%84(%E9%9B%99%E9%8B%85+%E7%B2%BE%E8%83%BA%E9%85%B8/%E5%8F%A3%E8%85%94%E4%BF%9D%E5%81%A5/colgate_official,"[""保健"",""個人照護"",""口腔照護"",""牙膏""]","[{""name"":""商品數量"",""value"":""1078""},{""name"":""品牌"",""value"":""Colgate 高露潔""},{""name"":""出貨地"",""value"":""臺北市松山區""}]","
🚩牙膏新舊包裝隨機出貨

媲美牙醫使用專業成分達光滑潔亮
全效全口腔健康有效減少牙齒牙齦
頰面、與舌頭細菌滋生率
最高可達12小時防菌保護

規格：4入
保存期限：2年
產地：泰國

---
✨高露潔品牌介紹
高露潔-超過214年的品牌，每天全球有數百萬人，選用及信任高露潔產品。2019年全球品牌足跡報告中，高露潔被選為全球排行第二多家庭用戶選用的品牌，也是唯一全球超過半數－60.5%的家庭用戶會選用的品牌*。高露潔品牌理念相信相信每個人都應該擁有值得展露笑容的未來，支持正面樂觀的態度，表示我們致力創造更健康的居住環境，每天努力為人們帶來健康的笑容。

-指高露潔品牌創立於1806年，高露潔資料
*資料來源： Kantar World Panel (凱度消費者指數) 2019全球品牌足迹報告

【出貨提醒】
📌超商取貨請留意訂單總材積，超過限制將會聊聊請您取消訂單&重新下單，恕無法退回折價券以及賣場優惠價(依當下價格為主)
📌超商取貨材積限制：材積≦45x30x30cm，重量不得超過5kg
📌若超取門市關轉蝦皮系統會通知您修改門市、系統庫存異常客服人員將會聊聊通知您取消訂單或重新下單
📌宅配使用郵局，物流假日不配送
📌超商取貨訂單顯示［賣家將於確認訂單後出貨］表示已經進入出貨流程，後續超商物流會在刷取條碼以及配送至您選定指定門市。(超商包裹會直接出貨至超商物流中心，故系統不會顯示賣家到店寄送時間噢！)
📌貨源：官方授權公司貨

【退換貨須知】
📌包裹拆箱請全程錄影，如商品有短少的話，請以聊聊提供影片以及箱內出貨單號照片給客服人員，將會盡快為您處理
📌請於收到商品後七個工作天內提出退/換貨需求，並保持商品未拆封

【客服服務時間】
📌周一至周五 09:00-18:00
📌例假日與國定假日的聊聊訊息，將於服務時間依序回覆",4.97,135,100,3.08 hours,Mon Jan 06 2020 01:58:43 GMT+0000 (Coordinated Universal Time),144614,"[{""name"":""口味"",""variations"":[""潔淨凝露2+清淨薄荷2"",""潔淨凝露2+專業淨白2"",""潔淨凝露2+炭深潔2"",""潔淨牙膏2+抗敏感2"",""潔淨牙膏2+清淨薄荷2"",""潔淨牙膏2+專業淨白2"",""潔淨牙膏2+炭深潔2"",""潔淨凝露4""]}]",https://shopee.tw,Colgate 高露潔,100001,false,,"[{""name"":""model"",""value"":""潔淨牙膏2+清淨薄荷2""}]",0,https://shopee.tw/%E7%89%99%E5%88%B7%E3%80%81%E7%89%99%E8%86%8F%E3%80%81%E6%BC%B1%E5%8F%A3%E6%B0%B4-cat.11040925.11042539.11042554,"[{""claimable"":false,""currency"":""TWD"",""discount"":null,""discount_cap"":12000000,""discount_percentage"":12,""min_spend"":29900000,""shop_vouncher"":""高露潔官方品牌旗艦店"",""special_condition"":null,""text_info"":""COLG09040"",""validity_end"":""2024-09-05T15:59:00.000Z"",""validity_start"":""2024-09-03T16:00:00.000Z""},{""claimable"":false,""currency"":""TWD"",""discount"":50,""discount_cap"":0,""discount_percentage"":0,""min_spend"":5100000,""shop_vouncher"":""高露潔官方品牌旗艦店"",""special_condition"":null,""text_info"":""7HJVPAHLV"",""validity_end"":""2024-09-30T15:59:00.000Z"",""validity_start"":""2024-08-31T16:00:00.000Z""},{""claimable"":false,""currency"":""TWD"",""discount"":null,""discount_cap"":null,""discount_percentage"":null,""min_spend"":69900000,""shop_vouncher"":""高露潔官方品牌旗艦店"",""special_condition"":null,""text_info"":""COLG09042"",""validity_end"":""2024-09-05T15:59:00.000Z"",""validity_start"":""2024-09-03T16:00:00.000Z""},{""claimable"":false,""currency"":""TWD"",""discount"":219,""discount_cap"":0,""discount_percentage"":0,""min_spend"":109900000,""shop_vouncher"":""高露潔官方品牌旗艦店"",""special_condition"":null,""text_info"":""COLG09041"",""validity_end"":""2024-09-05T15:59:00.000Z"",""validity_start"":""2024-09-03T16:00:00.000Z""}]",,,null
https://shopee.ph/Thunlit-Eye-Protection-Lamp-7W-3200mAh-Rechargeable-3-Color-Temperatures-LED-Foldable-Desk-Lamp-for-Student-Study-i.193663637.4005418176?model_id=196845109838,4005418176,Thunlit Eye Protection Lamp 7W 3200mAh Rechargeable 3 Color Temperatures LED Foldable Desk Lamp for Student Study,0,4.9,0,1100,598,PHP,,0,"[""https://down-ph.img.susercontent.com/file/cn-11134207-7r98o-lq1efvm9svud18_tn"",""https://down-ph.img.susercontent.com/file/cn-11134207-7r98o-lq1efvlzta8o06_tn"",""https://down-ph.img.susercontent.com/file/cn-11134207-7r98o-lq1efvmjsh08c8_tn"",""https://down-ph.img.susercontent.com/file/cn-11134207-7r98o-lq1efvmts2lx92_tn"",""https://down-ph.img.susercontent.com/file/cn-11134207-7r98o-lq1efvo7q1awa0_tn"",""https://down-ph.img.susercontent.com/file/cn-11134207-7r98o-lq1efvnnqur998_tn"",""https://down-ph.img.susercontent.com/file/cn-11134207-7r98o-lq1efvndr95k3e_tn"",""https://down-ph.img.susercontent.com/file/cn-11134207-7r98o-lq1efvorp82g2c_tn"",""https://down-ph.img.susercontent.com/file/cn-11134207-7r98o-lq1efvohpmwlbd_tn""]",null,Thu███t O███cia█████████,https://shopee.ph/thunlitstore.ph,"[""Home & Living"",""Lighting""]","[{""name"":""Discount stock"",""value"":""17184""},{""name"":""Other Stock"",""value"":""18316""},{""name"":""Brand"",""value"":""Thunlit""},{""name"":""Country of Origin"",""value"":""China""},{""name"":""Lighting Type"",""value"":""Table & Desk Lamp""},{""name"":""Smart Equipment"",""value"":""No""},{""name"":""Light Bulb Type"",""value"":""LED""},{""name"":""Warranty Duration"",""value"":""12 Months""},{""name"":""Light Colour"",""value"":""White light,warm light,natural light""},{""name"":""Ships From"",""value"":""Mainland China""}]","❤️ Dear, welcome to Thunlit Official Store ❤️
💁 All items are in stock and shipped in 24h
👍 100% quality & after-sale service
🚚 Local delivery, fast shipping



The Specifications of Thunlit Eye Protection Lamp
Product name: Thunlit Eye Protection Lamp
Material: ABS
Color: White
Weight: 415g
Size: 160* 130mm (base), 345mm (light pole), 282mm (lampshade)
Light source: LED
Power: 7W
Input voltage: DC 5V 1A
Color temperature: 5500-6000K for white light, 2800-3300K for warm light, 4000-5000K for natural light (warm white light)
Color rendering index: >80Ra
Switch mode: Touch
Power supply: Plug in, rechargeable
Battery capacity: 3200mAh
Charging time: 5-6h
Socket style: USB
Function: Adjustable, foldable, touch control, 3 color temperatures, bulit-in battery

The Features of Thunlit Eye Protection Lamp
1. Smart touch, long press to adjust brightness.
2. Three color temperatures are optional and can be used in various scenarios.
3. It can be plugged in during charging, cycle charging, highlighting for 4 hours, low brightness for 72 hours, no delay learning.
4. The light guide plate has a soft spherical design, and the three-color temperature dimming lamp beads emit light that is more suitable for the naked eye.
5. Comfortable and energy-saving LED lamp beads, 28 LED patch lights are arranged in a scientific way to achieve no visible strobe and reduce blue light hazard.
6. Foldable, the lamp is bent forward 180 degrees, multi-angle adjustment, multi-directional illumination.
7. Support USB socket and adapter power supply, charging treasure charging, notebook charging, power charging head.

The Packing List of Thunlit Eye Protection Lamp
1* Thunlit Eye Protection Lamp
1* Charging cable
1* Instruction
1* Packing box



Thunlit Frequently Asked Questions
Q1: What is the difference between Thunlit plug-in lamp and rechargeable type?
A1: Our Thunlit lamps are currently divided into two categories, plug-in type and rechargeable type. There are two differences between the 2 types. 
First, Thunlit plug-in lamp does not have a built-in battery, while Thunlit rechargeable lamp has a built-in battery. 
Second, Thunlit plug-in type can only be used after plugging in. Thunlit rechargeable type can be used when it’s plug-in or not plug-in if the built-in battery has power.

Q2: Can Thunlit lamps be used during charging?
A2: Thunlit rechargeable lamps can work while charging. After many tests, we have concluded that it will not affect the battery life if Thunlit lamps work and get charged at the same time.",4.83,339,100,1.79 hours,Thu Oct 31 2019 11:24:41 GMT+0000 (Coordinated Universal Time),182806,"[{""name"":""Model"",""variations"":[""Lamp"",""Lamp+Charger""]}]",https://shopee.ph,Thunlit,100636,false,,"[{""name"":""model"",""value"":""Lamp+Charger""}]",0,https://shopee.ph/Table-Desk-Lamp-cat.11021407.11021537.11021541,"[{""claimable"":false,""currency"":""PHP"",""discount"":20,""discount_cap"":0,""discount_percentage"":0,""min_spend"":50000000,""shop_vouncher"":""Thunlit Official Store"",""special_condition"":null,""text_info"":""THUN20OFF"",""validity_end"":""2024-11-06T03:41:00.000Z"",""validity_start"":""2024-08-06T02:41:00.000Z""},{""claimable"":false,""currency"":""PHP"",""discount"":10,""discount_cap"":0,""discount_percentage"":0,""min_spend"":30000000,""shop_vouncher"":""Thunlit Official Store"",""special_condition"":null,""text_info"":""THUN10OFF"",""validity_end"":""2024-11-06T03:46:00.000Z"",""validity_start"":""2024-08-06T02:46:00.000Z""},{""claimable"":false,""currency"":""PHP"",""discount"":6,""discount_cap"":0,""discount_percentage"":0,""min_spend"":12000000,""shop_vouncher"":""Thunlit Official Store"",""special_condition"":null,""text_info"":""THUN6OFF"",""validity_end"":""2024-11-06T03:44:00.000Z"",""validity_start"":""2024-08-06T02:44:00.000Z""}]",,,null
https://shopee.com.mx/Ropa-De-Maternidad-De-Las-Mujeres-Ropa-De-Maternidad-Suelta-Mirada-M%C3%A1s-Delgada-Estilo-Chino-Hebilla-Tencel-Manga-Abullonada-Dulce-Cubierta-Suelta-Vestido-De-Vientre-3.5-i.1203101061.24118077657?model_id=178097940250,24118077657,Ropa De Maternidad De Las Mujeres Ropa De Maternidad Suelta Mirada Más Delgada Estilo Chino Hebilla Tencel Manga Abullonada Dulce Cubierta Suelta Vestido De Vientre 3.5,0,0,0,6.495000000000000e+02,3.055000000000000e+02,MXN,,0,"[""https://down-mx.img.susercontent.com/file/sg-11134201-7rcd6-lshx4rzylshn83_tn"",""https://down-mx.img.susercontent.com/file/sg-11134201-7rcey-lshx4sx992j737_tn"",""https://down-mx.img.susercontent.com/file/sg-11134201-7rcf4-lshx4tl4a5a880_tn"",""https://down-mx.img.susercontent.com/file/sg-11134201-7rcf1-lshx4ub77zjia9_tn"",""https://down-mx.img.susercontent.com/file/sg-11134201-7rcea-lshx4uzc8ns72a_tn""]",null,sha███012███mx,https://shopee.com.mx/shang2012nf.mx,"[""Ropa de Mujer"",""Ropa de Maternidad"",""Vestidos de Maternidad""]","[{""name"":""Existencias"",""value"":""15189""},{""name"":""Longitud de la Manga"",""value"":""Mangas Cortas""},{""name"":""Temporada"",""value"":""Verano""},{""name"":""Material"",""value"":""Otro/poliéster (Fibra de poliéster)""},{""name"":""Estilo de Falda / Vestido"",""value"":""Traje de falda""},{""name"":""Cantidad"",""value"":""Cero""}]","Tela/material Otro/Poliéster (Fibra de poliéster)
Contenido de ingredientes 91% (Inclusive) -95% (Inclusive)
Traje de falda estilo
Longitud de la manga Media manga
Estilo sencillo
Elementos Populares Color Sólido
Temporada aplicable

Hola, soy el propietario de esta tienda
Bienvenido, nuestros productos están hechos de
Los productos de la tienda son todos✅Los productos de la tienda están en stock
Nuestros productos son baratos, Garantía de calidad, bienvenidos a ordenar.
Detalles del producto Sobre el Color del producto, el contenido del paquete que espera puede verificar la descripción del producto.
Estimado, enviaremos dentro de los dos días posteriores a los dos días posteriores a la realización del pedido, en circunstancias normales, puede recibir los productos en aproximadamente 8-8 días después de realizar el pedido. Puede recibir los productos en Aproximadamente 8-12 días después de realizar el pedido, tiene alguna pregunta, no dude en consultarlo, le daremos una respuesta lo antes posible.✅ 
Una vez que se envía la bolsa, no se puede devolver, el pedido no se puede cancelar, por favor, tenga familia con ella.
Acerca de la diferencia de Color Los productos y las imágenes son una pequeña diferencia de Color Normal, y No se proporciona devolución o cambio después de la venta, tenga familia con él.
Estimado, si tiene algún defecto en recibir el producto, no le dé una estrella o malas reseñas primero, puede comunicarse con nuestro servicio de atención al cliente, lo resolveremos lo antes posible.
¡Feliz Compra!",0,100,57,,Thu Mar 07 2024 09:53:45 GMT+0000 (Coordinated Universal Time),0,"[{""name"":""Color"",""variations"":[""Vestido de vestir (pieza única"",""Vestido+leggings Negros (Conju"",""Vestido + Leggings para el ton"",""Leggings negros (pieza única)""]},{""name"":""Tamaño"",""variations"":[""M (Recomendado 80-105 Gatos)"",""L (Recomendado 105-125 Gatos)"",""Xl (Recomendado 125-145 Gatos)"",""Xxl (Recomendado 145-170 Gatos""]}]",https://shopee.com.mx,,100017,false,,"[{""name"":""model"",""value"":""Leggings negros (pieza única),Xxl (Recomendado 145-170 Gatos""}]",0,https://shopee.com.mx/Vestidos-cat.11056742.11057132.11057336,null,,,null
https://shopee.com.mx/Refillable-Mini-Perfume-Bottle-Portable-Aluminum-Atomizer-Perfume-Spray-Bottle-i.401503174.18223507617?model_id=211223675607,18223507617,Refillable Mini Perfume Bottle Portable Aluminum Atomizer Perfume Spray Bottle,0,0,0,66,66,MXN,0,0,"[""https://down-mx.img.susercontent.com/file/10bf49e7112a453a01d8f91a86c6c6bd_tn"",""https://down-mx.img.susercontent.com/file/0d62b2e3715d2c94d3c34e741dd41d4d_tn"",""https://down-mx.img.susercontent.com/file/1693d3641a5979beb11cda601e1799fd_tn"",""https://down-mx.img.susercontent.com/file/ce07edc0738cdcf8052b6c63b0aa204b_tn"",""https://down-mx.img.susercontent.com/file/d625b81d482539c6b0746f42b2954fc8_tn"",""https://down-mx.img.susercontent.com/file/cf93fd398be6b5076dd011df7050487d_tn"",""https://down-mx.img.susercontent.com/file/1c001bf85966aeac70deba6adca50a1a_tn"",""https://down-mx.img.susercontent.com/file/0c45f4ec090bf80021e36b68a0cd4399_tn"",""https://down-mx.img.susercontent.com/file/6665fee22e5efe7e22eaed7fd5baa29c_tn""]",null,jac███.mx███,https://shopee.com.mx/jack01.mx,"[""Viajes y Equipaje"",""Accesorios de Viaje"",""Botellas y Contenedores de Tamaño de Viaje""]","[{""name"":""Existencias"",""value"":""2""}]","Características:
1. Niebla ultra fina: proporciona la cantidad adecuada de niebla grande, fina y uniforme, a diferencia del pulverizador tradicional.
2. Spray continuo: produce una corriente de niebla sostenida que dura unos segundos, permitiendo que las grandes áreas se cubran de forma rápida y sencilla.
3. Fácil de llevar: material de aluminio de alta calidad, peso duradero y ligero, conveniente para llevar y sostener, fácil de usar, adecuado para fiestas, viajes, actividades al aire libre.
4. Sin olor: No hay contaminación larga vida útil, No hay ningún olor con la botella si No se utiliza en pocos días.
5. Diseño ergonómico: el diseño ergonómico reduce la fatiga de la mano en comparación con los pulverizadores tradicionales de punta de gatillo y dedos.




Descripción:
La mini botella de perfume spray es lo suficientemente pequeña y ligera como para poner en su bolsillo o bolso, lo que le hace disfrutar de una fragancia maravillosa en cada momento. Cuando asiste a una fiesta, pasa tiempo de vacaciones o en un viaje de negocios, es una gran herramienta para mantenerte oler fresco y darte confianza.


Especificaciones:
Capacidad: 5 ml, 8 ml (opcional)
Tamaño: 16.5 * 80 mm, 17.5*106 mm (opcional)
Material: carcasa de alúmina + forro de plástico
Tipo: botellas recargables




Paquete incluido:
1* botella de Spray de Perfume




Notas:
1. Por favor, permita un error de 0-1 pulgada debido a la medición manual. Gracias por tu comprensión.
2. Los monitores no están calibrados iguales, el color del elemento que se muestra en las fotos puede estar mostrando algo diferente del objeto real.",4.38,383,57,,Thu Mar 11 2021 17:35:04 GMT+0000 (Coordinated Universal Time),124,"[{""name"":""color"",""variations"":[""black"",""silver"",""pink""]},{""name"":""size"",""variations"":[""16.5*80mm"",""15*110mm""]}]",https://shopee.com.mx,,100015,false,,"[{""name"":""model"",""value"":""pink,15*110mm""}]",0,https://shopee.com.mx/Otros-cat.11057059.11057105.11057268,null,,,null
"https://shopee.vn/Combo-2-Lon-s%E1%BB%AFa-b%E1%BB%99t-V%C3%A4rna-Diabetes-(Lon-850g)---Ch%E1%BB%89-s%E1%BB%91-%C4%91%C6%B0%E1%BB%9Dng-huy%E1%BA%BFt-th%E1%BA%A5p-nh%E1%BA%A5t-(GI-=-26,9)-i.915819838.22717619988?model_id=225912161668",22717619988,"Combo 2 Lon sữa bột Värna Diabetes (Lon 850g) - Chỉ số đường huyết thấp nhất (GI = 26,9)",0,4.8,0,1700000,1700000,VND,0,0,"[""https://down-vn.img.susercontent.com/file/vn-11134207-7r98o-lzilbci3758t3a_tn"",""https://down-vn.img.susercontent.com/file/vn-11134207-7r98o-ls6w9luomnk417_tn"",""https://down-vn.img.susercontent.com/file/vn-11134201-7r98o-lowdxnq99tuj13_tn"",""https://down-vn.img.susercontent.com/file/vn-11134201-7r98o-lowdykcrj3gue9_tn""]",null,Gia███àng███rna█████████ng,https://shopee.vn/varna_officialstore,"[""Thực phẩm và đồ uống"",""Sữa - trứng"",""Sữa"",""Sữa bột""]","[{""name"":""Kho"",""value"":""49""},{""name"":""Thương hiệu"",""value"":""Värna""},{""name"":""Xuất xứ"",""value"":""Singapore""},{""name"":""Hạn sử dụng"",""value"":""24 tháng""},{""name"":""Ngày hết hạn"",""value"":""31-07-2025""},{""name"":""Gửi từ"",""value"":""TP. Hồ Chí Minh""}]","
BỘ SẢN PHẨM BAO GỒM
02 Thực phẩm dinh dưỡng y học Värna Diabetes - Chỉ số đường huyết thấp nhất (GI = 26,9) (Lon 850g)

THÔNG TIN CHI TIẾT
Ứng dụng tinh hoa khoa học dinh dưỡng Châu Âu cùng 20 năm am hiểu sâu sắc thể trạng đặc thù của người đái tháo đường, tiền đái tháo đường, đái tháo đường thai kỳ Việt Nam từ Chuyên gia dinh dưỡng NutiFood.
Thực phẩm dinh dưỡng y học Värna Diabetes với công thức đặc chế dưới sự giám sát của Viện Nghiên Cứu Dinh Dưỡng NutiFood Thụy Điển – NNRIS, có chỉ số GI thấp (GI = 26,9), giúp ổn định đường huyết, tốt cho tim mạch và tăng cường sức đề kháng.
Sản phẩm được sản xuất tại Thụy Điển dưới sự giám sát chặt chẽ theo tiêu chuẩn chất lượng nghiêm ngặt của Viện Nghiên Cứu Dinh Dưỡng NutiFood Thụy Điển.

HƯỚNG DẪN SỬ DỤNG
- Rửa tay và dụng cụ thật sạch trước khi pha
- Đun sôi nước trong 5 phút và để nguội dần đến 50oC
- Pha 7 muỗng gạt Värna Diabetes (khoảng 45 g) với 180 ml nước chín ấm (khoảng 50oC) 
- Khuấy đều cho đến khi hòa tan hoàn toàn.
- Dùng 2 - 3 ly mỗi ngày hoặc theo hướng dẫn của bác sĩ.

LỢI ÍCH
- TỐT CHO TIM MẠCH
MUFA, PUFA giúp giảm cholesterol trong máu, ổn định huyết áp; Vitamin K2 hỗ trợ ngăn ngừa hiện tượng vôi hóa động mạch, giúp bảo vệ tim mạch.

- ỔN ĐỊNH ĐƯỜNG HUYẾT
Isomaltulose cùng với chất xơ (FOS/ Inulin) giúp ổn định đường huyết

- TĂNG SỨC ĐỀ SKHÁNG
Vitamin A, B, E, C và Kẽm, Selen giúp tăng cường đề kháng, hạn chế tình trạng mệt mỏi ở người bệnh.

- NGĂN NGỪA LOÃNG XƯƠNG
Calci, Vitamin D3 cùng với Vitamin K2 tạo hệ xương chắc khỏe, ngăn ngừa loãng xương.

- KIỂM SOÁT CÂN NẶNG
Sản phẩm được phát triển với công thức hạn chế chất béo kết hợp với chất xơ (FOS/ Inulin), nhằm hỗ trợ người sử dụng kiểm soát cân nặng.

- NUÔI ĂN QUA ỐNG THÔNG
Värna Diabetes là sản phẩm đặc biệt có thể sử dụng nuôi ăn qua ống thông theo sự hướng dẫn của bác sĩ hoặc chuyên viên dinh dưỡng. Thể tích sử dụng và độ pha loãng được điều chỉnh tùy thuộc vào tình trạng và khả năng dung nạp của người bệnh. Cần thận trọng nhằm tránh sự nhiễm khuẩn trong quá trình chuẩn bị và nuôi ăn qua ống thông.

THÀNH PHẦN: 
Isomaltulose, hỗn hợp đạm đậu nành và chất béo thực vật (đạm đậu nành, dầu palm, xi-rô glucose, đường sucrose), đạm đậu nành, chất xơ thực phẩm (FOS/ Inulin), calci caseinat, chất tạo ngọt tổng hợp erythritol, chất béo thực vật (dầu đậu nành, dầu dừa, dầu hướng dương), vitamin và khoáng chất (tricalci phosphat, natri clorid, natri ascorbat, magnesi oxyd, DL-alpha-tocopheryl acetat, đồng sulfat, sắt pyrophosphat, kali iodid, niacinamid, natri selenit, cholecalciferol, calci D-pantothenat, kẽm oxyd, mangan sulfat, crom clorid, natri molybdat, retinyl acetat, acid folic, D - biotin, cyanocobalamin, pyridoxin hydroclorid, thiamin mononitrat, phytomenadion, riboflavin, menaquinon), hương liệu tổng hợp dùng cho thực phẩm.

LƯU Ý
- Có chứa sữa và đậu nành. 

ĐỐI TƯỢNG SỬ DỤNG
- Người bệnh đái tháo đường Type 1. 
- Người bệnh đái tháo đường Type 2. 
- Người tiền đái tháo đường.

Xuất xứ: Việt Nam
Nơi sản xuất: Việt Nam
Ngày sản xuất: In trên bao bì sản phẩm
Hạn sử dụng: 24 tháng kể từ ngày sản xuất

THÔNG TIN THƯƠNG HIỆU:
Với hơn 20 năm lắng nghe và thấu hiểu sâu sắc thể trạng đặc thù và nhu cầu dinh dưỡng chuyên biệt của người bệnh đái tháo đường, người trưởng thành tại Việt Nam, Nutifood kết hợp cùng các chuyên gia dinh dưỡng hàng đầu Châu Âu tại Viện Nghiên cứu Dinh Dưỡng Nutifood Thụy Điển NNRIS, cho ra đời dòng sản phẩm Värna Mới – Tinh hoa dinh dưỡng Thụy Điển, 100% sản xuất tại Thụy Điển, cung cấp các giải pháp dinh dưỡng tối ưu, chuyên biệt dành riêng cho người trưởng thành Việt. Sứ mệnh của chúng tôi – Nutifood Sweden Värna chính là bảo vệ và chăm sóc sức khỏe người tiêu dùng Việt, đúng như ý nghĩa “SỰ BẢO VỆ” của từ Värna trong tiếng Thụy Điển. Värna – Tinh Hoa Dinh Dưỡng Thụy Điển.

*Sản phẩm này không phải là thuốc và không có tác dụng thay thế thuốc chữa bệnh",4.89,138,100,0.01 hours,Wed Dec 07 2022 07:22:11 GMT+0000 (Coordinated Universal Time),89706,"[{""name"":""Khối lượng"",""variations"":[""Lon 850g"",""lon 850g""]}]",https://shopee.vn,Värna,100629,false,,"[{""name"":""model"",""value"":""Lon 850g""}]",0,https://shopee.vn/S%E1%BB%AFa-cat.11036525.11036591.11036592,"[{""claimable"":false,""currency"":""VND"",""discount"":50000,""discount_cap"":0,""discount_percentage"":0,""min_spend"":99900000000,""shop_vouncher"":""Gian Hàng Varna Chính Hãng"",""special_condition"":null,""text_info"":""VARN194"",""validity_end"":""2024-09-11T16:59:00.000Z"",""validity_start"":""2024-08-31T17:04:00.000Z""},{""claimable"":false,""currency"":""VND"",""discount"":35000,""discount_cap"":0,""discount_percentage"":0,""min_spend"":69900000000,""shop_vouncher"":""Gian Hàng Varna Chính Hãng"",""special_condition"":null,""text_info"":""VARN193"",""validity_end"":""2024-09-11T16:59:00.000Z"",""validity_start"":""2024-08-31T17:05:00.000Z""},{""claimable"":false,""currency"":""VND"",""discount"":20000,""discount_cap"":0,""discount_percentage"":0,""min_spend"":39900000000,""shop_vouncher"":""Gian Hàng Varna Chính Hãng"",""special_condition"":null,""text_info"":""VARN192"",""validity_end"":""2024-09-11T16:59:00.000Z"",""validity_start"":""2024-08-31T17:03:00.000Z""},{""claimable"":false,""currency"":""VND"",""discount"":10000,""discount_cap"":0,""discount_percentage"":0,""min_spend"":19900000000,""shop_vouncher"":""Gian Hàng Varna Chính Hãng"",""special_condition"":null,""text_info"":""VARN191"",""validity_end"":""2024-09-08T16:59:00.000Z"",""validity_start"":""2024-08-31T17:02:00.000Z""}]",,,null
https://shopee.com.br/Copo-T%C3%A9rmico-Inox-Port%C3%A1til-1200ml/1.2L-Garrafa-T%C3%A9rmica-Inoxid%C3%A1vel-com-Tampa-e-Canudo-i.1198407784.22393139100?model_id=229406192655,22393139100,Copo Térmico Inox Portátil 1200ml/1.2L Garrafa Térmica Inoxidável com Tampa e Canudo,0,4.9,0,199,5.998000000000000e+01,BRL,,0,"[""https://down-br.img.susercontent.com/file/br-11134207-7r98o-lzpp06s35dmpf8_tn"",""https://down-br.img.susercontent.com/file/br-11134207-7r98o-ly3f1oviwfmf93_tn"",""https://down-br.img.susercontent.com/file/br-11134207-7r98o-lyag4mg66hnp38_tn"",""https://down-br.img.susercontent.com/file/br-11134207-7r98o-lxq5ravbcgpe5f_tn"",""https://down-br.img.susercontent.com/file/br-11134207-7r98o-lyag4mg67w85c9_tn"",""https://down-br.img.susercontent.com/file/br-11134207-7r98o-ly3f1oviv11z6b_tn"",""https://down-br.img.susercontent.com/file/br-11134207-7r98o-lxf512c6zdkmd7_tn"",""https://down-br.img.susercontent.com/file/br-11134207-7r98o-lzov50bna6udc8_tn"",""https://down-br.img.susercontent.com/file/br-11134207-7r98o-lzpp06s36s753b_tn""]",null,Rom███ic ███wn,https://shopee.com.br/Copo-T%C3%A9rmico-Inox-Port%C3%A1til-1200ml/romantic.crown,"[""Casa e Decoração"",""Louça"",""Copos e Canecas""]","[{""name"":""Estoque Promocional"",""value"":""147""},{""name"":""Estoque Total"",""value"":""3144""},{""name"":""Marca"",""value"":""Romantic Crown""},{""name"":""Coleção de Antiguidade"",""value"":""Não""},{""name"":""País de Origem"",""value"":""Brasil""},{""name"":""Tipo de Copo"",""value"":""Outros""},{""name"":""Tipos de Copos, Canecas e Taças"",""value"":""Xícaras""},{""name"":""Duração da Garantia"",""value"":""Sem garantia""},{""name"":""Material"",""value"":""Metal, Plástico, Stainless Steel""},{""name"":""Tipo de Garantia"",""value"":""Sem Garantia""},{""name"":""Capacidade de Volume"",""value"":""1.2L""},{""name"":""Quantidade"",""value"":""1""},{""name"":""Tamanho Do Pacote"",""value"":""0.7KG""},{""name"":""Envio de"",""value"":""São Paulo""}]","Bem-vindo à loja da marca    🧡Romantic Crown🧡
Loja local brasileira  (envio em 24 horas)🚀🚀🚀

🔥Manter quente : 12H   ❄️Manter gelo : 24H
- Peso : 1200ml/180g
- Cor : branco, rosa, preto
- Estilo : Resistente a vazamentos, isolada a vácuo.
- Recomendado : Água/suco/chá gelado/Bebida quente

💙Material de alta qualidade:
1.Aço Inoxidável (material principal): durável, resistente à corrosão e fácil de limpar. Fabricado em aço inoxidável 18/8 (ou seja, aço inoxidável 304), um material com excelente resistência à corrosão e alta durabilidade.
2.Plástico Livre de BPA: utilizado nas tampas e em outros componentes dos copos, garantindo que sejam seguros para uso e não prejudiciais à saúde.

💛Novas cores discretas: 
Abrace a estação de crescimento com nosso exclusivo copo isolado Matcha Cream, disponível em uma variedade de opções. O H2.0 FlowState Non-Pouring Tumbler permite que você se mantenha hidratado com menos recargas, e seu design de camada dupla, isolado a vácuo, proporciona bebidas quentes ou frias de longa duração. Sua base estreita cabe na maioria dos porta-copos de carro, garantindo que ele esteja sempre ao seu lado.

💚Construção avançada da tampa do copo: 
Quer você prefira tomar um pequeno gole ou matar a sede em grande estilo, desenvolvemos a avançada tampa FlowState com três posições giratórias: uma abertura para canudo projetada para evitar respingos de canudo e uma vedação para manter os canudos reutilizáveis no lugar; uma abertura para bebidas; e uma tampa completa para maior proteção contra vazamentos. Incluímos também uma alça ergonômica confortável para transportar sua água gelada para o trabalho, reuniões, academia ou viagens para fora da cidade.

(Garantia do vendedor: 7 dias)",4.92,15,99,0.08 hours,Fri Mar 01 2024 12:38:37 GMT+0000 (Coordinated Universal Time),24485,"[{""name"":""Color"",""variations"":[""Branco-1200ml 🔥"",""Preto-1200ml 🔥"",""Rosa Claro-1200ml 🔥""]}]",https://shopee.com.br,Romantic Crown,100636,true,Tue Sep 03 2024 14:59:59 GMT+0000 (Coordinated Universal Time),"[{""name"":""model"",""value"":""Rosa Claro-1200ml 🔥""}]",0,https://shopee.com.br/Copos-e-Canecas-cat.11059983.11060108.11061700,null,,,null
https://shopee.cl/Kit-De-Brochas-De-Maquillaje-COLOURPOP-Rollo-Definitivo-100-%-Original-i.682495362.21370400063,21370400063,Kit De Brochas De Maquillaje COLOURPOP-Rollo Definitivo 100 % Original,0,0,0,79000,79000,CLP,,0,"[""https://down-cl.img.susercontent.com/file/sg-11134201-23010-5afzj1fw1vlvfa_tn"",""https://down-cl.img.susercontent.com/file/sg-11134201-23010-1nm1b4jw1vlv52_tn"",""https://down-cl.img.susercontent.com/file/sg-11134201-23010-ma33g4lw1vlv7a_tn"",""https://down-cl.img.susercontent.com/file/sg-11134201-23010-ew3h1unw1vlv80_tn""]",null,fun███tic███den██████,https://shopee.cl/funtasticlanden.cl,"[""Belleza"",""Herramientas de Belleza"",""Accesorios de Maquillaje"",""Brochas de Maquillaje""]","[{""name"":""Existencias"",""value"":""1""}]","Kit de brochas de maquillaje Colorpop - Ultimate Brush Roll

Este es tu último juego de brochas. 👌


Incluye:
- Cepillo facial F18 Grande
- Cepillo redondeado para mejillas F20
- Cepillo de mejillas en ángulo F21
- Cepillo de mezcla de lujo E15
- Cepillo de mezcla cónico grande E16
- Cepillo de mezcla detallado E17
- Pincel de cúpula pequeño E18
- Cepillo de mezcla de precisión E19
- E20 cepillo Micro sombreador
- Pincel E21 Lápiz redondo
- Pincel E4 Sombra mediana
- Cepillo sombreador pequeño E3
- Cepillo para ojos en ángulo E6
- L1 pincel Labio

¡100% Original!




Visite nuestra tienda para ver otros productos.
Felices compras en nuestra tienda y gracias:)
El precio de los artículos incluye una tarifa de envío que debe ser transmitida por el comprador.
El precio del artículo incluye una tarifa de envío que debe ser transmitida por el comprador.",4.83,47,57,,Wed Feb 09 2022 10:00:57 GMT+0000 (Coordinated Universal Time),25,"[{""variations"":[null]}]",https://shopee.cl,,100630,false,,"[{""name"":""model"",""value"":null}]",0,https://shopee.cl/Accesorios-de-Maquillaje-cat.11070433.11070470.11070772,null,,,null
https://shopee.cl/PAI-4PCS-Baby-Diaper-Bucket-Refill-Bags-Garbage-Bag-Diaper-Genie-Angel-care-Diaper-CL-i.441010972.18014222353,18014222353,PAI 4PCS Baby Diaper Bucket Refill Bags Garbage Bag Diaper Genie Angel care Diaper CL,0,0,0,44910,44910,CLP,,0,"[""https://down-cl.img.susercontent.com/file/ae5c8f8b36975ff724b723cc223876b9_tn"",""https://down-cl.img.susercontent.com/file/65a58ada1137cf45c074bd1c9b09f602_tn"",""https://down-cl.img.susercontent.com/file/a1c4d01f01914c418bf954479254fab0_tn"",""https://down-cl.img.susercontent.com/file/8e3a167cde54c6abb290f4d874622a8f_tn"",""https://down-cl.img.susercontent.com/file/21dd6225d83ecbc49f0fd3dbca40219f_tn"",""https://down-cl.img.susercontent.com/file/fa9f80afdbce65b8d601a9d3cd4b6968_tn"",""https://down-cl.img.susercontent.com/file/7b48f94b77df5dd940e6c220995ebbab_tn"",""https://down-cl.img.susercontent.com/file/1f2fa9e129618026686fc0e039e0316a_tn"",""https://down-cl.img.susercontent.com/file/c756477fa5cff19965b0f33049ab8e5f_tn""]",null,pai███uti███l,https://shopee.cl/pairucutin.cl,"[""Hogar y Vida"",""Cuidado del Hogar"",""Bolsas de Plástico y Bolsas de Basura""]","[{""name"":""Existencias"",""value"":""17""}]","Our sellers shipping method ship by the special line shipping with tracking No ,delivery time on 7-13 working days ,welcome to Drop shipping order.



Space for up to 280 newborn diapers, length 7500mm

Eco, environmentally friendly

Inexpensive

Delete package, easy to check how much left

Each refill cassette includes multi-layered barrier bags that keep bad smells away.
The multi-layer film in the cassette provides effective odor-barrier technology, for a more fragrant home
Hygienic - All nappies in the nappy bin are safely contained and you won’t have to touch or smell them ever again
No difficult twisting required, which means you'll always have one hand free to look after your baby
It is very easy to dispose of a nappy. Just push it through the clamp system and it'll disappear into the multi-layer nappy bag
Packing list：

4rolls",4.51,1877,57,,Mon May 10 2021 11:50:00 GMT+0000 (Coordinated Universal Time),66,"[{""variations"":[null]}]",https://shopee.cl,,100636,false,,"[{""name"":""model"",""value"":null}]",0,https://shopee.cl/Botes-de-Basura-cat.11070442.11070646.11071578,null,,,null
https://shopee.com.br/Malbec-X-Desodorante-Col%C3%B4nia-100ml-i.271949233.22235010759,22235010759,Malbec X Desodorante Colônia 100ml,0,0,0,2.099000000000000e+02,2.099000000000000e+02,BRL,0,0,"[""https://down-br.img.susercontent.com/file/br-11134201-23030-errxedw1dgov19_tn"",""https://down-br.img.susercontent.com/file/br-11134201-7qukw-leopq9bm5pj429_tn"",""https://down-br.img.susercontent.com/file/br-11134201-23030-5jqh1y3z26nv1e_tn"",""https://down-br.img.susercontent.com/file/br-11134201-23030-gbskxway6lov59_tn"",""https://down-br.img.susercontent.com/file/br-11134201-7qukw-lewenzu62x3zcf_tn""]",null,RVA███DAD███,https://shopee.com.br/rvariedades1,"[""Beleza"",""Perfumes e Fragrâncias""]","[{""name"":""Marca"",""value"":""Malbec Boticario""},{""name"":""Gênero"",""value"":""Unissex""},{""name"":""Tamanho do produto"",""value"":""Grande""},{""name"":""Aroma"",""value"":""Amadeirado, Oriental""},{""name"":""Volume"",""value"":""100ml""},{""name"":""Concentração de Fragrância"",""value"":""Outros""},{""name"":""Formulação"",""value"":""Spray""},{""name"":""Peso do Produto"",""value"":""500g""},{""name"":""Data de Validade"",""value"":""01-01-2026""},{""value"":"" Âmbar e Camurça.""},{""name"":""Quantidade"",""value"":""1""},{""name"":""Tamanho Do Pacote"",""value"":""100ML""},{""name"":""Envio de"",""value"":""Bahia""}]","Malbec X Desodorante Colônia 100ml

Malbec X Desodorante Colônia é uma fragrância da família olfativa Amadeirado Oriental que chegou para elevar o nível de sensualidade da perfumaria do Boticário.

Malbec combina notas amadeiradas inspiradas no universo dos vinhos a elementos de grande riqueza olfativa, utilizando álcool vínico macerado em barris de carvalho francês. Nesta versão, o desodorante colônia sobe a temperatura com o Fator X: um ingrediente que comprovadamente desperta o desejo e o poder de atração.

Fator X é um ingrediente capaz de deixar os homens mais confiantes e com mais desejo. Em testes de Neurociência*, Malbec X desperta inconscientemente a pulsação, a excitação e o interesse.

A nova fragrância do Boticário foi desenvolvida por Christophe Raynaud: perfumista responsável pela criação de fragrâncias de sucesso mundial. Malbec X é intensa e provocante, ela traz as notas envolvente do Âmbar que somada ao Patchouli formam uma fragrância sedutora.

O olfativo da fragrância masculina revela uma a saída fresca, notas cítricas e aromáticas que ganham um toque Fizzy que intriga. No corpo, o acorde Fator X já traz o lado oriental com uma nuance especiada e no fundo, a força das madeiras ganha masculinidade e textura com as notas de couro e dulçor sensual através das notas de Âmbar e Camurça.

Nenhum produto do Boticário é testado em animais, ou seja, este item possui selo Cruelty Free.",4.97,370,57,,Mon Jun 08 2020 02:43:54 GMT+0000 (Coordinated Universal Time),441,"[{""variations"":[null]}]",https://shopee.com.br,Malbec Boticario,100630,false,,"[{""name"":""model"",""value"":null}]",0,https://shopee.com.br/Perfumes-e-Fragr%C3%A2ncias-cat.11059974.11060032,null,,,null
https://shopee.cl/1-Toma-De-Corriente-De-Fusible-3-En-1-Para-Makerbot-Ultimaker-15A-i.1013078863.22044832546?model_id=216800289120,22044832546,1 Toma De Corriente De Fusible 3 En 1 Para Makerbot Ultimaker 15A,0,5,0,5000,5000,CLP,,0,"[""https://down-cl.img.susercontent.com/file/625a82d74325349716707d39d2853b2f_tn"",""https://down-cl.img.susercontent.com/file/f82d717d41a5b57828522435b5d435fe_tn"",""https://down-cl.img.susercontent.com/file/2bf27b845a7a8f95329811d72291cef5_tn"",""https://down-cl.img.susercontent.com/file/e297132b6666cde08ff3d4d2a45ccb17_tn"",""https://down-cl.img.susercontent.com/file/51f53a3db9ffc853d7e8514ba00cd3e2_tn""]",null,xin███ech███cl,https://shopee.cl/xinyitechqm.cl,"[""Computadoras y Accesorios"",""Impresoras y Escáneres"",""Otros""]","[{""name"":""Existencias"",""value"":""7749""}]","Incluye: la estructura contiene interruptor de trípode, portafusibles, conector
 
Para: piezas de impresora 3d makerbot fabricante de jersey
 
Con fusible 6A,

Corriente máxima: 10A

Voltaje: 110V/220V",5,139,57,,Tue Jun 06 2023 11:12:32 GMT+0000 (Coordinated Universal Time),0,"[{""name"":""Color"",""variations"":[""A"",""B""]}]",https://shopee.cl,,100644,false,,"[{""name"":""model"",""value"":""A""}]",0,https://shopee.cl/Otros-cat.11070445.11070605.11071338,"[{""claimable"":false,""currency"":""CLP"",""discount"":null,""discount_cap"":90000000,""discount_percentage"":10,""min_spend"":0,""shop_vouncher"":""xinyitechqm.cl"",""special_condition"":null,""text_info"":""XINYJPXHM"",""validity_end"":""2024-10-01T02:59:59.000Z"",""validity_start"":""2024-09-01T04:00:00.000Z""},{""claimable"":false,""currency"":""CLP"",""discount"":null,""discount_cap"":130000000,""discount_percentage"":18,""min_spend"":700000000,""shop_vouncher"":""xinyitechqm.cl"",""special_condition"":null,""text_info"":""XINYJRSVM"",""validity_end"":""2024-10-01T02:59:59.000Z"",""validity_start"":""2024-09-02T11:14:00.000Z""},{""claimable"":false,""currency"":""CLP"",""discount"":null,""discount_cap"":320000000,""discount_percentage"":20,""min_spend"":1500000000,""shop_vouncher"":""xinyitechqm.cl"",""special_condition"":null,""text_info"":""XINYEXOCU"",""validity_end"":""2024-10-01T02:59:59.000Z"",""validity_start"":""2024-09-02T11:14:00.000Z""}]",,,null
https://shopee.com.my/YAKO-Mirror-Wall-Sticker-Cermin-Panjang-Acrylic-Mirror-Unbreakable-Mirror-DIY-HD-Mirror-i.1108768128.23589299987?model_id=138856663123,23589299987,YAKO Mirror Wall Sticker Cermin Panjang Acrylic Mirror Unbreakable Mirror DIY HD Mirror,0,4.8,0,46,1.748000000000000e+01,MYR,,0,"[""https://down-my.img.susercontent.com/file/my-11134207-7r98s-lwhz8qdcyf00c3_tn"",""https://down-my.img.susercontent.com/file/my-11134207-7r98w-lr8dgeiohkpwe0_tn"",""https://down-my.img.susercontent.com/file/my-11134207-7r98s-lr8dgeioizac1f_tn"",""https://down-my.img.susercontent.com/file/my-11134207-7r990-lr8dgeio95b815_tn"",""https://down-my.img.susercontent.com/file/my-11134207-7r98v-lr8dgeioajvoc8_tn"",""https://down-my.img.susercontent.com/file/my-11134207-7r98q-lr8dgeiobyg4df_tn"",""https://down-my.img.susercontent.com/file/my-11134207-7r98p-lr8dgeiodd0kae_tn"",""https://down-my.img.susercontent.com/file/my-11134207-7r98w-lr8dgeioerl029_tn"",""https://down-my.img.susercontent.com/file/my-11134207-7r992-lr8dgeiog65gac_tn""]",null,YAK███ffi███l S██████,https://shopee.com.my/yako.official,"[""Home & Living"",""Decoration"",""Mirrors""]","[{""name"":""Stock"",""value"":""6418""},{""name"":""Ships From"",""value"":""Selangor""}]","🎉Welcome to YAKO Mall🎉


✅All the product is ready stock!

🚚Item shipped from SELANGOR.

💡Delivered within 2-3 working days

📦【Double Check Before ship,Secure Packaging】

☑️ In order to protect your rights, we suggest to record a video after receiving the parcel and while unboxing it.




👉Product Specification


◆Material : Premium Acrylic.

◆Color: Noble Silver.

◆Style: Modern Minimalist.

◆Size:22cm*22cm/30cm*30cm.

◆Function: Beautify and Decorate.

◆Number of pieces: 1 piece/2 pieces/4 pieces.

◆Applicable Space:Bathroom,Living Room,Bedroom,Hall,Wall Decoration,Dressing room,Fitting Room....




☘️Product Description☘️


➫PREMIUM ACRYLIC MATERIAL

The mirror surface is made of acrylic material, the surface is smooth, the texture is good, it will not break, avoid scratches, and it is safe for the elderly and children; it is equipped with double-sided tape, which can be pasted on smooth walls. Each mirror sticker has a protective film on the front, tear off the protective film to expose the mirror reflection, please use it on a smooth and flat surface, the effect will be better.



➫HD REFLECTIONS

Aimo Glass mirror can better reflect people or scenes without distortion or feeling blurred compared with other mirrors.This frameless mirror tiles are made of HD float glass, better reflection, more durable. Wall mirror edge was frosted, which make this mirror more secure.



➫WIDE RANGE OF APPLICATION

Acrylic mirror plate can be used as interior decoration to achieve mirror reflection and make the interior space more spacious, suitable for bedrooms, living rooms, bathrooms, dressing rooms, kitchens, gyms, offices, etc. You can use it to expand your space or brighten dark walls to make your home look different and more attractive.



➫EASY TO INSTALL

Package coming with powerful upgrated double sided tape. It can be easily installed on smooth walls, latex paint walls, light-hole tiled wall furniture or wooden doors. And please clean your wall before installation, make sure the surface is flat, dry, without any powder.Product Description




💬Note:



🎗 [PRODUCT] All of our products are 100% Brand New and carefully tested before we ship out to the courier



🎗 [PAYMENT] We offer COD but kindly check it with your account if COD is applicable using your address.



🎗 [RETURN & REFUND] Do not click the ""ORDER RECEIVE"" button until you completely check the item.. otherwise return and refund will not be accepted and process anymore




#mirror sticker #mirror wall #mirror #sticker mirror #mirror wall sticker #full length mirror #full body mirror ",4.75,59,100,0.05 hours,Fri Nov 03 2023 07:45:51 GMT+0000 (Coordinated Universal Time),4471,"[{""name"":""Size"",""variations"":[""22CM*22CM"",""30CM*30CM""]},{""name"":""Pcs"",""variations"":[""2pcs"",""4pcs""]}]",https://shopee.com.my,,100636,false,,"[{""name"":""model"",""value"":""30CM*30CM,4pcs""}]",0,https://shopee.com.my/Mirror-cat.11001155.11001166.11001167,null,,,null
https://shopee.tw/%E3%80%90%E5%A5%BD%E4%BE%86%E3%80%91%E6%9E%9C%E6%BC%BEParty%E6%BC%B1%E5%8F%A3%E6%B0%B4-500ml(%E5%8F%A3%E8%85%94%E6%B8%85%E6%BD%94/%E9%AE%AE%E6%9E%9C%E6%B8%85%E9%A6%99/%E6%9C%89%E5%8A%A9%E9%99%A4%E8%8F%8C)-i.201407617.28601881408?model_id=255963635159,28601881408,【好來】果漾Party漱口水 500ml(口腔清潔/鮮果清香/有助除菌),0,5,0,198,198,TWD,,0,"[""https://down-tw.img.susercontent.com/file/tw-11134207-7r98y-lw6ldvriec6e74_tn"",""https://down-tw.img.susercontent.com/file/tw-11134207-7r98u-lw6ldvrsdxk6b7_tn"",""https://down-tw.img.susercontent.com/file/tw-11134207-7r992-lw6ldvrsgqp218_tn"",""https://down-tw.img.susercontent.com/file/tw-11134207-7r991-lw6ldvrsi59i53_tn"",""https://down-tw.img.susercontent.com/file/tw-11134207-7r98o-lw6ldvrsfc4m0e_tn"",""https://down-tw.img.susercontent.com/file/tw-11134207-7r98s-lw6ldvrsnrja4d_tn"",""https://down-tw.img.susercontent.com/file/tw-11134207-7r990-lw6ldvrsjjty01_tn"",""https://down-tw.img.susercontent.com/file/tw-11134207-7r98x-lw6ldvrsmcyue0_tn"",""https://down-tw.img.susercontent.com/file/tw-11134207-7r98y-lw6ldvrsp63q01_tn"",""https://down-tw.img.susercontent.com/file/tw-11134207-7r98v-lw6ldvrskyee70_tn""]",null,好來品███旗艦店███原黑人███,https://shopee.tw/%E3%80%90%E5%A5%BD%E4%BE%86%E3%80%91%E6%9E%9C%E6%BC%BEParty%E6%BC%B1%E5%8F%A3%E6%B0%B4-500ml(%E5%8F%A3%E8%85%94%E6%B8%85%E6%BD%94/%E9%AE%AE%E6%9E%9C%E6%B8%85%E9%A6%99/darlie_ec,"[""保健"",""個人照護"",""口腔照護"",""漱口水""]","[{""name"":""商品數量"",""value"":""256""},{""name"":""品牌"",""value"":""DARLIE 好來""},{""name"":""出貨地"",""value"":""臺北市松山區""}]","

✔ 自然鮮果清香，酷涼清爽口感
✔有助去除99.9%口腔細菌
✔無添加酒精，溫和不易刺激

品名: DARLIE 好來果漾Party漱口水
產地: 中國
保存期限: 2.5年

【出貨提醒】
📌超商取貨請留意訂單總材積，超過限制將會聊聊請您取消訂單&重新下單，恕無法退回折價券以及賣場優惠價(依當下價格為主)
📌超商取貨材積限制：材積≦45x30x30cm，重量不得超過5kg
📌若超取門市關轉蝦皮系統會通知您修改門市、系統庫存異常客服人員將會聊聊通知您取消訂單或重新下單
📌宅配使用郵局，物流假日不配送
📌超商取貨訂單顯示［賣家將於確認訂單後出貨］表示已經進入出貨流程，後續超商物流會在刷取條碼以及配送至您選定指定門市。(超商包裹會直接出貨至超商物流中心，故系統不會顯示賣家到店寄送時間噢！)
📌貨源：官方授權公司貨

【退換貨須知】
📌包裹拆箱請全程錄影，如商品有短少的話，請以聊聊提供影片以及箱內出貨單號照片給客服人員，將會盡快為您處理
📌請於收到商品後七個工作天內提出退/換貨需求，並保持商品未拆封

【客服服務時間】
📌周一至周五 09:00-18:00
📌例假日與國定假日的聊聊訊息，將於服務時間依序回覆",4.97,148,100,4.00 hours,Wed Nov 20 2019 02:36:00 GMT+0000 (Coordinated Universal Time),135379,"[{""name"":""規格"",""variations"":[""1入"",""2入""]}]",https://shopee.tw,DARLIE 好來,100001,false,,"[{""name"":""model"",""value"":""2入""}]",0,https://shopee.tw/%E7%89%99%E5%88%B7%E3%80%81%E7%89%99%E8%86%8F%E3%80%81%E6%BC%B1%E5%8F%A3%E6%B0%B4-cat.11040925.11042539.11042554,"[{""claimable"":false,""currency"":""TWD"",""discount"":50,""discount_cap"":0,""discount_percentage"":0,""min_spend"":5100000,""shop_vouncher"":""好來品牌官方旗艦店 | 原黑人牙膏"",""special_condition"":null,""text_info"":""WLDXLMFVH"",""validity_end"":""2024-09-30T15:59:00.000Z"",""validity_start"":""2024-08-31T16:00:00.000Z""},{""claimable"":false,""currency"":""TWD"",""discount"":null,""discount_cap"":12000000,""discount_percentage"":12,""min_spend"":29900000,""shop_vouncher"":""好來品牌官方旗艦店 | 原黑人牙膏"",""special_condition"":null,""text_info"":""DARL09040"",""validity_end"":""2024-09-05T15:59:00.000Z"",""validity_start"":""2024-09-03T16:00:00.000Z""},{""claimable"":false,""currency"":""TWD"",""discount"":null,""discount_cap"":null,""discount_percentage"":null,""min_spend"":69900000,""shop_vouncher"":""好來品牌官方旗艦店 | 原黑人牙膏"",""special_condition"":null,""text_info"":""DARL09042"",""validity_end"":""2024-09-05T15:59:00.000Z"",""validity_start"":""2024-09-03T16:00:00.000Z""},{""claimable"":false,""currency"":""TWD"",""discount"":219,""discount_cap"":0,""discount_percentage"":0,""min_spend"":109900000,""shop_vouncher"":""好來品牌官方旗艦店 | 原黑人牙膏"",""special_condition"":null,""text_info"":""DARL09041"",""validity_end"":""2024-09-05T15:59:00.000Z"",""validity_start"":""2024-09-03T16:00:00.000Z""}]",,,null
https://shopee.co.id/Mouse-Wireless-ROBOT-M206-2.4GHz-Optical-1600DPI-Original---Garansi-1-Tahun-i.262387176.16090432869?model_id=236366330854,16090432869,Mouse Wireless ROBOT M206 2.4GHz Optical 1600DPI Original - Garansi 1 Tahun,0,4.8,0,150000,47900,IDR,,0,"[""https://down-id.img.susercontent.com/file/id-11134207-7r98o-lzfqswovo2p9a2_tn"",""https://down-id.img.susercontent.com/file/id-11134207-7r98y-ly0i0c82qi5727_tn"",""https://down-id.img.susercontent.com/file/sg-11134201-22110-t8f389djebkv45_tn"",""https://down-id.img.susercontent.com/file/sg-11134201-22110-7zcv4cejebkvb5_tn"",""https://down-id.img.susercontent.com/file/sg-11134201-22110-4gryndejebkv22_tn"",""https://down-id.img.susercontent.com/file/sg-11134201-22110-gaywxdejebkv58_tn"",""https://down-id.img.susercontent.com/file/sg-11134201-22110-6byvndejebkv46_tn"",""https://down-id.img.susercontent.com/file/sg-11134201-22110-t76wtcejebkv5c_tn""]",null,Rob███PC ███ici█████████,https://shopee.co.id/robot_pc_official_store,"[""Komputer & Aksesoris"",""Keyboard & Mouse"",""Mouse""]","[{""name"":""Stok Diskon"",""value"":""1498""},{""name"":""Stok Lain"",""value"":""2595""},{""name"":""Merek"",""value"":""ROBOT""},{""name"":""Tipe Koneksi"",""value"":""Wireless""},{""name"":""Masa Garansi"",""value"":""12 Bulan""},{""name"":""No.Sertifikat (POSTEL)"",""value"":""-""},{""name"":""Dikirim Dari"",""value"":""KAB. KARAWANG""}]","Mouse Wireless ROBOT M206 2.4GHz Optical 1600DPI Original - Garansi 1 Tahun

💎Keunggulan:
1. Akurasi Kursor yang tepat ( technology transmisi stabil dan koneksi tepat )
2. Penekanan tombol hingga 3 juta kali 
3  Presisi Tinggi 1600 DPI ( cukup tekan tombol untuk menyesuaikan kebutuhan antara tiga kecepatan DPI )
4. Tombol Daya Bawaan 
5. Plug And Play 

📌Kelengkapan
1 x MOUSE M206

😊Silahkan Bertanya Ke Costumer Service Mengenai Produk^^




⏳Ketentuan garansi:
1. Garansi tidak berlaku jika:
a. Tidak ditemukan adanya kerusakan
b. Kerusakan disebabkan oleh faktor luar/di luar kuasa
c. Kerusakan akibat dari kesalahan pemakaian (terjatuh, tergores, ternoda, pecah, terkena air, dll.)
2. Syarat klaim:
a. Unit masih dalam masa garansi dan sesuai dengan kebijakan garansi yang telah ditetapkan
b. Kelengkapan dari unit harus disertai secara lengkap (dus, kabel charger, buku manual, kartu garansi, dll)
c. Dilengkapi dengan nota pembelian (print out history pembelian) dan informasi kerusakan unit 

*Note: Hubungi customer service kami melalui layanan chat, untuk mengetahui prosedur klaim Retur atau Garansi lebih lanjut.
",4.85,211,100,0.05 hours,Fri May 15 2020 04:10:55 GMT+0000 (Coordinated Universal Time),479128,"[{""name"":""WARNA"",""variations"":[""M206 BLACK"",""M206 PINK"",""M206 BLUE"",""M206 PURPLE""]}]",https://shopee.co.id,ROBOT,100644,true,Wed Sep 04 2024 10:59:59 GMT+0000 (Coordinated Universal Time),"[{""name"":""model"",""value"":""M206 BLACK""}]",0,https://shopee.co.id/Mouse-cat.11044364.11044434.11044435,"[{""claimable"":false,""currency"":""IDR"",""discount"":7500,""discount_cap"":0,""discount_percentage"":0,""min_spend"":20000000000,""shop_vouncher"":""Robot PC Official Shop"",""special_condition"":null,""text_info"":""ROBOPCSP1"",""validity_end"":""2024-09-30T16:59:00.000Z"",""validity_start"":""2024-09-02T03:10:00.000Z""},{""claimable"":false,""currency"":""IDR"",""discount"":10000,""discount_cap"":0,""discount_percentage"":0,""min_spend"":30000000000,""shop_vouncher"":""Robot PC Official Shop"",""special_condition"":null,""text_info"":""ROBOPCSP2"",""validity_end"":""2024-09-30T16:59:00.000Z"",""validity_start"":""2024-09-02T03:11:00.000Z""},{""claimable"":false,""currency"":""IDR"",""discount"":12500,""discount_cap"":0,""discount_percentage"":0,""min_spend"":40000000000,""shop_vouncher"":""Robot PC Official Shop"",""special_condition"":null,""text_info"":""ROBOPCSP3"",""validity_end"":""2024-09-30T16:59:00.000Z"",""validity_start"":""2024-09-02T03:11:00.000Z""},{""claimable"":false,""currency"":""IDR"",""discount"":25000,""discount_cap"":0,""discount_percentage"":0,""min_spend"":50000000000,""shop_vouncher"":""Robot PC Official Shop"",""special_condition"":null,""text_info"":""ROBOPXSP4"",""validity_end"":""2024-09-30T16:59:00.000Z"",""validity_start"":""2024-09-02T03:12:00.000Z""}]",,,null
"https://shopee.vn/Nui-s%E1%BA%A5y-gi%C3%B2n-b%C6%A1-cay,-nui-chi%C3%AAn-gi%C3%B2n,-snack-%C4%83n-v%E1%BA%B7t-ngon-v%C3%A0-r%E1%BA%BB,-%C4%83n-v%E1%BA%B7t-tu%E1%BB%95i-th%C6%A1-,-t%C3%BAi-500g/1000g,-c%E1%BB%ADa-h%C3%A0ng-HTC-Foods-i.755672241.22987585053?model_id=222332256035",22987585053,"Nui sấy giòn bơ cay, nui chiên giòn, snack ăn vặt ngon và rẻ, ăn vặt tuổi thơ , túi 500g/1000g, cửa hàng HTC Foods",0,0,0,126000,107100,VND,,0,"[""https://down-vn.img.susercontent.com/file/vn-11134207-7r98o-lotpzm7hvwi819_tn"",""https://down-vn.img.susercontent.com/file/vn-11134207-7r98o-lokzdnztklpv63_tn"",""https://down-vn.img.susercontent.com/file/vn-11134207-7r98o-lotpzm95tg5n34_tn"",""https://down-vn.img.susercontent.com/file/vn-11134207-7r98o-lotpzm968x1se0_tn"",""https://down-vn.img.susercontent.com/file/vn-11134207-7r98o-lotpzm95tgsw16_tn"",""https://down-vn.img.susercontent.com/file/vn-11134207-7r98o-lotpzmk9d7gr93_tn"",""https://down-vn.img.susercontent.com/file/vn-11134207-7r98o-lotpzmk9snpnfd_tn"",""https://down-vn.img.susercontent.com/file/vn-11134207-7r98o-lotpzmk9d8403c_tn"",""https://down-vn.img.susercontent.com/file/vn-11134207-7r98o-lotpzm7hxb2od5_tn""]",null,cua███gHT███ods███,"https://shopee.vn/Nui-s%E1%BA%A5y-gi%C3%B2n-b%C6%A1-cay,-nui-chi%C3%AAn-gi%C3%B2n,-snack-%C4%83n-v%E1%BA%B7t-ngon-v%C3%A0-r%E1%BA%BB,-%C4%83n-v%E1%BA%B7t-tu%E1%BB%95i-th%C6%A1-,-t%C3%BAi-500g/cuahanghtcfoods","[""Thực phẩm và đồ uống"",""Đồ ăn vặt"",""Khác""]","[{""name"":""Kho"",""value"":""429""},{""name"":""Trọng lượng"",""value"":""500g""},{""name"":""Hạn sử dụng"",""value"":""6 tháng""},{""name"":""Xuất xứ"",""value"":""Việt Nam""},{""name"":""Loại thực phẩm"",""value"":""Truyền thống""},{""name"":""Giảm cân đặc biệt"",""value"":""Không caffeine, Không GMO, Không Trans Fat""},{""name"":""Thành phần"",""value"":""Nui, bơ, ớt, dầu ăn, nước mắm, đường""},{""name"":""Gửi từ"",""value"":""TP. Hồ Chí Minh""}]","Nui sấy giòn bơ cay, nui chiên giòn, snack ăn vặt ngon và rẻ, ăn vặt tuổi thơ , túi 500g/1000g, cửa hàng HTC Foods
Freeship, 1K, free ship, 1000

>>>GIỚI THIỆU SẢN PHẨM NUI CHIÊN GIÒN:
- Thấm vị đậm đà, cay cay ngọt ngọt mằn mặn, sản phẩm được ướp gia vị mặn ngọt vừa ăn kết hợp hoàn hảo với bơ lạt thực vật không gây béo. 
- Thành phần nui sấy giòn không chứa chất bảo quản, không hoá chất phụ gia gây hại cho cơ thể.
- Nui sau khi chế biến có độ giòn rụm rốp rốp tạo cảm giác thích thú và ngon miệng khi ăn, thêm vào đó vị ngọt ngọt mằn mặn cay cay của gia vị rất kích thích vị giác -> là món ăn vặt lý tưởng cho mọi người.

>>THÔNG TIN SẢN PHẨM:
- Tên sản phẩm: Nui sấy giòn sốt mắm ớt
- Trọng lượng: 500g/1000g
- HSD: 06 tháng kể từ ngày sản xuất 
- HDSD: Dùng ăn liền ngay khi mở bao bì
- Bảo quản: Tránh gió, nơi ẩm ướt, tránh ánh nắng trực tiếp.
- Xuất xứ: Việt Nam

➡️ HTC Foods xin CAM KẾT chỉ bán hàng chất lượng, có nguồn gốc xuất xứ rõ ràng, đảm bảo nguồn hàng đạt tiêu chuẩn vệ sinh an toàn thực phẩm. Luôn luôn đặt tiêu chí vì sức khoẻ của người tiêu dùng là trên hết.
CHÚC CÁC BẠN NGON MIỆNG với sản phẩm nui sấy giòn - món snack ăn vặt tuổi thơ của nhiều thế hệ, và đừng quên shop mình còn rất nhiều sản phẩm siêu ngon khác nữa nhé ❤️!

#doanvat #thucphamvadouong #cuahangHTCFoods #freeship #1K #free_ship #1000dong #nui #nuisaygion #nuichiengion #snackbimbim #anvattuoitho #nuisaysotmamot #snack #nuisaymamot #nuisaygionbocay #HTCFoods #snackanvat",4.85,73,93,0.28 hours,Sat Apr 23 2022 19:54:53 GMT+0000 (Coordinated Universal Time),1871,"[{""name"":""Trọng lượng"",""variations"":[""500g"",""1000g""]}]",https://shopee.vn,,100629,false,,"[{""name"":""model"",""value"":""1000g""}]",0,https://shopee.vn/Kh%C3%A1c-cat.11036525.11036532.11036543,"[{""claimable"":false,""currency"":""VND"",""discount"":null,""discount_cap"":200000000,""discount_percentage"":49,""min_spend"":0,""shop_vouncher"":""cuahangHTCFoods"",""special_condition"":null,""text_info"":""CUAHCUAH3"",""validity_end"":""2024-10-22T16:59:00.000Z"",""validity_start"":""2024-07-22T07:42:00.000Z""},{""claimable"":false,""currency"":""VND"",""discount"":null,""discount_cap"":2200000000,""discount_percentage"":6,""min_spend"":20000000000,""shop_vouncher"":""cuahangHTCFoods"",""special_condition"":null,""text_info"":""CUAHCUAH2"",""validity_end"":""2024-10-16T16:59:00.000Z"",""validity_start"":""2024-07-15T20:40:00.000Z""}]",,,null
https://shopee.cl/Tencel-Denim-Pantalones-De-Pierna-Ancha-Mujeres-2023-Verano-Jeans-Ultrafinos-Seda-De-Hielo-Cintura-Alta-Mirada-M%C3%A1s-Delgado-Cropp-i.1203122243.25568136523?model_id=236117321102,25568136523,Tencel Denim Pantalones De Pierna Ancha Mujeres 2023 Verano Jeans Ultrafinos Seda De Hielo Cintura Alta Mirada Más Delgado Cropp,0,0,0,24000,24000,CLP,,0,"[""https://down-cl.img.susercontent.com/file/sg-11134201-7qvej-lhsrmz2omea533_tn"",""https://down-cl.img.susercontent.com/file/sg-11134201-7qvd6-lhsrmz2omdxc4e_tn"",""https://down-cl.img.susercontent.com/file/sg-11134201-7qvcw-lhsrmzaqam621c_tn"",""https://down-cl.img.susercontent.com/file/sg-11134201-7qvd5-lhsrmz38mzjh8f_tn"",""https://down-cl.img.susercontent.com/file/sg-11134201-7qve0-lhsrn23q6tk973_tn"",""https://down-cl.img.susercontent.com/file/sg-11134201-7qveg-lhsrmz3il62o98_tn"",""https://down-cl.img.susercontent.com/file/sg-11134201-7qvf1-lhsrmz3sks8e9e_tn"",""https://down-cl.img.susercontent.com/file/sg-11134201-7qvfl-lhsrmz2yndvkda_tn"",""https://down-cl.img.susercontent.com/file/sg-11134201-7qvek-lhsrmz7efi36bc_tn""]",null,hou███yin███.cl███,https://shopee.cl/houhuiyingod.cl,"[""Ropa de Mujer"",""Jeans""]","[{""name"":""Existencias"",""value"":""18000""},{""name"":""Material"",""value"":""Gasa""},{""name"":""Talla Extra"",""value"":""Sí""},{""name"":""Patrón"",""value"":""Batik""}]","Ya sea para agregar terciopelo: sin terciopelo
Marca: Yuncaimo
Temporada de cotización de tiempo: primavera de 2023
Lugar de origen: Provincia de Guangdong
Nombre común de la tela: Lyocell (Tencel)
Longitud de los pantalones: Pantalones recortados
Tipo de cintura: Cintura alta
Elementos Populares: Color Sólido, Lavado
Estilo: Pantalones de pierna ancha
Estilo: Viajero Simple/Simple",0,171,57,,Thu Mar 07 2024 10:21:58 GMT+0000 (Coordinated Universal Time),0,"[{""name"":""Clasificación de los colores"",""variations"":[""60669 Pantalones cortos Tencel"",""60668 Pantalones cortos Tencel"",""651 Pantalones anchos Tencel p""]},{""name"":""Tamaño"",""variations"":[""S recomienda 85-90 libras"",""M recomienda 90-100 libras"",""L recomienda 100-115 libras"",""Xl recomienda 115-125 libras"",""2xl recomienda 125-140 libras"",""3xl recomienda 140-155 libras""]}]",https://shopee.cl,,100017,false,,"[{""name"":""model"",""value"":""60668 Pantalones cortos Tencel,S recomienda 85-90 libras""}]",0,https://shopee.cl/Jeans-cat.11070449.11070574.11071125,null,,,null
https://shopee.vn/T%C3%A0i-li%E1%BB%87u-ti%E1%BA%BFng-trung-c%C3%B4ng-x%C6%B0%E1%BB%9Fng-i.140736531.25085645671,25085645671,Tài liệu tiếng trung công xưởng,0,0,0,98000,98000,VND,,0,"[""https://down-vn.img.susercontent.com/file/vn-11134207-7r98o-lzrierd0dbv1cf_tn"",""https://down-vn.img.susercontent.com/file/vn-11134207-7r98o-lzrierd0dc4hcf_tn"",""https://down-vn.img.susercontent.com/file/vn-11134207-7r98o-lzrierdacx8t15_tn""]",null,Tiế███Tru███Côn█████████,https://shopee.vn/quatrung10,"[""Văn Phòng Phẩm"",""Khác""]","[{""name"":""Kho"",""value"":""200""},{""name"":""Gửi từ"",""value"":""Hải Phòng""}]","Giờ chúng ta cùng điểm qua các lý do vì sao cần phải học quyển sách này nhé
Cùng với phát triển rất nhanh của nền kinh tế, hiện nay nhu cầu giao dịch với người Trung Quốc, Đài Loan, Hồng Kông... ngày càng cao. “Tiếng Trung cho người làm văn phòng"" để giải quyết vấn đề nhức nhối trong giao tiếp, tăng vốn từ vựng một cách nhanh chóng.
---------------------------------------
* QUYỂN TÀI LIỆU VỚI ""10 CHỦ ĐỀ, 500 TỪ VỰNG VÀ  MẪU CÂU"" SÁT VỚI THỰC TẾ GỒM CÁC PHẦN : TỪ VỰNG / HỘI THOẠI / NGỮ PHÁP / MẪU CÂU",0,0,57,,Thu Apr 18 2019 02:41:19 GMT+0000 (Coordinated Universal Time),17,"[{""variations"":[null]}]",https://shopee.vn,,100638,false,,"[{""name"":""model"",""value"":null}]",0,https://shopee.vn/Kh%C3%A1c-cat.11036863.11108610.11108620,null,,,null
https://shopee.co.id/Basreng-Pedas-Daun-Jeruk/-Original-/-Balado-100-Gram-i.601250583.21938425526?model_id=164302163875,21938425526,Basreng Pedas Daun Jeruk/ Original / Balado 100 Gram,0,4.6,0,5000,2450,IDR,,0,"[""https://down-id.img.susercontent.com/file/id-11134207-7r98x-lub6y79geeaeeb_tn"",""https://down-id.img.susercontent.com/file/id-11134207-7r98s-lu9i3mqn3vor31_tn"",""https://down-id.img.susercontent.com/file/id-11134207-7r98x-lu9i3mqn5a9750_tn"",""https://down-id.img.susercontent.com/file/id-11134207-7r98o-lu9i3mqn6otn8f_tn""]",null,Fol███ers███,https://shopee.co.id/Basreng-Pedas-Daun-Jeruk/-Original-/followers_ku,"[""Makanan & Minuman"",""Makanan Ringan"",""Keripik & Kerupuk""]","[{""name"":""Stok"",""value"":""85302""},{""name"":""Merek"",""value"":""-""},{""name"":""Masa Penyimpanan"",""value"":""3 Bulan""},{""name"":""Berat Produk"",""value"":""110g""},{""name"":""No. Izin Edar (BPOM, PIRT)"",""value"":""-""},{""name"":""No. Sertifikasi (Halal)"",""value"":""-""},{""name"":""Dikirim Dari"",""value"":""KAB. BREBES""}]","Ready Yh BESTie Basreng
Kemasan 100 Gram Varian :
* Pedas Daun Jeruk
* Original Daun Jeruk
* Balado

Gaas lah, Tinggal Chekout aja 👇🏻
___
1. KAMI KIRIM SESUAI PESANAN KALIAN
2. STOK SELALU KAMI UPDATE
3. PENGIRIMAN SETIAP HARI
4. WALAUPUN HARI MINGGU KAMI TETAP KIRIM
5. GAMBAR REAL PICT DARI HP KARYAWAN KAMI
6. GARANSI RETUR APABILA PRODUK CACAT (sertakan bukti Vidio unboxing)
7. Order di bawah jam 5 sore kami kirim hari ini juga

*KAMI BERUSAHA MEMBERIKAN PELAYANAN SEBAIK MUNGKIN*",4.71,10,97,3.71 hours,Tue Nov 23 2021 17:11:12 GMT+0000 (Coordinated Universal Time),46247,"[{""name"":""Varian ??"",""variations"":[""Pedas Daun Jeruk"",""Original Daun Jeruk"",""Balado""]},{""name"":""Kemasan ??"",""variations"":[""50 Gram"",""100 Gram""]}]",https://shopee.co.id,,100629,false,,"[{""name"":""model"",""value"":""Original Daun Jeruk,50 Gram""}]",0,https://shopee.co.id/Keripik-Kerupuk-cat.11043451.11043453.11043457,"[{""claimable"":false,""currency"":""IDR"",""discount"":1000,""discount_cap"":0,""discount_percentage"":0,""min_spend"":5000000000,""shop_vouncher"":""Followers Ku"",""special_condition"":null,""text_info"":""FOLLFWVSO"",""validity_end"":""2024-11-08T16:59:00.000Z"",""validity_start"":""2024-08-07T17:00:00.000Z""}]",,,null
https://shopee.com.mx/Gorra-De-B%C3%A9isbol-Nuevo-Estilo-deus-ex-machina-Juego-KAQG-i.923389171.20570829882?model_id=230719554875,20570829882,Gorra De Béisbol Nuevo Estilo deus ex machina Juego KAQG,0,0,0,1.925000000000000e+02,1.925000000000000e+02,MXN,,0,"[""https://down-mx.img.susercontent.com/file/f3e1dd4e6dc47be3ff322a2a64c58f02_tn"",""https://down-mx.img.susercontent.com/file/e851748d0a450986f04437241d983fb0_tn""]",null,lul███.mx███,https://shopee.com.mx/lulihe.mx,"[""Accesorios de Moda"",""Sombreros y Gorras""]","[{""name"":""Existencias"",""value"":""1500""},{""name"":""Material"",""value"":""Algodón""},{""name"":""País de Origen"",""value"":""China""},{""name"":""Género"",""value"":""Unisex""},{""name"":""Estilo de Sombrero"",""value"":""Gorras de Béisbol""},{""name"":""FDA Registration No."",""value"":""Nada""},{""name"":""Cantidad"",""value"":""Nada""}]","Calidad Premium Garantizada
Material: Algodón
Regalos perfectos
Género: Hombres y Mujeres
Temporadas adecuadas: primavera, verano, otoño, invierno.
Llévalo como accesorios de moda, trabajo o cualquier actividad al aire libre como correr, jugar al golf, hacer caminatas, etc.
Nota:
Debido a la diferencia de luz, el artículo real se parece un poco diferente al color de la imagen.",4.1,310,67,8.07 hours,Mon Dec 19 2022 13:43:24 GMT+0000 (Coordinated Universal Time),11,"[{""name"":""Color"",""variations"":[""Negro"",""Rojo"",""Azul marino"",""Naturales"",""Rosa""]},{""name"":""Tamaño"",""variations"":[""Talla única""]}]",https://shopee.com.mx,,100009,false,,"[{""name"":""model"",""value"":""Azul marino,Talla única""}]",0,https://shopee.com.mx/Gorras-cat.11057054.11057073.11057197,null,,,null
https://shopee.com.co/Kutugat-Vac%C3%ADo/Peine-El%C3%A9ctrico-Para-Piojos-ORIGINAL-EHS-i.676325499.22371117760,22371117760,Kutugat Vacío/Peine Eléctrico Para Piojos ORIGINAL EHS,0,0,0,169164,169164,COP,,0,"[""https://down-co.img.susercontent.com/file/id-11134207-7qul7-li1xkqiemjoeec_tn"",""https://down-co.img.susercontent.com/file/id-11134207-7qul2-li1xkqiemjisa9_tn"",""https://down-co.img.susercontent.com/file/id-11134207-7qukz-li1xkqiemjbvd5_tn"",""https://down-co.img.susercontent.com/file/id-11134207-7qul1-li1xkqiemj5r0d_tn"",""https://down-co.img.susercontent.com/file/id-11134207-7qula-li1xkqiemjg04a_tn""]",null,eve███hin███mes█████████izl██████,https://shopee.com.co/Kutugat-Vac%C3%ADo/everythinghomestoreofficizl.co,"[""Hogar y Vida"",""Otros""]","[{""name"":""Existencias"",""value"":""777""}]","Bienvenido a todo el hogar tienda.

* Producto PREMIUM, Importado, PREMIUM

El piojos para el cabello es uno de los animales parasíticos que viven en cabello humano y pelo animal. La existencia de este piojo para el cabello en tu cabeza seguramente será muy molesto. Entonces ¿cómo debo tratarlo?

Ya no tiene que preocuparse, porque actualmente está disponible COMPORT DE LUCIO ELECTRICA, que puede eliminar las garrapatas en su cabello de manera fácil y práctica. Esta herramienta es más fácil y efectiva de usar en comparación con el peine de pulgas regulares.

Caracteristicas:
•Este Peine antipulgas también es muy versátil, no solo puede usarlo para su cabello, sino que también puede usarlo para su mascota como gato o perro.
•El Último peine de eliminación de piojos tecnológicos es el último producto sin el uso de productos químicos nocivos.
•Especialmente Creado para eliminar los piojos del pelo, también puedes usarlo para tus mascotas.
•Gran Voltaje de Lbh para que la succión sea más firme y estable

Contenidos del paquete:
1 peine para garrapatas (15 x 17 x 10 cm)
2x filtro
Libro Manual
El precio de los artículos incluye una tarifa de envío que debe ser transmitida por el comprador.
El precio del artículo incluye una tarifa de envío que debe ser transmitida por el comprador.",5,221,57,,Thu Feb 03 2022 10:50:44 GMT+0000 (Coordinated Universal Time),1,"[{""variations"":[null]}]",https://shopee.com.co,,100636,false,,"[{""name"":""model"",""value"":null}]",0,https://shopee.com.co/Otros-cat.11069103.11069312.11070208,null,,,null
https://shopee.cl/Controlador-De-Joystick-Para-Juegos-4X-Para-Atari-2600-Game-Rocker-Con-Palanca-De-4-Direcciones-Y-Bot%C3%B3n-De-Acci%C3%B3n-%C3%9Anico-Retro-Gamepad-i.632828189.23519311575,23519311575,Controlador De Joystick Para Juegos 4X Para Atari 2600 Game Rocker Con Palanca De 4 Direcciones Y Botón De Acción Único Retro Gamepad,0,0,0,79723,79723,CLP,,0,"[""https://down-cl.img.susercontent.com/file/sg-11134201-23010-1bxf68w7dhmv98_tn"",""https://down-cl.img.susercontent.com/file/sg-11134201-23010-kwlxmez6dhmvcc_tn"",""https://down-cl.img.susercontent.com/file/sg-11134201-23010-dg3ep3y6dhmv6a_tn"",""https://down-cl.img.susercontent.com/file/sg-11134201-23010-kiljfyo7dhmva1_tn"",""https://down-cl.img.susercontent.com/file/sg-11134201-23010-e9w5t8w6dhmv52_tn"",""https://down-cl.img.susercontent.com/file/sg-11134201-23010-gdwlglp7dhmv7e_tn""]",null,chu███39.███,https://shopee.cl/chuan339.cl,"[""Gaming y Consolas"",""Otros""]","[{""name"":""Existencias"",""value"":""1040""}]","Número de modelo:Máquina de juego retro rocker
Tipo de interfaz:USB
Marca/modelo compatibles: Atari
Tipo:joysticks
Tipo: controlador de juego de joystick de máquina de juego

Incluye palanca de 4 vías y botón de acción único.
Adecuado para todos los sistemas Atari 2600. También es compatible con la consola Atari 7800 (no compatible con todos los juegos Atari 7800)
El controlador de joystick CirKa ""A77"" para el Atari 2600 le brinda la misma sensación clásica y el aspecto que su joystick retro favorito. Es la solución perfecta para joysticks perdidos o dañados. El ""A77"" es un controlador de joystick premium con Un botón de acción y un joystick de cuatro vías. Aproximadamente 5 pies de cable se pueden mover fácilmente alrededor de su consola.
Color:negro
Material:abs

Contenidos del paquete:
4 joysticks de juego Solo el contenido del paquete anterior, otros productos no están incluidos.
Nota: los disparos ligeros y las diferentes pantallas pueden hacer que el color del artículo en la imagen sea un poco diferente al real. El error de medición permitido es de +/- 1-3 cm.",4.43,2883,57,,Wed Dec 22 2021 02:20:46 GMT+0000 (Coordinated Universal Time),29,"[{""variations"":[null]}]",https://shopee.cl,,100634,false,,"[{""name"":""model"",""value"":null}]",0,https://shopee.cl/Otros-cat.11070450.11070593.11071188,null,,,null
https://shopee.co.id/[PRE-ORDER]-Barber-Daily-Acne-Care-&-Oil-Control-Face-Wash-100mL-i.18102367.27903786416,27903786416,[PRE ORDER] Barber Daily Acne Care & Oil Control Face Wash 100mL,0,4.9,0,45500,38500,IDR,,0,"[""https://down-id.img.susercontent.com/file/id-11134207-7r98q-lz4b26s150bf22_tn"",""https://down-id.img.susercontent.com/file/id-11134207-7r98w-lz4b26s0ze1n29_tn"",""https://down-id.img.susercontent.com/file/id-11134207-7r98q-lz4b26s10sm309_tn"",""https://down-id.img.susercontent.com/file/id-11134207-7r98t-lz4b26s1276j34_tn"",""https://down-id.img.susercontent.com/file/id-11134207-7r98o-lz4b26s13lqz3c_tn""]",null,Mak███zo ███ici█████████,https://shopee.co.id/makarizo,"[""Perawatan & Kecantikan"",""Perawatan Pria"",""Perawatan Wajah"",""Pembersih Wajah""]","[{""name"":""Stok"",""value"":""8312""},{""name"":""Merek"",""value"":""MAKARIZO""},{""name"":""Masa Penyimpanan"",""value"":""12 Bulan""},{""name"":""Negara Asal"",""value"":""Indonesia""},{""name"":""No. Izin Edar (BPOM, PIRT)"",""value"":""NA18241202085""},{""name"":""Dikirim Dari"",""value"":""KOTA JAKARTA TIMUR""}]","Skincare / Facial Wash / Sabun Pembersih Wajah Pria / pH-Balanced / Sabun Cuci Muka Cowok / Facewash Cowo

Barber Daily Acne Care & Oil Control Face Wash Mild Formulation dibuat khusus untuk basic grooming routine pria, face wash ini menawarkan solusi efektif untuk mengatasi minyak berlebih dan jerawat wajah yang mengganggu. Dengan mild formulation namun tetap kuat, dengan Barber Daily Acne Care & Oil Control Face Wash dipastikan dapat membersihkan masalah minyak dan jerawat secara menyeluruh tanpa membuat kulit kering atau iritasi.

Ukuran: 100mL

Manfaat:
- Hilangkan Jerawat Wajah yang Mengganggu.
- Mengatasi Minyak Berlebih di Wajah

Keunggulan
- Formula pH-Balanced and Mild Formulation
- Sensasi Dingin Saat Dipakai
- Tidak Membuat Kulit Kering & Kasar
- Tidak Membuat Kulit Ketarik

Special Ingredients:
pH - Balanced Formula = Menjaga pH Alami Kulit & Aman Untuk Kulit Sensitif
Extra Salicylic Acid = Merawat Kulit Berjerawat, Mengangkat Sel Kulit Mati & Bersihkan Pori-Pori
Allantoin = Menjaga Kelembaban Kulit & Tidak Menimbulkan Iritasi
Niacinamide = Mengurangi Minyak Berlebih & Menjaga Skin Barrier

Cara Pemakaian:
1. Basahi wajah dengan air
2. Ambil produk kira kira 5ml/secukupnya 
3. Busakan dan ratakan pada wajah
4. Bilas hingga bersih
5. Gunakan 2x Sehari",4.89,182,100,0.31 hours,Mon Mar 13 2017 06:06:16 GMT+0000 (Coordinated Universal Time),704446,"[{""variations"":[null]}]",https://shopee.co.id,MAKARIZO,100630,false,,"[{""name"":""model"",""value"":null}]",0,https://shopee.co.id/Perawatan-Wajah-cat.11043145.11043185.11043187,"[{""claimable"":false,""currency"":""IDR"",""discount"":null,""discount_cap"":400000000,""discount_percentage"":4,""min_spend"":10000000000,""shop_vouncher"":""Makarizo Official Shop"",""special_condition"":null,""text_info"":""MAKA99SEP"",""validity_end"":""2024-09-16T16:59:00.000Z"",""validity_start"":""2024-09-08T17:00:00.000Z""}]",,,null
https://shopee.com.my/Harpic-Powerplus-Disinfectant-Toilet-Cleaner-(450ml/500ml)-i.12725966.17276334761?model_id=180775245141,17276334761,Harpic Powerplus Disinfectant Toilet Cleaner (450ml/500ml),0,4.9,0,7.600000000000000e+00,7.600000000000000e+00,MYR,0,0,"[""https://down-my.img.susercontent.com/file/47e8f8d3bcfed7b5e64d6598added013_tn"",""https://down-my.img.susercontent.com/file/f756ab5d974a95ea84c3ecb5edd16d31_tn"",""https://down-my.img.susercontent.com/file/2e6c70d51139ea8d4ba8184d3508cda1_tn"",""https://down-my.img.susercontent.com/file/d638b87323605d099e514bce3547dfc7_tn"",""https://down-my.img.susercontent.com/file/4371c588713a2e1c5aef27379e658710_tn"",""https://down-my.img.susercontent.com/file/639df5b2bdbf66648280d5d0bd27d6f6_tn"",""https://down-my.img.susercontent.com/file/7467fb7ac64136a2f5a45b0918313c2c_tn"",""https://down-my.img.susercontent.com/file/f87dbd0f8b68eb47cfd5ff46033f0220_tn""]",null,Det███ & ███kit█████████fic██████,https://shopee.com.my/Harpic-Powerplus-Disinfectant-Toilet-Cleaner-(450ml/dettol.os,"[""Home & Living"",""Home Care Supplies"",""Cleaning Agents""]","[{""name"":""Brand"",""value"":""Harpic""},{""name"":""Cleaning Agent Type"",""value"":""Toilet Cleaners""},{""name"":""Ships From"",""value"":""Selangor""}]","- It's powerful and targeted action removes tough stains and kills 99.9% of germs. 
- Kills 99.9% of germs and viruses** 
- Innovative nozzle encourage an easy access to hard to reach spaces of the toilet bowl
- Per 100g liquid contains 1.53g Formic Acid. Contains less than 5% Nonionic surfactants, Parfum. 
- WARNING! Do not get in eyes, on skin or on clothing. Causes serious eye irritation. 
- Can be used on multiple bathroom surfaces: Taps, sinks, outside the toilet bowl, bathtub, shower, tiles, door handles. 

",4.92,438,81,2.63 hours,Tue Nov 22 2016 14:11:46 GMT+0000 (Coordinated Universal Time),486616,"[{""name"":""Variation"",""variations"":[""All-In-One 450ml"",""Citrus 450ml"",""Lemon Zest 500ml"",""Mountain Pine 500ml"",""Lavender 500ml"",""Wild Flowers 500ml"",""White & Shine 500ml""]}]",https://shopee.com.my,Harpic,100636,false,,"[{""name"":""model"",""value"":""Lavender 500ml""}]",0,https://shopee.com.my/Toilet-Cleaners-cat.11000003.11000143.11000153,"[{""claimable"":false,""currency"":""MYR"",""discount"":3,""discount_cap"":0,""discount_percentage"":0,""min_spend"":5000000,""shop_vouncher"":""Dettol & Reckitt Home Official"",""special_condition"":null,""text_info"":""DETTASDAS"",""validity_end"":""2024-09-30T15:59:00.000Z"",""validity_start"":""2024-09-02T02:06:00.000Z""},{""claimable"":false,""currency"":""MYR"",""discount"":8,""discount_cap"":0,""discount_percentage"":0,""min_spend"":8000000,""shop_vouncher"":""Dettol & Reckitt Home Official"",""special_condition"":null,""text_info"":""DETTAFKNL"",""validity_end"":""2024-09-08T15:59:00.000Z"",""validity_start"":""2024-09-02T02:08:00.000Z""},{""claimable"":false,""currency"":""MYR"",""discount"":12,""discount_cap"":0,""discount_percentage"":0,""min_spend"":8000000,""shop_vouncher"":""Dettol & Reckitt Home Official"",""special_condition"":null,""text_info"":""99CZ0106"",""validity_end"":""2024-09-24T15:59:00.000Z"",""validity_start"":""2024-09-09T16:00:00.000Z""},{""claimable"":false,""currency"":""MYR"",""discount"":30,""discount_cap"":0,""discount_percentage"":0,""min_spend"":10000000,""shop_vouncher"":""Dettol & Reckitt Home Official"",""special_condition"":null,""text_info"":""9ACZ0097"",""validity_end"":""2024-09-24T15:59:00.000Z"",""validity_start"":""2024-09-08T12:00:00.000Z""}]",,,null
https://shopee.com.co/Cable-De-Micr%C3%B3fono-condesor-Blackspider-Dcm22/Dcm-22-Diadema/Auriculares-10-Metros-i.676342625.18205182248,18205182248,Cable De Micrófono condesor Blackspider Dcm22/Dcm-22 Diadema/Auriculares 10 Metros,0,4.7,0,90300,90300,COP,,0,"[""https://down-co.img.susercontent.com/file/130b0cc114c09b10c14f33dba690b897_tn"",""https://down-co.img.susercontent.com/file/185d82f4b4a656f5b3260e0d154d17ca_tn""]",null,qua███yel███oni█████████,https://shopee.com.co/Cable-De-Micr%C3%B3fono-condesor-Blackspider-Dcm22/Dcm-22-Diadema/qualityeletronik4o.co,"[""Audio"",""Micrófonos""]","[{""name"":""Existencias"",""value"":""91""},{""name"":""Tipo de Conección"",""value"":""Wired""},{""name"":""Compatibilidad de Audio"",""value"":""Otros""},{""name"":""Duración de Garantía"",""value"":""6 Meses""},{""name"":""Tipo de Garantía"",""value"":""Garantía del Fabricante""},{""name"":""Tipo de Micrófono"",""value"":""Auricular Con Micrófono""},{""name"":""ConectiVidad de Micrófono"",""value"":""Wired""},{""name"":""Tipo de Accesorios de Micrófono"",""value"":""Cable""},{""name"":""Dimensión (L X W X H)"",""value"":""5x8x6""}]","Cable de auriculares blackspider Original Mic cable de araña negra 10 metros y shure 7 metros sonido limpio y bajo use una batería AAA
El precio de los artículos incluye una tarifa de envío que debe ser transmitida por el comprador.
El precio del artículo incluye una tarifa de envío que debe ser transmitida por el comprador.",5,11,57,,Thu Feb 03 2022 10:59:10 GMT+0000 (Coordinated Universal Time),5,"[{""variations"":[null]}]",https://shopee.com.co,,100535,false,,"[{""name"":""model"",""value"":null}]",0,https://shopee.com.co/Micr%C3%B3fonos-cat.11069115.11069278.11069963,null,,,null
https://shopee.cl/(FJ7DT9768)-Bolso-herbalife-Original-HMP-bolsa-herbalife-maleta-completa-con-una-bolsa-de-miembro-gu%C3%ADa-i.843709088.18335955449?model_id=191842358331,18335955449,(FJ7DT9768) Bolso herbalife Original HMP bolsa herbalife maleta completa con una bolsa de miembro guía,0,0,0,20000,20000,CLP,0,0,"[""https://down-cl.img.susercontent.com/file/2ebf3508a6e33a903a51f7023a00ffb1_tn""]",null,max███col███tzr██████,https://shopee.cl/maxadmcollectzr.cl,"[""Bolsas de Hombre"",""Maletines para Laptop"",""Maletines para Laptop""]","[{""name"":""Existencias"",""value"":""252""},{""name"":""Tamaño de la Bolsa"",""value"":""Otros""}]","★★★★
 Bolsa de Herbalife Original Hmp Herbalife Maleta de Herbalife completa con bolsa de embalaje de guía Levantándose:
- Bolso herbalife Original
- Libro de guías para miembros como una imagen
No PAPEL DE OBTENER",3.5,825,57,,Wed Aug 17 2022 09:51:23 GMT+0000 (Coordinated Universal Time),1,"[{""name"":""Tipo"",""variations"":[""Bolsa vacía"",""Bolsa + libro3"",""Gran libro de herbalife"",""Libro 3 + pin"",""Agitador Original"",""Botella Original de 1L""]}]",https://shopee.cl,,100533,false,,"[{""name"":""model"",""value"":""Bolsa vacía""}]",0,https://shopee.cl/Bolsas-para-Laptop-cat.11070445.11070546.11071059,null,,,null
"https://shopee.com.my/ANMUM-Essential-Step-4-Children-Formula-Milk-Powder-(4---6-Years),-Plain,-1.1kg-i.106663486.2813873864?model_id=6997268634",2813873864,"ANMUM Essential Step 4 Children Formula Milk Powder (4 - 6 Years), Plain, 1.1kg",0,4.9,0,7.150000000000000e+01,7.150000000000000e+01,MYR,0,0,"[""https://down-my.img.susercontent.com/file/sg-11134201-22100-68a4e94z8siv24_tn"",""https://down-my.img.susercontent.com/file/sg-11134201-22100-97o1en9z8siv9f_tn"",""https://down-my.img.susercontent.com/file/sg-11134201-22100-sa6yx00z8siva2_tn"",""https://down-my.img.susercontent.com/file/sg-11134201-22100-5rm0e9b18sivbf_tn"",""https://down-my.img.susercontent.com/file/my-11134207-23010-oo0memzepymva6_tn"",""https://down-my.img.susercontent.com/file/sg-11134201-22100-h0v21nd18sivf1_tn"",""https://down-my.img.susercontent.com/file/sg-11134201-22100-of7b8te18siv6e_tn"",""https://down-my.img.susercontent.com/file/sg-11134201-22100-anpfv8f18siv74_tn""]",null,Anm███Ess███ial█████████ Sh███,https://shopee.com.my/anmumessential.os,"[""Mom & Baby"",""Milk Formula & Baby Food"",""Milk Formula""]","[{""name"":""Stock"",""value"":""1585""},{""name"":""Brand"",""value"":""Anmum""},{""name"":""MOH Certified"",""value"":""Yes""},{""name"":""Baby Life Stage"",""value"":""Growing-Up Milk (3+ years)""},{""name"":""Ships From"",""value"":""Selangor""}]","ANMUM Essential Step 4 is a scientifically formulated milk powder / milk formula for growing up children aged 4-6 years old.  
Susu Formula untuk Kanak-kanak Umur 4-6 tahun 
 
ANMUM Essential is scientifically formulated with DHA, MFGM, Gangliosides, Prebiotic and 15 Key Nutrients.

Studies showed: 
• Gangliosides – support effective brain cells connections (1) 
• DHA – helps to support brain development (2) 
• Prebiotic – Inulin helps increase intestinal bifidobacteria and helps maintain a good intestinal environment. Good intestinal environment is important to help support the body defense system (3) 
• No Added Sugars** - Study showed that high sugar intake during childhood may impact memory and learning. 
 
ANMUM Essential is THE ONLY^ growing up milk powder with Gangliosides & No Added Sugars**. 
 
Each of us has 100 billion brain cells but not all are connected. Brain cell connections continue to be built and formed throughout childhood for memory & learning to take place.  
The better your child’s brain cells connect, the faster your child learns and develops!  
Power up your child’s brain cell connections today! 
 
A crucial time for brain development is when children actively begin to interact with the world around them. Thus keeping their energy levels and nutrition in check is a must.  
Help your little wonder learn skills, connect the dots and apply his/her newfound knowledge with Anmum Essential milk formula that comes with DHA and Gangliosides. Gangliosides along with DHA forms a crucial nutrient combination that promotes brain cell connections and supports brain development respectively. Anmum Essential Step 4 children milk powder contains 15 key nutrients that support your child’s overall growth and development. It also includes Inulin - a Prebiotic which help maintain a good intestinal environment for effective absorption of nutrients. 
 
ANMUM Essential Growing Up Milk Powder is available in 2 flavors: Plain or Honey 
 
Once your child turns 3 years old, it is suggested to make a shift from Anmum Essential Step 3 to Anmum Essential Step 4. It provides kids with important nutrients to help support their growth and development. 
 
Switch to ANMUM Essential today!

References:
1. Rahmann H. (1995). Behav. Brain Res. 66, 105-116. 
2. Lauritzen et al. (2016). Nutrients. 8(1), 6. 
3. Bischoff SC. (2011). BMC Medicine. 9, 24. 
^Referring to the product label of major brands of formulated milk powder for children. 
**Sucrose, Glucose Syrup Solid, Corn Syrup Solid, Brown Sugar, Dextrose, Lactose, Fructose, Honey and White Sugar are defined as ‘sugars’ and ‘added sugars’ under CODEX Standard 212-1999 and CAC/GL23-1997. CODEX develops harmonised international food standards guidelines and code of practices. Under Malaysia Food Regulations 1985, Sucrose, Brown Sugar, Dextrose, Glucose, Fructose, Honey are defined as sweetening substances.  
 
Ingredients:
Whey Powder (Cow’s Milk), Skimmed Milk Powder (Cow’s Milk), Whole Milk Powder (Cow’s Milk), Coconut Oil, Inulin, Buttermilk Powder* (Cow’s Milk), Minerals (Calcium Carbonate, Ferric Pyrophosphate, Zinc Sulphate, Potassium Iodide), Docosahexaenoic Acid (DHA) from Fish Oil, Emulsifier (322, Soya Lecithin), Flavourings, Vitamins (Vitamin E Acetate, Vitamin D3, Niacinamide, Vitamin A Acetate, Pyridoxine Hydrochloride, Thiamin Hydrochloride, Vitamin K1, Folic Acid, Vitamin B12). Additives are of plant and synthetic sources. 
 
Tepung Dadih (Susu Lembu), Susu Tepung Skim (Susu Lembu), Susu Tepung Penuh Krim (Susu Lembu), Minyak Kelapa, Inulin, Susu Tepung Mentega* (Susu Lembu), Mineral (Kalsium Karbonat, Ferik Pirofosfat, Zink Sulfat, Kalium Iodida), Asid Dokosaheksanoik (DHA) daripada Minyak Ikan, Pengemulsi (322, Lesitin Soya), Bahan Perisa, Vitamin (Vitamin E Asetat, Vitamin D3, Niasinamida, Vitamin A Asetat, Piridoksina Hidroklorida, Tiamina Hidroklorida, Vitamin K1, Asid Folik, Vitamin B2). Semua aditif makanan adalah daripada sumber tumbuhan dan sintetik. 
 
*Source for Milk Fat Globule Membrane (MFGM) / Sumber untuk Membran Globul Lemak Susu (MFGM)

FOLLOW the ANMUM Official store for the latest deals & updates!  
BUY NOW on the ANMUM Official Store for guaranteed authentic products!  
ANMUM Materna | Essential | Essential Gold is a brand proudly owned by FONTERRA, your trusted goodness from New Zealand producing high quality dairy products.",4.93,55,78,2.54 hours,Wed Nov 21 2018 03:13:18 GMT+0000 (Coordinated Universal Time),61211,"[{""name"":""Variation"",""variations"":[""Plain"",""Honey""]}]",https://shopee.com.my,Anmum,100632,false,,"[{""name"":""model"",""value"":""Honey""}]",0,https://shopee.com.my/Growing-Up-Milk-(3+-years)-cat.11000345.11000422.11000428,"[{""claimable"":false,""currency"":""MYR"",""discount"":10,""discount_cap"":0,""discount_percentage"":0,""min_spend"":20000000,""shop_vouncher"":""Anmum Essential Official Shop"",""special_condition"":null,""text_info"":""82BZ2811"",""validity_end"":""2024-09-08T15:59:00.000Z"",""validity_start"":""2024-08-25T16:00:00.000Z""},{""claimable"":false,""currency"":""MYR"",""discount"":null,""discount_cap"":500000,""discount_percentage"":90,""min_spend"":0,""shop_vouncher"":""Anmum Essential Official Shop"",""special_condition"":null,""text_info"":""9ACZ9517"",""validity_end"":""2024-09-24T15:59:00.000Z"",""validity_start"":""2024-09-08T12:00:00.000Z""},{""claimable"":false,""currency"":""MYR"",""discount"":30,""discount_cap"":0,""discount_percentage"":0,""min_spend"":35000000,""shop_vouncher"":""Anmum Essential Official Shop"",""special_condition"":null,""text_info"":""9AAZ0026"",""validity_end"":""2024-09-09T15:59:00.000Z"",""validity_start"":""2024-09-08T12:00:00.000Z""},{""claimable"":false,""currency"":""MYR"",""discount"":30,""discount_cap"":0,""discount_percentage"":0,""min_spend"":35000000,""shop_vouncher"":""Anmum Essential Official Shop"",""special_condition"":null,""text_info"":""9ACZ0059"",""validity_end"":""2024-09-24T15:59:00.000Z"",""validity_start"":""2024-09-08T12:00:00.000Z""}]",,,null
https://shopee.co.id/Cuka-Apel-Gemeli-Premium-500ml-With-Mother-i.52174898.24514425386?model_id=39397919315,24514425386,Cuka Apel Gemeli Premium 500ml With Mother,0,4.8,0,59000,12500,IDR,,0,"[""https://down-id.img.susercontent.com/file/id-11134207-7r98x-lrzh9f0s5wzqa9_tn"",""https://down-id.img.susercontent.com/file/id-11134207-7r98w-lt1kw09f14xy97_tn"",""https://down-id.img.susercontent.com/file/id-11134207-7r98s-lrzh9f0s7bk6c1_tn"",""https://down-id.img.susercontent.com/file/id-11134207-7r98o-lrzh9f0s8q4m18_tn""]",null,Sar███emo███eme███,https://shopee.co.id/sarilemongemeli,"[""Makanan & Minuman"",""Minuman"",""Jus & Sirup""]","[{""name"":""Stok Diskon"",""value"":""313""},{""name"":""Stok Lain"",""value"":""15973367""},{""name"":""Merek"",""value"":""GEMELI""},{""name"":""Negara Asal"",""value"":""Indonesia""},{""name"":""Jenis Buah"",""value"":""Apel""},{""name"":""Masa Penyimpanan"",""value"":""12 Bulan""},{""name"":""Tanggal Kedaluwarsa"",""value"":""04-03-2025""},{""name"":""No. Izin Edar (BPOM, PIRT)"",""value"":""-""},{""name"":""No. Sertifikasi (Halal)"",""value"":""-""},{""name"":""Dikirim Dari"",""value"":""KOTA BATU""}]","Cuka Apel Original 100% Murni
The Best Quality

Cuka Ape latau Apple Cider Vinegar dibuat dari sari buah apel yang telah mengalami fermentasi untuk membentuk probiotik dan enzim yang sangat baik untuk kesehatan tubuh dan kulit.
Apple Cider Vinegar diproses fermentasi alami, tanpa proses pemanasan, tanpa pewarna, tanpa ragi, tanpa pasturisasi

Manfaat Cuka Apel :
1. Menurunkan Berat Badan
2. Mengatasi Masalah Kulit
3. Menurunkan Kolesterol 
4. Mengatasi Sembelit
5. Mengatur Tingkat Gula Darah
6. Membunuh Bakteri
7. Meningkatkan Daya Tahan / Sistem Imun Tubuh
8. Menurunkan Risiko Penyakit Kanker
9. Mengatasi Infeksi Jamur
10. Meredakan Gejala Asam Lambung
11. Mencegah penyakit jantung
12. Menormalkan Asam Urat
13. Menyembuhkan sakit tenggorokan
14. Meningkatkan kesehatan mata

Tersedia Ukuran :
1. 250ml
2. 500ml

Saran Penyajian :
1. Dewasa 2 sendok makan dengan air 1 gelas -/+ 200ml
2. Anak-anak 1 sendok makan dengan air 1 gelas -/+ 200ml

Cara Penyimpanan :
- Simpan di suhu ruangan
- Simpan di kulkas
- Sajikan dengan Air Hangat/Air Biasa/Air Dingin

Note :
- Aman untuk Busui, Bumil, Promil
- Kami kirim Cuka Apel setiap hari dengan Kualitas Fresh (Selalu Baru)
- Tambahkan Madu sesuai selera untuk rasa yang lebih nikmat.

Silahkan diorder Kak
Barakallah fiikum 🙏",4.86,30,94,2.32 hours,Sat Jan 13 2018 01:54:14 GMT+0000 (Coordinated Universal Time),31858,"[{""name"":""Ukuran"",""variations"":[""250 ML"",""500 ML""]}]",https://shopee.co.id,GEMELI,100629,true,Wed Sep 04 2024 13:59:59 GMT+0000 (Coordinated Universal Time),"[{""name"":""model"",""value"":""250 ML""}]",0,https://shopee.co.id/Jus-Sirup-cat.11043451.11043502.11043508,"[{""claimable"":false,""currency"":""IDR"",""discount"":1000,""discount_cap"":0,""discount_percentage"":0,""min_spend"":2500000000,""shop_vouncher"":""Sari Lemon Gemeli"",""special_condition"":null,""text_info"":""SARI1000"",""validity_end"":""2024-10-31T16:59:00.000Z"",""validity_start"":""2024-09-01T02:10:00.000Z""},{""claimable"":false,""currency"":""IDR"",""discount"":2500,""discount_cap"":0,""discount_percentage"":0,""min_spend"":5000000000,""shop_vouncher"":""Sari Lemon Gemeli"",""special_condition"":null,""text_info"":""SARI2500"",""validity_end"":""2024-10-31T03:18:00.000Z"",""validity_start"":""2024-09-01T02:10:00.000Z""},{""claimable"":false,""currency"":""IDR"",""discount"":5000,""discount_cap"":0,""discount_percentage"":0,""min_spend"":9900000000,""shop_vouncher"":""Sari Lemon Gemeli"",""special_condition"":null,""text_info"":""SARI5000"",""validity_end"":""2024-10-31T16:59:00.000Z"",""validity_start"":""2024-09-01T02:15:00.000Z""},{""claimable"":false,""currency"":""IDR"",""discount"":8000,""discount_cap"":0,""discount_percentage"":0,""min_spend"":15500000000,""shop_vouncher"":""Sari Lemon Gemeli"",""special_condition"":null,""text_info"":""SARINEW"",""validity_end"":""2024-10-31T16:59:00.000Z"",""validity_start"":""2024-09-01T02:10:00.000Z""}]",,,null
https://shopee.com.mx/Chamarra-su%C3%A9ter-sudadera-con-capucha-DEUS-EX-MACHINA-PREMIUM/ropa-de-abrigo-%C3%BAltima-Chamarra-de-los-hombres-i.504325920.8788050932?model_id=101353476380,8788050932,Chamarra suéter sudadera con capucha DEUS EX MACHINA PREMIUM/ropa de abrigo última Chamarra de los hombres,0,0,0,3.999000000000000e+02,3.999000000000000e+02,MXN,,0,"[""https://down-mx.img.susercontent.com/file/80746e9c72cd9fd2b62471bd8133f638_tn"",""https://down-mx.img.susercontent.com/file/9764b080b49ea39e21a8fe9a67692db9_tn"",""https://down-mx.img.susercontent.com/file/76084f1b31f18b5ab98dd7a2e547c169_tn"",""https://down-mx.img.susercontent.com/file/8221577d3df8c4af0f843479b2369d88_tn"",""https://down-mx.img.susercontent.com/file/3e167af15c1559ddbe85b1445e249f9a_tn"",""https://down-mx.img.susercontent.com/file/3346c48c41e5ed19f282395573375b73_tn""]",null,mis███ul1███.mx███,https://shopee.com.mx/Chamarra-su%C3%A9ter-sudadera-con-capucha-DEUS-EX-MACHINA-PREMIUM/misbahul1236.mx,"[""Ropa de Hombre"",""Chamarras, Sacos y Chalecos"",""Chamarras""]","[{""name"":""Existencias"",""value"":""591900""},{""name"":""Material"",""value"":""Vellón""}]","Especificaciones
Marca: DSTY
Material: lana de algodón grueso
Talla: L, XL
 

Etiqueta: etiqueta completa
Color: según la imagen

Características: - material de calidad
- Material suave y suave
- Cómodo en el desgaste
- Se adapta a todos 
Proceso
- Fácil mantenimiento

Bienvenido a ririq art collection store. 
Le ofrecemos con precio amistoso hombres y mujeres chamarra productos dg precios amistosos y productos de calidad que son muy adecuados para que usted tenga
Para obtener especificaciones completas puede chatear con nosotros


Atención: la compra de este producto resulta en la adición de niveles a su ""check"" a varias veces

Compras en nuestra tienda it:
- Nuestro precio y producto son 100% nuevos
Felices compras,,",4,120,57,,Thu Aug 05 2021 05:03:57 GMT+0000 (Coordinated Universal Time),3,"[{""name"":""Color"",""variations"":[""Negro"",""Marina"",""Rojo""]},{""name"":""Talla"",""variations"":[""L"",""Xl""]}]",https://shopee.com.mx,,100011,false,,"[{""name"":""model"",""value"":""Rojo,Xl""}]",0,https://shopee.com.mx/Chamarras-cat.11057055.11057081.11057219,null,,,null
https://shopee.ph/Aerox-ALL-NEW-CONNECTED-Transparent-STRIPING-155-2024-DESIGN-COPY-ORI-i.325640542.22560967856?model_id=194890542164,22560967856,Aerox ALL NEW CONNECTED Transparent STRIPING 155 2024 DESIGN COPY ORI,0,4.8,0,896,896,PHP,,0,"[""https://down-ph.img.susercontent.com/file/id-11134207-7r98y-lu7gqtwmveva67_tn"",""https://down-ph.img.susercontent.com/file/id-11134207-7r98t-lqvlxnt105mhfc_tn"",""https://down-ph.img.susercontent.com/file/id-11134207-7r98y-lo4xyizw9lhfb2_tn"",""https://down-ph.img.susercontent.com/file/id-11134207-7r992-lo4xyizwb01v08_tn"",""https://down-ph.img.susercontent.com/file/id-11134207-7r98t-lo4xyizwcemb13_tn"",""https://down-ph.img.susercontent.com/file/id-11134207-7r98r-lo4xyizwf7r735_tn"",""https://down-ph.img.susercontent.com/file/id-11134207-7r98z-lqvlxnt105i1df_tn"",""https://down-ph.img.susercontent.com/file/id-11134207-7r98t-lr06abfztrwd08_tn"",""https://down-ph.img.susercontent.com/file/id-11134207-7r98o-lr06ah65g30p97_tn""]",null,m.s███ker███,https://shopee.ph/m.sticker.ph,"[""Motorcycles"",""Motorcycle Accessories"",""Stickers, Logos & Emblems""]","[{""name"":""Stock"",""value"":""7312""},{""name"":""Ships From"",""value"":""Indonesia""}]","Aerox ALL NEW CONNECTED 155 2024 DESIGN TRANSPARENT STRIPING ORI

Striping FOR MOTOR
Aerox NEW 155 2021 - 2024

Uv Transparent Striping Material Material Material, printed with XENON HYBRID UV machine with ori High Resolution ink.

Transparent striping base, so get into all the colors of the body motor.

Can Custom color on striping
Could Custom name / writing on striping
Items price includes shipping fee that should be borne by the buyer.",4.69,1649,100,1.43 hours,Wed Oct 21 2020 03:51:48 GMT+0000 (Coordinated Universal Time),8039,"[{""name"":""Color Variants"",""variations"":[""Variation 1"",""Variation 2"",""Variation 3"",""Custom Writing"",""Custom color"",""Variation 4"",""Variation 5"",""Variation 6"",""Variation 7"",""Variation 8"",""Variation 9"",""Variation 10"",""Variation 11"",""Variation 12"",""Variation 13"",""Variation 14""]}]",https://shopee.ph,,100641,false,,"[{""name"":""model"",""value"":""Variation 6""}]",0,https://shopee.ph/Moto-Decals-Stickers-cat.11020952.11020988.11020990,null,,,null
https://shopee.co.id/LINK-CO-SESUAI-HARGA-i.180151189.15180448875?model_id=217778573711,15180448875,LINK CO SESUAI HARGA,0,0,0,105000,105000,IDR,,0,"[""https://down-id.img.susercontent.com/file/dc09c52fd101b2845fb4ee05a772b292_tn""]",null,Cam███e B███ty █████████,https://shopee.co.id/camillebeauty.jktm,"[""Pakaian Wanita"",""Atasan"",""Kemeja & Blouse""]","[{""name"":""Stok"",""value"":""27""},{""name"":""Merek"",""value"":""-""},{""name"":""Bahan"",""value"":""Katun, Linen""},{""name"":""Motif"",""value"":""Polos""},{""name"":""Crop Top"",""value"":""Tidak""},{""name"":""Dikirim Dari"",""value"":""KOTA JAKARTA TIMUR""}]","✅WAJIB Kirimkan Username TEKTOK dan SS barang yg difix/diclue ke CHAT .

✅Lakukan Pembayaran sesuai harga di link shopee yang tersedia.

✅ Jika beli lebih dari 1pc untuk barang ke-2/3/4 bisa TF Shopeepay

✅ 1 kg maksimal 4 baju 

Terima kasih ✨",4.89,8,57,,Tue Sep 17 2019 04:20:37 GMT+0000 (Coordinated Universal Time),642,"[{""name"":""Variasi"",""variations"":[""100"",""105"",""110"",""115"",""120"",""125"",""130"",""135"",""140"",""145"",""150"",""155"",""160""]}]",https://shopee.co.id,,100017,false,,"[{""name"":""model"",""value"":""105""}]",0,https://shopee.co.id/Kemeja-Blouse-cat.11042745.11042746.11042750,null,,,null
https://shopee.com.mx/Keeen-Uneek-Shoes-M-Popular-Verano-Zapatos-De-Moda-Vadeo-Plano-Casual-Al-Aire-Libre-Amortiguaci%C3%B3n-Sandalias-Antideslizantes-Caqui-i.1231362593.26300247893?model_id=138945439837,26300247893,Keeen Uneek Shoes-M Popular Verano Zapatos De Moda Vadeo Plano Casual Al Aire Libre Amortiguación Sandalias Antideslizantes Caqui,0,0,0,1.661100000000000e+03,1.578050000000000e+03,MXN,,0,"[""https://down-mx.img.susercontent.com/file/sg-11134201-7rd4m-lvem6cyfj0wy0a_tn"",""https://down-mx.img.susercontent.com/file/sg-11134201-7rd5q-lvem6ddyw9zg0f_tn"",""https://down-mx.img.susercontent.com/file/sg-11134201-7rd4u-lvem6drkcebgac_tn"",""https://down-mx.img.susercontent.com/file/sg-11134201-7rd6l-lvem6eqswtvq74_tn"",""https://down-mx.img.susercontent.com/file/sg-11134201-7rd60-lvem6f7g8gya36_tn"",""https://down-mx.img.susercontent.com/file/sg-11134201-7rd40-lvem6flvncn27e_tn"",""https://down-mx.img.susercontent.com/file/sg-11134201-7rd51-lvem6g50vc1q74_tn"",""https://down-mx.img.susercontent.com/file/sg-11134201-7rd4d-lvem6gp02351e5_tn"",""https://down-mx.img.susercontent.com/file/sg-11134201-7rd63-lvem6h53ejyrc1_tn""]",null,mcg███.mx███,https://shopee.com.mx/mcg111.mx,"[""Calzado de Hombre"",""Sandalias y Chancletas"",""Sandalias""]","[{""name"":""Existencias"",""value"":""1434""},{""name"":""Estilo de Calzado"",""value"":""Correa""},{""name"":""calzado de montaña"",""value"":""No""}]","Al realizar un pedido, deje un mensaje para el tamaño que necesita o informe el servicio al cliente del tamaño que necesita

Debido A la cantidad limitada de especificaciones, si necesita un tamaño grande u otros colores, deje un mensaje o solicite servicio al cliente para consultas

Debido a problemas de tiempo, No hay forma de responder en línea todo el tiempo, haga un pedido por usted mismo para comprar.... (Cuando Vea el mensaje, le responderá inmediatamente)
Referencia de tamaño: si tiene alguna pregunta, consulte con el Servicio de atención al cliente. El servicio al cliente está aquí para servirle de todo corazón. 

Eur36 = US5 = 22cm

Eur37 = US6 = 23 cm

Eur38 = US6.5 = 23,5-24 cm

Eur39 = US7.5 = 24,5 cm

Eur40 = US7 = 25cm

Eur41 = US8 = 26cm

Eur42 = US8.5 = 26.5cm

Eur43 = US9.5 = 27.5cm

Eur44 = US10 = 28cm

Eur45 = US11 = 29 cm",5,100,57,,Thu Apr 11 2024 15:34:53 GMT+0000 (Coordinated Universal Time),2,"[{""name"":""Tamaño EUR"",""variations"":[""36"",""36.5"",""37"",""37.5"",""38"",""38.5"",""39"",""39.5"",""40"",""40.5"",""41"",""41.5"",""42"",""42.5"",""43"",""43.5"",""44"",""44.5"",""45""]}]",https://shopee.com.mx,,100012,false,,"[{""name"":""model"",""value"":""43.5""}]",0,https://shopee.com.mx/Sandalias-y-Chancletas-cat.11057056.11057093.11057245,null,,,null
https://shopee.com.mx/Ni%C3%B1os-Tencel-Lyocell-Aire-Acondicionado-Ropa-Ni%C3%B1os-Ni%C3%B1as-Pijamas-Delgados-Beb%C3%A9-Ropa-De-Casa-2-Piezas-Traje-i.1206252785.25125079417?model_id=197443375960,25125079417,Niños Tencel Lyocell Aire Acondicionado Ropa Niños Niñas Pijamas Delgados Bebé Ropa De Casa 2 Piezas Traje,0,0,0,4.019000000000000e+02,2.819000000000000e+02,MXN,,0,"[""https://down-mx.img.susercontent.com/file/sg-11134201-7rd5j-lua3mia1bpxy99_tn"",""https://down-mx.img.susercontent.com/file/sg-11134201-7rd55-lua3mkwxgv890f_tn"",""https://down-mx.img.susercontent.com/file/sg-11134201-7rd47-lua3mndpux9g51_tn"",""https://down-mx.img.susercontent.com/file/sg-11134201-7rd48-lua3mp8l52mm24_tn"",""https://down-mx.img.susercontent.com/file/sg-11134201-7rd4o-lua3mqq4ypgj74_tn"",""https://down-mx.img.susercontent.com/file/sg-11134201-7rd6d-lua3msu5vgm0ac_tn"",""https://down-mx.img.susercontent.com/file/sg-11134201-7rd4b-lua3muxwslpt10_tn"",""https://down-mx.img.susercontent.com/file/sg-11134201-7rd4x-lua3mwtm1jgr29_tn"",""https://down-mx.img.susercontent.com/file/sg-11134201-7rd48-lua3myl5gjmg75_tn""]",null,che███136███mx,https://shopee.com.mx/chenyz136la.mx,"[""Moda para Bebés y Niños"",""Ropa de Niños"",""Ropa de dormir""]","[{""name"":""Existencias"",""value"":""3999""},{""name"":""Material"",""value"":""Algodón""},{""name"":""Cantidad"",""value"":""Cero""}]","Bienvenido, aquí está el mundo lleno de niños e imaginación.
Nos enfocamos en proporcionar ropa para niños a la moda, cómoda, duradera y económica para que todos los niños para que puedan encontrar el estilo que les gusta!
- ¡Su Pedido será enviado dentro de los 3 días! -
Vendemos productos de calidad: no duplicamos nuestros precios, nuevas tiendas, flujo de bajo precio: siempre estamos listos para aceptar su criticismo y consejos.
También puede usar nuestros cupones de tienda cuando compre: si está satisfecho, por favor dénos 5 estrellas y le deseo una feliz compra, gracias
Nivel de seguridad: Clase A
Nombre de la tela: mezcla de fibras químicas
Género aplicable: Neutral/ambos hombres y mujeres
Categoría de fuente:
Color: ropa de aire acondicionado azul claro, ropa de aire acondicionado verde claro, ropa de aire acondicionado púrpura claro, ropa de aire acondicionado gris espacial, ropa de aire acondicionado rosa
Estilo: Informal
Altura delgada adecuada: 90 cm, 100 cm, 110 cm, 120 cm, 130 cm, 140 cm, 150 cm, 160 cm",0,99,57,,Mon Mar 11 2024 10:00:10 GMT+0000 (Coordinated Universal Time),0,"[{""name"":""Color"",""variations"":[""Acondicionador de aire azul cl"",""Aire Acondicionado Verde Claro"",""Aire acondicionado morado clar"",""Ropa de aire acondicionado gri"",""Aire acondicionado rosa""]},{""name"":""Adecuado para delgado y alto."",""variations"":[""90cm"",""100cm"",""110cm"",""120cm"",""130cm"",""140cm"",""150cm"",""160cm""]}]",https://shopee.com.mx,,100633,false,,"[{""name"":""model"",""value"":""Aire Acondicionado Verde Claro,150cm""}]",0,https://shopee.com.mx/Pijamas-de-Ni%C3%B1o-cat.11057052.11057065.11057164,null,,,null
https://shopee.co.th/%E0%B8%81%E0%B8%A3%E0%B8%B0%E0%B9%80%E0%B8%9B%E0%B9%8B%E0%B8%B2-Cambridge-Satchel-%E0%B9%81%E0%B8%97%E0%B9%89%E0%B8%88%E0%B8%B2%E0%B8%81%E0%B8%AD%E0%B8%B1%E0%B8%87%E0%B8%81%E0%B8%A4%E0%B8%A9-Handcraft-%E0%B8%A1%E0%B8%B7%E0%B8%AD%E0%B8%AA%E0%B8%AD%E0%B8%87-%E0%B8%82%E0%B8%AD%E0%B8%87%E0%B9%81%E0%B8%97%E0%B9%89-i.64412514.18074448002,18074448002,กระเป๋า Cambridge Satchel แท้จากอังกฤษ Handcraft มือสอง ของแท้,0,0,0,3700,3700,THB,,0,"[""https://down-th.img.susercontent.com/file/th-11134201-23020-ystqrxzviynv61_tn"",""https://down-th.img.susercontent.com/file/th-11134201-23020-a3w5b8tviynv94_tn"",""https://down-th.img.susercontent.com/file/th-11134201-23020-jbglmbkviynvfb_tn"",""https://down-th.img.susercontent.com/file/th-11134201-23020-i1o431jviynv24_tn"",""https://down-th.img.susercontent.com/file/th-11134201-23020-yg1ve5jviynvca_tn"",""https://down-th.img.susercontent.com/file/th-11134201-23020-amsu95jviynvb2_tn"",""https://down-th.img.susercontent.com/file/th-11134201-23020-nudvs6jviynv5b_tn"",""https://down-th.img.susercontent.com/file/th-11134201-23020-zvummbkviynva4_tn"",""https://down-th.img.susercontent.com/file/th-11134201-23020-vwkgyekviynvcd_tn""]",null,tic███man███,https://shopee.co.th/ticksumana8664,"[""กระเป๋าผู้หญิง"",""กระเป๋าสะพายข้าง""]","[{""name"":""คลัง"",""value"":""1""},{""name"":""เงื่อนไข"",""value"":""สภาพ""},{""name"":""สินค้า"",""value"":""Cambridge Satchel(แคมบริดจ์ ซาตเช่)""},{""name"":""ส่งจาก"",""value"":""จังหวัดกรุงเทพมหานคร""}]","กระเป๋าเคมบริดจ์ เซชเชิล (Cambridge Satchel) คือกระเป๋าหนังแท้ รูปทรงทรงคลาสสิค ผลิตจากประเทศอังกฤษ ได้แรงบันดาลใจมาจากกระเป๋านักเรียน จึงไม่น่าแปลกใจที่จะโดนใจวัยรุ่นทั่วโลกอยู่ในขณะนี้ ไม่เพียงแต่วัยโจ๋จะโดนใจ แต่เจ้า Cambridge Satchel ยังเป็นกระเป๋ายอดฮิตของเหล่าดารา คนดัง ทั่วโลกอีกด้วย 

#cambridgesatchel #satchel #usedbrandname #กระเป๋านักเรียน",4.95,59,19,1.89 hours,Mon Apr 09 2018 14:02:07 GMT+0000 (Coordinated Universal Time),175,"[{""variations"":[null]}]",https://shopee.co.th,Cambridge Satchel(แคมบริดจ์ ซาตเช่),100016,false,,"[{""name"":""model"",""value"":null}]",0,https://shopee.co.th/%E0%B8%81%E0%B8%A3%E0%B8%B0%E0%B9%80%E0%B8%9B%E0%B9%8B%E0%B8%B2%E0%B8%AA%E0%B8%B0%E0%B8%9E%E0%B8%B2%E0%B8%A2%E0%B8%82%E0%B9%89%E0%B8%B2%E0%B8%87%E0%B8%9C%E0%B8%B9%E0%B9%89%E0%B8%AB%E0%B8%8D%E0%B8%B4%E0%B8%87-cat.11044964.11045274.11046307,null,,,null
https://shopee.cl/0mv-Victor-calcetines-ASK114-/-pregunte-114-i.843807460.22405437131,22405437131,0mv Victor calcetines ASK114 / pregunte 114,0,0,0,13000,13000,CLP,,0,"[""https://down-cl.img.susercontent.com/file/sg-11134201-22110-5ba001xq6vjv23_tn"",""https://down-cl.img.susercontent.com/file/sg-11134201-22110-s5y4t7xq6vjv53_tn"",""https://down-cl.img.susercontent.com/file/sg-11134201-22110-d7erhdyq6vjvfb_tn"",""https://down-cl.img.susercontent.com/file/sg-11134201-22110-0y3hvjyq6vjv4b_tn""]",null,dan███hop███cl,https://shopee.cl/0mv-Victor-calcetines-ASK114-/danujshopbu.cl,"[""Deportes y Aire Libre"",""Calzado Deportivo"",""Zapatos de Bádminton""]","[{""name"":""Existencias"",""value"":""175""}]","★★★★
0 Victor Ask114 / Pregunte a 114 Calcetines deportivos Center Victor Distribuidor Autorizado en Indonedia. Otros podrían tener imitados pero asegúrese de comprar en CENTER DE SPORTS que solo vende productos 100% ORIGINAL


Materia:



Saludos;

Deportivo central",0,1354,57,,Wed Aug 17 2022 12:03:15 GMT+0000 (Coordinated Universal Time),0,"[{""variations"":[null]}]",https://shopee.cl,,100637,false,,"[{""name"":""model"",""value"":null}]",0,https://shopee.cl/Zapatos-de-B%C3%A1dminton-cat.11070435.11070667.11071641,null,,,null
https://shopee.cl/Aquabeads-Mega-Bead-Trunk-Juguetes-Educativos-i.1142373840.24580554474,24580554474,Aquabeads Mega Bead Trunk Juguetes Educativos,0,0,0,73000,73000,CLP,,0,"[""https://down-cl.img.susercontent.com/file/id-11134201-7r98r-lvacw4o0y99d0e_tn"",""https://down-cl.img.susercontent.com/file/id-11134201-7r98o-lvacw7995thc65_tn"",""https://down-cl.img.susercontent.com/file/id-11134201-7r98t-lvacw8yko3juf8_tn""]",null,afi███ick███2am██████,https://shopee.cl/afiqbrick8392am.cl,"[""Hobbies y Colecciones"",""Otros""]","[{""name"":""Existencias"",""value"":""3""}]","Esta recarga de cuentas incluye 3000 cuentas de arte y manualidades que incluyen 3000 cuentas en 30 colores, estuches de transporte y clavijas de diseño.
Almacene sus cuentas, creaciones y cualquier otra herramienta de cuentas de agua dentro del estuche de transporte
El estuche de transporte se puede decorar con sus creaciones favoritas utilizando las clavijas de diseño incluido.
Incluye cuentas sólidas y cuentas de estrellas. Cree más diseños de cuentas con juegos completos de cuentas de agua y recargas que se venden por separado
Las cuentas de agua son adecuadas para niños de 4 años en adelante. No apto para niños menores de 3 años a piezas pequeñas.

* Cuello DEL COMENTARIOS QUE EL PAQUETE VIDEO DE LA COMPRA QUE NO ESTÁ COMBOXING VIDEO ENTURA DEL VIDADO, (NO COMPRAS)
* Por favor, comprenda amablemente, cada forma de daño en tránsito/expedición es tanto un estuche, vidrio templado y otros más allá de nuestra responsabilidad, porque antes de enviar los productos que verificamos y 100% buenos
*Mistakes Of elegir tipo, tamaño o error debido a que no se puede devolver/devolver, por estar fuera de nuestra responsabilidad.
Gracias por comprar, siempre éxito:)
El precio de los artículos incluye una tarifa de envío que debe ser transmitida por el comprador.
El precio del artículo incluye una tarifa de envío que debe ser transmitida por el comprador.",0,320,57,,Thu Dec 14 2023 05:01:22 GMT+0000 (Coordinated Universal Time),0,"[{""variations"":[null]}]",https://shopee.cl,,100639,false,,"[{""name"":""model"",""value"":null}]",0,https://shopee.cl/Otros-cat.11070437.11070675.11071685,null,,,null
https://shopee.ph/3-in-1-Sheets-Hotel-Premium-(1-Fitted-Sheet-&-1/2-Pillowcases)-Flat-Sheets-with-Pillowcases-i.954823400.22966124532?model_id=146835547493,22966124532,3 in 1 Sheets Hotel Premium (1 Fitted Sheet & 1/2 Pillowcases) Flat Sheets with Pillowcases,0,4.5,0,279,273,PHP,,0,"[""https://down-ph.img.susercontent.com/file/ph-11134207-7qul1-lg0mqzoa0wvs72_tn"",""https://down-ph.img.susercontent.com/file/ph-11134207-7qul1-lg0mqzoa3q0o87_tn"",""https://down-ph.img.susercontent.com/file/ph-11134207-7qul0-lg0nf5qoh4e0d8_tn"",""https://down-ph.img.susercontent.com/file/ph-11134207-7qul7-lg0nf5qoo5887b_tn"",""https://down-ph.img.susercontent.com/file/ph-11134207-7qukz-lg0nf5qolc3cbd_tn"",""https://down-ph.img.susercontent.com/file/ph-11134207-7qul5-lg0nf5qomqnsff_tn"",""https://down-ph.img.susercontent.com/file/ph-11134207-7qul2-lg0nf5qojxiw16_tn"",""https://down-ph.img.susercontent.com/file/ph-11134207-7qul9-lhd49tzcfffq56_tn"",""https://down-ph.img.susercontent.com/file/cn-11134207-7r98o-lm78rj934t7of4_tn""]",null,Sea███&Ho███,https://shopee.ph/3-in-1-Sheets-Hotel-Premium-(1-Fitted-Sheet-&-1/qiantong.ph,"[""Home & Living"",""Bedding"",""Bedsheets, Pillowcases & Bolster Cases""]","[{""name"":""Stock"",""value"":""24511""},{""name"":""Material"",""value"":""Combed Cotton""},{""name"":""Country of Origin"",""value"":""Local""},{""name"":""Bundle Set"",""value"":""No""},{""name"":""Ships From"",""value"":""Pulilan, Bulacan""}]","📏📏📏Size 
Single Size      👉  90cmx200cmx25 (35.4inx78.7inx9.8in)
Double Size    👉 120cmx200cmx25(47.2inx78.7inx9.8in)
Queen Size     👉150cmx200cmx25(59.0inx78.7inx9.8in)
King  Size       👉 180cmx200cmx25(70.8inx78.7inx9.8in)

🎨🎨Bedsheet Color（Color may vary due to lighting ）
🫀Cream   🫀Light Grey  🫀Brown    🫀Black
🫀Blue       🫀 Dark Grey  🫀Green     🫀Pink    
🫀White    🫀Mint Green 🫀Purple   🫀Dark Blue
Each set comes with:
✔️ 1 Fitted Bedsheet 
✔️ 1/2 pillowcases ( 18x28 ) 

Fitted sheet has elasticated edges for a 360-degree wrap.
Applicable environment: various mattresses in bedrooms, children's rooms, and guest rooms.
It's easy to care for and helps you keep messy sheets from slipping off your mattress all the time.

★Please note
📢 Due to the monitor and brightness, the color of the item may be slightly different from the picture shown.
📢  Hand or machine wash in cold or warm water with mild cleaner is recommended. 
📢 Always check the product before use. If there is a problem with the product, please contact the store immediately.

Please read and understand before placing an order 💥
🌞 Our products are all in stock, you can place an order directly without waiting for the seller's reply.
🌞 Please check whether your delivery address and phone number are correct before placing an order, the information cannot be changed after the item is shipped.
🌞 After placing an order, please do not cancel the order easily, because our warehouse staff may have already packed the goods.

Feedback⭐⭐⭐
(1)Please kindly leave us a positive feedback (5 stars) , if you are satisfied with our items.
And you could share with your friends on  Facebook, Twitter...Thanks😎
(2)Please contact us before leaving any negative feedback or open a dispute on Shopee.💬
(3)Please give us the opportunity to resolve any problem.💟

Hope you have a happy shopping.🥰
I wish you a happy shopping in Season-Home!✌️✌️✌️",4.6,46,99,1.42 hours,Wed Feb 15 2023 09:13:50 GMT+0000 (Coordinated Universal Time),2211,"[{""name"":""color"",""variations"":[""Brown"",""Black"",""Cream"",""Light Grey"",""Dark Grey"",""Blue"",""Pink"",""Green"",""White"",""Mint Green"",""Dark Blue"",""RED"",""Purple""]},{""name"":""size"",""variations"":[""Single(90x200cm)-Pillowcase*1"",""Double(120x200cm)-Pillowcase*2"",""Queen(150x200cm)-Pillowcase*2"",""King(180x200cm)-Pillowcase*2""]}]",https://shopee.ph,,100636,false,,"[{""name"":""model"",""value"":""Brown,Single(90x200cm)-Pillowcase*1""}]",0,https://shopee.ph/Bed-Sheet-Pillow-Cases-cat.11021407.11021520.11021524,null,,,null
https://shopee.com.co/Peine-El%C3%A9ctrico-Para-Mascotas-Para-Piojos-Mascota-Perro-Gato-De-Captura-De-Pulgas-Filtro-i.471816108.24963802263?model_id=222522389235,24963802263,Peine Eléctrico Para Mascotas Para Piojos Mascota Perro Gato De Captura De Pulgas Filtro,0,0,0,59906,43200,COP,,0,"[""https://down-co.img.susercontent.com/file/sg-11134201-7rcde-lrtz96gbecixd1_tn"",""https://down-co.img.susercontent.com/file/sg-11134201-7rcc9-lrtz96siwhl0cd_tn"",""https://down-co.img.susercontent.com/file/sg-11134201-7rcd1-lrtz96twufzj29_tn"",""https://down-co.img.susercontent.com/file/sg-11134201-7rcey-lrtz96ryxajz28_tn"",""https://down-co.img.susercontent.com/file/sg-11134201-7rcd8-lrtz96s8ww2980_tn"",""https://down-co.img.susercontent.com/file/sg-11134201-7rccu-lrtz96pr0jana0_tn"",""https://down-co.img.susercontent.com/file/sg-11134201-7rcc8-lrtz96siwh26a4_tn"",""https://down-co.img.susercontent.com/file/sg-11134201-7rcci-lrtz96mp50mu58_tn""]",null,war███4wo███,https://shopee.com.co/waroom4wo.co,"[""Electrodomésticos"",""Otros""]","[{""name"":""Existencias"",""value"":""1999""}]","Caracteristicas:
1.Mano de obra meticulosa: Deshace y riegue la cabeza del filtro y los huevos en la mascota de forma higiénica.
2.Materiales destacados: dientes de acero inoxidable redondeados con ángulo de peinado ajustable, ergonómico y sin daños para las mascotas. Muy duradero.
3.Buen ayudante: fácil de limpiar para el tratamiento regular de piojos de cabeza y suministros de filtros desechables para cambiar.


Descripción:
La unidad de filtro con LED iluminada, ayuda a ver piojos y huevos que se han eliminado del cabello mientras usa este dispositivo.


Especificaciones:
Color blanco
Tipo: enchufe redondo de la UE, enchufe plano de EE. UU., enchufe triangular del Reino Unido (opcional)
Material: ABS
Tamaño: 14x8x16.5cm


El paquete incluye:
1 * peine eléctrico para mascotas
1 * Manual
2 cabezales de filtro.


Notas:
1. Debido a la diferencia entre diferentes monitores, es posible que la imagen no refleje el color real del artículo. Garantizamos que el estilo es el mismo que se muestra en las imágenes.
2. Permita una ligera diferencia de dimensión debido a las diferentes medidas manuales.
",4.39,143,57,,Mon Jun 21 2021 11:32:09 GMT+0000 (Coordinated Universal Time),25,"[{""name"":""color"",""variations"":[""white""]},{""name"":""type"",""variations"":[""EU Round plug"",""US Flat plug"",""UK Triangle plug""]}]",https://shopee.com.co,,100010,false,,"[{""name"":""model"",""value"":""white,UK Triangle plug""}]",0,https://shopee.com.co/Otros-cat.11069114.11069277.11069953,null,,,null
https://shopee.co.th/BB002-%E0%B9%80%E0%B8%AA%E0%B8%B7%E0%B9%89%E0%B8%AD%E0%B8%A2%E0%B8%B7%E0%B8%94%E0%B9%80%E0%B8%94%E0%B9%87%E0%B8%81-%E0%B8%84%E0%B8%B8%E0%B8%93%E0%B8%AB%E0%B8%99%E0%B8%B9-%E0%B8%A5%E0%B8%B2%E0%B8%A2%E0%B8%94%E0%B8%B5%E0%B8%AA%E0%B8%99%E0%B8%B5%E0%B8%A2%E0%B9%8C-%F0%9F%91%A7%F0%9F%8F%BB%F0%9F%91%A6%F0%9F%8F%BB-%E0%B8%84%E0%B8%AD%E0%B8%81%E0%B8%A5%E0%B8%A1-%E0%B9%81%E0%B8%82%E0%B8%99%E0%B8%AA%E0%B8%B1%E0%B9%89%E0%B8%99-i.319353937.23042783319?model_id=138623437181,23042783319,BB002 เสื้อยืดเด็ก คุณหนู ลายดีสนีย์ 👧🏻👦🏻 คอกลม แขนสั้น,0,4.8,0,49,49,THB,0,0,"[""https://down-th.img.susercontent.com/file/947e4c2002c82cee232385593c967c6a_tn"",""https://down-th.img.susercontent.com/file/a785e876c372900b1c4811c90b167324_tn"",""https://down-th.img.susercontent.com/file/th-11134207-7qul0-lgxitz1qj2es3d_tn"",""https://down-th.img.susercontent.com/file/dc91fa5b71fce502870f420ef5c5e3a5_tn"",""https://down-th.img.susercontent.com/file/th-11134207-7qukz-lgxitz1qlvjoae_tn"",""https://down-th.img.susercontent.com/file/th-11134207-7qukz-lgxitz1qna446f_tn"",""https://down-th.img.susercontent.com/file/th-11134207-7qul8-lgxitz1qoookd1_tn""]",null,MC.███hio███,https://shopee.co.th/cx.fashion.official,"[""เสื้อผ้าแฟชั่นเด็ก"",""เสื้อผ้าเด็กผู้หญิง"",""เสื้อ"",""เสื้อยืด""]","[{""name"":""คลัง"",""value"":""59""},{""name"":""เพศ"",""value"":""ทั้งสองเพศ""},{""name"":""ลวดลาย"",""value"":""ลายกราฟฟิก""},{""name"":""ประเทศต้นกำเนิดสินค้า"",""value"":""อื่นๆ""},{""name"":""ความยาวของแขนเสื้อ"",""value"":""แขนสั้น""},{""name"":""วัสดุ"",""value"":""ผ้าไหมนม""},{""name"":""ส่งจาก"",""value"":""จังหวัดสมุทรปราการ""}]","BB002 เสื้อเด็ก เสื้อยืดคุณหนู ลายดีสนีย์ 👧🏻👦🏻 เสื้อคอกลมแขนสั้น เสื้อยืด
มาแย้ววว คอลเลคชั่นใหม่ Disney Kids ใส่เที่ยวอยู่บ้านก็น่ารัก งานสั่งตัด ผ้าฝ้ายนุ่ม ใส่สบาย
.
รายละเอียดไซส์
▪️ 100 สูง 90-100 cm 2-3 ขวบ
▪️ 110 สูง 100-110 cm 3-4 ขวบ
▪️ 120 สูง 110-120 cm 4-5 ขวบ
▪️ 130 สูง 120-130 cm 5-6 ขวบ
▪️ 140 สูง 130-140 cm 7-8 ขวบ
▪️ 150 สูง 140-150 cm 8-9 ขวบ",4.67,549,89,1.49 hours,Wed Oct 07 2020 14:15:47 GMT+0000 (Coordinated Universal Time),43282,"[{""name"":""ลาย"",""variations"":[""หมีพูห์"",""มิกกี้"",""โดนัลดั๊ก"",""ลอตโซ่""]},{""name"":""ขนาด"",""variations"":[""100"",""110"",""120"",""130"",""140"",""150""]}]",https://shopee.co.th,,100633,false,,"[{""name"":""model"",""value"":""หมีพูห์,110""}]",0,https://shopee.co.th/%E0%B9%80%E0%B8%AA%E0%B8%B7%E0%B9%89%E0%B8%AD%E0%B8%9C%E0%B9%89%E0%B8%B2%E0%B9%80%E0%B8%94%E0%B9%87%E0%B8%81%E0%B8%9C%E0%B8%B9%E0%B9%89%E0%B8%AB%E0%B8%8D%E0%B8%B4%E0%B8%87%E0%B9%81%E0%B8%A5%E0%B8%B0%E0%B8%8A%E0%B8%B8%E0%B8%94%E0%B9%81%E0%B8%9F%E0%B8%99%E0%B8%8B%E0%B8%B5-cat.11044960.11045214.11046102,null,,,null
https://shopee.cl/Guantes-De-Carreras-De-8-Colores-Leatt-2023-Para-Mtb-Motocross-Equipo-De-Equitaci%C3%B3n-Unisex-Todas-Las-Estaciones-i.471828282.18278336381?model_id=88683187567,18278336381,Guantes De Carreras De 8 Colores Leatt 2023 Para Mtb Motocross Equipo De Equitación Unisex Todas Las Estaciones,0,4.7,0,11249,11249,CLP,,0,"[""https://down-cl.img.susercontent.com/file/cn-11134207-7qukw-lfglvirpxvez94_tn"",""https://down-cl.img.susercontent.com/file/cn-11134207-7qukw-lfglvirpz9zfda_tn"",""https://down-cl.img.susercontent.com/file/cn-11134207-7qukw-lfglvirq0ojv22_tn"",""https://down-cl.img.susercontent.com/file/cn-11134207-7qukw-lfglvirq234b6d_tn"",""https://down-cl.img.susercontent.com/file/cn-11134207-7qukw-lfglvirq3hor24_tn"",""https://down-cl.img.susercontent.com/file/cn-11134207-7qukw-lfgxy3p390ln26_tn"",""https://down-cl.img.susercontent.com/file/cn-11134207-7qukw-lfgxy3p3af63ce_tn"",""https://down-cl.img.susercontent.com/file/cn-11134207-7qukw-lfgxy3p3btqje0_tn"",""https://down-cl.img.susercontent.com/file/cn-11134207-7qukw-lfgxy3p3d8az4d_tn""]",null,112███enw███ing██████,https://shopee.cl/1123chenwenjingmu.cl,"[""Motocicletas"",""Otros""]","[{""name"":""Existencias"",""value"":""27126""}]","Descripción del Producto:
Especificación:

Nuevo y de alta calidad.

Hecho de material duradero y diseño único.

Guantes de dedo completo

Color: como se muestra en la imagen

Tamaño: S < 7,5 cm;

<8,5 Cm;

Longitud <9,5 cm;

Xl< 11cm

Característica:

Este guante está diseñado para los amantes del deporte.

Diseñado para proporcionar una compresión y soporte cómodos

¡Apto Para bicicletas de montaña o de carretera! Ya sea a largo plazo o a corto plazo

Cabe perfectamente en su agarre, todo en un paquete compacto extremadamente resistente.

El material suave y duradero aumenta la comodidad y el agarre, y reduce las molestias y los callos en las manos.

Notas:

Debido a los efectos de iluminación, la configuración de brillo/contraste del monitor, etc., el tono de color de la imagen puede variar ligeramente del elemento real.

Permita diferencias de 1-2 mm debido a la medición manual, gracias.

El paquete incluye:

1 par de guantes de dedo completo

Ninguna caja al por menor. Embalado de forma segura en bolsa de burbujas.

 #Mtb #Ciclismo #Bicicicleta #Bicicicleta #Motocicleta #Deportes #Completo #Dedo #Guantes

Calificación del producto",4.63,302,100,1.91 hours,Mon Jun 21 2021 11:39:08 GMT+0000 (Coordinated Universal Time),316,"[{""name"":""Color"",""variations"":[""01"",""02"",""03"",""04"",""05"",""06"",""07"",""08"",""09""]},{""name"":""Tamaño"",""variations"":[""M"",""L"",""XL"",""S""]}]",https://shopee.cl,,100641,false,,"[{""name"":""model"",""value"":""01,M""}]",0,https://shopee.cl/Otros-cat.11070455.11070632.11071412,"[{""claimable"":false,""currency"":""CLP"",""discount"":299,""discount_cap"":0,""discount_percentage"":0,""min_spend"":299900000,""shop_vouncher"":""1123chenwenjingmu.cl"",""special_condition"":null,""text_info"":""112311233"",""validity_end"":""2024-10-10T13:00:00.000Z"",""validity_start"":""2024-07-10T12:05:00.000Z""},{""claimable"":false,""currency"":""CLP"",""discount"":199,""discount_cap"":0,""discount_percentage"":0,""min_spend"":49900000,""shop_vouncher"":""1123chenwenjingmu.cl"",""special_condition"":null,""text_info"":""112311232"",""validity_end"":""2024-10-10T13:00:00.000Z"",""validity_start"":""2024-07-10T12:04:00.000Z""},{""claimable"":false,""currency"":""CLP"",""discount"":139,""discount_cap"":0,""discount_percentage"":0,""min_spend"":0,""shop_vouncher"":""1123chenwenjingmu.cl"",""special_condition"":null,""text_info"":""112311231"",""validity_end"":""2024-10-10T13:00:00.000Z"",""validity_start"":""2024-07-10T12:04:00.000Z""}]",,,null
https://shopee.cl/Multicolor-100%-Lyocell-Tencel-Juego-De-Cama-60s-Austriaco-Lenzing-Tencel-S%C3%A1bana-Colcha-Doble-/-Extra-Grande-Juego-De-Cama-De-Cuatro-Piezas-Juego-De-Cama-Tencel-Fresco-Hielo-Sedoso-Desnudo-Para-Dormir-i.968546921.20282564492?model_id=176025024907,20282564492,Multicolor 100% Lyocell Tencel Juego De Cama 60s Austriaco Lenzing Tencel Sábana Colcha Doble / Extra Grande Juego De Cama De Cuatro Piezas Juego De Cama Tencel Fresco Hielo Sedoso Desnudo Para Dormir,0,5,0,232000,116000,CLP,,0,"[""https://down-cl.img.susercontent.com/file/sg-11134201-7qvep-lk0e6v4vsthy92_tn"",""https://down-cl.img.susercontent.com/file/sg-11134201-7qvfw-lk0e6vlt41uz64_tn"",""https://down-cl.img.susercontent.com/file/sg-11134201-7qvfc-lk0e6t5kus3ba1_tn"",""https://down-cl.img.susercontent.com/file/sg-11134201-7qvdy-lk0e6w9o6j07a9_tn"",""https://down-cl.img.susercontent.com/file/sg-11134201-7qvfn-lk0e6witrpv871_tn"",""https://down-cl.img.susercontent.com/file/sg-11134201-7qvdr-lk0e6wr5fjckcf_tn"",""https://down-cl.img.susercontent.com/file/sg-11134201-7qvfd-lk0e6x2syhai6a_tn"",""https://down-cl.img.susercontent.com/file/sg-11134201-7qvdx-lk0e6xgeeldj9f_tn"",""https://down-cl.img.susercontent.com/file/sg-11134201-7qvd8-lk0e6xrhzrl7cf_tn""]",null,sop███932███cl,https://shopee.cl/Multicolor-100%-Lyocell-Tencel-Juego-De-Cama-60s-Austriaco-Lenzing-Tencel-S%C3%A1bana-Colcha-Doble-/sophia932ez.cl,"[""Hogar y Vida"",""Ropa de Cama"",""Sábanas, Fundas de Almohada y Bolsters""]","[{""name"":""Existencias"",""value"":""47947""},{""name"":""Material"",""value"":""Tencel""},{""name"":""Conjunto de Paquete"",""value"":""Sí""}]","★Detalles del producto
[Material] Tencel (fibra de celda)
[Densidad] 60
[Detalles] Funda de almohada de sobre, funda de edredón con cremallera
▫️Usando impresión activa de protección ambiental y teñido, no tóxico y sin formaldehído, mejor solidez del Color, tacto más suave
▫️Usando Original de fibra de liocel Natural ecológica, tacto supersuave y suave, ¡muy adecuado para el uso de verano!


▫️▫️▫️Juego de sábanas VS.SBolsa de cama▫️▫️▫️
[Sábana] No hay banda elástica en las cuatro esquinas de la sábana y la sábana se puede dejar naturalmente después de colocarla para bloquear el marco de la cama o cosas más debajo de las colchonetas
[Bolsa De cama] Las cuatro esquinas de la bolsa de cama tienen correas elásticas para cubrir el colchón

▫️Juego de cuatro bolsas de cama estándar doble de 1,5 m
Bolsa de Cama 150*200cm (Altura 20CM)
Funda Nórdica 200*230cm
Funda de almohada 48*74cm (2 piezas)

▫️Juego de cuatro bolsas de cama doble Queen de 1,8 m
Bolsa de Cama 180*200cm (Altura 20CM)
Funda Nórdica 200*230cm
Funda de almohada 48*74cm (2 piezas)

▫️Juego De Cuatro Sábanas Dobles
Sábana 240*250cm
Funda Nórdica 200*230cm
Funda de almohada 48*74cm (2 piezas)

▫️Juego de Cuatro Sábanas 2.0 Double Plus
Sábana 245*255cm
Funda de edredón 220*240cm
Funda de almohada 48*74cm (2 piezas)


▫️La funda del edredón es una funda de edredón fina de cuatro estaciones General sin colocación de algodón. Debe ser acolchado en él. En general, la funda del edredón es mejor para el almacenamiento y el secado rápido. En comparación con el edredón de dos usos, no es fácil provocar ácaros antipolvo.


▫️▫️Método de limpieza y mantenimiento▫️▫️
Lavable, limpia en seco, no usar lejía ni secar, se recomienda ponerlo en una bolsa de lavandería grande y usar un modo de lavado suave al limpiar.


▫️▫️Precauciones▫️▫️
▫️El grupo de bolsas de cama es de tamaño grande, se pueden colocar un máximo de dos juegos de bolsos de cama en un pedido, por favor hazte por separado para más de dos juegos
▫️Debido a las diferentes pantallas y luz, el Color del producto real será ligeramente diferente, principalmente el producto real.
▫️Habrá una diferencia Normal más o menos 3 cm entre el tamaño marcado y la medición real.
▫️El paño de la bolsa de la cama será ligeramente diferente debido al Color y la posición de corte de cada lote de la tela.
[Oferta Especial en esta tienda]
Estimado. La nueva apertura de la tienda de esta tienda proporciona las siguientes actividades de bienestar:
-Siga Para obtener 50-20 cupones, y puede mantener la abre de las nuevas actualizaciones continuas de la tienda

📣Sobre el envío👇:
🚛Si el pedido urgente no puede corregir, no realice un pedido, puede retrasar su tiempo.


📣Instrucciones👇:
🌿Para cualquier pregunta del producto, ¡utilice el Chat para contactarnos!
🌿Hay cierta diferencia de Color debido A la diferencia entre diferentes computadoras y pantallas de teléfonos móviles, considere cuidadosamente si le importa.


📣Recordatorio👇:
 🔒Las dimensiones del producto se miden a mano, ¡hay inevitablemente habrá errores!¡Por Favor entiende!
 🔒Todos los productos admiten venta al por mayor, el precio al por mayor es inferior, bienvenido a usar el Chat para contactarnos.
 🙏Si tiene buenas sugerencias o deficiencias en esta tienda, puede comunicarse directamente con nuestro servicio de atención al cliente de la tienda, aceptaremos sinceramente sugerencias o corregiremos errores.",0,439,57,,Tue Mar 14 2023 07:04:31 GMT+0000 (Coordinated Universal Time),1,"[{""name"":""Color"",""variations"":[""El mago de hada verde"",""Bosque de la vitalidad"",""Vitalidad Melocotón Blanco"",""Azul glaciar"",""Polvo de niebla de hielo"",""Gris ártico"",""Blanco antiguo"",""Sub polvo"",""Latte"",""Marrón moca"",""Gris brillante"",""Gris estrella""]},{""name"":""Tamaño"",""variations"":[""Juego de tres piezas de bolsa "",""Paquete de cama estándar doble"",""Pack Cama Doble Reina 1,8m Con"",""Juego De Sábanas Doble De Cuat""]}]",https://shopee.cl,,100636,false,,"[{""name"":""model"",""value"":""Vitalidad Melocotón Blanco,Paquete de cama estándar doble""}]",0,"https://shopee.cl/S%C3%A1banas,-Fundas-de-Almohada-y-Bolsters-cat.11070442.11070644.11071487",null,,,null
https://shopee.cl/COLOURPOP-B.empire-Colorpop-L%C3%A1piz-Para-Cejas-i.1225019500.25974430851?model_id=148588157674,25974430851,COLOURPOP B.empire Colorpop-Lápiz Para Cejas,0,0,0,18000,18000,CLP,,0,"[""https://down-cl.img.susercontent.com/file/sg-11134201-22100-pbrdrhkxn8hv28_tn"",""https://down-cl.img.susercontent.com/file/789330faae153d1c585a60d4a9e860cc_tn""]",null,bea███emp███idy██████,https://shopee.cl/beautyempireidyu.cl,"[""Belleza"",""Maquillaje"",""Ojos"",""Cejas""]","[{""name"":""Existencias"",""value"":""15""},{""name"":""Vida Útil"",""value"":""24 Meses""}]","100% ORIGINAL

* Recargar siempre hacemos clic en ""ANSURANCE"" para la seguridad de su paquete
* Los productos que han sido comprados no pueden ser devueltos / reembolso por cualquier motivo
* Aceptamos quejas educamente
* Garantizamos el 100% de los artículos que enviamos NO hay defectos (excepto por la compra de productos defectuosos)

Puede RECUESTO DE DETRO DE PRODUCTO DE SONIDO

Notas
- La tienda se abre todos los días
- Los artículos se entregan cada lunes - sábado (fuera de la fecha roja y el día laborable)
- No acepte quejas SIN VIDEO DE LUZ ESTÁNDAR Y PRODUCTO
El precio de los artículos incluye una tarifa de envío que debe ser transmitida por el comprador.
El precio del artículo incluye una tarifa de envío que debe ser transmitida por el comprador.",0,127,57,,Wed Apr 03 2024 10:20:18 GMT+0000 (Coordinated Universal Time),1,"[{""name"":""Sombra"",""variations"":[""Marrón oscuro"",""Negro suave""]}]",https://shopee.cl,,100630,false,,"[{""name"":""model"",""value"":""Negro suave""}]",0,https://shopee.cl/Ojos-cat.11070433.11070469.11070767,null,,,null
https://shopee.cl/[Toptoys]-Ancho-25cm-/-Largo-25-30cm-/-Alto-10-45cm-Caja-De-Exhibici%C3%B3n-De-Bloques-De-Construcci%C3%B3n-De-Acr%C3%ADlico-Transparente-Figura-De-Almacenamiento-De-Coches-Gundam-Modelo-Especial-Cubierta-Antipolvo-i.787253783.24100105863?model_id=118232664438,24100105863,[Toptoys] Ancho 25cm / Largo 25-30cm / Alto 10-45cm Caja De Exhibición De Bloques De Construcción De Acrílico Transparente Figura De Almacenamiento De Coches Gundam Modelo Especial Cubierta Antipolvo,0,5,0,100800,56700,CLP,,0,"[""https://down-cl.img.susercontent.com/file/sg-11134201-7qvfn-lj9ywrmofmrb1d_tn"",""https://down-cl.img.susercontent.com/file/sg-11134201-7qvg9-lj32gorp6b5sea_tn"",""https://down-cl.img.susercontent.com/file/sg-11134201-7qvdb-lj32gp0av4b36b_tn"",""https://down-cl.img.susercontent.com/file/sg-11134201-7qvex-lj32gpc8c9hcff_tn"",""https://down-cl.img.susercontent.com/file/sg-11134201-7qvg7-lj32gpldyv2997_tn"",""https://down-cl.img.susercontent.com/file/sg-11134201-7qvdx-lj32gpztdqq747_tn"",""https://down-cl.img.susercontent.com/file/sg-11134201-7qvcu-lj32gq9izj4fa0_tn"",""https://down-cl.img.susercontent.com/file/sg-11134201-7qvfl-lj32gqfwq6tidf_tn""]",null,Top███s,https://shopee.cl/[Toptoys]-Ancho-25cm-/-Largo-25-30cm-/toptoys.cl,"[""Hogar y Vida"",""Organizadores del Hogar"",""Organizadores de Escritorio""]","[{""name"":""Existencias"",""value"":""19190""}]","✨Tenga en cuenta que este producto no se ha ensamblado para uso de prueba, y no se aceptarán devoluciones una vez que se elimine la película protectora.
✨El tamaño de la opción del pedido está marcado como = largo x ancho x alto cm (alto x largo x ancho).
✨Notas
✨1. Debido a que el producto está hecho de una placa de plástico, inevitablemente habrá algunos pequeños chips en el proceso de producción y los amigos que pueden aceptarlos que están haciendo pedidos.
✨2. Este producto no es un producto de prueba, evalúe el tamaño del contenido antes de realizar un pedido. (El Tamaño de la tienda es el tamaño interno, pero el error de cada modelo es de aproximadamente más o menos 0,5 CM)
✨3. Si el comprador quiere devolver o cambiar la caja de presentación, la caja de presentación debe mantenerse en un estado nuevo. Si la película protectora se arranca, el producto no se puede devolver ni cambiar.
✨4. El contenido es de 4 piezas de tableros de plástico y la cubierta superior, el tablero inferior y los pasos de montaje. Los agujeros de las tablas de plástico son todos agujeros pequeños. Tenga cuidado al instalarlo y los pasos se pueden completar.
✨5. La caja de presentación debe ser ensamblada por usted mismo. El grosor es de aproximadamente 2-3 mm. Cada tablero está protegido por una capa de película.
✨6. Si el tablero no es fácil de arreglar durante el proceso de montaje, use la banda de goma incluida para fijarlo.
✨7. La caja de presentación tiene muchos tamaños. Si desea encontrar otros tamaños y estilos, puede hacer clic en la tienda para elegir o ""chat"" para preguntar al personal de servicio al cliente para responder sus preguntas lo antes posible.
🟩Nombre del producto🟩
( 10CM) 
——————————————————————————
🟩Especificaciones del producto🟩
🔺Marca:toptoys
🔺Material: Plástico ecológico ABS
🔺Lista de embalaje: bloques de ladrillos + Manual
🔺La edad recomendada: 8+
🔥Características del producto
Buena calidad, sin olores extraños, precio de amor.
-——————————————————————————————
🔺Todos los pedidos se envían rápidamente en dos días. El tiempo medio de entrega:
A Taiwán es (4-8) días. 🚀
( : 7-11, , )
A Singapur es de 5-8) días. 🚀
A Malasia es de (5-10) días. 🚀
A Indonesia es (5-15) días. 🚀
A Filipinas es de 5 a 15) días. 🚀
A Tailandia es (5-15) días. 🚀
A Vietnam es (11-22) días. 🚀
A Brasil es (40-70) días. 🚀
(❤️Tenga en cuenta: las aduanas brasileñas pueden realizar inspecciones aleatorias y recopilar impuestos, y la tasa de impuestos está sujeta a la aduana local)
A México es de (9-30) días. 🚀
A Colombia es de 13-30) días. 🚀
A Chile es (12-30) días. 🚀
——————————————————————————————
🟩Política DE DEVOLUCIONES🟩
🔺Si tiene algún problema con los productos, comuníquese con nosotros después de recibir los productos dentro de los 3 días.
🔺Si la mercancía se devuelve por motivos personales, el flete de devolución debe ser pagado por el comprador.
🔺Los productos devueltos deben estar en un estado nuevo (sin rayones) y con el embalaje completo (incluidos los productos principales, los accesorios, las bolsas/cajas de embalaje interior y exterior, los regalos y los documentos adjuntos de los productos).
🔺Si la condición original (incluyendo ensamblado, usado, dañado, deformado, húmedo, contaminado, etc.) o la escasez de piezas de repuesto y embalaje exterior, no se aceptará la devolución de los bienes.",4.75,399,57,,Sat Jun 04 2022 18:16:18 GMT+0000 (Coordinated Universal Time),74,"[{""name"":""Alto (cm)"",""variations"":[""Altura (10cm)"",""Altura (15cm)"",""Altura (20cm)"",""Altura (25cm)"",""Altura (30cm)"",""Altura (35cm)"",""Altura (40cm)"",""Altura (45cm)""]},{""name"":""Largo * Ancho (cm)"",""variations"":[""Largo 25x Ancho 25cm"",""Largo 30 * Ancho 25cm""]}]",https://shopee.cl,,100636,false,,"[{""name"":""model"",""value"":""Altura (20cm),Largo 30 * Ancho 25cm""}]",0,"https://shopee.cl/Cajas,-Bolsas-y-Cestas-de-Almacenamiento-cat.11070442.11070648.11071569",null,,,null
https://shopee.co.id/[ADLV]-Acmedelavie-T-Shirt-Black-Donut-1-i.64277434.12932987285?model_id=113270813985,12932987285,[ADLV] Acmedelavie T-Shirt Black Donut 1,0,4.9,0,1100000,825000,IDR,,0,"[""https://down-id.img.susercontent.com/file/id-11134207-7r98y-llj34yjqsljm95_tn"",""https://down-id.img.susercontent.com/file/id-11134207-7r991-llj34yjqu0426a_tn"",""https://down-id.img.susercontent.com/file/id-11134207-7r98p-llj34yjqr6z6c2_tn""]",null,sal███gsa███ng,https://shopee.co.id/sallangsallang,"[""Pakaian Pria"",""Atasan"",""Kaos""]","[{""name"":""Stok"",""value"":""19""},{""name"":""Merek"",""value"":""acme de la vie""},{""name"":""Panjang Lengan"",""value"":""Lengan Pendek""},{""name"":""Garis Leher"",""value"":""Kerah Bulat""},{""name"":""Bahan"",""value"":""Katun""},{""name"":""Motif"",""value"":""Lainnya""},{""name"":""Dikirim Dari"",""value"":""KAB. TANGERANG""}]","ORIGINAL WITH AUTHENTIC TAG

SIZE MEASUREMENTS

Size 1 [Shoulder Width 56 / Chest 59 / Sleeve Length 24 / Total Length 74]
Size 2 [Shoulder Width 58 / Chest 61 / Sleeve Length 24 / Total Length 76]

Size chart seperti tertera di deskripsi 
chest = lebar dada, 
lingkar dada = 2x chest.

tidak bisa tukar/kembalikan jika sudah sesuai dengan pesanan",4.94,5516,75,2.61 hours,Sun Apr 08 2018 14:04:29 GMT+0000 (Coordinated Universal Time),27360,"[{""name"":""Size"",""variations"":[""1"",""2""]}]",https://shopee.co.id,acme de la vie,100011,false,,"[{""name"":""model"",""value"":""1""}]",0,https://shopee.co.id/Kaos-cat.11042849.11042877.11042880,null,,,null
https://shopee.cl/KYT-%E2%80%96-BASE-De-Engranaje-NFJ-Tornillo-NF-J-Casco-Pieza-De-Repuesto-VISOR-Tapa-Lateral-Accesorios-petronas-vinales-xavi-i.1002502181.20280062365?model_id=196763953122,20280062365,KYT ‖ BASE De Engranaje NFJ Tornillo NF-J Casco Pieza De Repuesto VISOR Tapa Lateral Accesorios petronas vinales xavi,0,4.9,0,26000,26000,CLP,,0,"[""https://down-cl.img.susercontent.com/file/14adbe2969b1ca69b0247a462ae3dda0_tn""]",null,hel███ttz███.cl███,https://shopee.cl/helmetttzzlf.cl,"[""Motocicletas"",""Cascos y Accesorios de Moto""]","[{""name"":""Existencias"",""value"":""134""},{""name"":""Marcas"",""value"":""KYT""}]",¡¡Artículo Caliente!! ¡¡Artículo Caliente!!,0,32,57,,Wed May 17 2023 08:58:44 GMT+0000 (Coordinated Universal Time),0,"[{""name"":""Variación"",""variations"":[""Tornillo Elingki (4 piezas)"",""Solo base de engranajes nfj"",""Base de engranajes + elingki"",""Base de cambios + normal""]}]",https://shopee.cl,KYT,100641,false,,"[{""name"":""model"",""value"":""Base de engranajes + elingki""}]",0,https://shopee.cl/Cascos-de-Moto-cat.11070455.11070632.11071405,null,,,null
https://shopee.co.th/%E0%B8%96%E0%B8%B1%E0%B9%88%E0%B8%A7%E0%B8%95%E0%B8%B1%E0%B8%94-Good-Taste-Peanut-Brittle-(%E1%80%9B%E1%80%9E%E1%80%AC-%E1%80%80%E1%80%B1%E1%80%AC%E1%80%84%E1%80%BA%E1%80%B8-%E1%80%99%E1%80%BC%E1%80%B1-%E1%80%95%E1%80%B2-%E1%80%9A%E1%80%AD%E1%80%AF)-%E0%B8%96%E0%B8%B1%E0%B9%88%E0%B8%A7%E0%B8%95%E0%B8%B1%E0%B8%94%E0%B8%9E%E0%B8%A1%E0%B9%88%E0%B8%B2-%E0%B8%82%E0%B8%99%E0%B8%A1%E0%B8%9E%E0%B8%A1%E0%B9%88%E0%B8%B2-%E0%B8%AD%E0%B8%A3%E0%B9%88%E0%B8%AD%E0%B8%A2-%E0%B8%81%E0%B8%A5%E0%B8%A1%E0%B8%81%E0%B8%A5%E0%B9%88%E0%B8%AD%E0%B8%A1-%E0%B9%84%E0%B8%A1%E0%B9%88%E0%B9%80%E0%B8%AB%E0%B8%99%E0%B8%B5%E0%B8%A2%E0%B8%A7-i.1330229187.28059791602?model_id=256503002813,28059791602,ถั่วตัด Good Taste Peanut Brittle (ရသာ ကောင်း မြေ ပဲ ယို) ถั่วตัดพม่า ขนมพม่า อร่อย กลมกล่อม ไม่เหนียว,0,0,0,59,40,THB,,0,"[""https://down-th.img.susercontent.com/file/th-11134207-7r98v-lzltxnvr0o7587_tn""]",null,Dai███Sho███,https://shopee.co.th/daizy789,"[""อาหารและเครื่องดื่ม"",""ขนมขบเคี้ยว"",""ถั่ว""]","[{""name"":""คลัง"",""value"":""3999""},{""name"":""สินค้า"",""value"":""Good Taste(กู๊ด เทสต์)""},{""name"":""อายุการเก็บรักษา"",""value"":""12 เดือน""},{""name"":""ประเภทการห่อ"",""value"":""หลายห่อในแพ็ค""},{""name"":""สารก่อภูมิแพ้"",""value"":""ไม่""},{""name"":""ประเภทอาหาร"",""value"":""อื่นๆ, แบบดั้งเดิม, ขนม, ถั่วตัด, หวานน้อย""},{""name"":""Storage Condition"",""value"":""Normal""},{""name"":""อาหารพิเศษ"",""value"":""ฮาลาล""},{""name"":""รสชาติ"",""value"":""คาราเมล, ถั่วลิสง""},{""name"":""ประเภทของถั่ว"",""value"":""ถั่วลิสง""},{""name"":""ประเทศต้นกำเนิดสินค้า"",""value"":""พม่า""},{""name"":""ส่วนประกอบ"",""value"":""Peanut,Sugar,Glucose Syrup""},{""name"":""ประเภทบรรจุภัณฑ์"",""value"":""ห่อบรรจุ""},{""name"":""Quantity per Pack"",""value"":""30""},{""name"":""ส่งจาก"",""value"":""จังหวัดตาก""}]","ถั่วตัด Good Taste Peanut Brittle (ရသာ ကောင်း မြေ ပဲ ယို) ถั่วตัดพม่า ขนมพม่า อร่อย กลมกล่อม ไม่เหนียว
ถั่วตัดพม่า Good Taste Peanut Brittle
= แบรนด์ Good Taste ชื่อดังในพม่า 
= นำเข้าจากพม่า ปลอดภัย ของแท้แน่นอน 
= ชิ้นพอดีคำ รสชาติหวานกำลังดี ไม่เหนียวติดฟัน
= 1 ซอง บรรจุ 30 ชิ้น 

หากต้องการสั่งเยอะหรือสั่งเป็นลัง มีราคาส่ง ทักแชทมาสอบถามรายละเอียดได้นะคะ 
#ถั่วตัด #ถั่วตัดพม่า #ขนมขบเคี้ยว #snack #Peanut ",0,8,57,,Sat Aug 10 2024 17:57:34 GMT+0000 (Coordinated Universal Time),2,"[{""name"":""Peanut Brittle"",""variations"":[""1 แพ็ค"",""3 แพ็ค""]}]",https://shopee.co.th,Good Taste(กู๊ด เทสต์),100629,false,,"[{""name"":""model"",""value"":""1 แพ็ค""}]",0,https://shopee.co.th/%E0%B8%96%E0%B8%B1%E0%B9%88%E0%B8%A7-cat.11044943.11045055.11045394,null,,,null
https://shopee.co.id/Herbal-Essences-Sampo-Clean-White-Strawberry-&-Sweet-Mint-Perawatan-Rambut-400ml-/-Herbal-Essences-Shampoo-i.11487927.2753563873,2753563873,Herbal Essences Sampo Clean White Strawberry & Sweet Mint Perawatan Rambut 400ml / Herbal Essences Shampoo,0,4.9,0,124000,104500,IDR,,0,"[""https://down-id.img.susercontent.com/file/b65c551ce73000754ee8f5f0b2fa3ee0_tn"",""https://down-id.img.susercontent.com/file/c91656b8bc22cf520a831a43fb5b4cd1_tn"",""https://down-id.img.susercontent.com/file/75f4fd4bf02e48fbf7ae9bc6ddb2b81b_tn"",""https://down-id.img.susercontent.com/file/eed3077bf93e219c6aeea6ca14c37874_tn"",""https://down-id.img.susercontent.com/file/aad4b875f2c13d692beb3f5275ffe059_tn"",""https://down-id.img.susercontent.com/file/2e4b8e7f29528b938bdfff98cc4af29b_tn""]",null,P&G███fic███ St██████,https://shopee.co.id/Herbal-Essences-Sampo-Clean-White-Strawberry-&-Sweet-Mint-Perawatan-Rambut-400ml-/pgofficialstore,"[""Perawatan & Kecantikan"",""Perawatan Rambut"",""Shampo""]","[{""name"":""Stok"",""value"":""819""},{""name"":""Merek"",""value"":""Herbal Essences""},{""name"":""Masa Penyimpanan"",""value"":""1 Bulan""},{""name"":""Tanggal Kedaluwarsa"",""value"":""25-01-2026""},{""name"":""No. Izin Edar (BPOM, PIRT)"",""value"":""NA49201000115""},{""name"":""Dikirim Dari"",""value"":""KOTA DENPASAR""}]","Herbal Essences Bio:Renew Clean White Strawberry & Sweet Mint Shampoo 400 ml

Dengan ANTIOXIDAN ESENSIAL
Membantu membersihkan dan melindungi rambut, untuk rambut yang penuh hidup.
Hasilnya? Rambut halus dan penuh hidup.

Persediaan FREE Gift terbatas, jangan lupa klik gratis hadiahnya!
TANGGAL YANG TERTERA DI KEMASAN ADALAH TANGGAL PRODUKSI, BUKAN TANGGAL EXPIRED
",4.91,1986,100,1.17 hours,Tue Oct 25 2016 11:36:52 GMT+0000 (Coordinated Universal Time),1069232,"[{""variations"":[null]}]",https://shopee.co.id,Herbal Essences,100630,false,,"[{""name"":""model"",""value"":null}]",0,https://shopee.co.id/Shampo-cat.11043145.11043178.11043179,"[{""claimable"":false,""currency"":""IDR"",""discount"":8000,""discount_cap"":0,""discount_percentage"":0,""min_spend"":12000000000,""shop_vouncher"":""P&G Official Store"",""special_condition"":null,""text_info"":""PGSEPT91"",""validity_end"":""2024-09-08T16:59:00.000Z"",""validity_start"":""2024-09-03T17:00:00.000Z""},{""claimable"":false,""currency"":""IDR"",""discount"":25000,""discount_cap"":0,""discount_percentage"":0,""min_spend"":30000000000,""shop_vouncher"":""P&G Official Store"",""special_condition"":null,""text_info"":""PGSEPT92"",""validity_end"":""2024-09-08T16:59:00.000Z"",""validity_start"":""2024-09-03T17:00:00.000Z""}]",,,null
https://shopee.com.br/C%C3%A2mera-Seguran%C3%A7a-Baba-Eletr%C3%B4nica-Antenas-Wifi-Wireless-Rob%C3%B4-Vis%C3%A3o-Noturna-full-HD-ONVIF-i.717396632.22796028396,22796028396,Câmera Segurança Baba Eletrônica Antenas Wifi Wireless Robô Visão Noturna full HD ONVIF,0,5,0,2.099700000000000e+02,7.797000000000000e+01,BRL,,0,"[""https://down-br.img.susercontent.com/file/br-11134207-7qukw-li20aq1gwk7i01_tn"",""https://down-br.img.susercontent.com/file/br-11134207-7qukw-li20aq1gpj7b37_tn"",""https://down-br.img.susercontent.com/file/br-11134207-7qukw-li20aq1gqxrrbd_tn"",""https://down-br.img.susercontent.com/file/br-11134207-7qukw-li20aq1gjwxjf8_tn"",""https://down-br.img.susercontent.com/file/br-11134207-7qukw-li20aq1gmq2fcf_tn"",""https://down-br.img.susercontent.com/file/br-11134207-7qukw-li20aq1glbhz3b_tn"",""https://down-br.img.susercontent.com/file/br-11134207-7qukw-li20aq1go4mvf8_tn"",""https://down-br.img.susercontent.com/file/br-11134207-7qukw-li20aq1gscc777_tn""]",null,Ank███Com███io,https://shopee.com.br/ankcocomercio,"[""Câmeras e Drones"",""Câmeras e Sistemas de Segurança"",""Câmeras de Segurança CCTV""]","[{""name"":""Estoque"",""value"":""9990""},{""name"":""Tipo de Garantia"",""value"":""Garantia do Fabricante""},{""name"":""Resolução de Captura de Vídeo"",""value"":""1080p""},{""name"":""Recursos da Câmera de Segurança"",""value"":""Suporte de Aplicativo, Áudio, Visão Noturna Infravermelha, Desempenho com Pouca Luz, Detector de Movimento""},{""name"":""Número de Câmeras Inclusas"",""value"":""1""},{""name"":""Tipo de Cartão de Memória"",""value"":""Micro SD""},{""name"":""Item Type"",""value"":""CCTV Camera""},{""name"":""Duração da Garantia"",""value"":""3 Meses""},{""name"":""Fabricante"",""value"":""Zhejiang Qiaotai Electronic Technology C""},{""name"":""Nr de Homologação"",""value"":""157612214273""},{""name"":""Nome do Modelo"",""value"":""RTL8188FTV""},{""name"":""Quantidade"",""value"":""01""},{""name"":""Envio de"",""value"":""São Paulo""}]","Câmera de monitoramento IP

Tranquilidade é o estado de espírito que todos buscam. Para te ajudar a alcançar este objetivo, a OHEY traz a Câmera de monitoramento IP DL-3301. Através dela você poderá observar 24 horas por dia, o seu patrimônio mais precioso. Utilize na sua residência, comércio ou escritório, monitore as atividades de qualquer local, observe seus pets e certifique-se que está tudo bem.
O controle está em suas mãos!
Através do app Yoosee* você tem total controle na câmera, gire até 355º horizontalmente e 120º verticalmente observando de perto tudo o que acontece, até mesmo o escuro com seus 11 LED infravermelhos. Registre o momento, grave, tire fotos, escute e comunique com o local da câmera. O sensor de movimento registra e avisa diretamente na tela do Smartphone sobre qualquer movimentação captada pela câmera.

Instalação da câmera

Escolha uma superfície plana para fazer a instalação. Faça os furos conforme a disposição dos furos da base da câmera. Instale a câmera e ligue em uma fonte de alimentação adequada. Aguarde a câmera ir para a posição inicial.

Versão Smartphone

Baixe o aplicativo Yoosee no seu Smartphone na App Store ou Google Store ou diretamente no site.


Especificações técnicas:
Tipo: Câmera IP
Resolução máxima: 1080p (Full HD)
Lente: 3,6mm @F2,4
Sensor: 1/3"" CMOS
Pixels: 2mb
LED: 11 led infravermelhos
Modo noturno: Automático via fotossensor
Áudio: Bidirecional, codec G.711ª
Ação do alarme: Alarme telefone
Vídeo codec: H.264, fluxo 0,1 ~10 Mbps varável, taxa de quadros 1-30fps varável
Iluminação mínima: 0,1 lux
Conexão: WiFi IEEE 802.11b/g/n frequência: 2,4-2,4835 GHz e cabo RJ45
Segurança: WEP de 64/128 bits, WPA/WPA2, WPA-PSK/WPA2
Taxa de transmissão sem fio: 802.11b: 11Mbps, 802.11g:54Mbps, 802.11n: 150Mbps
Módulo WiFi: RTL8188FTV
Cartão SD: Até 128gb FAT32
Rotação: 120° Vertical / 355° Horizontal
Fonte de alimentação: DC 5V 1ª
Suporte ONVIF
Conexão com a internet obrigatória para o funcionamento da câmera.
Aplicativo Yoosee
Controle: Vertical e horizontal
Captura: Sim
Monitoramento Remoto: Sim
Alerta: Push
Rastreamento de objeto: Sim
Microfone: Sim
Som: Sim",4.8,397,88,4.27 hours,Mon Mar 14 2022 18:45:52 GMT+0000 (Coordinated Universal Time),86243,"[{""variations"":[null]}]",https://shopee.com.br,,100635,false,,"[{""name"":""model"",""value"":null}]",0,https://shopee.com.br/C%C3%A2meras-de-Seguran%C3%A7a-CCTV-cat.11059976.11060046.11060515,null,,,null
https://shopee.cl/KATUN-Chaqueta-Con-Capucha-Anti-Social-Club-Sudadera-Negro-Casual-Unisex-Material-De-Algod%C3%B3n-i.1002303872.23557418619?model_id=79356776508,23557418619,KATUN Chaqueta Con Capucha Anti Social Club Sudadera Negro Casual Unisex Material De Algodón,0,0,0,25000,25000,CLP,,0,"[""https://down-cl.img.susercontent.com/file/id-11134207-7qul8-ljzrqrdmgdgb58_tn"",""https://down-cl.img.susercontent.com/file/id-11134207-7qul6-ljzrqrdm3qcq86_tn"",""https://down-cl.img.susercontent.com/file/id-11134207-7qul0-ljzrqrdm6jhme0_tn"",""https://down-cl.img.susercontent.com/file/id-11134207-7qul8-ljzrqrdm54x681_tn"",""https://down-cl.img.susercontent.com/file/id-11134207-7quky-ljzrqrdm7y22fe_tn"",""https://down-cl.img.susercontent.com/file/id-11134207-7qukx-ljzrqrdm9cmiad_tn""]",null,baj███dis███jz.███,https://shopee.cl/bajukudistrojz.cl,"[""Ropa de Hombre"",""Polerones"",""Polerones con gorro""]","[{""name"":""Existencias"",""value"":""200""},{""name"":""Tamaño para Personas Altas"",""value"":""No""},{""name"":""Talla Extra"",""value"":""No""},{""name"":""Patrón"",""value"":""PRINT""},{""name"":""Estación"",""value"":""MUSIM PANAS""},{""name"":""Longitud de la Manga"",""value"":""LENGAN PANJANG""},{""name"":""Estilo"",""value"":""BASIC""},{""name"":""País de Origen"",""value"":""INDONESIA""},{""name"":""Material"",""value"":""KATUN""}]","Sudadera con capucha de Material de algodón
Algodón polar
Tamaño: SML XL 2XL

S 61 X 48 (Talla de pecho 96)
M 63 X 50 (Talla Cofre 100)
L 65 X 55 (Talla Cofre 110)
Xl 70 X 60 (Talla Cofre 120)
Xxl 73 X 63 (Talla Cofre 125)
Costura TOLERANCE PLUS MINUS 3S/d 5CM

- Limas y suave
- Cómodo de llevar
El precio de los artículos incluye una tarifa de envío que debe ser transmitida por el comprador.
El precio del artículo incluye los gastos de envío que deben correr a cargo del comprador.",4,2,57,,Wed May 17 2023 03:48:22 GMT+0000 (Coordinated Universal Time),0,"[{""name"":""Estilo"",""variations"":[""Cremallera (Cremallera)"",""Jersey (pulóver)""]},{""name"":""Tamaño"",""variations"":[""S"",""M"",""L"",""Xl"",""2xl""]}]",https://shopee.cl,,100011,false,,"[{""name"":""model"",""value"":""Cremallera (Cremallera),L""}]",0,https://shopee.cl/Hoodies-y-Sudaderas-cat.11070443.11070528.11071024,null,,,null
https://shopee.com.co/Sudadera-Con-Capucha-ANTI-SOCIAL-CLUB-Cool-SWEATER-Jacket-i.682702331.18122880512,18122880512,Sudadera Con Capucha ANTI SOCIAL CLUB Cool SWEATER Jacket,0,5,0,100956,100956,COP,,0,"[""https://down-co.img.susercontent.com/file/83ba09e05a27cf8fe9d1a7631af7b254_tn"",""https://down-co.img.susercontent.com/file/7db6c4d1c9a033e736beb1dc1b8a993e_tn"",""https://down-co.img.susercontent.com/file/b91bfa3a192784be766c4dade2defc38_tn"",""https://down-co.img.susercontent.com/file/a69f287027453e70271f67c5817702ff_tn"",""https://down-co.img.susercontent.com/file/e0215407a372f26b03cc3de9412de5e1_tn""]",null,ith███clo███ngq██████,https://shopee.com.co/ithinkclothingqx.co,"[""Ropa de Hombre"",""Hoodies y Sudaderas"",""Hoodies""]","[{""name"":""Existencias"",""value"":""95""},{""name"":""Material"",""value"":""Algodón""},{""name"":""Patrón"",""value"":""Impresión""}]","100% MATERIAL DE ALGODÓN DE FLEECE
> Tiene una fibra de hilo luminosa y ligera.
> Muy cómodo cuando se usa.
> Costuras superadas (una de los tipos de costuras producidas por la máquina de alta velocidad de sobremesa)
> Tiene que probarlo y sentirlo algodón real 100% no poliéster.

Impresión de pantalla poliflex
> Es una impresión de pantalla de buena calidad, más rapier en comparación con la impresión convecional.

Color y tamaño disponibles

Rojo, negro, azul marino, Abu Misty.

Tabla de tallas:

S: Largo 61-62cm - Ancho 48-49cm
Metro: Largo 64-65cm - ancho 52-53cm
L: Largo 69-70cm - ancho 56-57cm
Xl: 73-74 cm de largo - 60-61 cm de ancho
Xxl: 78-80 cm de largo - 63-64 cm de ancho (+ 10,000)

Suéter de compras Happsy:)
El precio de los artículos incluye una tarifa de envío que debe ser transmitida por el comprador.
El precio del artículo incluye una tarifa de envío que debe ser transmitida por el comprador.",3,153,57,,Wed Feb 09 2022 11:32:15 GMT+0000 (Coordinated Universal Time),1,"[{""variations"":[null]}]",https://shopee.com.co,,100011,false,,"[{""name"":""model"",""value"":null}]",0,https://shopee.com.co/Hoodies-y-Sudaderas-cat.11069104.11069189.11069685,null,,,null
https://shopee.com.my/XH-Super-Soft-Bullet-Gun-Playset-Toys-(13cm)-i.38340310.16459623801?model_id=144148422598,16459623801,XH Super Soft Bullet Gun Playset Toys (13cm),0,5,0,11,11,MYR,,0,"[""https://down-my.img.susercontent.com/file/bd2ad95102c2ac1f171d04ea4562a186_tn"",""https://down-my.img.susercontent.com/file/24284d9f24d8c87962c06b7b5df6e08b_tn"",""https://down-my.img.susercontent.com/file/b65fa7d013e1048616d114f26e45cc4d_tn""]",null,MR ███,https://shopee.com.my/mrdiy2u,"[""Mom & Baby"",""Toys"",""Sports & Outdoor Play"",""Blasters & Toy Guns""]","[{""name"":""Stock"",""value"":""17""},{""name"":""Ships From"",""value"":""Selangor""}]","Features:

- Available in 3 colour

- 100% brand new

- Soft bullet gun playset toys

- Environmentally friendly material, non-toxic

- Safe to play

- Suitable for kids 6 years and above

- Easy and convenient to use

- Good quality product

- Value for money



Specifications:

-Brand: XH

-Size: 13cm

-Color: yellow, white, black",4.88,10335,55,3.60 hours,Wed Oct 11 2017 09:37:36 GMT+0000 (Coordinated Universal Time),1126253,"[{""name"":""Color"",""variations"":[""Blue"",""Black""]}]",https://shopee.com.my,,100632,false,,"[{""name"":""model"",""value"":""Blue""}]",0,https://shopee.com.my/Blaster-Toys-cat.11000345.11000442.11000448,"[{""claimable"":false,""currency"":""MYR"",""discount"":3,""discount_cap"":0,""discount_percentage"":0,""min_spend"":3500000,""shop_vouncher"":""MR DIY"",""special_condition"":null,""text_info"":""MRDIHYZHD"",""validity_end"":""2024-09-30T15:59:00.000Z"",""validity_start"":""2024-08-31T16:00:00.000Z""},{""claimable"":false,""currency"":""MYR"",""discount"":10,""discount_cap"":0,""discount_percentage"":0,""min_spend"":5000000,""shop_vouncher"":""MR DIY"",""special_condition"":null,""text_info"":""SVC-957523401003013"",""validity_end"":""2024-09-08T15:59:59.000Z"",""validity_start"":""2024-08-25T16:00:00.000Z""},{""claimable"":false,""currency"":""MYR"",""discount"":6,""discount_cap"":0,""discount_percentage"":0,""min_spend"":6600000,""shop_vouncher"":""MR DIY"",""special_condition"":null,""text_info"":""MRDICPHCO"",""validity_end"":""2024-09-30T15:59:00.000Z"",""validity_start"":""2024-08-31T16:00:00.000Z""},{""claimable"":false,""currency"":""MYR"",""discount"":15,""discount_cap"":0,""discount_percentage"":0,""min_spend"":5000000,""shop_vouncher"":""MR DIY"",""special_condition"":null,""text_info"":""SVC-961998302892141"",""validity_end"":""2024-09-24T15:59:59.000Z"",""validity_start"":""2024-09-08T12:00:00.000Z""},{""claimable"":false,""currency"":""MYR"",""discount"":10,""discount_cap"":0,""discount_percentage"":0,""min_spend"":5000000,""shop_vouncher"":""MR DIY"",""special_condition"":null,""text_info"":""SVC-961979706134617"",""validity_end"":""2024-09-24T15:59:59.000Z"",""validity_start"":""2024-09-09T16:00:00.000Z""}]",,,null
https://shopee.co.th/[%E0%B8%A5%E0%B8%B9%E0%B8%81%E0%B8%84%E0%B9%89%E0%B8%B2%E0%B9%83%E0%B8%AB%E0%B8%A1%E0%B9%88%E0%B8%A3%E0%B8%B2%E0%B8%84%E0%B8%B2-1-%E0%B8%9A%E0%B8%B2%E0%B8%97]%F0%9F%8D%8E%E0%B8%A3%E0%B8%AD%E0%B8%87%E0%B9%80%E0%B8%97%E0%B9%89%E0%B8%B2%E0%B8%99%E0%B8%B1%E0%B8%81%E0%B9%80%E0%B8%A3%E0%B8%B5%E0%B8%A2%E0%B8%99%E0%B9%82%E0%B8%81%E0%B8%A5%E0%B8%8B%E0%B8%B4%E0%B8%95%E0%B8%B5%E0%B9%89-GC%E0%B8%A3%E0%B8%B8%E0%B9%88%E0%B8%99FC001/Matin-T205-%E0%B8%97%E0%B8%99%E0%B8%8A%E0%B8%B2%E0%B8%A2-%E0%B8%AB%E0%B8%8D%E0%B8%B4%E0%B8%87-%E0%B8%99%E0%B9%89%E0%B8%B3%E0%B8%95%E0%B8%B2%E0%B8%A5-%E0%B8%82%E0%B8%B2%E0%B8%A7-%E0%B8%94%E0%B8%B3-%E0%B9%84%E0%B8%8B%E0%B8%A3%E0%B9%8C31-45(%E0%B8%A1%E0%B8%B5%E0%B8%9A%E0%B8%B4%E0%B8%A5%E0%B9%80%E0%B8%9A%E0%B8%B4%E0%B8%81%E0%B8%A3%E0%B8%A3%E0%B9%83%E0%B8%AB%E0%B9%89)-i.311309598.19950623906?model_id=212552036619,19950623906,[ลูกค้าใหม่ราคา 1 บาท]🍎รองเท้านักเรียนโกลซิตี้ GCรุ่นFC001/Matin T205 ทนชาย หญิง น้ำตาล ขาว ดำ ไซร์31-45(มีบิลเบิกรรให้),0,4.6,0,165,165,THB,,0,"[""https://down-th.img.susercontent.com/file/th-11134207-7qukw-leqm9rs7jada41_tn"",""https://down-th.img.susercontent.com/file/th-11134207-7r98q-lolhdxgo3avze5_tn"",""https://down-th.img.susercontent.com/file/th-11134207-7qukw-leqm9xvom43ic2_tn"",""https://down-th.img.susercontent.com/file/th-11134207-7r98p-lolhdxgo4pgfd6_tn"",""https://down-th.img.susercontent.com/file/th-11134207-7qukw-leqma9524w83ae_tn"",""https://down-th.img.susercontent.com/file/th-11134207-7r991-lolhdxgo640vbc_tn"",""https://down-th.img.susercontent.com/file/th-11134207-7qukw-leqmaf759r1f73_tn"",""https://down-th.img.susercontent.com/file/th-11134207-7r992-lolhdxgo7ilbc5_tn"",""https://down-th.img.susercontent.com/file/sg-11134201-22090-5fpvos6gx2hv79_tn""]",null,KS.███ES_███,https://shopee.co.th/[%E0%B8%A5%E0%B8%B9%E0%B8%81%E0%B8%84%E0%B9%89%E0%B8%B2%E0%B9%83%E0%B8%AB%E0%B8%A1%E0%B9%88%E0%B8%A3%E0%B8%B2%E0%B8%84%E0%B8%B2-1-%E0%B8%9A%E0%B8%B2%E0%B8%97]%F0%9F%8D%8E%E0%B8%A3%E0%B8%AD%E0%B8%87%E0%B9%80%E0%B8%97%E0%B9%89%E0%B8%B2%E0%B8%99%E0%B8%B1%E0%B8%81%E0%B9%80%E0%B8%A3%E0%B8%B5%E0%B8%A2%E0%B8%99%E0%B9%82%E0%B8%81%E0%B8%A5%E0%B8%8B%E0%B8%B4%E0%B8%95%E0%B8%B5%E0%B9%89-GC%E0%B8%A3%E0%B8%B8%E0%B9%88%E0%B8%99FC001/ks.shoes_,"[""รองเท้าผู้ชาย"",""รองเท้าผ้าใบ""]","[{""name"":""คลัง"",""value"":""844""},{""name"":""สินค้า"",""value"":""GoldCiti(โกลซิตี้)""},{""name"":""กว้างกำลังดี"",""value"":""ใช่""},{""name"":""ประเภทตัวยึดรองเท้า"",""value"":""แบบเชือกผูก""},{""name"":""ประเทศต้นกำเนิดสินค้า"",""value"":""ไทย""},{""name"":""ความสูงของส้น"",""value"":""ไม่มีส้น""},{""name"":""ส่งจาก"",""value"":""จังหวัดกรุงเทพมหานคร""}]","
☘️รองเท้านักเรียน โกลซิตี้☘️
สวมใส่สบายเท้า
รุ่นยอดนิยม ราคาถูก
รองเท้า Matin (มาติน) Made in Thailand

ยี่ห้อ :Gold City GC FC001/Matin T-205
# ทั้ง​ 2 ยี่ห้อคุณภาพเทียบเคียงกันค่ะ 
#ขออนุญาติแทนในกรณีที่ยี่ห้อใดยี่ห้อนึงหมดครับ
#ทางร้านจะแทนสินค้ารุ่นที่แพงที่สุดให้

⚡️รุ่น GC Fc001
⚡️มีไซร์ 32-45
⚡️มี 3 สี ดำ, นำ้ตาล,ขาว

พื้นทนต่อทุกสภาพผิว
ไม่ผิดระเบียบ
ซักทำความสะอาดง่าย

มีบริการเก็บเงินปลายทาง cod
มีรอบการจัดส่งสินค้าทุกวัน

รองเท้านักเรียน โกลซิตี้ 
-ใส่ไปโรงเรียน
-ใส่ทำงาน
-ใส่เล่นกีฬา
-ใส่เดินป่า",4.71,186,100,1.96 hours,Fri Sep 18 2020 04:32:12 GMT+0000 (Coordinated Universal Time),5321,"[{""name"":""สี"",""variations"":[""GC/T205-ดำ"",""GC/T205-ขาว"",""GC/T205-น้ำตาล""]},{""name"":""ขนาด"",""variations"":[""31"",""32"",""33"",""34"",""35"",""36"",""37"",""38"",""39"",""40"",""41"",""42"",""43"",""44"",""45""]}]",https://shopee.co.th,GoldCiti(โกลซิตี้),100012,false,,"[{""name"":""model"",""value"":""GC/T205-ขาว,37""}]",0,https://shopee.co.th/%E0%B8%A3%E0%B8%AD%E0%B8%87%E0%B9%80%E0%B8%97%E0%B9%89%E0%B8%B2%E0%B8%9C%E0%B9%89%E0%B8%B2%E0%B9%83%E0%B8%9A-cat.100012.100064,null,,,null
https://shopee.ph/INNA-CLEARANCE-SALE-Portable-Travel-Kettle-Folding-Electric-Mini-Silicone-600ml-(Random-Color)-i.252715525.25534974862,25534974862,INNA CLEARANCE SALE Portable Travel Kettle Folding Electric Mini Silicone 600ml (Random Color),0,0,0,405,239,PHP,0,0,"[""https://down-ph.img.susercontent.com/file/sg-11134201-7rdvu-lz5svb2e7pgq60_tn"",""https://down-ph.img.susercontent.com/file/sg-11134201-7rdyt-lz5svbapu3xeb7_tn"",""https://down-ph.img.susercontent.com/file/sg-11134201-7rdw5-lz5svc3uovoidf_tn"",""https://down-ph.img.susercontent.com/file/sg-11134201-7rdxv-lz5svcdab2uk48_tn"",""https://down-ph.img.susercontent.com/file/sg-11134201-7rdx9-lz5svcllxhsqf8_tn"",""https://down-ph.img.susercontent.com/file/sg-11134201-7rdyd-lz5svcs9nqzed9_tn"",""https://down-ph.img.susercontent.com/file/sg-11134201-7rdww-lz5sve2lrxmvac_tn"",""https://down-ph.img.susercontent.com/file/sg-11134201-7rdvi-lz5sveiz3zh6b3_tn"",""https://down-ph.img.susercontent.com/file/sg-11134201-7rdx7-lz5svepwtts6c3_tn""]",null,Inn███ome███,https://shopee.ph/homezania,"[""Home Appliances"",""Kitchen Appliances"",""Kettles""]","[{""name"":""Weight"",""value"":""1kg""},{""name"":""Country of Origin"",""value"":""China""},{""name"":""Material"",""value"":""Stainless steel, Silicone""},{""name"":""Volume Capacity"",""value"":""600.0ml""},{""name"":""Kettle Features"",""value"":""Others""},{""name"":""Warranty Type"",""value"":""Seller Warranty""},{""name"":""Dimension (L x W x H)"",""value"":""16x14x12""},{""name"":""Ships From"",""value"":""Tondo I / Ii, Metro Manila""}]","-Stainless steel and silicone materials are safer and healthier.
-Foldable, light and portable body.
-Intelligent thermostat function.
-With universal conversion plug, suitable for over 100 countries around the world.
Safe use: kettle uses 304 stainless steel lid for food, bottom. No plastic contact with hot boiling water. Without plastic taste problems.

*Note
Please understand the following:
Please allow slight measuring deviation due to manual measurement.
Please consider the actual sizes shown in the listing as the pictures are usually enlarged to show detail.
Due to the light and screen setting difference, the item's color may be slightly different from the picture",4.66,732,80,2.75 hours,Wed Apr 22 2020 07:15:03 GMT+0000 (Coordinated Universal Time),12232,"[{""name"":""Color"",""variations"":[""Random Color""]}]",https://shopee.ph,,100010,false,,"[{""name"":""model"",""value"":""Random Color""}]",0,https://shopee.ph/Kettle-Airpots-cat.11034482.11034491.11034494,"[{""claimable"":false,""currency"":""PHP"",""discount"":5,""discount_cap"":0,""discount_percentage"":0,""min_spend"":19900000,""shop_vouncher"":""Inna Home"",""special_condition"":null,""text_info"":""SVC-948354775801877"",""validity_end"":""2024-09-04T15:59:00.000Z"",""validity_start"":""2024-08-04T16:00:00.000Z""},{""claimable"":false,""currency"":""PHP"",""discount"":5,""discount_cap"":0,""discount_percentage"":0,""min_spend"":19900000,""shop_vouncher"":""Inna Home"",""special_condition"":null,""text_info"":""SVC-963633293844716"",""validity_end"":""2024-09-05T15:59:00.000Z"",""validity_start"":""2024-08-29T16:00:00.000Z""},{""claimable"":false,""currency"":""PHP"",""discount"":10,""discount_cap"":0,""discount_percentage"":0,""min_spend"":29900000,""shop_vouncher"":""Inna Home"",""special_condition"":null,""text_info"":""SVC-948354775932957"",""validity_end"":""2024-09-04T15:59:00.000Z"",""validity_start"":""2024-08-04T16:00:00.000Z""},{""claimable"":false,""currency"":""PHP"",""discount"":10,""discount_cap"":0,""discount_percentage"":0,""min_spend"":29900000,""shop_vouncher"":""Inna Home"",""special_condition"":null,""text_info"":""SVC-963633293451560"",""validity_end"":""2024-09-05T15:59:00.000Z"",""validity_start"":""2024-08-29T16:00:00.000Z""},{""claimable"":false,""currency"":""PHP"",""discount"":20,""discount_cap"":0,""discount_percentage"":0,""min_spend"":49900000,""shop_vouncher"":""Inna Home"",""special_condition"":null,""text_info"":""SVC-963633293451504"",""validity_end"":""2024-09-05T15:59:00.000Z"",""validity_start"":""2024-08-29T16:00:00.000Z""},{""claimable"":false,""currency"":""PHP"",""discount"":50,""discount_cap"":0,""discount_percentage"":0,""min_spend"":149900000,""shop_vouncher"":""Inna Home"",""special_condition"":null,""text_info"":""SVC-963633301839944"",""validity_end"":""2024-09-05T15:59:00.000Z"",""validity_start"":""2024-08-29T16:00:00.000Z""}]",,,null
https://shopee.ph/ULANZI-MT-44-Extendable-Folding-Vlog-Selfie-Stick-Extension-Monopod-Tripod-for-Smartphone-&-Cameras-i.70955332.25360843143?model_id=236017920374,25360843143,ULANZI MT-44 Extendable Folding Vlog Selfie Stick Extension Monopod Tripod for Smartphone & Cameras,0,4.9,0,917,890,PHP,,0,"[""https://down-ph.img.susercontent.com/file/ph-11134207-7r992-lwg4yiz3wf35a4_tn"",""https://down-ph.img.susercontent.com/file/ph-11134207-7r98y-lqxq8x0d83esc2_tn"",""https://down-ph.img.susercontent.com/file/ph-11134207-7r98q-lqxq8x0d6ouc0f_tn"",""https://down-ph.img.susercontent.com/file/ph-11134207-7r992-lqxq8x0d3vpge1_tn"",""https://down-ph.img.susercontent.com/file/ph-11134207-7r98v-lqxq8x0d5a9w67_tn""]",null,Tel███n,https://shopee.ph/telesinofficialstore,"[""Cameras & Drones"",""Camera Accessories"",""Tripods, Monopods, & Accessories""]","[{""name"":""Stock"",""value"":""676""},{""name"":""Brand"",""value"":""Telesin""},{""name"":""Warranty Type"",""value"":""Supplier Warranty""},{""name"":""Warranty Duration"",""value"":""1 Month""},{""name"":""Material"",""value"":""ABS""},{""name"":""Weight Capacity"",""value"":""1kg""},{""name"":""Ships From"",""value"":""Pasig City, Metro Manila""}]","



The MT-44 Extendable Vlog Tripod from Ulanzi can be used as a mini tripod or a selfie stick for compact cameras and smartphones. It adjusts from a collapsed 12.7"" to 43"" in four sections. The bottom handle opens up to function as a tripod base. The camera mount on top transforms between a camera platform with a standard 1/4""-20 mounting screw to an adjustable smartphone holder. The camera mount sits on a ball head, which offers 360° rotation as well as 90° tilt adjustment, which would allow you to set up your camera or phone in landscape or portrait modes.

Features
-Extendable Vlog Tripod
-Folding and hidden mobile phone holder design, open to directly clamp the mobile phone
-Six-section height, making selfies and group photos more comfortable. Full length of the handle 57.6"" / 146.5cm.
-Handheld selfie / standing live broadcast / Live broadcast / selfies / group photos
-Compatible with mirrorless cameras, sports cameras, fill lights, and more devices
-Can use on cameras like Canon, Nikon, Sony, Fujifilm, etc
-Suitable for GoPro Hero 12, Hero 11, Hero 10, Hero 9, Hero 8, Hero 7, Hero 6, Hero 5, Session, GoPro Max, GoPro Mini, GoPro Fusion, DJI Action, DJI Osmo Action 1, Action 2, Action 3, Action 4, Osmo Pocket 2, Insta360 One R RS, One X2, One X3,
GO 2, GO 3, Pocket 2, AKASO, SJCAM SJ4000, SJ5000 SJ6, SJ7, SJ8, SJ10, SJ11, C300, C200, C100 and other action cameras (some cameras might need casing or mount adapter).
-Also compatible with iPhone, Samsung Galaxy, Xiaomi, Realme, Lenovo, Pocophone and other smartphone devices

Specification
-Folded Length: 32.5cm
-Extended Length: 1465cm
-Material ABS
-Type: Table Tripod, Mini Tripod / Lightweight, Flexible Tripod, universal tripod
-Load Capacity: 1KG
-Leg Sections: 3
-Weight: 357g
-Compatibility: Mobile phone, DSLR, mirrorless, action cameras

⭐⭐⭐⭐⭐  ⭐⭐⭐⭐⭐  ⭐⭐⭐⭐⭐  ⭐⭐⭐⭐⭐  ⭐⭐⭐⭐⭐  ⭐⭐⭐⭐⭐

Warranty Period
1 Week factory defect replacement (should be in pristine condition).

If you found the item you received is defective or any problem in using, please do not hesitate to contact us first and we will be gladly to attend on your concern. Thank you very much!",4.9,335,77,2.85 hours,Thu May 24 2018 01:56:39 GMT+0000 (Coordinated Universal Time),73714,"[{""name"":""Color"",""variations"":[""White"",""Black""]}]",https://shopee.ph,Telesin,100635,false,,"[{""name"":""model"",""value"":""Black""}]",0,https://shopee.ph/Tripods-/-Monopods-cat.11021092.11021100.11021103,"[{""claimable"":false,""currency"":""PHP"",""discount"":59,""discount_cap"":0,""discount_percentage"":0,""min_spend"":76900000,""shop_vouncher"":""Telesin"",""special_condition"":null,""text_info"":""TELESHOP7"",""validity_end"":""2024-09-29T19:21:00.000Z"",""validity_start"":""2024-07-09T18:21:00.000Z""},{""claimable"":false,""currency"":""PHP"",""discount"":56,""discount_cap"":0,""discount_percentage"":0,""min_spend"":69900000,""shop_vouncher"":""Telesin"",""special_condition"":null,""text_info"":""TELESHOP6"",""validity_end"":""2024-09-29T19:20:00.000Z"",""validity_start"":""2024-07-09T18:20:00.000Z""},{""claimable"":false,""currency"":""PHP"",""discount"":55,""discount_cap"":0,""discount_percentage"":0,""min_spend"":45500000,""shop_vouncher"":""Telesin"",""special_condition"":null,""text_info"":""TELENEWB2"",""validity_end"":""2024-09-29T20:33:00.000Z"",""validity_start"":""2024-07-09T19:33:00.000Z""},{""claimable"":false,""currency"":""PHP"",""discount"":49,""discount_cap"":0,""discount_percentage"":0,""min_spend"":66900000,""shop_vouncher"":""Telesin"",""special_condition"":null,""text_info"":""TELESHOP5"",""validity_end"":""2024-09-29T19:19:00.000Z"",""validity_start"":""2024-07-09T18:19:00.000Z""},{""claimable"":false,""currency"":""PHP"",""discount"":46,""discount_cap"":0,""discount_percentage"":0,""min_spend"":59900000,""shop_vouncher"":""Telesin"",""special_condition"":null,""text_info"":""TELESHOP4"",""validity_end"":""2024-09-29T19:18:00.000Z"",""validity_start"":""2024-07-09T18:18:00.000Z""},{""claimable"":false,""currency"":""PHP"",""discount"":39,""discount_cap"":0,""discount_percentage"":0,""min_spend"":56900000,""shop_vouncher"":""Telesin"",""special_condition"":null,""text_info"":""TELESHOP3"",""validity_end"":""2024-09-29T19:17:00.000Z"",""validity_start"":""2024-07-09T18:17:00.000Z""},{""claimable"":false,""currency"":""PHP"",""discount"":29,""discount_cap"":0,""discount_percentage"":0,""min_spend"":46900000,""shop_vouncher"":""Telesin"",""special_condition"":null,""text_info"":""TELESHOP2"",""validity_end"":""2024-09-29T19:15:00.000Z"",""validity_start"":""2024-07-09T18:15:00.000Z""},{""claimable"":false,""currency"":""PHP"",""discount"":15,""discount_cap"":0,""discount_percentage"":0,""min_spend"":5500000,""shop_vouncher"":""Telesin"",""special_condition"":null,""text_info"":""TELENEWB1"",""validity_end"":""2024-09-29T20:26:00.000Z"",""validity_start"":""2024-07-09T19:26:00.000Z""},{""claimable"":false,""currency"":""PHP"",""discount"":12,""discount_cap"":0,""discount_percentage"":0,""min_spend"":0,""shop_vouncher"":""Telesin"",""special_condition"":null,""text_info"":""TELESHP12"",""validity_end"":""2024-09-29T18:38:00.000Z"",""validity_start"":""2024-07-09T17:38:00.000Z""}]",,,null
https://shopee.com.my/SANGKAR-KUCING-BESAR-MURAH-6-TINGKAT-LARGE-CAT-CAGE-125x72x164cm-Wrought-Iron-i.208053662.15814566066,15814566066,SANGKAR KUCING BESAR MURAH 6 TINGKAT LARGE CAT CAGE 125x72x164cm Wrought Iron,0,4.9,0,345,2.898000000000000e+02,MYR,,0,"[""https://down-my.img.susercontent.com/file/2cdd1fbea0d26109d292710428f45578_tn"",""https://down-my.img.susercontent.com/file/c7c2a67659a3c6bd5e68e8f2d8889069_tn""]",null,Kuc███ Ku███,https://shopee.com.my/bahmad20,"[""Pets"",""Pet Accessories"",""Pet Furniture"",""Cages & Crates""]","[{""name"":""Stock"",""value"":""66""},{""name"":""Pet Type"",""value"":""Cat""},{""name"":""Ships From"",""value"":""Penang""}]","SANGKAR KUCING BESAR SUPER LARGE !!
BIG CAT FAMILY

VARIASI 6 TINGKAT:
> SAIZ 125 X 72 X 164 cm
> 6 TINGKAT/PLATFORM
> 6 TANGGA
> 6 RODA
> TRAY HITAM DI BAWAH
> WARNA HITAM
> SAIZ PLATFOM 72 X 30
> FREE GIFT :1 HELAI HAMMOCK (BUAIAN KUCING)

VARIASI 3 TINGKAT
> SAIZ 125 X 72 X 164 cm
> 3 TINGKAT/PLATFORM BESAR
> 3 TANGGA
> 6 RODA
> TRAY HITAM DI BAWAH
> WARNA HITAM
> SAIZ PLATFOM 72 X 60
> FREE GIFT : 1 HELAI HAMMOCK (BUAIAN KUCING)

READY STOCK!!
ORDER NOW!!",4.91,48,99,2.01 hours,Tue Dec 10 2019 06:38:23 GMT+0000 (Coordinated Universal Time),67673,"[{""variations"":[null]}]",https://shopee.com.my,,100631,false,,"[{""name"":""model"",""value"":null}]",0,"https://shopee.com.my/Pet-Cages,-Doors-Crates-cat.11000003.11000125.11000136","[{""claimable"":false,""currency"":""MYR"",""discount"":1,""discount_cap"":0,""discount_percentage"":0,""min_spend"":8000000,""shop_vouncher"":""Kucing Ku"",""special_condition"":null,""text_info"":""BAHMAD20"",""validity_end"":""2024-11-18T08:46:00.000Z"",""validity_start"":""2024-08-17T07:46:00.000Z""},{""claimable"":false,""currency"":""MYR"",""discount"":10,""discount_cap"":0,""discount_percentage"":0,""min_spend"":5000000,""shop_vouncher"":""Kucing Ku"",""special_condition"":null,""text_info"":""SVC-972128847286392"",""validity_end"":""2024-09-24T15:59:59.000Z"",""validity_start"":""2024-09-09T16:00:00.000Z""}]",,,null
https://shopee.co.th/%E0%B8%9C%E0%B8%87%E0%B8%81%E0%B8%A3%E0%B8%B0%E0%B9%80%E0%B8%88%E0%B8%B5%E0%B9%8A%E0%B8%A2%E0%B8%9A%E0%B9%80%E0%B8%82%E0%B8%B5%E0%B8%A2%E0%B8%A7-(%E0%B8%9E%E0%B8%A3%E0%B9%89%E0%B8%AD%E0%B8%A1%E0%B8%8A%E0%B8%87)-i.142359678.9745430808?model_id=184619217693,9745430808,ผงกระเจี๊ยบเขียว (พร้อมชง),0,4.9,0,185,185,THB,,0,"[""https://down-th.img.susercontent.com/file/th-11134207-7qul4-lk978tgc0kfv69_tn"",""https://down-th.img.susercontent.com/file/th-11134207-7qukx-lk979v2wyauz44_tn"",""https://down-th.img.susercontent.com/file/th-11134207-7qul6-lk978tgc1z0b45_tn"",""https://down-th.img.susercontent.com/file/th-11134207-7qula-lk979v2wzpffb3_tn""]",null,Kan███w S███,https://shopee.co.th/pong.91,"[""อาหารและเครื่องดื่ม"",""เครื่องดื่ม"",""เครื่องดื่มผงสําเร็จรูป""]","[{""name"":""คลัง"",""value"":""5153""},{""name"":""ประเทศต้นกำเนิดสินค้า"",""value"":""ไทย""},{""name"":""อายุการเก็บรักษา"",""value"":""12 เดือน""},{""name"":""ส่งจาก"",""value"":""จังหวัดน่าน""}]","ผงกระเจี๊ยบเขียว
-ไม่ผสมอย่างอื่น 
-ทางร้านใช้กระเจี๊ยบเขียว ทั้งหมด
—-
วิธีรับประทาน 
-ผงกระเจี๊ยบ 1 ช้อนโต๊ะ ผสมน้ำอุ่น  หรือ 
น้ำผลไม้อื่นๆ.  หรือ อาหารอ่อนๆ ทานหลังอาหาร. 2-3 ครั้งต่อวัน  

",4.87,55,100,0.58 hours,Fri Apr 26 2019 03:59:13 GMT+0000 (Coordinated Universal Time),3536,"[{""name"":""ขนาด"",""variations"":[""100 กรัม"",""200 กรัม"",""500 กรัม(ฟรี100กรัม)"",""กระเจี๊ยบเขียวแคปซูล""]}]",https://shopee.co.th,,100629,false,,"[{""name"":""model"",""value"":""กระเจี๊ยบเขียวแคปซูล""}]",0,https://shopee.co.th/%E0%B8%9C%E0%B8%87%E0%B8%8A%E0%B8%87%E0%B8%94%E0%B8%B7%E0%B9%88%E0%B8%A1-cat.11044943.11045054.11045374,"[{""claimable"":false,""currency"":""THB"",""discount"":15,""discount_cap"":0,""discount_percentage"":0,""min_spend"":12900000,""shop_vouncher"":""Kankaew Shop"",""special_condition"":null,""text_info"":""PONGC9XS6"",""validity_end"":""2024-10-05T16:59:00.000Z"",""validity_start"":""2024-08-31T17:00:00.000Z""},{""claimable"":false,""currency"":""THB"",""discount"":null,""discount_cap"":1500000,""discount_percentage"":5,""min_spend"":12900000,""shop_vouncher"":""Kankaew Shop"",""special_condition"":null,""text_info"":""PONG5AUG"",""validity_end"":""2024-09-05T16:59:00.000Z"",""validity_start"":""2024-08-01T17:00:00.000Z""},{""claimable"":false,""currency"":""THB"",""discount"":null,""discount_cap"":1500000,""discount_percentage"":5,""min_spend"":12900000,""shop_vouncher"":""Kankaew Shop"",""special_condition"":null,""text_info"":""PONGXKTNS"",""validity_end"":""2024-10-06T16:59:00.000Z"",""validity_start"":""2024-08-31T17:00:00.000Z""}]",,,null
https://shopee.co.th/Original-JBL-XTREME-3-%E0%B8%A5%E0%B9%8D%E0%B8%B2%E0%B9%82%E0%B8%9E%E0%B8%87%E0%B8%9A%E0%B8%A5%E0%B8%B9%E0%B8%97%E0%B8%B9%E0%B8%98%E0%B9%84%E0%B8%A3%E0%B9%89%E0%B8%AA%E0%B8%B2%E0%B8%A2-IPX-7-%E0%B8%81%E0%B8%B1%E0%B8%99%E0%B8%99%E0%B9%89%E0%B9%8D%E0%B8%B2-%E0%B8%81%E0%B8%B1%E0%B8%99%E0%B8%9D%E0%B8%B8%E0%B9%88%E0%B8%99-%E0%B9%81%E0%B8%9A%E0%B8%9A%E0%B8%9E%E0%B8%81%E0%B8%9E%E0%B8%B2-i.451937590.21885311198?model_id=176151759912,21885311198,Original JBL XTREME 3 ลําโพงบลูทูธไร้สาย IPX 7 กันน้ํา กันฝุ่น แบบพกพา,0,0,0,22894,11008,THB,,0,"[""https://down-th.img.susercontent.com/file/sg-11134201-7rbnf-lmyf279xu9qo7b_tn"",""https://down-th.img.susercontent.com/file/sg-11134201-7rbl0-lmyf27st428pa1_tn"",""https://down-th.img.susercontent.com/file/sg-11134201-7rbl0-lmyf286ojrrtb5_tn"",""https://down-th.img.susercontent.com/file/sg-11134201-7rblm-lmyf28jg132o61_tn"",""https://down-th.img.susercontent.com/file/sg-11134201-7rbl1-lmyf28svlvfde4_tn"",""https://down-th.img.susercontent.com/file/sg-11134201-7rblv-lmyf297b25zkfb_tn""]",null,Pin███r 3███tor██████,https://shopee.co.th/xwllj.th,"[""เครื่องเสียง"",""เครื่องเสียงภายในบ้าน"",""ลำโพง""]","[{""name"":""คลัง"",""value"":""352""},{""name"":""สินค้า"",""value"":""JBL(เจบีแอล)""},{""name"":""อุปกรณ์รองรับเครื่องเสียง"",""value"":""โทรศัพท์มือถือ,  อื่น ๆ,  พีซีและแล็ปท็อป,  มอเตอร์""},{""name"":""การตอบสนองความถี่สูงสุด"",""value"":""20000Hz""},{""name"":""ระยะเวลาการรับประกัน"",""value"":""12 เดือน""},{""name"":""ประเภทการประกัน"",""value"":""ประกันของโรงงาน""},{""name"":""มีฟังก์ชั่นบลูทูธ"",""value"":""ใช่""},{""name"":""เป็นลำโพงอัจฉริยะ"",""value"":""ไม่""},{""name"":""ประเภทของลำโพง"",""value"":""ลำโพงแบบพกพา""},{""name"":""ประเภทการเชื่อมต่อ"",""value"":""แบบไร้สาย""},{""name"":""ส่งจาก"",""value"":""ต่างประเทศ""}]","หน่วยใหม่และปิดผนึก
ผลิตภัณฑ์ JBL ของแท้ 100% พร้อมรับประกัน 1 ปีจากศูนย์บริการ JBL
คุณสมบัติของสินค้า:
เทคโนโลยีบลูทู ธ ไร้สาย
เอาต์พุต RMS สูงสุด - - เอาต์พุตสูงสุด 100W RMS
- วูฟเฟอร์ 2x 2.75 "", ทวีตเตอร์ 2x 0.75""
กันน้ำ IP67 คะแนนกันฝุ่น
อายุการใช้งานแบตเตอรี่สูงสุด 15 ชั่วโมง - - อายุการใช้งานแบตเตอรี่สูงสุด 15 ชั่วโมง
เอาต์พุตพลังงาน USB-A & USB-C - - เอาต์พุตพลังงาน USB-A & USB-C
สายสะพายไหล่รวม - รวมสายสะพายไหล่
ข้อมูลจำเพาะทางเทคนิค:
กำลังขับ: 100 วัตต์
ไดรเวอร์ * *: วูฟเฟอร์ 2x2.76 ""/ 70 มม | ทวีตเตอร์ 2x0.79 ""/ 20 มม.
* * การตอบสนองความถี่: 53.5 Hz ถึง 20 kHz
* อัตราส่วนสัญญาณต่อเสียงรบกวน:> 80 dB
บลูทู ธ: 5.1
คุณสมบัติของแบตเตอรี่: ลิเธียมไอออน * * เคมีแบตเตอรี่: ลิเธียมไอออน
* อายุแบตเตอรี่ที่คาดว่าจะมี: 15 ชั่วโมง * * อายุแบตเตอรี่ที่คาดหวัง: 15 ชั่วโมง
คะแนน IP: IP67 * * * คะแนน IP: IP67
อะไรอยู่ในกล่อง:
ลำโพงบลูทู ธ แบบพกพา JBL Xtreme 3
สายรัด
อะแดปเตอร์แปลงไฟ
สายไฟสายไฟ
การตอบสนองความถี่ต่ำสุด: 53Hz
การตอบสนองความถี่สูงสุด: 20000Hz
ความเข้ากันได้ของเสียง: มือถือมอเตอร์อื่น ๆ พีซีและแล็ปท็อป
ประเภทของการรับประกัน: การรับประกันจากผู้ผลิต
ประเภทการเชื่อมต่อ: ไร้สาย
ขนาด (ยาว x กว้าง x สูง): 11.75x5.35x5.28 (นิ้ว)
ลำโพงอัจฉริยะ: ไม่
ประเภทลำโพง: ลำโพงพกพา
ฟังก์ชั่นบลูทู ธ: ใช่
รับประกันระยะเวลา: 12 เดือน",4.85,877,99,1.26 hours,Wed May 26 2021 13:40:43 GMT+0000 (Coordinated Universal Time),12624,"[{""name"":""สี"",""variations"":[""สีดํา"",""สีฟ้า"",""สีเทา"",""ลายพราง""]}]",https://shopee.co.th,JBL(เจบีแอล),100535,false,,"[{""name"":""model"",""value"":""สีฟ้า""}]",0,https://shopee.co.th/%E0%B8%A5%E0%B8%B3%E0%B9%82%E0%B8%9E%E0%B8%87-cat.11044946.11045081,"[{""claimable"":false,""currency"":""THB"",""discount"":60,""discount_cap"":0,""discount_percentage"":0,""min_spend"":300000000,""shop_vouncher"":""Pinster 3C store.th"",""special_condition"":null,""text_info"":""XWLL2"",""validity_end"":""2024-10-23T06:13:00.000Z"",""validity_start"":""2024-07-22T05:13:00.000Z""},{""claimable"":false,""currency"":""THB"",""discount"":40,""discount_cap"":0,""discount_percentage"":0,""min_spend"":240000000,""shop_vouncher"":""Pinster 3C store.th"",""special_condition"":null,""text_info"":""XWLL95"",""validity_end"":""2024-10-23T06:14:00.000Z"",""validity_start"":""2024-07-22T05:14:00.000Z""},{""claimable"":false,""currency"":""THB"",""discount"":15,""discount_cap"":0,""discount_percentage"":0,""min_spend"":800000000,""shop_vouncher"":""Pinster 3C store.th"",""special_condition"":null,""text_info"":""XWLL1"",""validity_end"":""2024-10-23T06:13:00.000Z"",""validity_start"":""2024-07-22T05:13:00.000Z""}]",,,null
https://shopee.com.co/Stumble-Guys-Juego-Mochila-Bolsa-De-La-Escuela-Ordenador-Port%C3%A1til-Hombres-Mujeres-Libro-Estuche-De-L%C3%A1pices-i.816456286.18286881342?model_id=240086867740,18286881342,Stumble Guys Juego Mochila Bolsa De La Escuela Ordenador Portátil Hombres Mujeres Libro Estuche De Lápices,0,5,0,322584,177420,COP,,0,"[""https://down-co.img.susercontent.com/file/sg-11134201-7rblr-lp5bmgds0t5md1_tn"",""https://down-co.img.susercontent.com/file/sg-11134201-7rbnd-lp5bmhwzp6vc9f_tn"",""https://down-co.img.susercontent.com/file/sg-11134201-7rblf-loffnhfq4jqod5_tn"",""https://down-co.img.susercontent.com/file/sg-11134201-7rbk3-lp5bmi1zhvym66_tn"",""https://down-co.img.susercontent.com/file/sg-11134201-7rbnd-lp5bmjf3i0am92_tn"",""https://down-co.img.susercontent.com/file/sg-11134201-7rbk3-lp5bmi1zhvym66_tn"",""https://down-co.img.susercontent.com/file/sg-11134201-7rbkp-lp5bmkjluqdk44_tn"",""https://down-co.img.susercontent.com/file/sg-11134201-7rbn9-lp5bmk24kb6tf9_tn"",""https://down-co.img.susercontent.com/file/sg-11134201-7rbnl-lp5bmlq24llj38_tn""]",null,uhu███fs.███,https://shopee.com.co/uhuhoofs.co,"[""Bolsas de Hombre"",""Maletines para Laptop"",""Mochilas para Laptop""]","[{""name"":""Existencias"",""value"":""355638""},{""name"":""Tamaño de la Bolsa"",""value"":""Otros""},{""name"":""Material"",""value"":""Tela Oxford""},{""name"":""Cantidad"",""value"":""Cero""}]","¡Introducir A la mochila del juego de los chicos caídos, perfecta para estudiantes y jugadores por igual! Diseñado pensando en la funcionalidad y el estilo, esta mochila es un accesorio imprescindible para los amantes del juego.

Caracteristicas: 
-Opciones De Color: elija entre 7 colores vibrantes para que coincida con su estilo personal. Póngase en contacto con nuestro servicio de atención al cliente para obtener más opciones de color.
-Material Duradero: hecho de tela Oxford de alta calidad, esta mochila es transpirable, resistente al desgaste y puede soportar el uso diario.
-Diseño Ergonómico: la mochila está diseñada para reducir la carga en la espalda, brindando la máxima comodidad durante largas horas de uso.
-Moderno Y de moda: con su diseño elegante y fresco, esta mochila es perfecta para personas de moda.
-Estuche De acompañamiento: viene con un estuche a juego para todas sus necesidades de papelería.
-Adecuado Para todos los género: esta mochila es neutral en cuanto al género, lo que la hace adecuada tanto para niños como para niñas.

Especificaciones:
- Sku: Juego de mochilas escolares 7002
- Marca: 1
- Material: tela Oxford
- Género: Unisex
- Material Interior: Poliéster
- Patrón: Geométrico
- Elementos Populares: Estampados
- Marca propia: No
- Año de lanzamiento: verano de 2023
- Dimensión: Mochila + Estuche para lápices
- Adecuado para: Educación Escolar
- Modelo: 1
- Edad adecuada: secundaria",4.4,71,57,,Tue Jul 12 2022 08:32:51 GMT+0000 (Coordinated Universal Time),7,"[{""name"":""Color"",""variations"":[""1"",""2"",""3"",""4"",""5"",""6"",""7"",""8"",""9"",""10"",""11"",""12"",""13"",""14"",""15"",""16"",""17"",""18"",""19"",""20"",""21"",""22"",""23"",""24"",""25"",""26"",""27"",""28"",""29"",""30"",""31"",""32"",""33"",""34"",""35"",""36""]},{""name"":""Talla"",""variations"":[""Mochila escolar + Estuche para""]}]",https://shopee.com.co,,100533,false,,"[{""name"":""model"",""value"":""15,Mochila escolar + Estuche para""}]",0,https://shopee.com.co/Mochilas-para-laptops-cat.11069106.11069351.11070430,null,,,null
https://shopee.ph/Samarah-6in1-TC-Newborn-Set-|-Blanket-|-Mittens-|-Booties-|-Bonnet-|-Pajama-|-Tieside-i.69805660.12276786858?model_id=222867596986,12276786858,Samarah 6in1 TC Newborn Set | Blanket | Mittens | Booties | Bonnet | Pajama | Tieside,0,4.8,0,220,200,PHP,,0,"[""https://down-ph.img.susercontent.com/file/ph-11134207-7r990-lxe3z349kutg25_tn"",""https://down-ph.img.susercontent.com/file/sg-11134201-22100-uyn0geacsniva0_tn"",""https://down-ph.img.susercontent.com/file/ph-11134207-7r98v-lxe3p8r06z4x5c_tn"",""https://down-ph.img.susercontent.com/file/782d0683a4c864878376af12108666ba_tn"",""https://down-ph.img.susercontent.com/file/ph-11134207-7r98y-lnfw16re7fc91d_tn"",""https://down-ph.img.susercontent.com/file/ph-11134207-7r98s-lxe3p8r06yv886_tn"",""https://down-ph.img.susercontent.com/file/ph-11134207-7r991-lxe3z3495eu9c7_tn"",""https://down-ph.img.susercontent.com/file/ph-11134207-7r991-lxe3z349kv354b_tn"",""https://down-ph.img.susercontent.com/file/ph-11134207-7r98p-lxe3z3495ekkd3_tn""]",null,Sam███ Ba███& K██████,https://shopee.ph/samarahcristobal,"[""Baby & Kids Fashion"",""Baby Clothes"",""Sets""]","[{""name"":""Discount stock"",""value"":""959""},{""name"":""Other Stock"",""value"":""71344""},{""name"":""Country of Origin"",""value"":""Others""},{""name"":""Material"",""value"":""Cotton""},{""name"":""Pack Type"",""value"":""Bundle""},{""name"":""Recommended Age"",""value"":""Newborn""},{""name"":""Pattern"",""value"":""White based""},{""name"":""Ships From"",""value"":""Santa Maria, Bulacan""}]","Samarah 6in1 TC Newborn Set | Blanket | Mittens | Booties | Bonnet | Pajama | Tieside

Samarah 6in1 TC Newborn Set | Blanket | Mittens | Booties | Bonnet | Pajama | Tieside

(color may vary due to lighting)
NOTE❣️
BLUE ANCHOR SET IS WHITE BASED ONLY⚠️o",4.86,752,95,3.81 hours,Wed May 16 2018 23:38:41 GMT+0000 (Coordinated Universal Time),1447395,"[{""name"":""DESIGN"",""variations"":[""COLORFUL D"",""DOLPHIN"",""I LOVE FLOWER"",""RED RIBBON"",""PINK FLOWERS"",""BUTTERFLY"",""RED STRAWBERRY"",""AZTEC PINK"",""RAINBOW CLOUDS"",""COOL DINO"",""GRAY PLANE"",""RAINBOW"",""ANCHOR BLUE"",""FLAMINGO"",""NEW DINO"",""PINK PONY"",""MINT DINO"",""AZTEC GRAY"",""YELLOW FLOWER"",""BELIEVE IN MAGIC"",""FLORAL BUTTERFLY"",""NEW TROPICAL"",""CUTE ANIMALS"",""LIL DRAGON"",""CARS"",""ANCHOR STRIPES"",""LION"",""FLOWER ELEPHANT"",""DREAM BIG"",""OVERDRIVE"",""GOOD NIGHT"",""WOODLAND ANIMALS""]},{""name"":""SLEEVE"",""variations"":[""SHORTSLEEVE"",""SLEEVELESS"",""LONGSLEEVE""]}]",https://shopee.ph,,100633,true,Tue Sep 03 2024 12:59:59 GMT+0000 (Coordinated Universal Time),"[{""name"":""model"",""value"":""NEW TROPICAL,SHORTSLEEVE""}]",0,https://shopee.ph/Set-cat.11021766.11034455.11034469,"[{""claimable"":false,""currency"":""PHP"",""discount"":null,""discount_cap"":9000000,""discount_percentage"":15,""min_spend"":50000000,""shop_vouncher"":""Samara Baby & Kids"",""special_condition"":null,""text_info"":""SBPMCAUG"",""validity_end"":""2024-09-21T15:59:00.000Z"",""validity_start"":""2024-08-21T16:00:00.000Z""}]",,,null
https://shopee.co.id/ENHYPEN-STICKER-(EN-ICKELODEON)-i.1044300020.28909195928,28909195928,ENHYPEN STICKER (EN-ICKELODEON),0,0,0,20500,20500,IDR,,0,"[""https://down-id.img.susercontent.com/file/id-11134207-7r990-lzfq1ocs6yu60b_tn"",""https://down-id.img.susercontent.com/file/id-11134207-7r98v-lzfq1ocs6yu384_tn""]",null,bul███lab███,https://shopee.co.id/bulenlabels,"[""Buku & Alat Tulis"",""Buku Tulis & Kertas"",""Label & Stiker""]","[{""name"":""Stok"",""value"":""20""},{""name"":""Merek"",""value"":""-""},{""name"":""Ukuran Kertas"",""value"":""A6""},{""name"":""Produk Custom"",""value"":""Tidak""},{""name"":""Jenis Garansi"",""value"":""Tidak Garansi""},{""name"":""Dikirim Dari"",""value"":""KAB. PURWAKARTA""}]","👒>>Halo!!👋
@bulenlabels present~

EN-ICKELODEON STICKER🍁

🍂Detail Sticker :
𐙚  Size A6 10,5cm×14,8cm
𐙚 Cutting Kiss Cut
𐙚 Jenis kertas Vinly Premium 
𐙚 Laminasi Glitter 

🏷 Price : 20.500 (Inc Packing and Adm)

Pengiriman dari Purwakarta, Jawa Barat📍

NOTES : 
Stiker tebal, tahan air dan glittery.
Bisa digunakan untuk dekorasi hp, tumblr, laptop atau media² yang kertas kecuali dinding.

Thank You for Purchase🫶🏻🍁
HAPPY SHOPPING🛍",5,3,50,0.13 hours,Tue Aug 01 2023 08:46:57 GMT+0000 (Coordinated Universal Time),2,"[{""name"":""Pre-Order 1"",""variations"":[""PRE-ORDER 1""]}]",https://shopee.co.id,,100638,false,,"[{""name"":""model"",""value"":""PRE-ORDER 1""}]",0,https://shopee.co.id/Label-Stiker-cat.11044123.11044166.11044175,null,,,null
https://shopee.com.my/[LTD]-Air-Wick-Pure-Freshmatic-Refill-(250ml)-[Value-Pack]-i.12725966.22728828995,22728828995,[LTD] Air Wick Pure Freshmatic Refill (250ml) [Value Pack],0,4.9,0,4.690000000000000e+01,4.690000000000000e+01,MYR,,0,"[""https://down-my.img.susercontent.com/file/sg-11134201-7rd52-lvjrzqig72vl25_tn"",""https://down-my.img.susercontent.com/file/sg-11134201-7rd5w-lvjrzqrvt9szf1_tn"",""https://down-my.img.susercontent.com/file/sg-11134201-7rd6v-lvjrzr07h2yj4d_tn"",""https://down-my.img.susercontent.com/file/sg-11134201-7rd74-lvjrzrar1o7h13_tn""]",null,Det███ & ███kit█████████fic██████,https://shopee.com.my/dettol.os,"[""Home & Living"",""Home Fragrance & Aromatherapy"",""Air Fresheners & Home Fragrance""]","[{""name"":""Stock"",""value"":""500""},{""name"":""Brand"",""value"":""Air Wick""},{""name"":""Ships From"",""value"":""Selangor""}]","

The Air Wick Freshmatic is designed to release bursts of continuous fresh fragrance so your home always smells welcoming.



Enhance your home with the fresh scent, evoking the beauty of a fragile flower, for up to 60 days per refill.









Battery operated and easy to use, with an ideal design

Neutralises odours and fragrances your home

Provides up to 60 days of continuous fragrance on minimum setting

Batteries included

Available in other fragrances",4.92,438,81,2.63 hours,Tue Nov 22 2016 14:11:46 GMT+0000 (Coordinated Universal Time),486591,"[{""name"":""Bundle"",""variations"":[""Bundle""]}]",https://shopee.com.my,Air Wick,100636,false,,"[{""name"":""model"",""value"":""Bundle""}]",0,https://shopee.com.my/Air-Fresheners-Dehumidifiers-cat.11000003.11000143.11000144,"[{""claimable"":false,""currency"":""MYR"",""discount"":3,""discount_cap"":0,""discount_percentage"":0,""min_spend"":0,""shop_vouncher"":""Dettol & Reckitt Home Official"",""special_condition"":null,""text_info"":""DETT04SEP"",""validity_end"":""2024-09-04T15:59:00.000Z"",""validity_start"":""2024-09-04T04:00:00.000Z""},{""claimable"":false,""currency"":""MYR"",""discount"":3,""discount_cap"":0,""discount_percentage"":0,""min_spend"":5000000,""shop_vouncher"":""Dettol & Reckitt Home Official"",""special_condition"":null,""text_info"":""DETTASDAS"",""validity_end"":""2024-09-30T15:59:00.000Z"",""validity_start"":""2024-09-02T02:06:00.000Z""},{""claimable"":false,""currency"":""MYR"",""discount"":8,""discount_cap"":0,""discount_percentage"":0,""min_spend"":8000000,""shop_vouncher"":""Dettol & Reckitt Home Official"",""special_condition"":null,""text_info"":""DETTAFKNL"",""validity_end"":""2024-09-08T15:59:00.000Z"",""validity_start"":""2024-09-02T02:08:00.000Z""},{""claimable"":false,""currency"":""MYR"",""discount"":30,""discount_cap"":0,""discount_percentage"":0,""min_spend"":10000000,""shop_vouncher"":""Dettol & Reckitt Home Official"",""special_condition"":null,""text_info"":""SVC-963697819144220"",""validity_end"":""2024-09-08T15:59:59.000Z"",""validity_start"":""2024-08-24T12:00:00.000Z""},{""claimable"":false,""currency"":""MYR"",""discount"":12,""discount_cap"":0,""discount_percentage"":0,""min_spend"":8000000,""shop_vouncher"":""Dettol & Reckitt Home Official"",""special_condition"":null,""text_info"":""99CZ0106"",""validity_end"":""2024-09-24T15:59:00.000Z"",""validity_start"":""2024-09-09T16:00:00.000Z""},{""claimable"":false,""currency"":""MYR"",""discount"":30,""discount_cap"":0,""discount_percentage"":0,""min_spend"":10000000,""shop_vouncher"":""Dettol & Reckitt Home Official"",""special_condition"":null,""text_info"":""9ACZ0097"",""validity_end"":""2024-09-24T15:59:00.000Z"",""validity_start"":""2024-09-08T12:00:00.000Z""}]",,,null
https://shopee.com.mx/Verano-Lavado-De-Cintura-Alta-Denim-Esmerilado-Blanco-Tencel-Mujeres-Pantalones-Cortos-Sueltos-Recortados-Estilo-Delgado-2023-i.1206256837.24068870843?model_id=138884980224,24068870843,Verano Lavado De Cintura Alta Denim Esmerilado Blanco Tencel Mujeres Pantalones Cortos Sueltos Recortados Estilo Delgado 2023,0,0,0,4.995000000000000e+02,4.945000000000000e+02,MXN,,0,"[""https://down-mx.img.susercontent.com/file/sg-11134201-7rcca-lseh9ek3pj5gaa_tn"",""https://down-mx.img.susercontent.com/file/sg-11134201-7rcd6-lseh9f9mo6qa76_tn"",""https://down-mx.img.susercontent.com/file/sg-11134201-7rcd9-lseh9fxrouzad7_tn"",""https://down-mx.img.susercontent.com/file/sg-11134201-7rcf0-lseh9gqmimu551_tn"",""https://down-mx.img.susercontent.com/file/sg-11134201-7rcf0-lseh9gqmimu551_tn"",""https://down-mx.img.susercontent.com/file/sg-11134201-7rcde-lseh9htqxdiv07_tn"",""https://down-mx.img.susercontent.com/file/sg-11134201-7rcdf-lseh9iszhtgn98_tn"",""https://down-mx.img.susercontent.com/file/sg-11134201-7rcdy-lseh9jl0ctfc34_tn"",""https://down-mx.img.susercontent.com/file/sg-11134201-7rcdr-lseh9kgn2ixga6_tn""]",null,maz███ax4███mx,https://shopee.com.mx/mazdamax4la.mx,"[""Ropa de Mujer"",""Shorts"",""Shorts""]","[{""name"":""Existencias"",""value"":""14460""},{""name"":""Estilo"",""value"":""Minimalista""},{""name"":""Altura de la Cintura"",""value"":""Cintura Alta""},{""name"":""Temporada"",""value"":""Verano""},{""name"":""Material"",""value"":""Algodón""},{""name"":""Talla Extra"",""value"":""Sí""},{""name"":""Patrón"",""value"":""Batik""},{""name"":""Cantidad"",""value"":""Cero""}]","Lugar de origen: Provincia de Guangdong
Estilo: Pantalones de pierna ancha
Tipo de cintura: Cintura alta
Longitud de los pantalones: Pantalones cortos
Estilo: Viajero Simple/versión coreana
Elementos Populares: Lavado, Color Sólido
Nombre común de la tela: Lyocell (Tencel)
Ya sea para agregar terciopelo: sin terciopelo
Temporada de cotización de tiempo: verano de 2023",0,14,57,,Mon Mar 11 2024 10:05:41 GMT+0000 (Coordinated Universal Time),0,"[{""name"":""Color"",""variations"":[""Azul- [Tencel]"",""9985- [Pantalones cortos verde""]},{""name"":""Tamaño"",""variations"":[""S recomienda 80-100 libras"",""M recomienda 100-110 libras"",""L recomienda 110-120 libras"",""Xl recomienda 120-130 libras"",""2xl recomienda 130-140 libras"",""3xl recomienda 140-150 libras""]}]",https://shopee.com.mx,,100017,false,,"[{""name"":""model"",""value"":""9985- [Pantalones cortos verde,Xl recomienda 120-130 libras""}]",0,https://shopee.com.mx/Shorts-cat.11057062.11057125.11057311,null,,,null
https://shopee.co.id/Aero-Celana-Pendek-Cut-Sewn-Anak-Laki-laki-Print-Power-119742209-i.253017647.25352589099?model_id=217189215238,25352589099,Aero Celana Pendek Cut Sewn Anak Laki-laki Print Power 119742209,0,4.7,0,99900,99900,IDR,0,0,"[""https://down-id.img.susercontent.com/file/id-11134201-7r98s-louws0kp4vbid9_tn"",""https://down-id.img.susercontent.com/file/id-11134201-7r990-louws0pyx5la96_tn"",""https://down-id.img.susercontent.com/file/id-11134201-7r98q-louws0vip18tde_tn"",""https://down-id.img.susercontent.com/file/id-11134201-7r98z-louws108i5alb9_tn"",""https://down-id.img.susercontent.com/file/id-11134201-7r98v-louws1629mbx44_tn""]",null,Mat███ri,https://shopee.co.id/matahari,"[""Fashion Bayi & Anak"",""Pakaian Anak Laki-Laki"",""Bawahan"",""Celana Pendek""]","[{""name"":""Merek"",""value"":""-""},{""name"":""Dikirim Dari"",""value"":""KAB. TANGERANG""}]","Product Detail:

Celana Pendek anak
Karet pinggang
Reguler fit
Bahan katun
Fashionable
Casual design
Comfortable
Menambah kesan kasual yang memukau di setiap penampilan si kecil dengan beragam koleksi pakaian terbaik dari brand Aero. Celana pendek anak dengan design simple dan casual, cocok untuk digunakan sebagai outfit keseharian anak saat beraktifitas sehari-hari. Material yang berkualitas akan nyaman saat digunakan sepanjang hari.

Ukuran Badan Model:
Tinggi : 137 cm
Lingkar Dada : 66 cm
Lingkar Pinggang : 61 cm
Model Menggunakan Size 11-12

Size Chart (Lebar Pinggang x Panjang x Front Rise x Back Rise x Leg Opening)
Size 5-6 = 24,5 cm x 29 cm x 25 cm x 30 cm x 25 cm
Size 7-8 = 26,5 cm x 31 cm x 25,5 cm x 31 cm x 25,5 cm
Size 9-10 = 28,5 cm x 33 cm x 26,5 cm x 31,5 cm x 26,5 cm
Size 11-12 = 30 cm x 35 cm x 27,5 cm x 32,5 cm x 27,5 cm
Toleransi ukuran hingga (-/+) 2 cm

Artikel Number : KIPSCUTSW1
Parent SKU : 119742209",4.86,16344,100,1.23 hours,Thu Apr 23 2020 03:45:22 GMT+0000 (Coordinated Universal Time),1426363,"[{""name"":""COLOR"",""variations"":[""NAVY BLUE""]},{""name"":""SIZE"",""variations"":[""5-6 Y"",""7-8 Y"",""9-10 Y"",""11-12 Y""]}]",https://shopee.co.id,,100633,false,,"[{""name"":""model"",""value"":""NAVY BLUE,9-10 Y""}]",0,https://shopee.co.id/Celana-Pendek-cat.11043031.11043077.11043088,"[{""claimable"":false,""currency"":""IDR"",""discount"":null,""discount_cap"":1000000000,""discount_percentage"":4,""min_spend"":13000000000,""shop_vouncher"":""Matahari"",""special_condition"":null,""text_info"":""MATALB4SP"",""validity_end"":""2024-09-04T16:59:00.000Z"",""validity_start"":""2024-09-04T04:06:00.000Z""},{""claimable"":false,""currency"":""IDR"",""discount"":null,""discount_cap"":500000000,""discount_percentage"":3,""min_spend"":15000000000,""shop_vouncher"":""Matahari"",""special_condition"":null,""text_info"":""MATANU910"",""validity_end"":""2024-10-14T16:59:00.000Z"",""validity_start"":""2024-09-04T04:09:00.000Z""},{""claimable"":false,""currency"":""IDR"",""discount"":null,""discount_cap"":1200000000,""discount_percentage"":5,""min_spend"":18000000000,""shop_vouncher"":""Matahari"",""special_condition"":null,""text_info"":""MATAMB4SP"",""validity_end"":""2024-09-04T16:59:00.000Z"",""validity_start"":""2024-09-04T04:10:00.000Z""}]",,,null
https://shopee.cl/GN-Polo-T-Shirt-Sulam-AKG-Harman-Audio-Micr%C3%B3fono-De-Auriculares-Inal%C3%A1mbricos-En-El-O%C3%ADdo-Bud-Barra-De-Sonido-Baju-Lelaki-Bordado-De-Moda-i.1002506427.23670062121?model_id=214343755562,23670062121,GN Polo T Shirt Sulam AKG Harman Audio Micrófono De Auriculares Inalámbricos En El Oído Bud Barra De Sonido Baju Lelaki Bordado De Moda,0,0,0,19000,19000,CLP,,0,"[""https://down-cl.img.susercontent.com/file/5fc67cfe366abcd2ef8eb032b7ca0bcc_tn"",""https://down-cl.img.susercontent.com/file/80ad55706170504e53dfe28de94256e6_tn"",""https://down-cl.img.susercontent.com/file/3b0aef4e29063fb1d9b2f625ede4f122_tn"",""https://down-cl.img.susercontent.com/file/dc0085597569eabb70434deac53d1054_tn"",""https://down-cl.img.susercontent.com/file/8c31e6a2e7bbe1f84e3adc2114e93d40_tn"",""https://down-cl.img.susercontent.com/file/3bb6453f72de911d6dc63498cb62c47e_tn""]",null,bee███som███usn██████,https://shopee.cl/beeawesomeplusno.cl,"[""Ropa de Hombre"",""Tops"",""Polos""]","[{""name"":""Existencias"",""value"":""18000""},{""name"":""Estilo"",""value"":""Básico""},{""name"":""Longitud de la Manga"",""value"":""Mangas Cortas""},{""name"":""Material"",""value"":""Algodón""},{""name"":""Mejor Estilo de Tamaño"",""value"":""Clásico""},{""name"":""Talla Extra"",""value"":""No""}]","Polo POLO YANGAN LOGOTIPO DE JANG --- ¡RESISTENTE SULAM ANTES!

Uniex
Tallas: S/M/L/XL/2XL/3XL
Colores MÚLTIPLES
Kindly REFERE PARA TALLAS DE PRIMERO DE PRIMERO

Condicion nueva
Stock listo - ¡Apoyo a vendedores locales!
Servicio Poslaju Express
100% ALGODÓN Premium SUAVE 200gsm
Bordado de alta calidad/Sulam - Hilo Metálico Doble costura

Cuidado DEL PRODUCTO:
Lavado a máquina Cuidado suave
No usa blanqueador
No secar en secadora
Hierro medio
Lavado separado colores oscuros
No remojar

 Akg MonserCable AUX Sennheiser Soundbar NoiseCancellingAuriculares Auriculares Inalámbrico Alpino Blaupunkt Beats Dr.Dre RockfordFosgate CarAudioS 2.0 Subwoofer Twitter Mackie Micrófono Altavoz Grabación Estudio Roland SoundCan Music SoundFestilo Piano Tambor Bocerácrófono Profesional Audio Video Aira DJ Bajo Sintizadores Monitor de cubo acuástico iOS",0,130,57,,Wed May 17 2023 09:05:33 GMT+0000 (Coordinated Universal Time),0,"[{""name"":""Color"",""variations"":[""Negro"",""Azul marino"",""Blanco""]},{""name"":""Tamaño"",""variations"":[""S"",""M"",""L"",""XL"",""XXL"",""3XL""]}]",https://shopee.cl,,100011,false,,"[{""name"":""model"",""value"":""Azul marino,3XL""}]",0,https://shopee.cl/Polos-cat.11070443.11070533.11071038,null,,,null
https://shopee.com.br/Caneta-hidrogr%C3%A1fica-Fine-Pen-0.4mm-preto-FPB/PRZF-Faber-Castell-i.400736454.8159491442,8159491442,Caneta hidrográfica Fine Pen 0.4mm preto FPB/PRZF Faber-Castell,0,4.9,0,1.175000000000000e+01,1.120000000000000e+01,BRL,,0,"[""https://down-br.img.susercontent.com/file/sg-11134201-7qvfw-lgd3sgtnw9hid8_tn""]",null,Lep███Pap███ria███,https://shopee.com.br/Caneta-hidrogr%C3%A1fica-Fine-Pen-0.4mm-preto-FPB/lepokpapelaria,"[""Papelaria"",""Escrita e Correção"",""Canetas e Tinteiros""]","[{""name"":""Estoque"",""value"":""2450""},{""name"":""Envio de"",""value"":""São Paulo""}]","Produto certificado no âmbito brasileiro de qualidade, conforme Portaria Inmetro Nº 333/2012:Segurança, Compulsório, Registro 003638/2012, INNAC0061, INMETROCaneta hidrográfica Finepen - preta - Faber-CastellDescrição- Ponta ultrafina 0.4mm.- Ponteira metálica.- Ideal para escrever e contornar.- Tinta indelével: segura para documentos.",4.91,9055,72,1.86 hours,Wed Mar 10 2021 12:10:36 GMT+0000 (Coordinated Universal Time),33715,"[{""variations"":[null]}]",https://shopee.com.br,,100638,false,,"[{""name"":""model"",""value"":null}]",0,https://shopee.com.br/Canetas-e-Tinteiros-cat.11059993.11060208.11062188,null,,,null
https://shopee.cl/Earplug-for-Sleeping-Dust-proof-Silicone-Earplugs-for-Noise-Cancelling-and-Sleep-Durable-Washable-Ear-Plugs-for-Home-Office-Use-i.497944649.16399611463?model_id=217174775521,16399611463,Earplug for Sleeping Dust-proof Silicone Earplugs for Noise Cancelling and Sleep Durable Washable Ear Plugs for Home Office Use,0,0,0,6828,6828,CLP,,0,"[""https://down-cl.img.susercontent.com/file/sg-11134201-7rbmi-lolfu822n4o0ec_tn"",""https://down-cl.img.susercontent.com/file/sg-11134201-7rble-loliwvedjkfz09_tn"",""https://down-cl.img.susercontent.com/file/sg-11134201-7rblu-lolfu7nnb27w54_tn"",""https://down-cl.img.susercontent.com/file/sg-11134201-7rbl0-lolfu9iiie000d_tn"",""https://down-cl.img.susercontent.com/file/sg-11134201-7rbn5-lolfukw1v2w03f_tn"",""https://down-cl.img.susercontent.com/file/sg-11134201-7rbm5-lolfu992w6zg8b_tn"",""https://down-cl.img.susercontent.com/file/sg-11134201-7rbn3-lolfu822n4fe97_tn"",""https://down-cl.img.susercontent.com/file/sg-11134201-7rbnj-lolh5mrj308s0d_tn"",""https://down-cl.img.susercontent.com/file/sg-11134201-7rblz-lolfubt75ea2df_tn""]",null,sky███r1.███,https://shopee.cl/skystar1.cl,"[""Salud"",""Cuidado Personal"",""Cuidado del Oído""]","[{""name"":""Existencias"",""value"":""39996""},{""name"":""Vida Útil"",""value"":""1 Mes""}]","Descripción:



Nuestros tapones para los oídos premium están diseñados para brindarle un sueño tranquilo e ininterrumpido.

Hechos de silicona respetuosa con el medio ambiente, estos tapones para los oídos no solo son lavables sino que también son fáciles de limpiar, lo que garantiza una higiene óptima para su canal auditivo.

Con sus características resistentes al desgaste, resistentes a la suciedad, al polvo y al agua, estos tapones para los oídos son perfectos para el uso diario en casa, en la oficina o mientras duermen.

La reducción de ruido y el diseño de aislamiento acústico eliminan efectivamente el ruido externo, lo que le permite despedirse del ajetreo y el bullicio de la vida y disfrutar de un sueño cómodo.

Confeccionados con un cómodo material de silicona, estos tapones para los oídos ofrecen un ajuste ceñido sin ninguna sensación extraña al usarlos.

Están diseñados para cuidar la salud de su canal auditivo y brindar la máxima comodidad.

Ya sea una persona que esté durmiendo ligera o simplemente buscando paz y tranquilidad durante sus actividades diarias, nuestros tapones para los oídos son la solución perfecta.

Alivio en su bienestar y experimentar los beneficios de un sueño reparador y un ambiente libre de ruido.

Ya no dejes que los ruidos externos interrumpan tu paz.

Elige nuestros tapones para los oídos y disfruta de la tranquilidad que te mereces.

Nombre del artículo: tapón para los oídos

Material: Gel de sílice

Características: Versátil, Conveniente, Durable, Reducción de ruido

Detalle del tamaño:

Largo: 2,8 cm/1,1"", ancho: 2,5 cm/0,98"" (aprox.)



Notas:

Debido a la diferencia de configuración de luz y pantalla, el color del artículo puede ser ligeramente diferente al de las imágenes. Permita una ligera diferencia de dimensión debido a las diferentes medidas manuales.



El paquete incluye:

1 par de tapones para los oídos

2 pares de puntas para los oídos",4.39,2393,57,,Tue Jul 27 2021 04:40:28 GMT+0000 (Coordinated Universal Time),125,"[{""name"":""color"",""variations"":[""Black"",""White"",""Red"",""Green""]}]",https://shopee.cl,,100001,false,,"[{""name"":""model"",""value"":""Black""}]",0,https://shopee.cl/Cuidado-del-O%C3%ADdo-cat.11070438.11070508.11070924,"[{""claimable"":false,""currency"":""CLP"",""discount"":null,""discount_cap"":100000000,""discount_percentage"":5,""min_spend"":100000000,""shop_vouncher"":""skystar1.cl"",""special_condition"":null,""text_info"":""SKYSFVR0M"",""validity_end"":""2024-11-23T16:31:06.000Z"",""validity_start"":""2024-08-23T16:41:06.000Z""},{""claimable"":false,""currency"":""CLP"",""discount"":300,""discount_cap"":0,""discount_percentage"":0,""min_spend"":850000000,""shop_vouncher"":""skystar1.cl"",""special_condition"":null,""text_info"":""SKYSMEFBX"",""validity_end"":""2024-11-23T16:31:03.000Z"",""validity_start"":""2024-08-23T16:41:03.000Z""},{""claimable"":false,""currency"":""CLP"",""discount"":700,""discount_cap"":0,""discount_percentage"":0,""min_spend"":1400000000,""shop_vouncher"":""skystar1.cl"",""special_condition"":null,""text_info"":""SKYS1BR43"",""validity_end"":""2024-11-23T16:31:04.000Z"",""validity_start"":""2024-08-23T16:41:04.000Z""},{""claimable"":false,""currency"":""CLP"",""discount"":1100,""discount_cap"":0,""discount_percentage"":0,""min_spend"":2100000000,""shop_vouncher"":""skystar1.cl"",""special_condition"":null,""text_info"":""SKYSHD1YB"",""validity_end"":""2024-11-23T16:31:05.000Z"",""validity_start"":""2024-08-23T16:41:05.000Z""}]",,,null
https://shopee.co.th/Small-Valentino-garavani-V-logo-moon-shoulder-hobo-tote-crescent-underarm-baguette-i.278015341.25475621727?model_id=245682934465,25475621727,Small Valentino garavani V logo moon shoulder hobo tote crescent underarm baguette,0,0,0,6789,6789,THB,,0,"[""https://down-th.img.susercontent.com/file/th-11134201-7r98t-lubrkqlu741y50_tn"",""https://down-th.img.susercontent.com/file/th-11134201-7r98s-lubrkrlmpbv357_tn"",""https://down-th.img.susercontent.com/file/th-11134201-7r98o-lubrkslz85an9d_tn"",""https://down-th.img.susercontent.com/file/th-11134201-7r98u-lubrktjtulu499_tn"",""https://down-th.img.susercontent.com/file/th-11134201-7r98y-lubrkui8g9av28_tn"",""https://down-th.img.susercontent.com/file/th-11134201-7r98z-lubrkvj4y95754_tn"",""https://down-th.img.susercontent.com/file/th-11134201-7r98z-lubrkwkbfug323_tn"",""https://down-th.img.susercontent.com/file/th-11134201-7r98q-lubrkxnpu6ep62_tn"",""https://down-th.img.susercontent.com/file/th-11134201-7r98q-lubrkymeffhq51_tn""]",null,Nan███aut███tic█████████,https://shopee.co.th/fashionbag_shop,"[""กระเป๋าผู้หญิง"",""กระเป๋าผ้า""]","[{""name"":""คลัง"",""value"":""60""},{""name"":""วัสดุ"",""value"":""ผ้าแคนวาส""},{""name"":""ส่งจาก"",""value"":""จังหวัดกรุงเทพมหานคร""}]","product material:Grainy calfskin leather 

color option :as pictures display 

Size Dimension：29 cm x 23 cm x 11 cm (duo to different measure methodology ,there maybe 1-2cm size difference exist ,please refer to datas from branded website）

Notice to clients

1，all these goods in our store are pre-order items ,in order to get around the quantity  limit of item listing caused by high proportion of pre-order listing ,we have set delivery time of all items to two days ,but we ship order overseas ,this short time isn't enough for us to hand goods to local express ,so please inform us alter the delivery time and activate COD service before order placing  ,please don't make arbitrary purchase without any asking，in normal condition,you will receive order 7-8 working days after we dispatch order .

2 all items in our online shop in watch category attach to half-year maintenance and warranty service whose range is limited to internal movement issues that doesn't include those caused by incorrect usage .daily scratches on metal dial  or normal oxidation on watchband surface are beyond service range ,so you could contact with us to apply for relevant service during valid time.in some circumstance when watch isn't weared ,you could place it on ventilating place to in  turn lonen its lifespan .

3  there maybe slight color difference because of computer monitor and photographing environment,for those clients who have little tolerance to the issue ,in order to avoid something unpleasant ,you should pay more serious thought on  purchase before placing a order .we don't accept any merChaneldise return and refund in the result of color difference issue , seven days appreciation service aren't bound to our online products as well

4 in normal condition ,we have scores of ready stocks in our store ,so that you could receive your favorite 2-3 working day after you make a purchase in our shop,in some special case when some items are temporarily out of stocks ,we have  to purchase from market ,the delivery time incidentally lengthen,usually it could take 7-8 working days to receive you beauty ,please wait for it with great patient .

5 quality inspectors are responsible for the quality of very single merChaneldise and help us discard inferior products at first time,they supervise the whole process from goods purchase ,packing and delivery ,hence you could make a  lighthearted purchase without any quality and security concern and meanwhile experience comfortable customer service throughout the whole course 

6 If you are satisfied our product quality and client service ,please give us precious nice rate and light up our stars ,all customers who give us good rate with shared pictures will be offerd 9 discount for next purchase ,our store newly open and pursue more help from customer .",4.81,40,30,4.23 hours,Thu Jun 25 2020 04:25:16 GMT+0000 (Coordinated Universal Time),648,"[{""name"":""Style"",""variations"":[""Style 1"",""Style 2"",""Style 3"",""Style 4"",""Style 5"",""Style 6""]}]",https://shopee.co.th,,100016,false,,"[{""name"":""model"",""value"":""Style 6""}]",0,https://shopee.co.th/%E0%B8%81%E0%B8%A3%E0%B8%B0%E0%B9%80%E0%B8%9B%E0%B9%8B%E0%B8%B2%E0%B8%9C%E0%B9%89%E0%B8%B2-cat.11044964.11045276,null,,,null
https://shopee.cl/Stropble-Guys-Thank-You-Tag-Tarjeta-De-Cumplea%C3%B1os/Agradecimiento-Cestas-Nasi-Box-Bento-i.682956372.18144992295?model_id=212274857608,18144992295,Stropble Guys Thank You Tag Tarjeta De Cumpleaños/Agradecimiento Cestas Nasi Box Bento,0,4.8,0,3000,3000,CLP,,0,"[""https://down-cl.img.susercontent.com/file/00502bc5d18997f4385778594dca0ef1_tn"",""https://down-cl.img.susercontent.com/file/4824c4675d2984bc83f2f8eebde2b941_tn"",""https://down-cl.img.susercontent.com/file/015161a4920ac75aeb611c56b3b60419_tn""]",null,bak███toy███.cl███,https://shopee.cl/Stropble-Guys-Thank-You-Tag-Tarjeta-De-Cumplea%C3%B1os/bakingtoysg8.cl,"[""Hogar y Vida"",""Decoración para Fiestas"",""Tarjetas""]","[{""name"":""Existencias"",""value"":""825""},{""name"":""Pedido Mínimo"",""value"":""15""},{""name"":""Tipo de Tarjeta"",""value"":""Saludo / Tarjetas de Regalo""}]","Cumpleaños de la tarjeta de gracias
Puede personalizar nombres y edades, para colocar según las fotos/puede consultar dl
Tamaño 9x5cm
Po 3 días
Precio por pieza pedido mínimo de 15 piezas
Material del cartón

Como ordenar: 
-Ponga El nombre de la edad en el registro al finalizar la compra / comentar el comprador
-Sin Registro Haremos sesión de feliz cumpleaños y No confirmaremos lg al cliente.
-No Se envía diseño por aprobación, asegúrese de que el registro sea correcto, sí.
El precio de los artículos incluye una tarifa de envío que debe ser transmitida por el comprador.
El precio del artículo incluye una tarifa de envío que debe ser transmitida por el comprador.",3.5,387,57,,Wed Feb 09 2022 13:33:52 GMT+0000 (Coordinated Universal Time),10,"[{""name"":""Paquete"",""variations"":[""Solo tarjetas"",""Tarjeta + cadena de cinta"",""Tarjeta + Cadena""]}]",https://shopee.cl,,100636,false,,"[{""name"":""model"",""value"":""Solo tarjetas""}]",0,https://shopee.cl/Tarjetas-cat.11070442.11070642.11071491,null,,,null
https://shopee.vn/H%E1%BB%99p-Ph%E1%BB%A5-Ki%E1%BB%87n-T%C3%B3c-152-Chi-Ti%E1%BA%BFt-Cho-C%C3%A1c-B%C3%A9-C%E1%BB%B1c-D%E1%BB%85-Th%C6%B0%C6%A1ng-i.392682541.21293221970?model_id=226300850870,21293221970,Hộp Phụ Kiện Tóc 152 Chi Tiết Cho Các Bé Cực Dễ Thương,0,4.9,0,300000,300000,VND,,0,"[""https://down-vn.img.susercontent.com/file/vn-11134207-7r98o-lw0s5cqqe1uhdb_tn"",""https://down-vn.img.susercontent.com/file/vn-11134207-7r98o-lw0s5cqqcna1af_tn"",""https://down-vn.img.susercontent.com/file/vn-11134207-7r98o-llt3s39q3snzd1_tn"",""https://down-vn.img.susercontent.com/file/vn-11134207-7r98o-luwtk2derqc2ad_tn"",""https://down-vn.img.susercontent.com/file/vn-11134207-7r98o-llt3s39qj8wv14_tn"",""https://down-vn.img.susercontent.com/file/vn-11134207-7r98o-lw0sa4psortl97_tn"",""https://down-vn.img.susercontent.com/file/vn-11134207-7r98o-llt3s39q3sv321_tn"",""https://down-vn.img.susercontent.com/file/vn-11134207-7r98o-lw0s7iaawx5n14_tn"",""https://down-vn.img.susercontent.com/file/vn-11134207-7r98o-lw0s7iaavil722_tn""]",null,AKIEN,https://shopee.vn/akienshop,"[""Thời trang trẻ em & trẻ sơ sinh"",""Phụ kiện trẻ em & trẻ sơ sinh"",""Phụ kiện tóc""]","[{""name"":""Kho"",""value"":""419""},{""name"":""Xuất xứ"",""value"":""Trung Quốc""},{""name"":""Gửi từ"",""value"":""Lạng Sơn""}]","Thương hiệu : Alien Baby

Chất liệu nhựa

Xuất xứ - Trung Quốc đại lục

Nhóm tuổi áp dụng - 3 tuổi trở lên

Giới tính áp dụng cho Nữ
 
Gói Hàng Gồm 1 hộp phụ kiện 152 Chi Tiết

Loại đồ chơi 'Bàn trang điểm mô phỏng Cô gái 5 Quà tặng sinh nhật Cô gái 8 Đồ chơi trẻ em Bộ phụ kiện tóc Hộp quà Cô gái Công chúa Cô gái Trang sức



Cô gái 5 Quà tặng sinh nhật cho bé gái 8 Đồ chơi trẻ em Bộ phụ kiện tóc Hộp quà Cô gái Công chúa Cô gái Đồ trang sức",4.81,953,81,2.95 hours,Wed Feb 24 2021 16:21:49 GMT+0000 (Coordinated Universal Time),11039,"[{""name"":""Màu sắc"",""variations"":[""Hộp 152"",""Hộp 132"",""Thỏ Tím 147"",""Gấu Dâu 243"",""Xanh 241"",""Tím Kuromi 146""]}]",https://shopee.vn,,100633,false,,"[{""name"":""model"",""value"":""Gấu Dâu 243""}]",0,https://shopee.vn/Ph%E1%BB%A5-ki%E1%BB%87n-t%C3%B3c-cat.11036382.11036397.11036404,null,,,null
https://shopee.com.my/Dettol-Antibacterial-Shower-Gel-Body-Wash-Re-Energise-(850ml-Refill-Pouch)-i.12725966.100303245,100303245,Dettol Antibacterial Shower Gel Body Wash Re-Energise (850ml Refill Pouch),0,4.9,0,1.750000000000000e+01,1.750000000000000e+01,MYR,,0,"[""https://down-my.img.susercontent.com/file/my-11134201-7r98r-lvjrspb6q67ndf_tn"",""https://down-my.img.susercontent.com/file/my-11134201-7r98v-lvjrsqyabod189_tn"",""https://down-my.img.susercontent.com/file/my-11134201-7r98o-lvjrspggighff7_tn"",""https://down-my.img.susercontent.com/file/my-11134201-7r98x-lvjrsqzea29fc3_tn"",""https://down-my.img.susercontent.com/file/my-11134201-7r98p-lvjrsqxqchl9d6_tn""]",null,Det███ & ███kit█████████fic██████,https://shopee.com.my/dettol.os,"[""Beauty"",""Bath & Body Care"",""Body Wash & Soap""]","[{""name"":""Stock"",""value"":""40""},{""name"":""Brand"",""value"":""Dettol""},{""name"":""Ships From"",""value"":""Selangor""}]","""- Kills 99.9% of germs

- Provides 12-hour odour protection

- A zesty mandarin fragrance

- Cleanses and protects your skin with a deep down hygienic clean

- Leaving you feeling healthy, fresh and re-energized everyday""",4.92,438,81,2.63 hours,Tue Nov 22 2016 14:11:46 GMT+0000 (Coordinated Universal Time),486600,"[{""variations"":[null]}]",https://shopee.com.my,Dettol,100630,false,,"[{""name"":""model"",""value"":null}]",0,https://shopee.com.my/Body-Wash-Soap-cat.11000168.11000169.11000170,"[{""claimable"":false,""currency"":""MYR"",""discount"":3,""discount_cap"":0,""discount_percentage"":0,""min_spend"":5000000,""shop_vouncher"":""Dettol & Reckitt Home Official"",""special_condition"":null,""text_info"":""DETTASDAS"",""validity_end"":""2024-09-30T15:59:00.000Z"",""validity_start"":""2024-09-02T02:06:00.000Z""},{""claimable"":false,""currency"":""MYR"",""discount"":8,""discount_cap"":0,""discount_percentage"":0,""min_spend"":8000000,""shop_vouncher"":""Dettol & Reckitt Home Official"",""special_condition"":null,""text_info"":""DETTAFKNL"",""validity_end"":""2024-09-08T15:59:00.000Z"",""validity_start"":""2024-09-02T02:08:00.000Z""},{""claimable"":false,""currency"":""MYR"",""discount"":30,""discount_cap"":0,""discount_percentage"":0,""min_spend"":10000000,""shop_vouncher"":""Dettol & Reckitt Home Official"",""special_condition"":null,""text_info"":""SVC-963697819144220"",""validity_end"":""2024-09-08T15:59:59.000Z"",""validity_start"":""2024-08-24T12:00:00.000Z""},{""claimable"":false,""currency"":""MYR"",""discount"":3,""discount_cap"":0,""discount_percentage"":0,""min_spend"":0,""shop_vouncher"":""Dettol & Reckitt Home Official"",""special_condition"":null,""text_info"":""DETT04SEP"",""validity_end"":""2024-09-04T15:59:00.000Z"",""validity_start"":""2024-09-04T04:00:00.000Z""},{""claimable"":false,""currency"":""MYR"",""discount"":12,""discount_cap"":0,""discount_percentage"":0,""min_spend"":8000000,""shop_vouncher"":""Dettol & Reckitt Home Official"",""special_condition"":null,""text_info"":""99CZ0106"",""validity_end"":""2024-09-24T15:59:00.000Z"",""validity_start"":""2024-09-09T16:00:00.000Z""},{""claimable"":false,""currency"":""MYR"",""discount"":30,""discount_cap"":0,""discount_percentage"":0,""min_spend"":10000000,""shop_vouncher"":""Dettol & Reckitt Home Official"",""special_condition"":null,""text_info"":""9ACZ0097"",""validity_end"":""2024-09-24T15:59:00.000Z"",""validity_start"":""2024-09-08T12:00:00.000Z""}]",,,null
https://shopee.com.co/4PCS-Baby-Diaper-Bucket-Refill-Bags-Garbage-Bag-Diaper-Genie-Angel-care-Diaper-i.487811474.22023461494,22023461494,4PCS Baby Diaper Bucket Refill Bags Garbage Bag Diaper Genie Angel care Diaper,0,0,0,217218,217218,COP,,0,"[""https://down-co.img.susercontent.com/file/sg-11134201-23020-63enzv3xjenv83_tn"",""https://down-co.img.susercontent.com/file/sg-11134201-23020-wn7i8q6xjenv5c_tn"",""https://down-co.img.susercontent.com/file/sg-11134201-23020-5bjnpc9xjenva2_tn"",""https://down-co.img.susercontent.com/file/sg-11134201-23020-5lidkybyjenv03_tn"",""https://down-co.img.susercontent.com/file/sg-11134201-23020-sburd8iyjenv06_tn"",""https://down-co.img.susercontent.com/file/sg-11134201-23020-1w9l11yyjenv6e_tn"",""https://down-co.img.susercontent.com/file/sg-11134201-23020-40g3it3yjenvef_tn"",""https://down-co.img.susercontent.com/file/sg-11134201-23020-swadjc6yjenv49_tn"",""https://down-co.img.susercontent.com/file/sg-11134201-23020-xeo4wzazjenvbe_tn""]",null,sat███e03███co,https://shopee.com.co/satinge03eb.co,"[""Maternidad"",""Esenciales para Viajar de Bebé"",""Pañalera""]","[{""name"":""Existencias"",""value"":""999""}]","Descripción:

La IMPRESCINDIBLE DE BLOQUEO: Nuestras bolsas gruesas de 7 capas atrapan los olores a los pañales dejando su casa con un olor limpio y fresco

Ajuste PERFECTO: Nuestros casetes son compatibles con Genie/Nappy Bins y contenedores Litter Locker

Larga DURACIÓN: cada bote tiene capacidad para hasta 4 nappies y puede durar hasta 2 meses (algunos bebés pueden diferir)

Ecológico AMIGABLE: Nuestros casetes de recarga eliminan el uso de bolsas de pañales individuales que reducen su uso general de plástico.

Libre DE SIMPLE Y FUSOS LIBRES: El forro del contenedor se puede quitar rápida y fácilmente sin necesidad de tocar ni o o o o o oler a los pañales usados.

 

 

Especificación:

Color azul

Material: bolsa de plástico

Longitud: 5000mm

 

 

Paquete:

4 bolsas para pañales recargables.",4.43,334,57,,Tue Jul 13 2021 07:18:49 GMT+0000 (Coordinated Universal Time),67,"[{""variations"":[null]}]",https://shopee.com.co,,100632,false,,"[{""name"":""model"",""value"":null}]",0,https://shopee.com.co/Pa%C3%B1alera-cat.11069097.11069155.11069523,null,,,null
https://shopee.co.id/(Baca-Deskripsi)-PO-GIANT-PHOTOCARD-KPOP/-BIG-PHOTOCARD-KPOP/-KPOP-PHOTOCARD/-CUSTOM-PHOTOCARD-i.237993969.28160157735,28160157735,(Baca Deskripsi) PO GIANT PHOTOCARD KPOP/ BIG PHOTOCARD KPOP/ KPOP PHOTOCARD/ CUSTOM PHOTOCARD,0,0,0,20000,20000,IDR,,0,"[""https://down-id.img.susercontent.com/file/id-11134207-7r98x-lzr9uopy6h7xee_tn"",""https://down-id.img.susercontent.com/file/id-11134207-7r98y-lzr9uopy6h487c_tn"",""https://down-id.img.susercontent.com/file/id-11134207-7r98z-lzr9uopy7voo0b_tn"",""https://down-id.img.susercontent.com/file/id-11134207-7r98q-lzr9uopy9a9421_tn"",""https://down-id.img.susercontent.com/file/id-11134207-7r98p-lzr9uopyaotk80_tn""]",null,h0b███re.███,https://shopee.co.id/(Baca-Deskripsi)-PO-GIANT-PHOTOCARD-KPOP/-BIG-PHOTOCARD-KPOP/-KPOP-PHOTOCARD/h0bicore.2,"[""Hobi & Koleksi"",""Koleksi"",""Koleksi Penggemar""]","[{""name"":""Stok"",""value"":""20""},{""name"":""Merek"",""value"":""-""},{""name"":""Dikirim Dari"",""value"":""KOTA PADANG""}]","PO Giant/ Big Kpop Photocard Custom

- size A4 + gambar HD
- glossy laminating
- 2 sided print/ timbal balik
- photo paper 210 gsm (2 sheets / pc)
- custom photo (tulis di notes saat co, untuk file hambar di upload di link form di bawah)
- bisa request text di photo
- packing + freebies + admin fee

‼️setelah co wajib isi FORM di bawah untuk upload file photo yg dicustom:
https://forms.gle/wvzNoJSzfK7dumbWA

kalau ada yg mau ditanyakan silahkan chat kami yaa‼️💬💥


‼‼packing dari kami dijamin aman, jika ada kerusakan selama pengiriman itu di luar tanggung jawab kami ‼‼

",5,5,57,,Sat Mar 21 2020 23:28:38 GMT+0000 (Coordinated Universal Time),11,"[{""variations"":[null]}]",https://shopee.co.id,,100639,false,,"[{""name"":""model"",""value"":null}]",0,https://shopee.co.id/Koleksi-Penggemar-cat.11043572.11043622.11043628,null,,,null
https://shopee.co.th/[S-5XL]-%E0%B9%80%E0%B8%AA%E0%B8%B7%E0%B9%89%E0%B8%AD%E0%B8%A2%E0%B8%B7%E0%B8%94%E0%B8%9C%E0%B9%89%E0%B8%B2%E0%B8%9D%E0%B9%89%E0%B8%B2%E0%B8%A2-%E0%B8%9E%E0%B8%B4%E0%B8%A1%E0%B8%9E%E0%B9%8C%E0%B8%A5%E0%B8%B2%E0%B8%A2%E0%B8%81%E0%B8%B2%E0%B8%A3%E0%B9%8C%E0%B8%95%E0%B8%B9%E0%B8%99-Captain-Haddock-Tintin-%E0%B9%81%E0%B8%9F%E0%B8%8A%E0%B8%B1%E0%B9%88%E0%B8%99%E0%B8%A4%E0%B8%94%E0%B8%B9%E0%B8%A3%E0%B9%89%E0%B8%AD%E0%B8%99-%E0%B8%AA%E0%B9%84%E0%B8%95%E0%B8%A5%E0%B9%8C%E0%B8%AE%E0%B8%B4%E0%B8%9B%E0%B8%AE%E0%B8%AD%E0%B8%9B-%E0%B8%AA%E0%B9%8D%E0%B8%B2%E0%B8%AB%E0%B8%A3%E0%B8%B1%E0%B8%9A%E0%B8%9C%E0%B8%B9%E0%B9%89%E0%B8%8A%E0%B8%B2%E0%B8%A2-i.805687832.20639839835?model_id=29138949385,20639839835,[S-5XL] เสื้อยืดผ้าฝ้าย พิมพ์ลายการ์ตูน Captain Haddock Tintin แฟชั่นฤดูร้อน สไตล์ฮิปฮอป สําหรับผู้ชาย,0,0,0,169,169,THB,,0,"[""https://down-th.img.susercontent.com/file/e0b9eba432cdcb01483fd75327fdbb26_tn"",""https://down-th.img.susercontent.com/file/29e2acbfd00138b446367187307bbcbb_tn"",""https://down-th.img.susercontent.com/file/5ffa14d71e6168506a202c97cc67e358_tn"",""https://down-th.img.susercontent.com/file/862912332640fdad6d8b3a901cb40a99_tn"",""https://down-th.img.susercontent.com/file/34de6c5b67ece1fc8479dfa26e5da0a2_tn"",""https://down-th.img.susercontent.com/file/09cdc6a8ebc4391bec5676ec247876d9_tn"",""https://down-th.img.susercontent.com/file/af8ee387657bc220de04b9c703ba66a6_tn"",""https://down-th.img.susercontent.com/file/01ca3ba9b9ed5412eaa9c394f22806f9_tn""]",null,w9s███eaz███,https://shopee.co.th/w9szfpeazu,"[""เสื้อผ้าผู้ชาย"",""เสื้อ"",""เสื้อยืด""]","[{""name"":""คลัง"",""value"":""6993""},{""name"":""สไตล์เสื้อผ้า"",""value"":""เกี่ยวกับกีฬา, ธรรมดา""},{""name"":""เสื้อผ้าสำหรับคนสูง"",""value"":""ใช่""},{""name"":""ความยาวเสื้อ"",""value"":""ยาว""},{""name"":""ประเทศต้นกำเนิดสินค้า"",""value"":""ไทย""},{""name"":""ความยาวของแขนเสื้อ"",""value"":""แขนสั้น""},{""name"":""ขนาดของเสื้อ"",""value"":""หลวม""},{""name"":""ทรงคอเสื้อ"",""value"":""คอกลม""},{""name"":""วัสดุ"",""value"":""ฝ้าย""},{""name"":""ลวดลาย"",""value"":""ลายพิมพ์""},{""name"":""ฤดูกาล"",""value"":""ฤดูร้อน""},{""name"":""ขนาดใหญ่"",""value"":""ใช่""},{""name"":""ส่งจาก"",""value"":""จังหวัดปทุมธานี""}]","ผ้าคอตตอน 100%
ซักเครื่องได้ แหวนสปันผ้าฝ้ายใส่สบาย
เสื้อยืดทรงสลิมฟิตทันสมัย - โปรดดูแผนภูมิขนาดสำหรับปรับขนาด
ใช้เทคโนโลยีขั้นสูงล่าสุดเพื่อเพิ่มประสิทธิภาพเสื้อยืดของคุณด้วยกราฟิกความคมชัดสูงที่ยอดเยี่ยมและความรู้สึกเรียบเนียนเป็นพิเศษ
การออกแบบแฟชั่นสวยงามและสวมใส่สบายเหมาะสำหรับการออกกำลังกายทุกประเภทออกกำลังกายหรือพักผ่อนและอื่น ๆ",3.82,877,57,,Wed Jun 29 2022 01:41:58 GMT+0000 (Coordinated Universal Time),64,"[{""name"":""สี"",""variations"":[""สีของภาพ""]},{""name"":""ขนาด"",""variations"":[""XL"",""XXL"",""3XL"",""XS"",""S"",""M"",""L""]}]",https://shopee.co.th,,100011,false,,"[{""name"":""model"",""value"":""สีของภาพ,M""}]",0,https://shopee.co.th/%E0%B9%80%E0%B8%AA%E0%B8%B7%E0%B9%89%E0%B8%AD%E0%B8%A2%E0%B8%B7%E0%B8%94%E0%B8%AA%E0%B8%81%E0%B8%A3%E0%B8%B5%E0%B8%99%E0%B8%95%E0%B8%B1%E0%B8%A7%E0%B8%AB%E0%B8%99%E0%B8%B1%E0%B8%87%E0%B8%AA%E0%B8%B7%E0%B8%AD-cat.11044945.11045067.11045424,null,,,null
https://shopee.com.mx/Limpiador-De-Pelo-El%C3%A9ctrico-Peine-De-Liendres-Limpieza-De-Mascotas-Multifuncional-Removedor-De-Piojos-Reino-Unido-Accesorios-Para-i.954278534.23224457333,23224457333,Limpiador De Pelo Eléctrico Peine De Liendres Limpieza De Mascotas Multifuncional Removedor De Piojos Reino Unido Accesorios Para,0,5,0,5.345000000000000e+02,2.675000000000000e+02,MXN,,0,"[""https://down-mx.img.susercontent.com/file/sg-11134201-22100-w6zeo63jmrivf2_tn"",""https://down-mx.img.susercontent.com/file/sg-11134201-22100-gxinrg4jmrivb1_tn"",""https://down-mx.img.susercontent.com/file/sg-11134201-22100-k5adlr4jmriv71_tn"",""https://down-mx.img.susercontent.com/file/sg-11134201-22100-ovq7wz4jmrivb2_tn"",""https://down-mx.img.susercontent.com/file/sg-11134201-22100-7b70ff5jmriv23_tn""]",null,dre███tar███mx,https://shopee.com.mx/dreamstarp4.mx,"[""Mascotas"",""Aseo de Mascotas"",""Cuidado de Garra""]","[{""name"":""Existencias"",""value"":""999""}]","Caracteristicas:
-Después De procesar el peine de piojos eléctrico, simplemente retire el filtro y cuélguelo en la cubierta para una limpieza higiénica.
-El Peine de piojos eléctrico es simple y fácil de usar. Este es un peine de piojos hipoalergénico reutilizable adecuado para niños y adultos.
-Peine De piojos al vacío con dientes redondos ajustables de acero inoxidable y peine de piojos electrónicos ergonómicos.
-Herramienta De cepillo de limpieza de peine eléctrico, sistema innovador, fácil de peinar y pelo suelto. También se puede usar para quitar el piojo de las mascotas para adaptarse a sus diferentes necesidades.

Especificación:
Material: ABS

El paquete incluye:
Peine de piojos eléctrico * 1, filtro * 3",4.88,86,57,,Tue Feb 14 2023 07:32:10 GMT+0000 (Coordinated Universal Time),4,"[{""name"":""Cor"",""variations"":[""Máquina""]}]",https://shopee.com.mx,,100631,false,,"[{""name"":""model"",""value"":""Máquina""}]",0,https://shopee.com.mx/Cuidado-de-Garra-cat.11056741.11056784.11057010,null,,,null
https://shopee.com.co/Stumble-Guys-Game-Merch-Mochila-Bolsa-De-Hombro-Estuche-De-L%C3%A1pices-Set-i.790168300.25904931962?model_id=245128978170,25904931962,Stumble Guys Game Merch Mochila Bolsa De Hombro Estuche De Lápices Set,0,0,0,248114,248114,COP,,0,"[""https://down-co.img.susercontent.com/file/sg-11134201-7rbkh-lo9talg608in32_tn"",""https://down-co.img.susercontent.com/file/sg-11134201-7rbms-lo9tap9seus135_tn"",""https://down-co.img.susercontent.com/file/sg-11134201-7rbks-lniorhlipviga5_tn"",""https://down-co.img.susercontent.com/file/sg-11134201-7rblv-lo9tanfh3w37ee_tn"",""https://down-co.img.susercontent.com/file/sg-11134201-7rbl1-lo9tanowq33n29_tn"",""https://down-co.img.susercontent.com/file/sg-11134201-7rbmg-lo9tamcwoc1vc1_tn"",""https://down-co.img.susercontent.com/file/sg-11134201-7rbn3-lo9tam90u0lm9a_tn"",""https://down-co.img.susercontent.com/file/sg-11134201-7rbkh-lo9talg608in32_tn"",""https://down-co.img.susercontent.com/file/sg-11134201-7rbn3-lo9tam90u0lm9a_tn""]",null,Tie███ Of███al █████████,https://shopee.com.co/clktick.co,"[""Papelería"",""Suministros de Escuela y Oficina"",""Lapicera""]","[{""name"":""Existencias"",""value"":""69153""},{""name"":""Material"",""value"":""Lona""},{""name"":""Cantidad"",""value"":""Cero""}]","¡Controducir A la mochila de estudiante de aspecto de fiesta de cuello de chicos, la mochila de hombro y el juego de estuches para lápices! Este conjunto de moda viene en varios colores para elegir, incluidos 1, 2, 3, 4, 5, 6, y 7. Diseñado con un estilo de ropa de calle, es perfecto para aquellos que quieren abrazar la tendencia de la moda urbana. El artículo está disponible con el código de producto. 2569825698. 

Hecho de material de lona duradero, este juego está diseñado para durar. La mochila, el bandolera y el estuche para lápices están forrados con material de lona, lo que agrega su durabilidad. El conjunto cuenta con un cómodo cierre con cremallera, lo que garantiza la seguridad de sus pertenencias. La mochila tiene un compartimento espacioso con un bolsillo con cremallera para una fácil organización. 

El conjunto de mochila para estudiantes con temas de juego de fiesta de cuello de chicos, bolso de hombro y estuches para lápices está diseñado para ser suave, brindando comodidad mientras lo usa. Las dimensiones del juego incluyen la mochila, el bandolera y el estuche para lápices.

Especificaciones:
- Material: Lona
- Año/temporada de lanzamiento: Primavera 2023
- Tipo de cierre: Cremallera
- Estructura interna: Bolsa con cremallera
- Dureza: Suave
- Dimensiones: Mochila, Bandolera, Estuche para lápices
- Adecuado para escenarios de viaje casuales

Prepárate para hacer una declaración de estilo con este conjunto de Mochila para estudiantes con temas de fiesta de colágeno, bandolera y juego de estuches para lápices. Ya sea que vaya a la escuela o en un viaje informal, este conjunto es perfecto para sus aventuras diarias. No te pierdas este conjunto moderno y funcional: ¡Ordena el tuyo hoy!",4.28,30,57,,Wed Jun 08 2022 07:03:22 GMT+0000 (Coordinated Universal Time),37,"[{""name"":""Color"",""variations"":[""1"",""2"",""3"",""4"",""5"",""6"",""7""]},{""name"":""Talla"",""variations"":[""Conjunto de tres piezas""]}]",https://shopee.com.co,,100638,false,,"[{""name"":""model"",""value"":""6,Conjunto de tres piezas""}]",0,https://shopee.com.co/Lapicera-cat.11069116.11069287.11070046,null,,,null
https://shopee.co.id/Mukena-Traveling-Mini-Pouch-Parasut-Korea-Anak-dan-Dewasa-i.331157024.18182109256?model_id=49339480841,18182109256,Mukena Traveling Mini Pouch Parasut Korea Anak dan Dewasa,0,4.9,0,120000,120000,IDR,0,0,"[""https://down-id.img.susercontent.com/file/id-11134207-7qul9-ljgja4304ons63_tn"",""https://down-id.img.susercontent.com/file/id-11134207-7qul1-ljgja4303a3cde_tn"",""https://down-id.img.susercontent.com/file/id-11134207-7qul4-ljgja43a2vnz03_tn"",""https://down-id.img.susercontent.com/file/id-11134207-7r991-llybhowsmoizdf_tn"",""https://down-id.img.susercontent.com/file/id-11134207-7r992-llybhowso33f3e_tn"",""https://down-id.img.susercontent.com/file/id-11134207-7r98z-llybhowssasrbd_tn"",""https://down-id.img.susercontent.com/file/id-11134207-7r98r-llybhowsphnvcd_tn"",""https://down-id.img.susercontent.com/file/id-11134207-7qukw-ljgj9h8vpe8366_tn"",""https://down-id.img.susercontent.com/file/id-11134207-7qul8-ljgj9h8vwf2b10_tn""]",null,dar███mbu███,https://shopee.co.id/darie.mbu,"[""Fashion Muslim"",""Mukena & Perlengkapan Sholat"",""Mukena Travel""]","[{""name"":""Stok"",""value"":""3412""},{""name"":""Merek"",""value"":""-""},{""name"":""Negara Asal"",""value"":""Indonesia""},{""name"":""Bahan"",""value"":""Lainnya""},{""name"":""Motif"",""value"":""Polos""},{""name"":""Dikirim Dari"",""value"":""KOTA TASIKMALAYA""}]","Assalamualaikum Sobat Mbuuu, Ada yang baru nihh
Mukena Traveling Mini Pouch Parasut Korea kekinian yang anti ribet, ringan, mudah dibersihkan. 
1. Bahan Parasut Premium membuat adem dan juga dingin di kulit. 
2. Bisa masuk kantong karena ukurannya kecil. 
3. Praktis dibawa kemana-mana. 
4. Mudah dibersihkan. 
5. Model 2in1. Ada rel sleting dibagian bawah dagu untuk uk ANAK dan DEWASA nya

BELUM INCLUDE SM SEJADAH
KALO MAU SEJADAH FREE  WAJIB KASIH NOTE ''KAK AKU MAU TAMBAH SEJADAH'' 

ADA 3 UKURAN ANAK DAN DEWASA

- UKURAN ANAK ( 7-12TH )
ATASAN : PD : 101
                  PB : 112
ROK        : PR : 96
                  LR : 62

- UKURAN TK ( 3-6TH )
ATASAN : PD : 94
                  PB : 106
ROK        : PR : 91
                  LR : 59

- UKURAN DEWASA 
ATASAN : PD : 122
                  PB : 134
ROK        : PR : 112
                  LR : 75

DETAIL POUCH : TINGGI : 11.5 CM
                              LEBAR : 13 CM

NOTE : UNTUK GANTUNGAN KITA KASIH FREE ( DIKIRIM RANDOM ) YAA!!
UNTUK KARABINER KITA KIRIM SESUAI PERSEDIAAN...

Jangan lupa bawa peralatan ibadah sendiri agar ibadah menjadi nyaman dan aman. Bisa menjadi rekomendasi kado/hadiah/hampers yang bermanfaat untuk kerabat Anda

",4.88,45,90,1.99 hours,Mon Nov 02 2020 03:35:34 GMT+0000 (Coordinated Universal Time),35411,"[{""name"":""WARNA"",""variations"":[""DUSTY PING"",""LAVENDER"",""NAVY"",""EMERALD"",""SAGE"",""VIOLET"",""BRONZE"",""HITAM"",""WINE"",""DENIM"",""PING BLOSOOM"",""BROKEN WHITE"",""ROSE GOLD"",""ABU"",""PEACH"",""LILAC"",""TERRACOTTA"",""WARDAH"",""TOSCA"",""MATCHA"",""KHAKY"",""ARMY"",""MILO"",""CINNAMON""]},{""name"":""UKURAN"",""variations"":[""ANAK SD"",""DEWASA"",""ANAK ( TK )""]}]",https://shopee.co.id,,100014,false,,"[{""name"":""model"",""value"":""ROSE GOLD,DEWASA""}]",0,https://shopee.co.id/Mukena-Travel-cat.11042684.11042718.11042723,null,,,null
https://shopee.cl/Fashion.front-Plaid-Shirt-Mujeres-Estilo-Suelto-Retro-Chaqueta-De-Protecci%C3%B3n-Solar-Moda-Tops-joie-i.1053763673.22451414655?model_id=89418496974,22451414655,Fashion.front-Plaid Shirt Mujeres Estilo Suelto Retro Chaqueta De Protección Solar Moda Tops joie,0,4.8,0,13000,13000,CLP,,0,"[""https://down-cl.img.susercontent.com/file/374c9c0fa41c25fa867ec2d20d86e228_tn"",""https://down-cl.img.susercontent.com/file/622b76480c5401325269ec19c4137a85_tn"",""https://down-cl.img.susercontent.com/file/061f586661bb255409ef0e17246f99c3_tn"",""https://down-cl.img.susercontent.com/file/0400d36de322a1c8e3eb5a6844e8ffa9_tn"",""https://down-cl.img.susercontent.com/file/8a99a5634aef73c3f4ba988d733e5962_tn"",""https://down-cl.img.susercontent.com/file/81c6c9da9bbb1ff3e6f39f76291f50e8_tn"",""https://down-cl.img.susercontent.com/file/bab05d9438a5b26ed22eb91d98fcce9f_tn"",""https://down-cl.img.susercontent.com/file/2423347e317baf3f1888240ead37b023_tn""]",null,fas███nfr███xxl██████,https://shopee.cl/fashionfrontxxlda.cl,"[""Ropa de Mujer"",""Chamarras, Sacos y Chalecos"",""Chamarras""]","[{""name"":""Existencias"",""value"":""19949""},{""name"":""Material"",""value"":""Algodón""},{""name"":""Tipo de Chamarra"",""value"":""Otros""},{""name"":""Talla Extra"",""value"":""Sí""},{""name"":""Patrón"",""value"":""Otros""}]","Bienvenido a mi tienda - jettingbuy. Disfrute de su tiempo de compras, ¡que tenga un buen día!
Descripción:

Característica:moda

Material:poliéster

Color: blanco/rosa/naranja/azul
Estilo:casual

Tamaño: S/M/L/XL/XXL

Contenido del paquete: 1 camisa.

Tenga en cuenta:

-Debido A los diferentes monitores y efectos de luz, el color real puede ser ligeramente diferente al color de la imagen.

-Permita Una diferencia de 1-3 CM debido a la medición manual.

-El Tamaño asiático es más pequeño que el tamaño de la UE/EE. UU./Reino Unido. Compara los tamaños detallados con los tuyos antes de comprar.",0,14,57,,Tue Aug 15 2023 08:46:24 GMT+0000 (Coordinated Universal Time),0,"[{""name"":""Variación"",""variations"":[""Blanco (S)"",""Blanco (M)"",""Blanco (L)"",""Blanco (XL)"",""Blanco (XXL)"",""Azul (S)"",""Azul (M)"",""Azul (L)"",""Azul (XL)"",""Azul (XXL)"",""Rosa (S)"",""Rosa (M)"",""Rosa (L)"",""Rosa (XL)"",""Rosa (XXL)"",""Naranja(s)"",""Naranja (M)"",""Naranja(l)"",""Naranja (XL)"",""Naranja (XXL)""]}]",https://shopee.cl,,100017,false,,"[{""name"":""model"",""value"":""Rosa (L)""}]",0,https://shopee.cl/Sacos-y-Chamarras-cat.11070449.11070577.11071134,null,,,null
"https://shopee.vn/sale-t%E1%BA%A5t-c%E1%BA%A3-Google-Tivi-QLED-TOSHIBA-55-inch-55M550LP,-Smart-TV-M%C3%A0n-H%C3%ACnh-Quantum-Dot-4K-UHD---Loa-49W---Mi%E1%BB%85n-Ph%C3%AD-L%E1%BA%AFp-%C4%90%E1%BA%B7t-i.616543206.23150552708",23150552708,"sale tất cả Google Tivi QLED TOSHIBA 55 inch 55M550LP, Smart TV Màn Hình Quantum Dot 4K UHD - Loa 49W - Miễn Phí Lắp Đặt",0,0,0,19990000,9995000,VND,,0,"[""https://down-vn.img.susercontent.com/file/vn-11134201-7qukw-lk4x8799igoy30_tn"",""https://down-vn.img.susercontent.com/file/vn-11134201-7qukw-lk4x88e2a8c4c0_tn"",""https://down-vn.img.susercontent.com/file/vn-11134201-7qukw-lk4x899ekw7665_tn"",""https://down-vn.img.susercontent.com/file/vn-11134201-7qukw-lk4x8a29eo0216_tn"",""https://down-vn.img.susercontent.com/file/vn-11134201-7qukw-lk4x8axm4s8y04_tn"",""https://down-vn.img.susercontent.com/file/vn-11134201-7qukw-lk4x8bruwiyqc7_tn"",""https://down-vn.img.susercontent.com/file/vn-11134201-7qukw-lk4x8cobl0qqd5_tn""]",null,điệ███áy ███ hà██████,https://shopee.vn/hanguyettzrj,"[""Thiết Bị Điện Gia Dụng"",""Tivi & Phụ kiện"",""Tivi""]","[{""name"":""Kho"",""value"":""7""},{""name"":""Thương hiệu"",""value"":""TOSHIBA""},{""name"":""Bộ xử lý TV"",""value"":""4K UHD""},{""name"":""Xuất xứ"",""value"":""Thái Lan""},{""name"":""Hạn bảo hành"",""value"":""24 tháng""},{""name"":""Kích thước màn hình tivi"",""value"":""50 - 60 Inches""},{""name"":""Loại màn hình tivi"",""value"":""QLED""},{""name"":""Kích thước (dài x rộng x cao)"",""value"":""122.8cm x 73.3cm x 25.9cm""},{""name"":""Gửi từ"",""value"":""Bắc Giang""}]","TV Toshiba 55 inch M550L là thiết bị thuộc dòng sản phẩm tivi Toshiba M550 - thế hệ Google tivi màn hình QLED thông minh nhất hiện nay. Với những ưu thế nổi trội từ công nghệ độc quyền, tivi Toshiba 55M550L mang tới bạn và gia đình những trải nghiệm giải trí khác biệt dễ nhận thấy từ bên ngoài với vẻ đẹp tối giản trong thiết kế, màn hình viền siêu mỏng tới bên trong như chất lượng hình ảnh tuyệt mỹ, âm thanh sống động, kết nối thông minh... đúng với slogan ""Đủ, mới là thật"". 

I. Hình ảnh tuyệt mỹ

- TV Toshiba 55 inch M550L được trang bị bộ vi xử lý Regza Engine 4K, độ phân giải Ultra HD 4K, gấp 4 lần độ phân giải FULL HD mang tới chất lượng hình ảnh tuyệt hảo. Công nghệ hiển thị Ultra Essential PQ đem lại sự sắc nét trên từng khung hình kết hợp với tấm nền QLED chất lượng cao xử lý hình ảnh 4K với chất lượng ngoạn mục đáng kinh ngạc.

- Công nghệ AI 4K Upscaling nâng cấp hình ảnh đầu vào từ chất lượng FULL HD lên chất lượng gần 4K nhất. Thay vì chỉ sao chép điểm ảnh, TV Toshiba chọn lọc thông minh màu sắc của các điểm ảnh lân cận và quyết định chúng có phù hợp hay không bằng cách phân tích kết cấu của hình ảnh gốc.

- Công nghệ 4K Brilliance Restoration của QLED Tivi 55M550L phân tích hình ảnh bằng cách phân chia và khôi phục độ sáng theo từng khu vực, để tái tạo độ sáng toàn phần của hình ảnh. 

- TV Toshiba 55 inch M550L sở hữu công nghệ độc quyền QUANTUM DOT mang đến hơn 1 tỷ màu sắc trung thực, giúp thể hiện được chính xác màu sắc trong từng hình ảnh với màu sắc chân thực, độ sáng cao và thuần túy.

II. Âm thanh chân thực

- Google TV Toshiba 55 inch M550 có loa trầm 25W ở mặt sau và loa kép 12W, tổng công suất 49W cho âm thanh chất lượng to, rõ, kết hợp cùng công nghệ REGZA Power Audio Pro cho phép bạn tận hưởng từng thước phim với âm thanh như thể bạn đang ở đó. 

- Công nghệ Dolby Audio tạo nên không gian giải trí sống động, mạnh mẽ và chân thực.

- Công nghệ Dolby Atmos là chuẩn âm thanh cao cấp nhất trên các dòng tivi, có thể phát ra mọi âm thanh của từng vật thể trong cùng 1 cảnh tại 1 thời điểm với không gian âm thanh đa chiều sống động (lên đến 128 loại âm thanh khác nhau).

III. Tính năng thông minh

- Google TV

- Điều khiển giọng nói rảnh tay: Ok Google (trợ lý tiếng Việt)

- Dual Band 2.4G + 5G

- Phản chiếu màn hình thông minh: DLNA, Chromecast, Miracast, AirPlay, Content Sharing

IV. Thiết kế tối giản

- TV Toshiba với triết lý ""vẻ đẹp tối giản""

- Màn hình tràn viền cho trải nghiệm vô cực

- Bezel less: viền siêu mỏng cho cảm nhận tốt hơn

- Thân hình tivi Toshiba 55M550L thanh mảnh, quyến rũ, chân đế kim loại chắc chắn, nẹp chống lật cực an toàn.

V. Cổng kết nối đa dạng

- Kết nối Internet: cổng mạng LAN, Wifi (2.4/5GHz)

- Kết nối không dây: Bluetooth (Kết nối loa, tai nghe)

- USB: 2 cổng USB 3.0

- Cổng nhận hình ảnh, âm thanh: 3 cổng HDMI, 1 cổng AV, 1 cổng RF (Analog, Digital)

- Cổng xuất âm thanh: 1 cổng Jack 3.5mm, 1 cổng Optical (Digital Audio)

VI. Chính sách bảo hành 

Bảo hành chính hãng toàn quốc 2 năm

Hotline",0,88,57,,Tue Dec 07 2021 19:57:00 GMT+0000 (Coordinated Universal Time),6,"[{""variations"":[null]}]",https://shopee.vn,TOSHIBA,100010,false,,"[{""name"":""model"",""value"":null}]",0,https://shopee.vn/50---60-inches-cat.11036132.11036151.11036155,null,,,null
https://shopee.com.co/Cintur%C3%B3n-De-Empuje-Correa-De-Cadera-Port%C3%A1til-Acolchado-Suave-Buen-Equilibrio-Para-El-Entrenamiento-i.471808780.22785583826,22785583826,Cinturón De Empuje Correa De Cadera Portátil Acolchado Suave Buen Equilibrio Para El Entrenamiento,0,0,0,81084,81084,COP,,0,"[""https://down-co.img.susercontent.com/file/sg-11134201-7rbm6-lmqytjces75l63_tn""]",null,bod███z.c███,https://shopee.com.co/bodashz.co,"[""Maternidad"",""Cuidado Corporal y del Baño"",""Otros""]","[{""name"":""Existencias"",""value"":""1""}]","-PARA Cualquier PESO: Cinturón de empuje para ejercicios de cadera eficientes y cómodos. Nuestro cinturón de empuje de cadera portátil funciona para cualquier nivel de usuario con una variedad de pesos.
-HIP Cuidado: Descansa perfectamente en tus caderas. Tiene un acolchado suave para proteger sus caderas y un agarre para mantener el cinturón en su lugar. No más caderas doloridas con nuestro equipo de entrenamiento de botines.
-BUENA Balance: construido con acolchado antideslizante, ya no necesita preocuparse por el deslizamiento del peso y la lanzamiento del equilibrio que le brinda un mejor equilibrio que una barra.
-FÁCIL De USAR: Se puede configurar en segundos o menos. Simplemente pase las correas o alrededor de los pesos que esté usando y asegúrelas en su lugar. Cierre el cinturón para un gran entrenamiento de empuje de cadera.
- Uso MULTIFUNCIONAL: Agregue pesos al cinturón de empuje de cadera para pulmones, puentes glutinos, extensiones de hipermarines inverso y más. Se puede utilizar como cinturón de empuje de cadera para mancuernas, teteras, placas o cualquier tipo de peso.

Especificación:
Tipo de artículo: Cinturón de ejercicio de cadera
Material: Tejido de buceo, correas. 
De Color negro

Lista de paquetes:
1

Cinturón de ejercicio de cadera",4.35,1545,57,,Mon Jun 21 2021 11:27:49 GMT+0000 (Coordinated Universal Time),44,"[{""variations"":[null]}]",https://shopee.com.co,,100632,false,,"[{""name"":""model"",""value"":null}]",0,https://shopee.com.co/Otros-cat.11069097.11069156.11069525,null,,,null
https://shopee.tw/%E3%80%90%E5%A5%BD%E4%BE%86%E3%80%91%E5%B0%88%E6%A5%AD%E8%AD%B7%E9%BD%A6%E7%89%99%E5%88%B72%E5%85%A5%E8%A3%9D(2%E5%85%A5/4%E5%85%A5)-i.201407617.7008946019?model_id=61165052992,7008946019,【好來】專業護齦牙刷2入裝(2入/4入),0,5,0,119,109,TWD,,0,"[""https://down-tw.img.susercontent.com/file/tw-11134207-7r98y-ls6f73jpo4b6a1_tn"",""https://down-tw.img.susercontent.com/file/tw-11134207-7r98o-ls6f73jppivm4f_tn"",""https://down-tw.img.susercontent.com/file/tw-11134207-7r98r-lxmafdb6udraf6_tn"",""https://down-tw.img.susercontent.com/file/tw-11134207-7r98s-lxmafiwmnlf473_tn"",""https://down-tw.img.susercontent.com/file/tw-11134207-7r98v-lxmafiwmozzke5_tn"",""https://down-tw.img.susercontent.com/file/tw-11134207-7r990-lxmafiwwn6zq40_tn"",""https://down-tw.img.susercontent.com/file/tw-11134207-7r990-lxmafiwwn6sw35_tn"",""https://down-tw.img.susercontent.com/file/tw-11134207-7r98x-lxmafiwmnlly35_tn"",""https://down-tw.img.susercontent.com/file/tw-11134207-7r98v-lxmafiyamkh221_tn"",""https://down-tw.img.susercontent.com/file/tw-11134207-7r991-lxmafiy0lkc093_tn""]",null,好來品███旗艦店███原黑人███,https://shopee.tw/%E3%80%90%E5%A5%BD%E4%BE%86%E3%80%91%E5%B0%88%E6%A5%AD%E8%AD%B7%E9%BD%A6%E7%89%99%E5%88%B72%E5%85%A5%E8%A3%9D(2%E5%85%A5/darlie_ec,"[""保健"",""個人照護"",""口腔照護"",""牙刷""]","[{""name"":""商品數量"",""value"":""292""},{""name"":""品牌"",""value"":""DARLIE 好來""},{""name"":""出貨地"",""value"":""臺北市松山區""}]","

🚩牙刷顏色為隨機出貨，恕不指定

★纖細超軟刷毛，能溫和深入齒縫徹底清潔，呵護琺瑯質，適用於敏感性與健康牙齒。
★高濃密植毛技術，柔密舒適的刷毛能夠分散刷牙時對牙齦所施加的不當壓力，呵護並維持牙齦健康。 
★時尚四色柔軟防滑膠柄，舒適好拿

品牌：DARLIE 好來
品名：專業護齦牙刷2入
規格：2入
保存期限：10Y

---
🔍保持口腔健康的3大重點，幫助您照顧口腔、牙齒和牙齦
重點1 ✨按時刷牙：每天使用含氟牙膏刷牙至少2次，尤其是早上和睡前，每次最少2分鐘。
重點2 ✨每天都要使用牙線。
重點3 ✨定期檢查：每六個月接受專業口腔檢查與牙齒清潔。

🔍每隔多久要更換牙刷？
為預防牙刷藏匿汙垢，建議每三個月左右更換一把牙刷。若刷毛彎曲，可能對口腔造成損傷，則需立即更換牙刷。

【出貨提醒】
📌超商取貨請留意訂單總材積，超過限制將會聊聊請您取消訂單&重新下單，恕無法退回折價券以及賣場優惠價(依當下價格為主)
📌超商取貨材積限制：材積≦45x30x30cm，重量不得超過5kg
📌若超取門市關轉蝦皮系統會通知您修改門市、系統庫存異常客服人員將會聊聊通知您取消訂單或重新下單
📌宅配使用郵局，物流假日不配送
📌超商取貨訂單顯示［賣家將於確認訂單後出貨］表示已經進入出貨流程，後續超商物流會在刷取條碼以及配送至您選定指定門市。(超商包裹會直接出貨至超商物流中心，故系統不會顯示賣家到店寄送時間噢！)
📌貨源：官方授權公司貨

【退換貨須知】
📌包裹拆箱請全程錄影，如商品有短少的話，請以聊聊提供影片以及箱內出貨單號照片給客服人員，將會盡快為您處理
📌請於收到商品後七個工作天內提出退/換貨需求，並保持商品未拆封

【客服服務時間】
📌周一至周五 09:00-18:00
📌例假日與國定假日的聊聊訊息，將於服務時間依序回覆",4.97,148,100,4.00 hours,Wed Nov 20 2019 02:36:00 GMT+0000 (Coordinated Universal Time),135379,"[{""name"":""規格"",""variations"":[""牙刷2入x1"",""牙刷2入x2""]}]",https://shopee.tw,DARLIE 好來,100001,false,,"[{""name"":""model"",""value"":""牙刷2入x1""}]",0,https://shopee.tw/%E7%89%99%E5%88%B7%E3%80%81%E7%89%99%E8%86%8F%E3%80%81%E6%BC%B1%E5%8F%A3%E6%B0%B4-cat.11040925.11042539.11042554,"[{""claimable"":false,""currency"":""TWD"",""discount"":50,""discount_cap"":0,""discount_percentage"":0,""min_spend"":5100000,""shop_vouncher"":""好來品牌官方旗艦店 | 原黑人牙膏"",""special_condition"":null,""text_info"":""WLDXLMFVH"",""validity_end"":""2024-09-30T15:59:00.000Z"",""validity_start"":""2024-08-31T16:00:00.000Z""},{""claimable"":false,""currency"":""TWD"",""discount"":null,""discount_cap"":12000000,""discount_percentage"":12,""min_spend"":29900000,""shop_vouncher"":""好來品牌官方旗艦店 | 原黑人牙膏"",""special_condition"":null,""text_info"":""DARL09040"",""validity_end"":""2024-09-05T15:59:00.000Z"",""validity_start"":""2024-09-03T16:00:00.000Z""},{""claimable"":false,""currency"":""TWD"",""discount"":null,""discount_cap"":null,""discount_percentage"":null,""min_spend"":69900000,""shop_vouncher"":""好來品牌官方旗艦店 | 原黑人牙膏"",""special_condition"":null,""text_info"":""DARL09042"",""validity_end"":""2024-09-05T15:59:00.000Z"",""validity_start"":""2024-09-03T16:00:00.000Z""},{""claimable"":false,""currency"":""TWD"",""discount"":219,""discount_cap"":0,""discount_percentage"":0,""min_spend"":109900000,""shop_vouncher"":""好來品牌官方旗艦店 | 原黑人牙膏"",""special_condition"":null,""text_info"":""DARL09041"",""validity_end"":""2024-09-05T15:59:00.000Z"",""validity_start"":""2024-09-03T16:00:00.000Z""}]",,,null
https://shopee.co.th/%F0%9F%A5%B0%E0%B8%8A%E0%B8%B8%E0%B8%94%E0%B8%99%E0%B8%AD%E0%B8%99%E0%B8%9C%E0%B9%89%E0%B8%B2%E0%B8%AA%E0%B8%B2%E0%B8%A5%E0%B8%B9%E0%B8%8D%E0%B8%B5%E0%B9%88%E0%B8%9B%E0%B8%B8%E0%B9%88%E0%B8%99%E0%B9%81%E0%B8%82%E0%B8%99%E0%B8%AA%E0%B8%B1%E0%B9%89%E0%B8%99-%E0%B8%82%E0%B8%B2%E0%B8%AA%E0%B8%B1%E0%B9%89%E0%B8%99-%E0%B9%80%E0%B8%99%E0%B8%B7%E0%B9%89%E0%B8%AD%E0%B8%9C%E0%B9%89%E0%B8%B2%E0%B9%80%E0%B8%81%E0%B8%A3%E0%B8%94%E0%B8%9E%E0%B8%B5%E0%B9%80%E0%B8%A1%E0%B8%B5%E0%B9%88%E0%B8%A2%E0%B8%A1-Japanese-pajamas%E3%80%90LittleStar6%E3%80%91-i.973849916.24228888037?model_id=250779182189,24228888037,🥰ชุดนอนผ้าสาลูญี่ปุ่นแขนสั้น-ขาสั้น เนื้อผ้าเกรดพีเมี่ยม Japanese pajamas【LittleStar6】,0,4.6,0,321,161,THB,,0,"[""https://down-th.img.susercontent.com/file/cn-11134207-7r98o-luzucmhdoo1sbd_tn"",""https://down-th.img.susercontent.com/file/cn-11134207-7r98o-luzucmhdn9hcaf_tn"",""https://down-th.img.susercontent.com/file/cn-11134207-7r98o-luzucmhd3lj429_tn"",""https://down-th.img.susercontent.com/file/cn-11134207-7r98o-luzucmhccwqo59_tn"",""https://down-th.img.susercontent.com/file/cn-11134207-7r98o-luzucmhcebb4fb_tn"",""https://down-th.img.susercontent.com/file/cn-11134207-7r98o-luzucmhcfpvk02_tn"",""https://down-th.img.susercontent.com/file/cn-11134207-7r98o-luzucmhcij0gc5_tn"",""https://down-th.img.susercontent.com/file/cn-11134207-7r98o-luzucmhcpjuoce_tn"",""https://down-th.img.susercontent.com/file/cn-11134207-7r98o-luzucmhcmqps72_tn""]",null,Lit███Sta███,https://shopee.co.th/lzboi_6.th,"[""เสื้อผ้าผู้หญิง"",""ชุดนอน"",""ชุดนอน""]","[{""name"":""คลัง"",""value"":""5783""},{""name"":""ความยาวของแขนเสื้อ"",""value"":""แขนสั้น""},{""name"":""ขนาดใหญ่"",""value"":""ไม่""},{""name"":""ส่งจาก"",""value"":""ต่างประเทศ""}]","👉ขนาดรอบอกโดยประมาณ รอบอก44นิ้ว
 👉รอบเอว 20-36นิ้ว
 👉สะโพก 44นิ้ว

✅เหมาะสำหรับคนใส่ไซส์ S  M  L XL
✅ผ้าไหมเรย่อนมีขอบกุ๊นแขน/ขา  
✅เนื้อผ้าไหมเกรดแพง ไม่บาง เนื้อผ้าเกรดขึ้นห้าง
✅ไซส์ FreeSize
",4.52,309,100,0.17 hours,Fri Mar 24 2023 06:13:36 GMT+0000 (Coordinated Universal Time),137731,"[{""name"":""สี"",""variations"":[""SL 01"",""SL 02"",""SL 03"",""SL 04"",""SL 05"",""SL 06"",""SL 07"",""SL 08"",""SL 09"",""SL 010"",""SL 011"",""SL 012"",""SL 013"",""SL 014"",""SL 015"",""SL 016"",""SL 017"",""SL 018""]}]",https://shopee.co.th,,100017,false,,"[{""name"":""model"",""value"":""SL 05""}]",0,https://shopee.co.th/%E0%B9%80%E0%B8%8B%E0%B8%95%E0%B8%8A%E0%B8%B8%E0%B8%94%E0%B8%99%E0%B8%AD%E0%B8%99-cat.11044944.11045061.11045410,"[{""claimable"":false,""currency"":""THB"",""discount"":2,""discount_cap"":0,""discount_percentage"":0,""min_spend"":10000000,""shop_vouncher"":""LittleStar6"",""special_condition"":null,""text_info"":""LZBO98"",""validity_end"":""2024-09-30T15:59:00.000Z"",""validity_start"":""2024-08-31T16:00:00.000Z""},{""claimable"":false,""currency"":""THB"",""discount"":8,""discount_cap"":0,""discount_percentage"":0,""min_spend"":30000000,""shop_vouncher"":""LittleStar6"",""special_condition"":null,""text_info"":""LZBO292"",""validity_end"":""2024-09-30T15:59:00.000Z"",""validity_start"":""2024-08-31T16:00:00.000Z""}]",,,null
https://shopee.com.mx/Listo-Stock-Nuevo-Estilo-Vanquish-Better-Series-Hombres-Mujeres-Deportes-Fitness-Casual-Suelto-Puro-Algod%C3%B3n-Cuello-Redondo-Sudadera-i.1111029720.24507331200?model_id=148491457307,24507331200,Listo Stock Nuevo Estilo Vanquish Better Series Hombres Mujeres Deportes Fitness Casual Suelto Puro Algodón Cuello Redondo Sudadera,0,0,0,4.936200000000000e+02,4.936200000000000e+02,MXN,,0,"[""https://down-mx.img.susercontent.com/file/sg-11134201-7rbmv-lppwlpsreftc74_tn"",""https://down-mx.img.susercontent.com/file/sg-11134201-7rbmr-lppwlqjyan6b89_tn"",""https://down-mx.img.susercontent.com/file/sg-11134201-7rbmc-lppwlt5qit392e_tn"",""https://down-mx.img.susercontent.com/file/sg-11134201-7rbnj-lppwlw1i9jf70e_tn"",""https://down-mx.img.susercontent.com/file/sg-11134201-7rbn0-lppwlz5lpipc76_tn"",""https://down-mx.img.susercontent.com/file/cn-11134207-7r98o-lq9x2qcuwrhxdd_tn""]",null,yir███ian███han█████████,https://shopee.com.mx/yiruidianzishangwu.mx,"[""Ropa de Hombre"",""Hoodies y Sudaderas"",""Sudaderas""]","[{""name"":""Existencias"",""value"":""42000""},{""name"":""Estilo"",""value"":""Atlético""},{""name"":""Tamaño para Personas Altas"",""value"":""No""},{""name"":""Material"",""value"":""Algodón""},{""name"":""Patrón"",""value"":""Estampado""},{""name"":""Tipo de Mercancía"",""value"":""Productos Diseñados""},{""name"":""Talla Extra"",""value"":""No""},{""name"":""Longitud de la Manga"",""value"":""Mangas Largas""}]","⚠⚠⚠⚠Nota: Algunos productos son de tamaño un poco más pequeños. Antes de realizar un pedido, asegúrese de consultar la tabla de tallas o póngase en contacto con el servicio al cliente.⚠⚠⚠

Bienvenido a mi tienda
Tela/material: Algodón/Algodón
Contenido: 100%
Patrón de ropa: suelto
Estilo: viaje simple/versión coreana.
Elemento Popular: impresión
Método de uso: Jersey
Largo/manga: Regular/Manga Larga
Tipo de cuello: Cuello redondo
Ya sea para agregar terciopelo: sin terciopelo

Todos los patrones están listos en stock y no se preocupe, no hay stock.
 
1-2 días hábiles enviar desde china
Consulta la página del producto para cada color y medida del tamaño.
Camiseta Tamaño Plano (Tamaño (Aju Depan), Tamaño Redondo x2
¡El Pedido directamente es muy bienvenido!


* Corte holgado, elija 1 tamaño grande para usar de gran tamaño o elija 1 tamaño pequeño para el uso fijo.
¡Cualquier Pregunta, no dude en contactarnos!

Atención: después de la compra, debe contactarnos primero si encuentra algún problema. No configure directamente el pedido completo y dé una mala crítica sin establecerse con nosotros. Estamos trabajando arduamente para servirle y hacer todo lo posible para brindarle la mejor experiencia, ¡gracias!

#women Camiseta #men Camiseta #minimalist #quote #slogan #logo #typography #lettering",4,498,100,5.46 hours,Mon Nov 06 2023 03:38:55 GMT+0000 (Coordinated Universal Time),58,"[{""name"":""Clasificación de los colores"",""variations"":[""Negro"",""Gris""]},{""name"":""Talla"",""variations"":[""M"",""L"",""XL"",""2XL"",""3XL"",""4XL"",""5XL""]}]",https://shopee.com.mx,,100011,false,,"[{""name"":""model"",""value"":""Gris,5XL""}]",0,https://shopee.com.mx/Hoodies-y-Sudaderas-cat.11057055.11057079.11057216,"[{""claimable"":false,""currency"":""MXN"",""discount"":16,""discount_cap"":0,""discount_percentage"":0,""min_spend"":39900000,""shop_vouncher"":""yiruidianzishangwu.mx"",""special_condition"":null,""text_info"":""YIRU989"",""validity_end"":""2024-10-27T04:38:00.000Z"",""validity_start"":""2024-07-26T03:38:00.000Z""},{""claimable"":false,""currency"":""MXN"",""discount"":50,""discount_cap"":0,""discount_percentage"":0,""min_spend"":99900000,""shop_vouncher"":""yiruidianzishangwu.mx"",""special_condition"":null,""text_info"":""YIRU987"",""validity_end"":""2024-10-27T04:38:00.000Z"",""validity_start"":""2024-07-26T03:38:00.000Z""}]",,,null
https://shopee.com.co/Victor-SK-145/SK145-Calcetines-De-B%C3%A1dminton-Lisos-Originales-i.676925481.10387367031?model_id=134265670080,10387367031,Victor SK-145/SK145 Calcetines De Bádminton Lisos Originales,0,0,0,56520,56520,COP,0,0,"[""https://down-co.img.susercontent.com/file/6525c40f05630a77b6a646bc849d43df_tn"",""https://down-co.img.susercontent.com/file/01d92bdddc6ddac6c672d57ad56fcf02_tn"",""https://down-co.img.susercontent.com/file/6b085bf2fa9d6dfad5c2586e7a31c5f1_tn""]",null,anu███ahs███tsu██████,https://shopee.com.co/Victor-SK-145/anugerahsportsud.co,"[""Ropa de Hombre"",""Calcetines""]","[{""name"":""Marcas"",""value"":""VICTOR""},{""name"":""Longitud de Calcetines"",""value"":""Otros""},{""name"":""Tipo de Calcetines"",""value"":""Calcetines deportivos""}]","Original 100% 

Victor SK-145/ SK145 Calcetines de bádminton PLAIN ORIGINAL
El precio de los artículos incluye una tarifa de envío que debe ser transmitida por el comprador.
El precio del artículo incluye una tarifa de envío que debe ser transmitida por el comprador.",0,261,57,,Fri Feb 04 2022 01:53:30 GMT+0000 (Coordinated Universal Time),1,"[{""name"":""Color"",""variations"":[""Negro"",""Blanco""]}]",https://shopee.com.co,VICTOR,100011,false,,"[{""name"":""model"",""value"":""Blanco""}]",0,https://shopee.com.co/Calcetines-cat.11069104.11069197.11069706,null,,,null
https://shopee.co.id/Buku-Puisi-~-Melihat-Namun-Meraba-i.19357628.29210094610,29210094610,Buku Puisi ~ Melihat Namun Meraba,0,0,0,70000,70000,IDR,,0,"[""https://down-id.img.susercontent.com/file/id-11134207-7r98z-lzqeimo82fa66d_tn"",""https://down-id.img.susercontent.com/file/id-11134207-7r98q-lzpxb6z562g8fe_tn""]",null,hel███uly███,https://shopee.co.id/dovelinestore,"[""Buku & Majalah"",""Buku & Majalah Lainnya""]","[{""name"":""Stok"",""value"":""190""},{""name"":""Merek"",""value"":""-""},{""name"":""Negara Asal"",""value"":""Indonesia""},{""name"":""Produk Custom"",""value"":""Tidak""},{""name"":""Masa Garansi"",""value"":""Tidak Garansi""},{""name"":""Jenis Garansi"",""value"":""Tidak Garansi""},{""name"":""Perusahaan Penerbit"",""value"":""Cv. Basmalah Hamdalah""},{""name"":""Kota"",""value"":""Bekasi""},{""name"":""Tahun"",""value"":""2024""},{""name"":""Dikirim Dari"",""value"":""KOTA BEKASI""}]","Isi Paket :
1. Buku
2. Ttd Penulis
3. Bookmark
5. Buku Dzikir Pagi & Petang


Blurb : 

Melihat Namun Meraba, disitulah puncak Ke’egoisan Cinta seorang Hamba pada Rabb-Nya. Ketika cobaan datang melanda, sebenarnya ada banyak hikmah yang begitu besar di dalamnya. 

Mari kita menyelam lebih dalam serta memaknai cobaan sebagai bentuk kasih sayang terbesar dari Tuhan. Dengan demikian, maka kita bisa terus merasakan Nikmat-Nya yang begitu besar, dan menjadi hamba yang benar-benar pandai dalam Bersyukur. Karena berbagai duka yang tak di selimuti oleh tawa, ialah cara termudah merasakan Siksa-Nya.",4.94,149,36,1.74 hours,Fri Mar 31 2017 10:06:51 GMT+0000 (Coordinated Universal Time),261,"[{""variations"":[null]}]",https://shopee.co.id,,100643,false,,"[{""name"":""model"",""value"":null}]",0,https://shopee.co.id/Buku-Alat-Tulis-Lainnya-cat.11044123.11044224,null,,,null
https://shopee.co.id/BAJU-YANG-DI-LIVE-TOKTOK-AKU-i.204767435.25514450714?model_id=256523721640,25514450714,BAJU YANG DI LIVE TOKTOK AKU,0,0,0,30000,30000,IDR,,0,"[""https://down-id.img.susercontent.com/file/id-11134207-7r98y-lym99caybj9h08_tn""]",null,ayr███ co███ge,https://shopee.co.id/ayrasstore,"[""Pakaian Wanita"",""Atasan"",""Atasan Lainnya""]","[{""name"":""Stok"",""value"":""80""},{""name"":""Merek"",""value"":""-""},{""name"":""Bahan"",""value"":""Katun, Denim, Bulu Domba, Bulu, Rajut""},{""name"":""Motif"",""value"":""Kotak-kotak, Bunga-bunga, Lainnya, Polkadot, Garis-garis""},{""name"":""Dikirim Dari"",""value"":""KOTA JAKARTA UTARA""}]","Atasan || Gardi || Kemeja ||

GAK BISA COD

",0,1,57,,Sun Dec 01 2019 06:02:59 GMT+0000 (Coordinated Universal Time),52,"[{""name"":""Ukuran"",""variations"":[""20"",""25"",""30"",""35"",""40"",""45"",""50"",""55""]}]",https://shopee.co.id,,100017,false,,"[{""name"":""model"",""value"":""30""}]",0,https://shopee.co.id/Atasan-Lainnya-cat.11042745.11042746.11042753,null,,,null
https://shopee.co.th/%E0%B8%9E%E0%B8%A3%E0%B9%89%E0%B8%AD%E0%B8%A1%E0%B8%AA%E0%B9%88%E0%B8%87-%E0%B9%80%E0%B8%AA%E0%B8%B7%E0%B9%89%E0%B8%AD%E0%B8%84%E0%B8%A3%E0%B8%AD%E0%B8%9B%E0%B9%80%E0%B9%80%E0%B8%82%E0%B8%99%E0%B8%AA%E0%B8%B1%E0%B9%89%E0%B8%99%E0%B8%AA%E0%B8%B5%E0%B8%99%E0%B8%A7%E0%B8%A5%E0%B8%A5%E0%B8%B2%E0%B8%A2%E0%B8%94%E0%B8%AD%E0%B8%81%E0%B9%84%E0%B8%A1%E0%B9%89-%E0%B8%AA%E0%B9%84%E0%B8%95%E0%B8%A5%E0%B9%8C%E0%B9%80%E0%B8%81%E0%B8%B2%E0%B8%AB%E0%B8%A5%E0%B8%B5-i.279437530.23258635192?model_id=204668220719,23258635192,พร้อมส่ง เสื้อครอปเเขนสั้นสีนวลลายดอกไม้ สไตล์เกาหลี,0,4.7,0,95,56,THB,,0,"[""https://down-th.img.susercontent.com/file/sg-11134201-7rbn1-ln3t3tcu9oadc9_tn"",""https://down-th.img.susercontent.com/file/sg-11134201-7rbkg-ln3t3tf27udnaa_tn"",""https://down-th.img.susercontent.com/file/sg-11134201-7rbkp-ln3t3tlzwad42d_tn"",""https://down-th.img.susercontent.com/file/sg-11134201-7rbm2-ln3t3tthlb8s00_tn"",""https://down-th.img.susercontent.com/file/sg-11134201-7rbmz-ln3t3u0zad1434_tn"",""https://down-th.img.susercontent.com/file/sg-11134201-7rbn7-ln3t3u86zsj988_tn"",""https://down-th.img.susercontent.com/file/sg-11134201-7rbmk-ln3t3uginmkaf3_tn"",""https://down-th.img.susercontent.com/file/sg-11134201-7rbm3-ln3t3uoac8q42c_tn"",""https://down-th.img.susercontent.com/file/sg-11134201-7rbmw-ln3t3utk7cl4ba_tn""]",null,Pek███ome███,https://shopee.co.th/pekihome,"[""เสื้อผ้าผู้หญิง"",""เสื้อ"",""อื่นๆ""]","[{""name"":""คลัง"",""value"":""91121""},{""name"":""สไตล์เสื้อผ้า"",""value"":""ธรรมดา, โบฮีเมี่ยน, เกาหลี""},{""name"":""วัสดุ"",""value"":""ฝ้าย""},{""name"":""ขนาดใหญ่"",""value"":""ไม่""},{""name"":""โอกาส"",""value"":""ไม่เป็นทางการ""},{""name"":""ลวดลาย"",""value"":""ลายดอกไม้""},{""name"":""เล็กกระทัดรัด"",""value"":""ใช่""},{""name"":""ประเทศต้นกำเนิดสินค้า"",""value"":""อื่นๆ""},{""name"":""ส่งจาก"",""value"":""จังหวัดกรุงเทพมหานคร""}]","*กรุณาดูรายละเอียดขนาดข้อมูลก่อนการซื้อ
*ก่อนสั่งซื้อกรุณาตรวจสอบข้อมูลให้ถูกต้อง
*กรุณาเลือกขนาดสีสันสินค้าที่เหมาะสม
*กรอกชื่อนามสกุลที่อยู่ผู้รับของและเบอร์โทรให้ละเอียดชัดเจนนะค่ะ",4.47,2588,99,2.13 hours,Mon Jun 29 2020 05:32:49 GMT+0000 (Coordinated Universal Time),679937,"[{""name"":""สี"",""variations"":[""แอปริคอท""]},{""name"":""ไซซ์"",""variations"":[""S"",""M"",""L"",""XL""]}]",https://shopee.co.th,,100017,false,,"[{""name"":""model"",""value"":""แอปริคอท,S""}]",0,https://shopee.co.th/%E0%B8%AD%E0%B8%B7%E0%B9%88%E0%B8%99%E0%B9%86-cat.11044944.11045058.11046359,"[{""claimable"":false,""currency"":""THB"",""discount"":5,""discount_cap"":0,""discount_percentage"":0,""min_spend"":19900000,""shop_vouncher"":""Peki Home"",""special_condition"":null,""text_info"":""PEKIPEKIA"",""validity_end"":""2024-10-24T15:58:00.000Z"",""validity_start"":""2024-07-23T03:40:00.000Z""},{""claimable"":false,""currency"":""THB"",""discount"":5,""discount_cap"":0,""discount_percentage"":0,""min_spend"":19900000,""shop_vouncher"":""Peki Home"",""special_condition"":null,""text_info"":""PEKIPEKI1"",""validity_end"":""2024-11-27T15:58:00.000Z"",""validity_start"":""2024-08-26T16:00:00.000Z""},{""claimable"":false,""currency"":""THB"",""discount"":8,""discount_cap"":0,""discount_percentage"":0,""min_spend"":29900000,""shop_vouncher"":""Peki Home"",""special_condition"":null,""text_info"":""PEKIPEKI2"",""validity_end"":""2024-11-27T15:58:00.000Z"",""validity_start"":""2024-08-26T16:00:00.000Z""},{""claimable"":false,""currency"":""THB"",""discount"":12,""discount_cap"":0,""discount_percentage"":0,""min_spend"":59900000,""shop_vouncher"":""Peki Home"",""special_condition"":null,""text_info"":""PEKIPEKI3"",""validity_end"":""2024-11-27T15:58:00.000Z"",""validity_start"":""2024-08-26T16:00:00.000Z""}]",,,null
https://shopee.sg/[Bundle-of-2]-ANMUM-Materna-Milk-Powder-650g-%E2%80%93-Chocolate-Low-Fat-i.186092181.7702733408,7702733408,[Bundle of 2] ANMUM Materna Milk Powder 650g – Chocolate Low Fat,0,4.9,0,5.090000000000000e+01,4.785000000000000e+01,SGD,,0,"[""https://down-sg.img.susercontent.com/file/96886d0204d070493b41b5ece3c33e4a_tn"",""https://down-sg.img.susercontent.com/file/sg-11134207-7qvdd-lh38a3amqse709_tn"",""https://down-sg.img.susercontent.com/file/sg-11134207-7qvdc-lh38a3awozd3f8_tn"",""https://down-sg.img.susercontent.com/file/sg-11134207-7qvda-lh38a3ampdtr0b_tn"",""https://down-sg.img.susercontent.com/file/sg-11134207-7qvew-lh384y2c5p168e_tn""]",null,Fon███ra ███gsh█████████,https://shopee.sg/anleneofficialstore,"[""Mom & Baby"",""Maternity Healthcare"",""Maternity Milk""]","[{""name"":""Stock"",""value"":""14""},{""name"":""Brand"",""value"":""Anmum""},{""name"":""Ships From"",""value"":""SG""}]","Whether you’re an expecting mum or planning to become one, Anmum™ Materna is specially formulated to support the nutritional needs of you and your developing baby. The only pre-natal milk that has no added sugars* and also low in fat. Thousands of mothers trust Anmum™ Materna to provide the best nutritional support, making us the Number 1** choice of mothers in Singapore.



#halal",4.91,26,100,0.26 hours,Mon Oct 07 2019 17:48:21 GMT+0000 (Coordinated Universal Time),6522,"[{""variations"":[null]}]",https://shopee.sg,Anmum,100632,false,,"[{""name"":""model"",""value"":null}]",0,https://shopee.sg/Maternal-Milk-cat.11011538.11011731.11011737,"[{""claimable"":false,""currency"":""SGD"",""discount"":3,""discount_cap"":0,""discount_percentage"":0,""min_spend"":6000000,""shop_vouncher"":""Fonterra Flagship Store"",""special_condition"":null,""text_info"":""ANLE99360"",""validity_end"":""2024-09-11T15:59:00.000Z"",""validity_start"":""2024-09-08T12:00:00.000Z""}]",,,null
https://shopee.com.co/YOLO-Juego-De-Fiesta-Globo-De-Agua-40-120cm-Inflable-Wubble-Burbuja-Bola-Playa-Ni%C3%B1os-Juguete-TPR-Elasticidad-Mar-Pegamento-Suave-Al-Aire-Libre/Multicolor-i.489980881.17670625047?model_id=200300623796,17670625047,YOLO Juego De Fiesta Globo De Agua 40-120cm Inflable Wubble Burbuja Bola Playa Niños Juguete TPR Elasticidad Mar Pegamento Suave Al Aire Libre/Multicolor,0,0,0,32837,32837,COP,,0,"[""https://down-co.img.susercontent.com/file/15d7fa0fa2bc5bbf071605172d3cdf13_tn"",""https://down-co.img.susercontent.com/file/75e0d9fb9052e958b32be17fe5f618d1_tn"",""https://down-co.img.susercontent.com/file/94a1b903083d38f27cafab35172dbdd8_tn"",""https://down-co.img.susercontent.com/file/857f1ebe053e6332f8abe0d646716fb8_tn"",""https://down-co.img.susercontent.com/file/978382705e9a03647bcaa8e1c528e340_tn"",""https://down-co.img.susercontent.com/file/603274eea31f97d7bd45c3f191926867_tn"",""https://down-co.img.susercontent.com/file/4102c70041e3735f158c8da89408cc96_tn"",""https://down-co.img.susercontent.com/file/45bf4166e7fedddef0af88b1dc282dd1_tn"",""https://down-co.img.susercontent.com/file/d250448d9a5b7654d8909847bc5d87d6_tn""]",null,Yol███.co███,https://shopee.com.co/YOLO-Juego-De-Fiesta-Globo-De-Agua-40-120cm-Inflable-Wubble-Burbuja-Bola-Playa-Ni%C3%B1os-Juguete-TPR-Elasticidad-Mar-Pegamento-Suave-Al-Aire-Libre/yolo11.co,"[""Hogar y Vida"",""Decoración para Fiestas"",""Globos""]","[{""name"":""Existencias"",""value"":""97779""},{""name"":""Tipo de Globo"",""value"":""Otros""}]","¡(* ╹▽╹ Hola! ¡Bienvenido A mi tienda! (* ╹▽╹ *) La calidad primero, el mejor servicio. El cliente es nuestro amigo. ¡Bienvenido A comprar!
 
100% nuevo y de alta calidad
Envío rápido, mejor precio
Color: azul/verde/rosa/amarillo
Material: TPR
Tamaño máximo inflable: 40/50/70/120cm (el tamaño aquí se refiere al mayor tamaño expandido después de la inflación, no al tamaño inicial)
Jugar: tirar, presionar, llenar
 
Características:
1.Diseño razonable
Hay una cuerda en la parte superior de la bola inflable, y una abertura en la parte inferior de la bola. Puedes ponerlo en tu dedo y agitarlo arriba y abajo.
2.Fácil de usar
Esta bola inflable es fácil de usar, ata la tráquea con un tubo de plástico, luego póngalo en su boca, infla la bola, entonces la bola se volverá más y más grande.
3.Excelente calidad
La bola inflable está hecha de TPR, que es más gruesa que antes, y mantiene el gas en la bola más tiempo.
4.Ámbito de aplicación
La bola inflable es un juguete adecuado para que los niños jueguen y liberen sus malos humores, como interacción padre-hijo, interacción de amistad. Es una elección justa para la actividad grupal en la escuela, por supuesto, puedes jugar el juguete en casa con tus padres o amigos.

Los paquetes incluyen: 1 * bola inflable
 
Envío rápido 1: SPOT 2: aprox. 26-72 días a su dirección protección del comprador 1: si no recibe su pedido, reembolso completo 2: si el producto no está de acuerdo con la descripción, por favor póngase En contacto con nosotros inmediatamente
 
Wubble burbuja bola#Globo de agua#Inflable#Exterior#Playa#Juguete para niños#Elasticidad#Pegamento suave#Tpr#40-120cm#Mar#Fiesta juego",4.46,3000,37,5.22 hours,Thu Jul 15 2021 03:41:47 GMT+0000 (Coordinated Universal Time),250,"[{""name"":""style"",""variations"":[""blue"",""green"",""pink"",""yellow""]},{""name"":""class"",""variations"":[""40cm"",""50cm"",""70cm""]}]",https://shopee.com.co,,100636,false,,"[{""name"":""model"",""value"":""green,40cm""}]",0,https://shopee.com.co/Globos-cat.11069103.11069303.11070139,null,,,null
"https://shopee.co.id/MARETTA-PARFUM-|-Melon-Milk,-Jasmine-Tea,-Vanilla-Cake,-Strawberry-Shortcake,-Summer-Breeze,-Squeezed-Lemonade,-Cherry-Slurpee-(Perfume-tahan-lama,-Parfum-Wanita,-Coquette,-Eau-De-Toilette-30ml,-10ml-Travel-Size)-i.125523821.25013526765?model_id=256357625287",25013526765,"MARETTA PARFUM | Melon Milk, Jasmine Tea, Vanilla Cake, Strawberry Shortcake, Summer Breeze, Squeezed Lemonade, Cherry Slurpee (Perfume tahan lama, Parfum Wanita, Coquette, Eau De Toilette 30ml, 10ml Travel Size)",0,5,0,126000,126000,IDR,,0,"[""https://down-id.img.susercontent.com/file/id-11134207-7r98v-lveta3e12f1b76_tn"",""https://down-id.img.susercontent.com/file/id-11134207-7r98q-lz7jc8kmupilb3_tn"",""https://down-id.img.susercontent.com/file/id-11134207-7r990-lz7dbalpsqi0ac_tn"",""https://down-id.img.susercontent.com/file/id-11134207-7r98q-lz7dbalzqxb4f8_tn"",""https://down-id.img.susercontent.com/file/id-11134207-7r98x-lz7dbam9rwugd4_tn"",""https://down-id.img.susercontent.com/file/id-11134207-7r98o-lz7d8f1fcmy047_tn"",""https://down-id.img.susercontent.com/file/id-11134207-7r98t-lz7dbalpsqhs9c_tn"",""https://down-id.img.susercontent.com/file/id-11134207-7r98v-lz7d8f1fb8dk70_tn"",""https://down-id.img.susercontent.com/file/id-11134207-7r98u-lz7dbam9qia0ce_tn""]",null,mar███a p███ume███,https://shopee.co.id/maretta.id,"[""Perawatan & Kecantikan"",""Parfum & Wewangian""]","[{""name"":""Stok"",""value"":""50""},{""name"":""Merek"",""value"":""-""},{""name"":""Negara Asal"",""value"":""Indonesia""},{""name"":""Tipe Paket"",""value"":""Satuan""},{""name"":""Jenis Kelamin"",""value"":""Unisex""},{""name"":""Ukuran Produk"",""value"":""Travel Size""},{""name"":""Aroma"",""value"":""Bunga, Segar, Buah, bakery, sweet""},{""name"":""Masa Penyimpanan"",""value"":""24 Bulan""},{""name"":""Kandungan Parfum"",""value"":""Eau de Perfume""},{""name"":""Formulasi"",""value"":""Spray""},{""name"":""Tanggal Kedaluwarsa"",""value"":""29-08-2024""},{""name"":""No. Izin Edar (BPOM, PIRT)"",""value"":""-""},{""name"":""Dikirim Dari"",""value"":""KOTA JAKARTA SELATAN""}]","All made with love! 💗 ⋆𐙚₊˚⊹♡

Original Variants:
🍈Melon Milk: Fresh melon + Milk + Childhood Candies + Cake
🍵Jasmine Tea: Jasmine flower + Tea
🍰Vanilla Cake: Sweet vanilla + Cake + Caramel

Summer Collection:
🍓 Strawberry Shortcake: Strawberry + Fluffy Cake + Whipped Cream (Owner’s favorite!)
☀️ Summer Breeze: Tropical + Sun kissed Fruit + Sweets
🪷 Mermaid Pearl: Coconut + Powdery + Flowers
🍋 Squash Lemonade: Squeezed lemons + Oranges + Sparkling Water
🍒 Cherry Slurpee: Cherries + Icy Slush + Powdery Sweets

Original Size: 30ml
Travel Size: 10ml (Jasmine Tea, Melon Milk, Vanilla Cake, Strawberry Shortcake)
- Semua botol pita warna ungu 🥰
- Bila tidak mendapatkan Introduction paper 30ml, dapat kantong perfume!🥰

Our perfume is specially crafted to provide a delightful and long-lasting fragrance experience throughout the day!

TAHAN SEHARIAN! 🌟 

bikin video di tiktok? DAPET DISCOUNT!!😆 (let us know!!)

more reviews check our instaa: maretta.id",4.99,1,96,1.15 hours,Sat Feb 09 2019 14:12:59 GMT+0000 (Coordinated Universal Time),253,"[{""name"":""Variant"",""variations"":[""Melon Milk 30ml"",""Jasmine Tea 30ml"",""Vanilla Cake 30ml"",""Strawberry Cake 30ml"",""Mermaid Pearl 30ml"",""Summer Breeze 30ml"",""Cherry Slurpee 30ml"",""Squash Lemonade 30ml"",""Melon Milk Travel"",""Vanilla Cake Travel"",""Jasmine Tea Travel"",""Strawberycake Travel""]}]",https://shopee.co.id,,100630,false,,"[{""name"":""model"",""value"":""Strawberry Cake 30ml""}]",0,https://shopee.co.id/Parfum-Wewangian-Unisex-cat.11043145.11043198.11043201,null,,,null
https://shopee.sg/Ensure-Life-Adult-Nutrition---Coffee-850g-i.142401765.4324661513,4324661513,Ensure Life Adult Nutrition - Coffee 850g,0,4.9,0,4.330000000000000e+01,4.330000000000000e+01,SGD,0,0,"[""https://down-sg.img.susercontent.com/file/sg-11134201-7rd48-luegx6hog0b02a_tn"",""https://down-sg.img.susercontent.com/file/sg-11134201-7rd5g-luegx6lkabdm33_tn"",""https://down-sg.img.susercontent.com/file/sg-11134201-7rd53-luegx6lkac32a0_tn"",""https://down-sg.img.susercontent.com/file/sg-11134201-7rd4y-luegx6laaqbyc1_tn"",""https://down-sg.img.susercontent.com/file/sg-11134201-7rd3o-luegx6laaqdr8b_tn"",""https://down-sg.img.susercontent.com/file/sg-11134201-7rd5d-luegx6lu9xea07_tn""]",null,Abb███'s ███rit█████████ial█████████,https://shopee.sg/abbott_official,"[""Health"",""Food Supplement"",""Well Being""]","[{""name"":""Brand"",""value"":""Ensure""},{""name"":""Wellbeing Supplement Functions"",""value"":""Nutritional Food & Drinks""},{""name"":""Nutrient Type"",""value"":""Calcium, Protein, Vitamin A, Vitamin B, Vitamin D""},{""name"":""Life Stage"",""value"":""Elderly""},{""name"":""Country of Origin"",""value"":""Singapore""},{""name"":""Gender"",""value"":""Unisex""},{""name"":""Consumables Form"",""value"":""Powders""},{""name"":""Shelf Life"",""value"":""Not Specified""},{""name"":""Weight"",""value"":""850g""},{""name"":""Skin Type"",""value"":""Not Specified""},{""name"":""Ingredient Preference"",""value"":""Not Specified""},{""name"":""Ingredient"",""value"":""Not Specified""},{""name"":""Ships From"",""value"":""SG""}]","


Ensure Life with adult nutrition has HMB with high-quality protein that supports muscle tissue building and growth

Ensure helps to strengthen the nutritional foundation and provide balanced nutrition with the presence of Vitamin D, B1, B2, B3, B12 and C, Calcium and antioxidants to increase the vitality of the body

This nutritional supplement is cholesterol-free, transfat-free, lactose-free and gluten-free

Ensure has Prebiotic FOS to promote the growth of good bacteria and help maintain a healthy digestive system with healthy nutrition

It improves bone and muscle strength

This healthy beverage can be used as a supplement with or between meals, or as a meal replacement",4.93,260,100,0.01 hours,Fri Apr 26 2019 07:23:44 GMT+0000 (Coordinated Universal Time),19138,"[{""variations"":[null]}]",https://shopee.sg,Ensure,100001,false,,"[{""name"":""model"",""value"":null}]",0,https://shopee.sg/Nutritional-Food-Drinks-cat.11027491.11027497.11027499,"[{""claimable"":false,""currency"":""SGD"",""discount"":10,""discount_cap"":0,""discount_percentage"":0,""min_spend"":28000000,""shop_vouncher"":""Abbott's Nutrition Official Store"",""special_condition"":null,""text_info"":""ABBMCB9"",""validity_end"":""2024-09-30T15:59:59.000Z"",""validity_start"":""2024-08-31T16:00:00.000Z""},{""claimable"":false,""currency"":""SGD"",""discount"":20,""discount_cap"":0,""discount_percentage"":0,""min_spend"":40000000,""shop_vouncher"":""Abbott's Nutrition Official Store"",""special_condition"":null,""text_info"":""ABBMCP9"",""validity_end"":""2024-09-30T15:59:59.000Z"",""validity_start"":""2024-08-31T16:00:00.000Z""},{""claimable"":false,""currency"":""SGD"",""discount"":15,""discount_cap"":0,""discount_percentage"":0,""min_spend"":25000000,""shop_vouncher"":""Abbott's Nutrition Official Store"",""special_condition"":null,""text_info"":""ABBO15OFF"",""validity_end"":""2024-09-11T15:59:00.000Z"",""validity_start"":""2024-09-08T12:00:00.000Z""},{""claimable"":false,""currency"":""SGD"",""discount"":30,""discount_cap"":0,""discount_percentage"":0,""min_spend"":40000000,""shop_vouncher"":""Abbott's Nutrition Official Store"",""special_condition"":null,""text_info"":""ABBO30OFF"",""validity_end"":""2024-09-11T15:59:00.000Z"",""validity_start"":""2024-09-08T12:00:00.000Z""},{""claimable"":false,""currency"":""SGD"",""discount"":40,""discount_cap"":0,""discount_percentage"":0,""min_spend"":50000000,""shop_vouncher"":""Abbott's Nutrition Official Store"",""special_condition"":null,""text_info"":""ABBOT9940"",""validity_end"":""2024-09-11T15:59:00.000Z"",""validity_start"":""2024-09-08T12:00:00.000Z""},{""claimable"":false,""currency"":""SGD"",""discount"":70,""discount_cap"":0,""discount_percentage"":0,""min_spend"":60000000,""shop_vouncher"":""Abbott's Nutrition Official Store"",""special_condition"":null,""text_info"":""ABBO70OFF"",""validity_end"":""2024-09-11T15:59:00.000Z"",""validity_start"":""2024-09-08T12:00:00.000Z""}]",,,null
https://shopee.co.id/Baju-Renang-Anak-Karakter-Unicorn-Baju-Renang-Anak-Cewek-i.285174614.21590925642?model_id=165997484484,21590925642,Baju Renang Anak Karakter Unicorn Baju Renang Anak Cewek,0,4.8,0,55000,31350,IDR,,0,"[""https://down-id.img.susercontent.com/file/id-11134207-7qul8-ljv094nf3acq39_tn"",""https://down-id.img.susercontent.com/file/id-11134207-7qul5-ljcl2dj6caap54_tn"",""https://down-id.img.susercontent.com/file/id-11134207-7qul6-ljcl2dj6avq968_tn"",""https://down-id.img.susercontent.com/file/id-11134207-7qul7-ljcl2dj6f3flf5_tn"",""https://down-id.img.susercontent.com/file/id-11134207-7qul4-ljcl2dj6gi017c_tn"",""https://down-id.img.susercontent.com/file/id-11134207-7qul2-ljcl2dj6hwkhda_tn"",""https://down-id.img.susercontent.com/file/id-11134207-7qula-ljcl2dj6jb4xb1_tn"",""https://down-id.img.susercontent.com/file/id-11134207-7qul6-ljcl2dj6kppd15_tn"",""https://down-id.img.susercontent.com/file/id-11134207-7qul6-ljcl2dj6m49t18_tn""]",null,MOM███FLY███,https://shopee.co.id/momyrafly,"[""Fashion Bayi & Anak"",""Pakaian Anak Perempuan"",""Baju Renang""]","[{""name"":""Stok Diskon"",""value"":""391""},{""name"":""Stok Lain"",""value"":""16992""},{""name"":""Merek"",""value"":""-""},{""name"":""Motif"",""value"":""Grafik, Garis-garis""},{""name"":""Bahan"",""value"":""Sintetis, Katun""},{""name"":""Rekomendasi Usia"",""value"":""4-5 tahun""},{""name"":""Negara Asal"",""value"":""Indonesia""},{""name"":""Dikirim Dari"",""value"":""KAB. BANDUNG""}]","Bahan spandek balon premium
Kwalistas Jahitan rapi
Print Sublimasi
Ukuran 
S 1-2 thn -Lebar dada 28 cm
M 3-4 thn -Lebar dada 31 cm
L 5-7 thn -Lebar dada 34 cm
Xl 8-10 thn -Lebar dada 36 cm
( Masih bisa melar +5 cm)

#raflykidsgrosirbajurenang
#bajurenang",4.81,301,84,1.48 hours,Tue Jul 14 2020 13:56:43 GMT+0000 (Coordinated Universal Time),90910,"[{""name"":""KODE BARANG"",""variations"":[""BRA 064"",""BRA 065"",""BRA 066"",""BRA 067"",""BRA 068"",""BRA 069"",""BRA 070"",""BRA 071"",""BRA 072"",""BRA 073""]},{""name"":""Ukuran"",""variations"":[""S"",""M"",""L"",""XL""]}]",https://shopee.co.id,,100633,true,Wed Sep 04 2024 10:59:59 GMT+0000 (Coordinated Universal Time),"[{""name"":""model"",""value"":""BRA 069,M""}]",0,https://shopee.co.id/Baju-Renang-cat.11043031.11043092.11043096,"[{""claimable"":false,""currency"":""IDR"",""discount"":null,""discount_cap"":50000000,""discount_percentage"":50,""min_spend"":100000000,""shop_vouncher"":""MOMYRAFLY"",""special_condition"":null,""text_info"":""MOMY1234"",""validity_end"":""2024-12-05T06:35:00.000Z"",""validity_start"":""2024-09-04T06:35:00.000Z""}]",,,null
"https://shopee.co.id/Paket-Biled-AES-Experience-2,5Inch-60Watt-i.310143503.29604428485?model_id=176555901931",29604428485,"Paket Biled AES Experience 2,5Inch 60Watt",0,5,0,625000,625000,IDR,,0,"[""https://down-id.img.susercontent.com/file/id-11134207-7r98s-lx9o4ovc8kdm96_tn"",""https://down-id.img.susercontent.com/file/id-11134207-7r98t-lx9o4ovc9yy214_tn""]",null,Art███toL███t,https://shopee.co.id/rikybagusudhayana18,"[""Sepeda Motor"",""Suku Cadang Motor"",""Lampu Motor""]","[{""name"":""Stok"",""value"":""18""},{""name"":""Merek"",""value"":""AES""},{""name"":""Masa Garansi"",""value"":""24 Bulan""},{""name"":""Jenis Garansi"",""value"":""Garansi Supplier""},{""name"":""No.Sertifikat (SNI,K3L,UTTP)"",""value"":""-""},{""name"":""Dikirim Dari"",""value"":""KOTA JAKARTA PUSAT""}]","TURBO SE 2.5 / WST GEN 3

Spesifikasi produk : 
• Merk AES
• Turbo SE 9-16V. 
• Low : 40W. High : 50W. 
• LED Chip : 6000K. 
• Taiwan led chip. 3200LM. 
• 5m distance : 1900lux. 
• Blue glass 
• Garansi 24 bulan

Apasaja dalam paketan ?
• Isi 1 pasang biled Turbo SE
• 1 pasang BMW Klasik 2.5 Inch 
• 1 pasang Devil Eye 360
- 1 buah kabel set mobil ",5,42,87,0.23 hours,Tue Sep 15 2020 12:24:23 GMT+0000 (Coordinated Universal Time),68,"[{""name"":""Type"",""variations"":[""Paket Satuan"",""Paket Sepasang"",""Biled Only Satuan"",""Biled Only Sepasang""]}]",https://shopee.co.id,AES,100641,false,,"[{""name"":""model"",""value"":""Paket Satuan""}]",0,https://shopee.co.id/Lampu-Motor-cat.11043660.11043747.11043768,null,,,null
https://shopee.co.id/Link-CO-Live-(sertakan-nama-akun-toktok)-i.169392696.29360177784?model_id=246527166127,29360177784,Link CO Live (sertakan nama akun toktok),0,0,0,25000,25000,IDR,,0,"[""https://down-id.img.susercontent.com/file/id-11134207-7r98x-lzoc3ktux35xcb_tn""]",null,070███P.,https://shopee.co.id/putridwialfian07,"[""Fashion Bayi & Anak"",""Fashion Bayi & Anak Lainnya""]","[{""name"":""Stok"",""value"":""800""},{""name"":""Merek"",""value"":""-""},{""name"":""Bahan"",""value"":""Lainnya""},{""name"":""Produk Custom"",""value"":""Ya""},{""name"":""Mystery Box"",""value"":""Ya""},{""name"":""Negara Asal"",""value"":""Indonesia""},{""name"":""No.Sertifikat (SNI,K3L,UTTP)"",""value"":""-""},{""name"":""Dikirim Dari"",""value"":""KOTA PALEMBANG""}]",Haii bun sebelum Chekout tolong perhatikan totalan di live nya ya dan tolong sertakan nama toktok nya di catatan❤️,0,1,57,,Sat Aug 10 2019 04:56:11 GMT+0000 (Coordinated Universal Time),218,"[{""name"":""Warna"",""variations"":[""25.000"",""50.000"",""75.000"",""100.000"",""125.000"",""38.000"",""76.000"",""114.000"",""152.000"",""190.000"",""63.000"",""88.000"",""101.000"",""126.000"",""139.000"",""138.000""]}]",https://shopee.co.id,,100633,false,,"[{""name"":""model"",""value"":""25.000""}]",0,https://shopee.co.id/Fashion-Bayi-Anak-Lainnya-cat.11043031.11043126,null,,,null
https://shopee.ph/8-Pockets-Handbag-Storage-Organizer-Thickened-Double-Sided-Hanging-Bag-Organizer-Closet-Purse-Organ-i.719992959.21161931864?model_id=203168810140,21161931864,8 Pockets Handbag Storage Organizer Thickened Double Sided Hanging Bag Organizer Closet Purse Organ,0,4.8,0,500,139,PHP,,0,"[""https://down-ph.img.susercontent.com/file/sg-11134201-7rcbz-lt4side4sdyn68_tn"",""https://down-ph.img.susercontent.com/file/sg-11134201-22120-7u18gpgj0blv3d_tn"",""https://down-ph.img.susercontent.com/file/sg-11134201-22120-thi8hchj0blv64_tn"",""https://down-ph.img.susercontent.com/file/sg-11134201-22120-ggc5a3hj0blv8f_tn"",""https://down-ph.img.susercontent.com/file/sg-11134201-22120-m0e8pqij0blvaa_tn"",""https://down-ph.img.susercontent.com/file/sg-11134201-22120-txm2chjj0blveb_tn"",""https://down-ph.img.susercontent.com/file/sg-11134201-22120-ud41b7jj0blvcd_tn"",""https://down-ph.img.susercontent.com/file/sg-11134201-22120-d6e79rkj0blv7e_tn""]",null,Cou███,https://shopee.ph/coupal.ph,"[""Women Bags"",""Bag Accessories"",""Bag Organizers""]","[{""name"":""Stock"",""value"":""235""},{""name"":""Ships From"",""value"":""Pulilan, Bulacan""}]","·Durable and practical,very perfect organizer for saving placings. 
·Foldable,you can fold it when you dont use it. 
·8 pockets/6 pockets satisfied your different demands super huge capacity,can store 8 bags in a bag. 
·Can be hang it in your wardrobe,closet or back door. 
· More convenient to use with the double side design and transparent film. 

Material: Oxford and PVC
Size: 
8 Pockets, 115x35x32CM.
6 Pockets, 90x35x32CM.",4.74,188,99,0.02 hours,Thu Mar 17 2022 00:09:19 GMT+0000 (Coordinated Universal Time),41578,"[{""name"":""Color"",""variations"":[""Black 8 Pockets"",""Gray 8 Pockets"",""Black 6 Pockets"",""Gray 6 Pockets""]}]",https://shopee.ph,,100016,false,,"[{""name"":""model"",""value"":""Gray 8 Pockets""}]",0,https://shopee.ph/Others-cat.11021933.11021960.11021962,null,,,null
https://shopee.ph/Freedconn-R3-Motorcycle-Helmet-Bluetooth-Intercom-i.814226766.22573969682,22573969682,Freedconn R3 Motorcycle Helmet Bluetooth Intercom,0,4.8,0,8000,8000,PHP,,0,"[""https://down-ph.img.susercontent.com/file/ph-11134207-7quky-ljbdaeyarh3w86_tn"",""https://down-ph.img.susercontent.com/file/ph-11134207-7qul0-ljbdaeyaua8s17_tn"",""https://down-ph.img.susercontent.com/file/ph-11134207-7qukx-ljbdaeyasvocb5_tn"",""https://down-ph.img.susercontent.com/file/ph-11134207-7qul0-ljbdaeyakg9odf_tn"",""https://down-ph.img.susercontent.com/file/ph-11134207-7qul2-ljbdaeyaluu492_tn"",""https://down-ph.img.susercontent.com/file/ph-11134207-7qukw-ljbdaeyaonz0d3_tn"",""https://down-ph.img.susercontent.com/file/ph-11134207-7qul9-ljbdaeyaq2jg3c_tn"",""https://down-ph.img.susercontent.com/file/ph-11134207-7qul9-ljbdfq34qy9y1f_tn"",""https://down-ph.img.susercontent.com/file/ph-11134207-7qul9-ljbdaeyan9ek3b_tn""]",null,Fre███onn███ili█████████fic██████,https://shopee.ph/freedconnphilippines.mall,"[""Motorcycles"",""Motorcycle Helmets & Accessories""]","[{""name"":""Stock"",""value"":""470""},{""name"":""Brand"",""value"":""FreedConn""},{""name"":""Helmet Type"",""value"":""Others""},{""name"":""PS/ICC Number"",""value"":""none""},{""name"":""Ships From"",""value"":""Quezon City, Metro Manila""}]","Freedconn R3 Motorcycle Helmet Bluetooth Intercom

FreedConn R3 is the latest Bluetooth helmet intercom equipped with a built-in 2k camera and has an upgraded microphone specifically designed to reduce wind noise. One notable feature of the FreedConn R3 is its ability to record rider audio allowing you to document your memorable moments during your daily rides. 

Product Features 
1. Built In 2K Camera 
2. Built In Internal and External Microphone
3. Bluetooth 5.0
4. Universal Pairing
5. Large Battery Volume
6. Usable when in Charging
7. IP65 Waterproof Level
8. Music Sharing
9. WIFI Technology
10. Voice Prompt
11. Voice Assistant through Siri or Google Assistant
12. Connect 2 Phones Simultaneously 
13. FX, TCOM VB PRO, KY PRO, R1 PRO, TMAXS PRO interconnection 

Technical Specifications of the Product:
Model: R3 
Bluetooth: 5.0 
SD Card Capacity: up to 256gb
Frequency: 2.4GHz 
Support: 6 people connected simultaneously
Lens: 2K
Talking Distance: 250m up to 1500m 
Battery: 2000 mAh battery  
Waterproof: IP 65 
Standby Time: around 12 days 
Charging Time: around 2.5 hours 
Mobile Phone Talk Time: around 24 hours 
Bluetooth Music Time: around 36 hours
Video Recording Time: around 5 to 6 hours

Package List:
1x Bluetooth Device 
1x Headphone 
4x Headphone Velcro 
1x USB Charging Cable 
2x Clip 
1x English User Manual 

-Micro SD Card is not included-
",4.87,29,73,2.79 hours,Sat Jul 09 2022 07:33:52 GMT+0000 (Coordinated Universal Time),17557,"[{""variations"":[null]}]",https://shopee.ph,FreedConn,100641,false,,"[{""name"":""model"",""value"":null}]",0,https://shopee.ph/Helmets-cat.11020952.11021002.11021003,"[{""claimable"":false,""currency"":""PHP"",""discount"":100,""discount_cap"":0,""discount_percentage"":0,""min_spend"":265000000,""shop_vouncher"":""FreedConn Philippines Official"",""special_condition"":null,""text_info"":""FREEDB2B"",""validity_end"":""2024-10-31T15:59:00.000Z"",""validity_start"":""2024-08-07T14:23:00.000Z""},{""claimable"":false,""currency"":""PHP"",""discount"":100,""discount_cap"":0,""discount_percentage"":0,""min_spend"":265000000,""shop_vouncher"":""FreedConn Philippines Official"",""special_condition"":null,""text_info"":""FREEDNEWB"",""validity_end"":""2024-10-31T15:59:00.000Z"",""validity_start"":""2024-08-07T14:24:00.000Z""}]",,,null
https://shopee.com.mx/Clear-TV-Premium-HD-Digital-Antenna-4K-Indoor-Digital-TV-Antenna-Clear-TV-Key-Fox-Antena-TVfox-HDTV-Free-Fire-i.468914462.22635286080,22635286080,Clear TV Premium HD Digital Antenna 4K Indoor Digital TV Antenna Clear TV Key Fox Antena TVfox HDTV Free Fire,0,5,0,230,230,MXN,,0,"[""https://down-mx.img.susercontent.com/file/sg-11134201-7qvfz-lescvzprjrli61_tn"",""https://down-mx.img.susercontent.com/file/sg-11134201-7qvd5-lescw33ujp9qba_tn"",""https://down-mx.img.susercontent.com/file/sg-11134201-7qvf4-lescw9neyzau7b_tn"",""https://down-mx.img.susercontent.com/file/sg-11134201-7qvez-lescwe1ajy274b_tn"",""https://down-mx.img.susercontent.com/file/sg-11134201-7qves-lescwl7245m15e_tn"",""https://down-mx.img.susercontent.com/file/sg-11134201-7qveh-lescwpjtpbo8e2_tn"",""https://down-mx.img.susercontent.com/file/sg-11134201-7qvf3-lescwt90afzdff_tn"",""https://down-mx.img.susercontent.com/file/sg-11134201-7qvf8-lescwwwsxke78e_tn""]",null,bli███o8.███,https://shopee.com.mx/blinngo8.mx,"[""Electrodomésticos"",""Televisores y Accesorios"",""Antenas de TV""]","[{""name"":""Existencias"",""value"":""1998""}]","Descripción:
¿Por Qué gastar cientos de dólares) un año en cables y canales solo satélite cuando puede ver televisión 4K de forma gratuita? Simplemente cierre el televisor transparente Premium encendido y las facturas de su cable o satélite desaparecen. Recibirás instantáneamente programas de red de primera clasificación, noticias locales y climas, eventos deportivos e incluso programas de transmisión 4K y más todo de forma gratuita. Simplemente pegue su antena de TV transparente en una ventana o en la parte posterior de cualquier televisor estándar o plana en el cable de derivación o satélite y traiga red y la transmisión de 4K muestra directamente a su televisor.

Características clave:
Obtenga canales de HDTV locales y nacionales gratis
Retraiga las orejas para mantener el televisor transparente pequeño o extienda las orejas para una máxima recepción
Ver televisión en como muchas habitaciones como quieras

Paquete:
1 antena Digital HD.

Nota:
1.Permita una diferencia de 0-1 pulgada debido a la medición manual. (1 pulgada = 2,54 cm)
2.El color de los artículos reales puede diferir ligeramente de las imágenes de la lista debido a la pantalla de la computadora diferente
3.Gracias por su comprensión.",4.72,422,57,,Thu Jun 17 2021 05:46:58 GMT+0000 (Coordinated Universal Time),166,"[{""variations"":[null]}]",https://shopee.com.mx,,100010,false,,"[{""name"":""model"",""value"":null}]",0,https://shopee.com.mx/Antenas-de-TV-cat.11058543.11058570.11058716,null,,,null
https://shopee.co.th/%E2%98%AB%E2%97%8A%E2%99%9D[Exclusive-Set-%E0%B8%82%E0%B8%AD%E0%B8%87%E0%B9%81%E0%B8%96%E0%B8%A1-7-%E0%B8%8A%E0%B8%B4%E0%B9%89%E0%B8%99]Mad-hippie-Vit-C-Booster-Set(Vitamin-C-Serum-30-ml+Triple-C-Night-Cream-60-ml)-i.738383785.17141998527,17141998527,☫◊♝[Exclusive Set ของแถม 7 ชิ้น]Mad hippie Vit C Booster Set(Vitamin C Serum 30 ml+Triple C Night Cream 60 ml),0,0,0,1412,1412,THB,,0,"[""https://down-th.img.susercontent.com/file/005c4b5679a9d16a69ed5ed6bbe30545_tn"",""https://down-th.img.susercontent.com/file/769923f432c13556b05ea572623345f7_tn"",""https://down-th.img.susercontent.com/file/f4e8fa0a90f6eb9d7a2e71908fe3919d_tn"",""https://down-th.img.susercontent.com/file/a3f856a57ac7d8def125eca217027702_tn"",""https://down-th.img.susercontent.com/file/4a2b76ed1b97029f5493eba7473455d5_tn"",""https://down-th.img.susercontent.com/file/5724a9278af68241c840babe6fd9839e_tn"",""https://down-th.img.susercontent.com/file/41847aab06f924db4bb3e4bfbefbd5cb_tn""]",null,bil███vhm███,https://shopee.co.th/bilpz2vhmx,"[""ผลิตภัณฑ์บำรุงและเสริมความงาม"",""ผลิตภัณฑ์บำรุงบริเวณใบหน้า"",""เซรั่มบำรุงผิวหน้า & น้ำตบ""]","[{""name"":""คลัง"",""value"":""110""},{""name"":""ส่งจาก"",""value"":""จังหวัดกาญจนบุรี""}]","Description
Mad Hippie | Triple C Night Cream

มอยส์เจอร์ไรเซอร์ทรีทเม้นต์สูตรเข้มข้น ด้วยคุณสมบัติของอนุพันธ์วิตามินซี 3 ชนิด ช่วยลดการสร้างเม็ดสีผิวปรับผิวให้สว่างกระจ่างใสอย่างเป็นธรรมชาติใน 1 กระปุก ผสานการทำงานของสารบำรุงผิวและต้านอนุมูลอิสระถึง 19 ชนิด ช่วยฟื้นบำรุงผิวให้ชุ่มชื่นอย่างล้ำลึก พร้อมเสริมเกราะปกป้องผิว ช่วยให้ผิวรอยดูตื้นขึ้นลดการเกิดริ้วรอยใหม่ ให้ผิวกระชับ เนียนนุ่มขึ้น ชั่วข้ามคืน

Mad Hippie | Vitamin C Serum

ผลิตภัณฑ์ขายดีอันดับหนึ่งจากแบรนด์ Mad Hippie เซรั่มวิตามิน C อนุพันธ์ STAY C®50 เสถียรกว่าวิตามินซีทั่วไป ช่วยให้ผิวกระจ่างใส ปรับสีผิวให้เรียบเนียนสม่ำเสมอ ลดเลือนจุดด่างดำ ฝ้ากระที่ไม่ลึกมาก และริ้วรอย ช่วยกระตุ้นการสร้างคอลลาเจน กระชับรูขุมขน ปรับสมดุลความมัน ลดโอกาสการเกิดสิว

รายละเอียดผลิตภัณฑ์
Mad Hippie | Triple C Night Cream

ขนาด: 60 ml

เหมาะสำหรับ : ผิวแห้ง มีปัญหาผิวหมองคล้ำ

คุณสมบัติ

มอยส์เจอร์ไรเซอร์ทรีทเม้นต์สูตรเข้มข้น ด้วยคุณสมบัติของอนุพันธ์วิตามินซี 3 ชนิด ช่วยลดการสร้างเม็ดสีผิวปรับผิวให้สว่างกระจ่างใสอย่างเป็นธรรมชาติใน 1 กระปุก ผสานการทำงานของสารบำรุงผิวและต้านอนุมูลอิสระถึง 19 ชนิด ช่วยฟื้นบำรุงผิวให้ชุ่มชื่นอย่างล้ำลึก พร้อมเสริมเกราะปกป้องผิว ช่วยให้ผิวรอยดูตื้นขึ้นลดการเกิดริ้วรอยใหม่ ให้ผิวกระชับ เนียนนุ่มขึ้น ชั่วข้ามคืน

ปรับผิวกระจ่างสว่างใสด้วย Vitamin C 3 ชนิด
ช่วยให้ผิวรอยดูตื้นขึ้นลดการเกิดริ้วรอยใหม่ ให้ผิวกระชับขึ้น ด้วยสารบำรุงและต้านอนุมูลอิสระ 19 ชนิด
เสริมเกราะปกป้องผิว ฟื้นบำรุงผิวให้ชุ่มชื่นอย่างล้ำลึก ชั่วข้ามคืน
วิธีใช้ : ทาครีมให้ทั่วผิวหน้าและลำคอ หลังขั้นตอนการทำความสะอาด

ข้อเสนอแนะ

เก็บในที่แห้งพ้นจากแสงแดดและความร้อน
เพื่อประสิทธิภาพสูงสุดควรใช้ควบคู่กับ Vitamin C Serum และใช้ผลิตภัณฑ์ปกป้องผิวจากแสงแดดในช่วงเช้า
เพื่อผลลัพธ์ที่ชัดเจนกว่าแนะนำให้ใช้ผลิตภัณฑ์ให้หมดใน 4 เดือนหลังเปิดใช้งาน
ส่วนประกอบสำคัญ

Triple C- Vitamin C : ผสานการฟื้นบำรุงความอ่อนเยาว์และปกป้องผิวจากความหมองคล้ำ ด้วยอนุพันธ์วิตามินซี 3 ชนิด Tetrahexyldecyl Ascorbate, Magnesium Ascorbyl Phosphate และ Ascorbyl Glucoside เป็นสูตรผสานสัดส่วนของวิตามินซีแต่ละอนุพันธ์อย่างลงตัวและมีประสิทธิภาพเห็นผลในการช่วยให้ผิวหน้ากระจ่างใส ลดการเกิดสีผิวไม่สม่ำเสมอ ช่วยให้ริ้วรอยดูตื้นขึ้นและลดอัตราการเกิดริ้วรอยใหม่

Reishi : เห็ดหลินจือแดงสกัด ที่หลายคนรู้จักกันอย่างแพร่หลายและมีความสำคัญอย่างมากในวงการการแพทย์จีน เพราะอุดมไปด้วยสารต้านอนุมูลอิสระและแร่ธาตุ จึงช่วยบำรุงผิวให้ชุ่มชื่นเรียบเนียนขึ้น

Sodium PCA : สารความชุ่มชื่นธรรมชาติใต้ผิว ที่ช่วยให้ผิวหนังคงความชุมชื่นได้เป็นอย่างดี

Cloud Berry : คลาวด์เบอร์รี่ “ทองคำแห่งอาร์คติก” ผลไม้ป่าที่สามารถเติบโตได้ตามภูเขาสูงและตามแนวชายฝั่งสแกนดิเนเวีย ประเทศ สวีเดน นอร์เวย์ ฟินแลนด์ ที่มีสภาพอากาศที่แปรปรวน อุดมไปด้วยสารต้านอนุมูลอิสระ เช่น วิตามินซี เบต้าแคโรทีน ซึ่งเป็นสารประกอบที่ช่วยปรับผิวให้กระจ่างใส

Turmeric Extract : อุดมไปด้วยสารต้านอนุมูลอิสระที่ช่วยเรื่องปัญหาสิวอุดตัน ลดสีผิวที่ไม่สม่ำเสมอ ปกป้องผิวจากอนุมูอิสระ เป็นสมุนไพรโบราณที่ได้รับการยอมรับกันอย่างแพร่หลายและให้สีเหลืองตามธรรมชาติ

Chaga : เห็ดชากา อุดมไปด้วยสารต้านอนุมูลอิสระที่มีประสิทธิภาพรวมถึง superoxide Dismutase แร่ซิงค์ ฟื้นบำรุงและปกป้องผิวจากความเครียดและมลภาวะในชีวิตประจำวัน

Shea But",0,96,57,,Mon Apr 04 2022 00:00:20 GMT+0000 (Coordinated Universal Time),0,"[{""variations"":[null]}]",https://shopee.co.th,,100630,false,,"[{""name"":""model"",""value"":null}]",0,https://shopee.co.th/%E0%B8%97%E0%B8%A3%E0%B8%B5%E0%B8%97%E0%B9%80%E0%B8%A1%E0%B9%89%E0%B8%99%E0%B8%97%E0%B9%8C-%E0%B9%80%E0%B8%8B%E0%B8%A3%E0%B8%B1%E0%B9%88%E0%B8%A1-cat.11044959.11045204.11046060,null,,,null
https://shopee.com.mx/Juego-De-Cama-De-Seda-Lavado-Rosa-Serie-H-Set-Tencel-Cool-Feeling-Ice-Silk-S%C3%A1bana-De-Color-A-Cuatro-Piezas-Funda-De-Almohada-Paquete-Individual-Doble-Edred%C3%B3n-De-Colcha-Luz-Estilo-De-Lujo-Liso-i.968539059.23636495890?model_id=184153644466,23636495890,Juego De Cama De Seda Lavado Rosa Serie H Set Tencel Cool Feeling Ice Silk Sábana De Color A Cuatro Piezas Funda De Almohada Paquete Individual Doble Edredón De Colcha Luz Estilo De Lujo Liso,0,5,0,2.229900000000000e+03,2.229900000000000e+03,MXN,,0,"[""https://down-mx.img.susercontent.com/file/9ec3fda503b455c05b78e34cbe22f742_tn"",""https://down-mx.img.susercontent.com/file/9f1cb848f48c6bc6f6ae48db603019f1_tn"",""https://down-mx.img.susercontent.com/file/b01cdf06ebb26a2a55692c738b8a6bfc_tn"",""https://down-mx.img.susercontent.com/file/8ec9a29e65fdf965875c285d575c6e98_tn"",""https://down-mx.img.susercontent.com/file/21c8d6225b53ae2e891d4239d3e4330e_tn"",""https://down-mx.img.susercontent.com/file/915829681f7fb18300daa6f9f2f129e0_tn"",""https://down-mx.img.susercontent.com/file/aa06616efed920594681484f1acaa2da_tn"",""https://down-mx.img.susercontent.com/file/d83b5b4e154f52426c5d1898b30b6abc_tn"",""https://down-mx.img.susercontent.com/file/cb95426d5b9b13c3d105bde68e38ed26_tn""]",null,sop███932███mx,https://shopee.com.mx/sophia932e6.mx,"[""Hogar y Vida"",""Ropa de Cama"",""Mantas, Edredones y Colchas""]","[{""name"":""Existencias"",""value"":""4492""},{""name"":""Conjuntos y Paquetes"",""value"":""No""}]","★Nombre: Juego de cuatro piezas de seda lavada de seda de seda de lava
 ((Atención Especial: consulte el tamaño de los detalles del producto cuidadosamente antes de comprar)

★Descripción del bebé:
 .Toque de piel para dormir desnudo
 .Darte una protección cercana
 .Tejido de seda de hielo lavado, toque delicado, absorción de humedad y transpirable.
 .Suave y suave, no se puede poner
 .Proceso de impresión reactiva y teñido, protección verde y ambiental
 .No es fácil de desvanecer, textura rica.

★Material Bebé: Seda Lavada (100% Poliéster)

El juego de cuatro piezas de seda lavada es más Popular ahora mandados, especialmente durante la primavera y el verano, sedoso y fresco, pero es una gran elección para dormir desnudo, y el Color es elegante y el brillo es bueno. ¡Qué Juego de cuatro piezas hará que el dormitorio entero sea Noble!

En tiempos antiguos, hay caminos de seda "", los lugares de ruta son menos calientes y lluviosos, altas temperaturas, la textura de seda es suave, y el Color se divierte con un buen rendimiento de disipación de calor, que es el más Popular y Artículos más populares de seda de la serie"".

Y seda Comparable para lavar. ¡La Textura no es mala, pero es diferente del Material crudo!



 

💖Especificaciones del producto
💕[Juego De tres sábanas individuales]
💕Sábana X1Pc - Tamaño: 180cmx230cm
💕Funda Nórdica X1Pc - Tamaño: 150cmx200cm
💕Funda de almohada X1Pc - Tamaño: 48cmx74cm

💕[Juego De cuatro sábanas dobles]
💕Sábana X1Pzs - Tamaño: 245cmx250cm
💕Funda Nórdica X1Pc - Tamaño: 200cmx230cm
💕Funda de almohada X2Pz - Tamaño: 48cmx74cm

💕[2.0 Juego de cuatro sábanas de doble reina]
💕Sábana X1Pzs - Tamaño: 245cmx265cm
💕Funda Nórdica X1Pc - Tamaño: 220cmx240cm
💕Funda de almohada X2Pz - Tamaño: 48cmx74cm

💕[Juego De cuatro paquetes de cama estándar doble de 2 m]
💕Bolsa de Cama x1 Pieza - Tamaño: 150cmx200cm Altura 20cm
💕Funda Nórdica X1Pc - Tamaño: 200cmx230cm
💕Funda de almohada X2Pz - Tamaño: 48cmx74cm

💕[Juego De cuatro paquetes de cama de doble reina de 2 m]
💕Bolsa de Cama x1 Pieza - Tamaño: 180cmx200cm Altura 20cm
💕Funda Nórdica X1Pc - Tamaño: 200cmx230cm
💕Funda de almohada X2Pz - Tamaño: 48cmx74cm

▫️La funda del edredón es una funda de edredón fina de cuatro estaciones General sin colocación de algodón. Debe ser agregado con un edredón en el interior. En general, la funda del edredón es mejor almacenada y de secado rápido. En comparación con el edredón de dos propósitos, no es fácil de criar ácaros del polvo.

Si desea un edredón de dos usos, puede agregar un núcleo de edredón de verano para formar un nuevo edredón de dos usos. 
El nuevo edredón de dos usos se puede lavar y secar por separado para reducir el crecimiento de los ácaros antipolvo, y la funda de edredón delgada se puede reemplazar y el estilo es fácil de almacenar 

[Nuevo Edredón de dos propósitos = funda de edredón fino + núcleo de edredón de verano desmontable]


▫️▫️▫️Juego de sábanas V. Juego de bolsos de cama S.▫️▫️▫️
[Sábana] No hay banda elástica en las cuatro esquinas de la sábana y la sábana se puede dejar caer naturalmente después de que la sábana esté relajada, lo que puede bloquear el marco de la cama o la ropa interior El colchón
[Bolsa De cama] Las cuatro esquinas de la bolsa de cama tienen correas elásticas para cubrir el colchón

★La bolsa de cama es adecuada para colchones con una altura inferior A 20 cm. Si está expuesto, puede consultar la sábana que no está limitada por la altura.


[Oferta Especial en esta tienda]
Estimado. La nueva apertura de la tienda de esta tienda proporciona las siguientes actividades de bienestar:
- Siga para obtener 399 - 50 cupones, y puede mantener la abre de las actualizaciones continuas de la tienda

📣Acerca del envío👇:
🚛Si el pedido urgente no puede corregir, no realice un pedido, puede retrasar su tiempo.


📣Instrucciones👇:
🌿Para cualquier pregunta del producto, ¡utilice el Chat para contactarnos!
🌿Hay cierta diferencia de Color debido A la diferencia entre diferentes computadoras y pantallas de teléfonos móviles, considere cuidadosamente si le importa.


📣Recordatorio👇:
 🔒Las dimensiones del producto se miden a mano, ¡hay inevitablemente habrá errores!¡Por Favor sin DERECHO!
 🔒Todos los productos admiten venta al por mayor, el precio al por mayor es inferior, bienvenido a usar el Chat para contactarnos.
 🙏Si tiene buenas sugerencias o deficiencias en esta tienda, puede comunicarse directamente con nuestro servicio de atención al cliente de la tienda, aceptaremos sinceramente sugerencias o corregiremos errores.",0,95,57,,Tue Mar 14 2023 06:50:21 GMT+0000 (Coordinated Universal Time),1,"[{""name"":""Color"",""variations"":[""H polvo"",""H naranja"",""H blanco leche y gris claro"",""H caqui"",""H amarillo limón"",""H gris claro"",""H blanco leche"",""H Verde Matcha"",""H azul zafiro y gris claro""]},{""name"":""Tamaño"",""variations"":[""Juego de tres sábanas individu"",""Juego de Cuatro Sábanas Dobles"",""Juego de sábanas de doble rein"",""Paquete de cama estándar doble"",""Paquete de cama doble Queen de""]}]",https://shopee.com.mx,,100636,false,,"[{""name"":""model"",""value"":""H blanco leche,Paquete de cama estándar doble""}]",0,"https://shopee.com.mx/Mantas,-Edredones-y-Colchas-cat.11058544.11058603.11058946",null,,,null
https://shopee.com.mx/MIPOW-Miffy-Rabbit-Doll-Humidificador-Peque%C3%B1o-Hogar-Dormitorio-Silencio-Oficina-Escritorio-Aromaterapia-Beb%C3%A9-Ni%C3%B1a-Regalo-Lindo-Atm%C3%B3sfera-De-Luz-i.895604961.22708421890?model_id=156363209221,22708421890,MIPOW Miffy Rabbit Doll Humidificador Pequeño Hogar Dormitorio Silencio Oficina Escritorio Aromaterapia Bebé Niña Regalo Lindo Atmósfera De Luz,0,0,0,6.760900000000000e+02,6.760900000000000e+02,MXN,,0,"[""https://down-mx.img.susercontent.com/file/sg-11134201-22110-3raomuhbsbkv07_tn"",""https://down-mx.img.susercontent.com/file/sg-11134201-22110-czq1paibsbkv02_tn"",""https://down-mx.img.susercontent.com/file/sg-11134201-22110-nwwkjlibsbkvc7_tn"",""https://down-mx.img.susercontent.com/file/sg-11134201-22110-i5m31xibsbkv88_tn"",""https://down-mx.img.susercontent.com/file/sg-11134201-22110-98uq36ibsbkv3e_tn"",""https://down-mx.img.susercontent.com/file/sg-11134201-22110-cv8aqhjbsbkv08_tn"",""https://down-mx.img.susercontent.com/file/sg-11134201-22110-bb1v6qjbsbkvf4_tn"",""https://down-mx.img.susercontent.com/file/sg-11134201-22110-6opywdkbsbkv4f_tn"",""https://down-mx.img.susercontent.com/file/sg-11134201-22110-absd7skbsbkv34_tn""]",null,Sep███ber███x,https://shopee.com.mx/september9.mx,"[""Hogar y Vida"",""Fragancias y Aromaterapia del Hogar"",""Difusores, Humidificadores y Quemadores de Aceite""]","[{""name"":""Existencias"",""value"":""711""}]","Marca: MIPOW
Modelo: BTA900M
Área aplicable: 10 metros cuadrados
Capacidad del depósito de agua: 0.5L
Objeto aplicable: coche.
Función: luz ambiental
Número de salidas de niebla: 1
Modo de operación: Mecánico
Modo de fuente de alimentación: USB
Ruido: por debajo de 36dB
Voltaje nominal: ≤ 36V
Potencia nominal: 10
Color blanco
Color azul

😘Esta es una tienda cálida, y también sobre el amor y la belleza. En esta tienda puede encontrar su felicidad y también puede descubrir todo tipo de belleza y realidad en la vida. Cuando no está feliz, puede visitar los diversos Tipos de juguetes en la tienda. Aquí están todos los tipos de diversión, y cuando usted es feliz, también puede venir a la tienda para visitar los productos de entretenimiento diario, lo que le permitirá agregar su vida interesante y hacer su vida más conveniente y maravillosa. Le permitirá Siéntetete feliz y feliz es nuestro objetivo definitivo ~

🔥🔥[Descuento Completo] (Todos pueden obtenerlo, recuerda obtenerlo ~) Descuento exclusivo de servicio al cliente de Chat privado Oh ~
😎Siga nuestra tienda ahora para obtener cupones sin hogar ~
🎴Sin pedidos deslizantes, las reseñas sin deslizamiento son los principios de nuestra tienda, ¡así que cada pedido de venta en la tienda es Real!
🎴Aunque no solo vendemos un producto, Esperamos traerle realmente un mejor estado de ánimo y una mejor vida "", y estos productos que miran bien pueden brindarle una mejor experiencia de la vida. Los compradores en la isla contamos son realmente súper ordenados, y Realmente aprecio la confianza y el soporte de todos. Queremos.😘!

👉[Asuntos Especiales]
✌Esta tienda admite todos los métodos de logística y envío en shopee ~
✌La entrega al contado de nuestra tienda es rápida y se enviará desde el continente en el mismo día, y se le entregará lo más rápido posible ~
✌La reputación es la base de la vida útil de nuestra tienda, por una mano, ¡todos los problemas de calidad del producto nunca se reemplazarán o repararán!¡Puedes Comprar con confianza!Todos los artículos llegar a shopee Logistics Warehouse en aproximadamente 3 días.

📣[Problema Posventa]: después de recibir los productos, si tiene alguna pregunta, Use ""Chat "", servicio al cliente para ayudarlo A servir, le dé una evaluación de cinco estrellas, gracias mucho🙏!

[1] Cualquier bebé que preste atención A la tienda y le gusta más de tres productos, puede recibir un descuento 
[2] Cualquier cinco estrellas⭐⭐⭐⭐⭐Elogio + carga Un espectáculo de comprador atractivo, puede chatear y obtener un descuento cuando vuelva A comprar",0,2,57,,Fri Nov 04 2022 15:36:53 GMT+0000 (Coordinated Universal Time),4,"[{""name"":""Color"",""variations"":[""Blanco"",""Azul""]}]",https://shopee.com.mx,,100636,false,,"[{""name"":""model"",""value"":""Azul""}]",0,"https://shopee.com.mx/Difusores,-Humidificadores-y-Quemadores-de-Aceite-cat.11058544.11058599.11058958",null,,,null
"https://shopee.co.th/%E0%B8%9E%E0%B9%88%E0%B8%AD%E0%B9%81%E0%B8%A1%E0%B9%88%E0%B9%83%E0%B8%88%E0%B9%80%E0%B8%A2%E0%B9%87%E0%B8%99-%E0%B8%A5%E0%B8%B9%E0%B8%81%E0%B9%86-%E0%B9%80%E0%B8%9B%E0%B9%87%E0%B8%99%E0%B8%AA%E0%B8%B8%E0%B8%82-Peaceful-Parent,-Happy-Kids-i.129457099.11968566099",11968566099,"พ่อแม่ใจเย็น ลูกๆ เป็นสุข Peaceful Parent, Happy Kids",0,5,0,320,256,THB,,0,"[""https://down-th.img.susercontent.com/file/d44c0c0f6c0a129baa4ebe5b4775c10d_tn"",""https://down-th.img.susercontent.com/file/9f0215e7f9926b45b2a095b9f2451e1f_tn"",""https://down-th.img.susercontent.com/file/1b302da863b4fde536fbcf2768c4cccb_tn"",""https://down-th.img.susercontent.com/file/3fc8c317e01fe549de81069e9d8f787d_tn"",""https://down-th.img.susercontent.com/file/b9c348ec07d03959d2d9070e116bfc0d_tn"",""https://down-th.img.susercontent.com/file/6b59457e05f03b5e56b1b46b7b94eee3_tn"",""https://down-th.img.susercontent.com/file/01c90289c055cfd12c8fc910f53e9339_tn""]",null,San███ock███oks███,https://shopee.co.th/sandclockbooks,"[""หนังสือและนิตยสาร"",""หนังสือ"",""หนังสือครอบครัวและการเลี้ยงดูบุตร""]","[{""name"":""คลัง"",""value"":""11""},{""name"":""สินค้า"",""value"":""Sandclock Books(แซนด์คล็อค บุ๊คส์)""},{""name"":""ส่งจาก"",""value"":""จังหวัดกรุงเทพมหานคร""}]","เรื่องย่อ
ค้นพบความจริงที่ว่า การสร้างลูกเริ่มต้นที่เราเปลี่ยน
ผ่านหลักการ 3 ข้อที่ทำได้จริง
ควบคุมตัวเอง สร้างสายสัมพันธ์ เป็นโค้ชให้ลูก

พ่อแม่ใจเย็น ลูกๆ เป็นสุข มอบแนวทางแสนเรียบง่ายในการรับมือกับพฤติกรรมของลูก ที่ไม่ต้องดุ ต่อว่า หรือคิดหาวิธีลงโทษให้เจ็บแสบ แต่ความลับของเรื่องทั้งหมดคือการเริ่มต้นเปลี่ยนที่ตัวเรา หนังสือเล่มนี้มอบเครื่องมือให้พ่อแม่ตรวจสอบตนเองเพื่อเข้าใจสภาพอารมณ์ ให้เกิดเป็นสงบ มั่นใจ เข้าอกเข้าใจ และนำไปสู่การสร้างสายสัมพันธ์กับลูกที่แข็งแรงขึ้น
...
คู่มือการค้นพบใหม่
เพื่อเลี้ยงลูกที่มีความรับผิดชอบ มีความสามารถ และมีความสุข

อ้างอิงจากงานวิจัยล่าสุดเกี่ยวกับพัฒนาการทางสมองและประสบการณ์การรักษาพ่อแม่ในคลินิก วิธีการของ ดร.ลอรา มาร์คัม เรียบง่ายและมีประสิทธิภาพ สารของเธอคือ : การเพิ่มพูนความสัมพันธ์ด้านอารมณ์กับลูกสร้างการเปลี่ยนแปลงที่แท้จริงและยั่งยืน เมื่อคุณมีความสัมพันธ์ที่แข็งแกร่งนั้น ก็ไม่จำเป็นจะต้องข่มขู่ ดุด่า หาข้อแก้ตัว ติดสินบน หรือแม้แต่ลงโทษ

คู่มือที่น่าทึ่งเล่มนี้จะช่วยให้พ่อแม่เข้าใจสภาพอารมณ์ของตัวเองได้ดีขึ้น และช่วยให้พวกเขาคอยตรวจสอบตัวเอง เพื่อที่พวกเขาจะได้เลี้ยงดูลูกภายในขอบเขตอย่างมีคุณภาพ เข้าอกเข้าใจ และมีการสื่อสารที่ชัดเจน เพื่อสร้างเด็กที่มีระเบียบวินัยในตัวเอง พร้อมตัวอย่างทีละขั้นตอน สำหรับมอบแนวทางแก้ไขและการทดสอบลูกให้กับพ่อแม่ของลูกวัยหัดเดินไปจนถึงวัยประถม

ถ้าคุณเบื่อหน่ายกับการแก่งแย่งอำนาจ การเกรี้ยวกราดโกรธเคือง และกำลังมองหา ผลลัพธ์ ที่ใช่ ไม่ต้องไปมองหาที่ไหนไกล ในหนังสือเล่มนี้ คุณกำลังจะได้พบเครื่องมือที่นำไปใช้ได้จริงที่คุณต้องการเพื่อปรับเปลี่ยนรูปแบบการเลี้ยงดูของคุณให้เป็นไปในทิศทางบวก เป็นแนวทางที่พิสูจน์แล้ว

ดร.ลอรา ทำให้พ่อแม่เห็นว่าความเอาใจใส่ของพวกเขาสร้างสายใยต่อสมองของลูกในการควบคุมอารมณ์ และความสุข และอนาคตที่สดใสยิ่งขึ้นสำหรับมนุษยชาติ สารแห่งความรักที่เรียบง่ายทว่าปฏิวัติวงการได้เลย
-แนนซี ซามาลิน, วิทยาศาสตรมหาบัณฑิตสาขาชีววิทยา
นักเขียนหนังสือขายดีสี่เล่ม หนึ่งในนั้นคือ Loving without Spoiling

ถ้าคุณต้องการรู้สึกมั่นใจและสงบมากขึ้นในฐานะพ่อแม่ หนังสือเล่มนี้คือคำตอบ ดร.ลอรา ช่วยให้คุณเข้าใจว่าอะไรคือสิ่งที่ผลักดันพฤติกรรมของลูกและมอบเครื่องมือที่นำไปใช้ได้จริงเพื่อเปลี่ยนแปลงพฤติกรรม
-เอลิซาเบท แพนต์เลย์
นักเขียนหนังสือขายดีสิบสองเล่ม หนึ่งในนั้นคือ The No-Cry Sleep Solution",4.96,187,95,2.59 hours,Tue Feb 26 2019 07:46:05 GMT+0000 (Coordinated Universal Time),17900,"[{""variations"":[null]}]",https://shopee.co.th,Sandclock Books(แซนด์คล็อค บุ๊คส์),100643,false,,"[{""name"":""model"",""value"":null}]",0,https://shopee.co.th/%E0%B8%AB%E0%B8%99%E0%B8%B1%E0%B8%87%E0%B8%AA%E0%B8%B7%E0%B8%AD%E0%B8%84%E0%B8%A3%E0%B8%AD%E0%B8%9A%E0%B8%84%E0%B8%A3%E0%B8%B1%E0%B8%A7%E0%B9%81%E0%B8%A5%E0%B8%B0%E0%B8%84%E0%B8%A7%E0%B8%B2%E0%B8%A1%E0%B8%AA%E0%B8%B1%E0%B8%A1%E0%B8%9E%E0%B8%B1%E0%B8%99%E0%B8%98%E0%B9%8C-cat.11044957.11045186.11045915,null,,,null
"https://shopee.sg/Wide-casual-shoes-unisex-foot-swelling-shoes-are-suitable-for-diabetic-foot-with-hallux-valgus,-big-toe,-wide-foot-and-deformed-foot-for-men-and-women-i.316293300.24327685031?model_id=240746439579",24327685031,"Wide casual shoes unisex foot swelling shoes are suitable for diabetic foot with hallux valgus, big toe, wide foot and deformed foot for men and women",0,4.8,0,5.982000000000000e+01,3.171000000000000e+01,SGD,,0,"[""https://down-sg.img.susercontent.com/file/sg-11134201-7rd3n-luro6fz4djg58b_tn"",""https://down-sg.img.susercontent.com/file/sg-11134201-7rd41-luro6h1ysp0d45_tn"",""https://down-sg.img.susercontent.com/file/sg-11134201-7rd6t-luro6hq3tcvd91_tn"",""https://down-sg.img.susercontent.com/file/sg-11134201-7rd5e-luro6i675t5ubb_tn"",""https://down-sg.img.susercontent.com/file/sg-11134201-7rd75-luro6iso8wyi01_tn"",""https://down-sg.img.susercontent.com/file/sg-11134201-7rd5a-luro6jf5c1axda_tn"",""https://down-sg.img.susercontent.com/file/sg-11134201-7rd6p-luro6jxgl8o894_tn"",""https://down-sg.img.susercontent.com/file/sg-11134201-7rd4y-luro6kmzjvgd47_tn"",""https://down-sg.img.susercontent.com/file/sg-11134201-7rd71-luro6l96nenbfa_tn""]",null,Ayu███u S███s,https://shopee.sg/kids2fashion.sg,"[""Men Shoes"",""Others""]","[{""name"":""Stock"",""value"":""24647""},{""name"":""Country of Origin"",""value"":""China""},{""name"":""Ships From"",""value"":""Mainland China""}]","100% new brand and high quality! 【Ayugugu】
 
 ※ Please don't choice the size based on other size standards in your country.
 ※ Please choose size according to our CN size chart and your foot length.
 CN 36 = Foot length 23.0 cm;
 CN 37 = Foot length 23.5 cm;
 CN 38 = Foot length 24.0 cm;
 CN 39 = Foot length 24.5 cm;
 CN 40 = Foot length 25.0 cm;
 CN 41 = Foot length 25.5 cm;
 CN 42 = Foot length 26.0 cm;
 CN 43 = Foot length 26.5 cm;
 CN 44 = Foot length 27.2 cm;
 CN 45 = Foot length 27.8 cm;
 CN 46 = Foot length 28.5 cm;
 CN 47 = Foot length 29.0 cm;
 ※ Before You Buy※
 ⭐️All products in this shop are shipped directly from the factory, We promise to only make high-quality shoes and will not lower the quality of shoes for low prices.
 ⭐️If you not sure about your foot length, please take time to measure, refer to the size picture. Due to different methods of measure, the error is allowed nomally in 1cm.
 ⭐️Due to the difference of the display screen, the color of the actual item may be slightly different from the above picture, please understand.
 Package included:1 x pair of shoe",4.83,188,96,1.93 hours,Wed Sep 30 2020 09:22:48 GMT+0000 (Coordinated Universal Time),1689,"[{""name"":""Color"",""variations"":[""grey"",""brown"",""black""]},{""name"":""Size"",""variations"":[""36"",""37"",""38"",""39"",""40"",""41"",""42"",""43"",""44"",""45"",""46"",""47""]}]",https://shopee.sg,,100012,false,,"[{""name"":""model"",""value"":""black,46""}]",0,https://shopee.sg/Others-cat.11012767.11027700.11027701,"[{""claimable"":false,""currency"":""SGD"",""discount"":1,""discount_cap"":0,""discount_percentage"":0,""min_spend"":2580000,""shop_vouncher"":""Ayugugu Shoes"",""special_condition"":null,""text_info"":""KIDSILU58"",""validity_end"":""2024-09-30T10:33:00.000Z"",""validity_start"":""2024-08-15T09:33:00.000Z""},{""claimable"":false,""currency"":""SGD"",""discount"":2,""discount_cap"":0,""discount_percentage"":0,""min_spend"":4988000,""shop_vouncher"":""Ayugugu Shoes"",""special_condition"":null,""text_info"":""KIDSLYH88"",""validity_end"":""2024-09-30T15:56:00.000Z"",""validity_start"":""2024-08-15T09:34:00.000Z""},{""claimable"":false,""currency"":""SGD"",""discount"":4,""discount_cap"":0,""discount_percentage"":0,""min_spend"":7880000,""shop_vouncher"":""Ayugugu Shoes"",""special_condition"":null,""text_info"":""KIDSFDG58"",""validity_end"":""2024-09-30T13:45:00.000Z"",""validity_start"":""2024-08-15T09:36:00.000Z""}]",,,null
"https://shopee.vn/HAPPY-FURNITURE-,-k%E1%BB%87-s%C3%A1ch-6-t%E1%BA%A7ng-c%E1%BB%ADa-k%C3%ADnh-t%C3%ADch-h%E1%BB%A3p-%C4%91%C3%A8n-led---CATY-,-KSA_010_LED-,-80cm-x-30cm-x-202cm-i.946930458.22468325571?model_id=216754316787",22468325571,"HAPPY FURNITURE , kệ sách 6 tầng cửa kính tích hợp đèn led - CATY , KSA_010_LED , 80cm x 30cm x 202cm",0,5,0,3278000,3179660,VND,,0,"[""https://down-vn.img.susercontent.com/file/vn-11134207-7r98o-ly32h0iansnta5_tn"",""https://down-vn.img.susercontent.com/file/vn-11134207-7r98o-ly32h0iansgr95_tn"",""https://down-vn.img.susercontent.com/file/vn-11134207-7r98o-ly32h0iame3d85_tn"",""https://down-vn.img.susercontent.com/file/vn-11134207-7r98o-ly32h0iap71731_tn"",""https://down-vn.img.susercontent.com/file/vn-11134207-7r98o-ly32h0iamdwb0f_tn"",""https://down-vn.img.susercontent.com/file/vn-11134207-7r98o-lxtegm2fcixn3c_tn"",""https://down-vn.img.susercontent.com/file/vn-11134207-7r98o-lxtegm2fcj4p34_tn"",""https://down-vn.img.susercontent.com/file/vn-11134207-7r98o-lxtegm9x4dll34_tn"",""https://down-vn.img.susercontent.com/file/vn-11134207-7r98o-lpaijrqirihn72_tn""]",null,Hap███Fur███ure███,https://shopee.vn/happyhome.furniture,"[""Nhà cửa & Đời sống"",""Nội thất"",""Kệ & Giá""]","[{""name"":""Kho"",""value"":""852""},{""name"":""Thương hiệu"",""value"":""Happy Furniture""},{""name"":""Hạn bảo hành"",""value"":""12 tháng""},{""name"":""Loại bảo hành"",""value"":""Bảo hành nhà sản xuất""},{""name"":""Xuất xứ"",""value"":""Việt Nam""},{""name"":""Gửi từ"",""value"":""TP. Hồ Chí Minh""}]","Kích thước sản phẩm :  80cm x 30cm x 202cm   ( Ngang x sâu x cao ) 



👉🏻 [THỜI GIAN SẢN XUẤT VÀ GIAO HÀNG] 



- Thời gian gia công sản phẩm từ 2-3 ngày làm việc <hàng mới 100%>. 

- Shop nhận được đơn sẽ tiến hành thông báo thời gian giao hàng cụ thể cho khách hàng trong vòng 24h.



👉🏻 [CHÍNH SÁCH VẬN CHUYỂN & LẮP ĐẶT]



📍 KHÔNG MIỄN PHÍ VẬN CHUYỂN  - KHÔNG LẮP ĐẶT TẬN  NƠI KHU VỰC HÀ NỘI



<<< MIỄN PHÍ LẮP ĐẶT VÀ VẬN CHUYỂN CHO TOÀN BỘ CÁC KHU VỰC SAU >>>

📍 HỒ CHÍ MINH : Trong thành phố và các vùng ngoại thành.

📍 BÌNH DƯƠNG : 

Thủ Dầu Một

Thuận An

Dĩ An

Bến Cát

📍 ĐỒNG NAI : 

Biên Hòa

Long Thành

Trảng Bom

Nhơn Trạch

📍 VŨNG TÀU : 

TP.Vũng Tàu

Phú Mỹ

Long Hải

Bà Rịa

📍 TOÀN BỘ CÁC KHU VỰC MIỀN TÂY ( Gộp đơn theo chuyến )

📍 CÁC TỈNH : Bình Thuận, Ninh Thuận, Nha Trang, Lâm Đồng, Bình Phước, Đắk Lắk, Đắk Nông ( Gộp đơn theo chuyến ).



<<< KHU VỰC KHÔNG THUỘC NHỮNG ĐỊA ĐIỂM TRÊN >>>

📢Quý khách vui lòng liên hệ shop để được tư vấn cụ thể !

 

Nếu quý khách cần sản phẩm sớm , không đợi gộp chuyến , shop sẽ gửi sp kèm hướng dẫn lắp đặt cụ thể ạ



👉🏻 [CHẤT LƯỢNG SẢN PHẨM]



💡Chất lượng: 

Gia công sản xuất bằng máy CNC đời mới, bảo đảm độ chính xác cao nhất trên mọi sản phẩm.

Quy trình sản xuất rõ ràng từ bản vẽ chi tiết <Được vẽ bởi kỹ sư nhiều năm kinh nghiệm> cho đến lắp ráp <Có bản hướng dẫn để khách hàng có mong muốn tháo dỡ và lắp lại bất cứ khi nào mà khách muốn>.

💡Tình trạng hàng: Sẵn sàng để sản xuất.



👉🏻 [CHÍNH SÁCH BẢO HÀNH VÀ HOÀN TRẢ]



📣Bảo hành 1 đổi 1 với phần sản phẩm bị hư hại trong năm đầu tiên với bất kỳ lý do nào (thay mới 100% nói không với sửa chữa). Trừ trường hợp cố ý gây hư hỏng hoặc ngâm nước 



➡️Khách hàng gửi hình ảnh phần sản phẩm bị hư hỏng, công ty sẽ đánh giá mức độ và thay thế bộ phận hư hại.



➡️Trường hợp hình ảnh phần sản phẩm hư hỏng nằm ở góc độ khó, công ty sẽ trực tiếp đến để xem tình trạng sản phẩm và hẹn lại thời gian thay thế.



 



Nội thất Happy Home Furniture

 ",4.97,1175,100,1.63 hours,Thu Feb 02 2023 02:25:59 GMT+0000 (Coordinated Universal Time),8464,"[{""name"":""Màu sắc"",""variations"":[""Trắng-Tiêu chuẩn"",""Gỗ đậm-Tiêu chuẩn"",""Gỗ nhạt- Tiêu chuẩn"",""Đen- Tiêu chuẩn"",""Sồi- Tiêu chuẩn"",""Trắng- Chống ẩm"",""Gỗ đậm- Chống ẩm"",""Gỗ nhạt- Chốngẩm"",""Đen - Chống ẩm"",""Sồi- Chống ẩm""]}]",https://shopee.vn,Happy Furniture,100636,false,,"[{""name"":""model"",""value"":""Gỗ nhạt- Tiêu chuẩn""}]",0,https://shopee.vn/K%E1%BB%87-v%C3%A0-gi%C3%A1-%C4%91%E1%BB%A1-cat.11036670.11036695.11111686,"[{""claimable"":false,""currency"":""VND"",""discount"":20000,""discount_cap"":0,""discount_percentage"":0,""min_spend"":200000000000,""shop_vouncher"":""Happy Furniture"",""special_condition"":null,""text_info"":""HAPPY20N"",""validity_end"":""2024-09-30T16:59:00.000Z"",""validity_start"":""2024-08-31T17:00:00.000Z""},{""claimable"":false,""currency"":""VND"",""discount"":15000,""discount_cap"":0,""discount_percentage"":0,""min_spend"":150000000000,""shop_vouncher"":""Happy Furniture"",""special_condition"":null,""text_info"":""HAPPY15N"",""validity_end"":""2024-09-30T16:59:00.000Z"",""validity_start"":""2024-08-31T17:00:00.000Z""},{""claimable"":false,""currency"":""VND"",""discount"":10000,""discount_cap"":0,""discount_percentage"":0,""min_spend"":100000000000,""shop_vouncher"":""Happy Furniture"",""special_condition"":null,""text_info"":""HAPPY10NN"",""validity_end"":""2024-09-30T03:59:00.000Z"",""validity_start"":""2024-08-31T17:00:00.000Z""}]",,,null
https://shopee.cl/Pantalones-Para-Ni%C3%B1as-De-La-Marca-Seven7-i.682945899.23003246850?model_id=137040464488,23003246850,Pantalones Para Niñas De La Marca Seven7,0,4.6,0,20000,20000,CLP,,0,"[""https://down-cl.img.susercontent.com/file/eb960c22d3e7c405e86efb53123a605a_tn"",""https://down-cl.img.susercontent.com/file/f5b3af86dcfc046e569100dc341e5500_tn"",""https://down-cl.img.susercontent.com/file/69e98bf8c4ca277485370cc1193a1bd0_tn""]",null,eko███381███cl,https://shopee.cl/eko300381xa.cl,"[""Ropa de Mujer"",""Pantalones y Leggings"",""Pantalones""]","[{""name"":""Existencias"",""value"":""290""},{""name"":""Material"",""value"":""Algodón""},{""name"":""Estilo de Bottoms"",""value"":""Otros""},{""name"":""Patrón"",""value"":""Llanura""}]","100% originales 
Item2: nueva prenda de fábrica ex 
Tamaño ver en la imagen 
Material elástico flexible, Garantía especial wa
El precio de los artículos incluye una tarifa de envío que debe ser transmitida por el comprador.
El precio del artículo incluye una tarifa de envío que debe ser transmitida por el comprador.",0,442,57,,Wed Feb 09 2022 13:30:51 GMT+0000 (Coordinated Universal Time),0,"[{""name"":""Color"",""variations"":[""Blanco""]},{""name"":""Talla"",""variations"":[""Talla 4 LP 70"",""Talla 6 LP 75"",""Talla 8 LP 80"",""Talla 10 LP 85"",""Talla 12 LP 90"",""Talla 14 LP 95"",""Talla 16 LP 100""]}]",https://shopee.cl,,100017,false,,"[{""name"":""model"",""value"":""Blanco,Talla 12 LP 90""}]",0,https://shopee.cl/Pantalones-cat.11070449.11070574.11071121,null,,,null
"https://shopee.vn/Gi%C3%A0y-LV-Trainer-%C4%91%E1%BB%A7-m%C3%A0u,gi%C3%A0y-Louis-Vuitton-Trainer-Black-White-b%E1%BA%A3n-Trung-Full-ph%E1%BB%A5-ki%E1%BB%87n-i.868259695.23315683760?model_id=175434176384",23315683760,"Giày LV Trainer đủ màu,giày Louis Vuitton Trainer Black White bản Trung Full phụ kiện",0,4.8,0,750000,375000,VND,,0,"[""https://down-vn.img.susercontent.com/file/vn-11134201-23020-vbb0ypwm13nv4d_tn"",""https://down-vn.img.susercontent.com/file/vn-11134201-23020-t45roqan13nvd3_tn"",""https://down-vn.img.susercontent.com/file/vn-11134201-23020-ju2o8iop1mnv51_tn"",""https://down-vn.img.susercontent.com/file/vn-11134201-23020-2taocsan13nv58_tn"",""https://down-vn.img.susercontent.com/file/vn-11134201-23020-djqqoqan13nv11_tn"",""https://down-vn.img.susercontent.com/file/vn-11134201-23020-nhqqoqan13nv2e_tn"",""https://down-vn.img.susercontent.com/file/vn-11134201-23020-vrj3zh2iy3nvdc_tn"",""https://down-vn.img.susercontent.com/file/vn-11134201-23020-v45qeqan13nv44_tn""]",null,Sne███r_2███,https://shopee.vn/sneaker_27,"[""Giày Dép Nam"",""Giày thể thao/ Sneakers""]","[{""name"":""Số lượng hàng khuyến mãi"",""value"":""400""},{""name"":""Số sản phẩm còn lại"",""value"":""313029""},{""name"":""Tình trạng"",""value"":""Product Condition""},{""name"":""Tên tổ chức chịu trách nhiệm sản xuất"",""value"":""Đang cập nhật""},{""name"":""Chiều rộng phù hợp"",""value"":""Có""},{""name"":""Loại Khóa"",""value"":""Khóa dây""},{""name"":""Xuất xứ"",""value"":""Trung Quốc""},{""name"":""Địa chỉ tổ chức chịu trách nhiệm sản xuất"",""value"":""Đang cập nhật""},{""name"":""Gửi từ"",""value"":""Hà Nội""}]","Sneaker27 xin kính chào quý khách

➡️Thông tin sản phẩm : 

-  Mẫu này bạn mang đúng hoặc up 1 size đối với chân bè

- Tăng thêm chiều cao 4cm

- phối đồ mọi phong cách

- Đế khâu 2 lớp chuẩn hàng Trung

- Size: 36 > 43 dành cho cả nam và nữ

- Mã sản phẩm: d34
- Xuất xứ : được sản xuất tại nhà máy Quảng Châu

Lưu ý: Sản phẩm được bảo hành 6 tháng trên toàn quốc

Sneaker27 cam kết:

☑️CAM KẾT : HOÀN TIỀN 100% NẾU SẢN PHẨM KHÔNG ĐÚNG MÔ TẢ .
☑️ HỖ TRỢ ĐỔI SIZE TRONG 3 NGÀY NẾU KHÔNG ĐI VỪA .
☑️ĐƯỢC KIỂM TRA HÀNG TRƯỚC KHI THANH TOÁN ( GỌI CHO SHOP THEO HOTLINE NẾU BƯU TA K HỖ TRỢ CHO KIỂM TRA HÀNG )
☑️SẢN PHẨM TRƯỚC KHI GIAO CHO KHÁCH HÀNG ĐẦY ĐỦ BILL,BOX, TAG...",4.85,51,94,2.48 hours,Wed Sep 21 2022 04:13:50 GMT+0000 (Coordinated Universal Time),36890,"[{""name"":""Phân loại"",""variations"":[""Lv Đen 1:1"",""Lv Xanh Lá 1:1"",""Lv Xanh Navy 1:1"",""Lv Đen S.Cấp"",""Lv Xanh Lá S.Cấp"",""Lv Xanh Navy S.Cấp""]},{""name"":""Size"",""variations"":[""36"",""37"",""38"",""39"",""40"",""41"",""42"",""43"",""44""]}]",https://shopee.vn,,100012,true,Wed Sep 04 2024 09:59:59 GMT+0000 (Coordinated Universal Time),"[{""name"":""model"",""value"":""Lv Đen 1:1,41""}]",0,https://shopee.vn/Gi%C3%A0y-Th%E1%BB%83-Thao/-Sneakers-cat.11035801.11035807,null,,,null
https://shopee.co.id/Speaker-Bluethooth-Karaoker-Motif-Batman-Tipe-3391-Gratis-Microphone-Series-6.5Inc-i.495324338.13673821252,13673821252,Speaker Bluethooth Karaoker Motif Batman Tipe 3391 Gratis Microphone Series 6.5Inc,0,4.6,0,97000,83420,IDR,,0,"[""https://down-id.img.susercontent.com/file/id-11134207-7r991-lr75587wx7on05_tn"",""https://down-id.img.susercontent.com/file/ed5b5aeac6608c9a8885fdba5aa7632d_tn"",""https://down-id.img.susercontent.com/file/id-11134207-7r98s-lr75587wym933e_tn"",""https://down-id.img.susercontent.com/file/id-11134207-7r98o-lr75587x00tj9f_tn""]",null,Mic███ Te███,https://shopee.co.id/mickimtech_grosirspeaker,"[""Audio"",""Perangkat Audio & Speaker"",""Speaker""]","[{""name"":""Stok"",""value"":""3464""},{""name"":""Merek"",""value"":""Kimiso""},{""name"":""Kesesuaian Audio"",""value"":""Handphone""},{""name"":""Maksimum Frekuensi"",""value"":""50000Hz""},{""name"":""Minimum Frekuensi"",""value"":""90Hz""},{""name"":""Peringkat Sensitivitas"",""value"":""92dB""},{""name"":""Masa Garansi"",""value"":""Tidak Garansi""},{""name"":""Jenis Garansi"",""value"":""Tidak Garansi""},{""name"":""Koneksi Input"",""value"":""USB, Lainnya""},{""name"":""Fungsi Bluetooth"",""value"":""Ya""},{""name"":""Smart Speaker"",""value"":""Ya""},{""name"":""Jenis Speaker"",""value"":""Speaker Portable""},{""name"":""Audio Crossover"",""value"":""Full Range""},{""name"":""Tipe Amplifier"",""value"":""Lainnya""},{""name"":""Tipe Koneksi"",""value"":""Kabel""},{""name"":""Asisten Virtual"",""value"":""Lainnya""},{""name"":""No.Sertifikat (POSTEL)"",""value"":""-""},{""name"":""No.Sertifikat (SNI,K3L,UTTP)"",""value"":""-""}]","Version 5.0+EDR(A2DP)
Connect Distance : 10M
Output power : 5W
Frequency Response : 20Hz - 20KHz
Hom size : 6.5inch 
Battery Capacity : 1500Mah 
Battery Charging voltage : 5v(USB)
Playback Time : 2-3 Hours 
battery Charge Time : 2 Hours 
Support : USB\TF/FM/AUX/MIC/WIRELESS 
Package Accessories : Charging cable , Aux Cable 
Speaker Size : 200*133*301mm 
Product N.W : 2Kg 

KELENGKAPAN :
1 UNIT SPEAKER 3391
1 Kabel Usb
1 Microphone Karaoke


HAL YANG PERLU DIPERHATIKAN OLEH CALON PEMBELI :

- Warna dan Barang yang kita kirim sesuai dengan keterangan yang tertera.
- Tidak Menerima Komplain Warna.
- Barang yang kita jual sesuai foto asli yang ada pada gambar, Keakuratan Foto  95%-100%
- Packing kami Menggunakan Bubble Wrap (Mohon Tambahkan Bubble wrap untuk lebih Aman)
- Bila barang Penyok saat diterima itu tanggung jawab pihak kurir pengiriman.
- Tidak bisa cancel jika barang sudah dikirim.
- Tidak Perlu menanyakan Stok lagi, Karna stok kami selalu update. Jika stok habis maka akan otomatis Closed.",4.62,220,74,2.02 hours,Fri Jul 23 2021 03:50:04 GMT+0000 (Coordinated Universal Time),31165,"[{""variations"":[null]}]",https://shopee.co.id,Kimiso,100535,false,,"[{""name"":""model"",""value"":null}]",0,https://shopee.co.id/Speaker-cat.11044458.11044544.11044546,"[{""claimable"":false,""currency"":""IDR"",""discount"":1000,""discount_cap"":0,""discount_percentage"":0,""min_spend"":10000000000,""shop_vouncher"":""Mickim Tech"",""special_condition"":null,""text_info"":""MICKACC"",""validity_end"":""2024-11-30T04:30:00.000Z"",""validity_start"":""2024-08-31T08:40:00.000Z""},{""claimable"":false,""currency"":""IDR"",""discount"":500,""discount_cap"":0,""discount_percentage"":0,""min_spend"":10500000000,""shop_vouncher"":""Mickim Tech"",""special_condition"":null,""text_info"":""MICKTECH"",""validity_end"":""2024-11-30T04:30:00.000Z"",""validity_start"":""2024-08-31T08:40:00.000Z""},{""claimable"":false,""currency"":""IDR"",""discount"":120,""discount_cap"":0,""discount_percentage"":0,""min_spend"":12000000000,""shop_vouncher"":""Mickim Tech"",""special_condition"":null,""text_info"":""MICKDREAM"",""validity_end"":""2024-11-30T04:30:00.000Z"",""validity_start"":""2024-08-31T08:40:00.000Z""}]",,,null
https://shopee.com.co/Plastic-Drainer-Rack-Cutlery-Chopsticks-Spoon-Fork-Organizer-Bucket-Utensils-Spatula-Storage-Stand-i.640770868.15472139770?model_id=106143829330,15472139770,Plastic Drainer Rack Cutlery Chopsticks Spoon Fork Organizer Bucket Utensils Spatula Storage Stand,0,0,0,70330,70330,COP,,0,"[""https://down-co.img.susercontent.com/file/dc15e86119310f984d9e56d703702184_tn"",""https://down-co.img.susercontent.com/file/f9179a7eda9031c6160188545a2e07f0_tn"",""https://down-co.img.susercontent.com/file/123a279216f565f6d8d577251a43a1c7_tn"",""https://down-co.img.susercontent.com/file/18382d3bdf0f3e7688c7061d7f920d21_tn"",""https://down-co.img.susercontent.com/file/ba9f10f4353ab275ef51d4ce375757d3_tn"",""https://down-co.img.susercontent.com/file/af923aaa86f51e65c63d1f6919f83863_tn"",""https://down-co.img.susercontent.com/file/abca84d5a8a40ae8af6ec6b50686072e_tn"",""https://down-co.img.susercontent.com/file/635a0537a93b8a385b37af1dc36b49a9_tn""]",null,ing███l.c███,https://shopee.com.co/ingswcl.co,"[""Hogar y Vida"",""Vajilla"",""Cubiertos""]","[{""name"":""Existencias"",""value"":""2008""}]","Description:

Good quality, the smooth surface do not hurt the hand, and it's not easy to grease, easy to clean, the bottom of the box can drain excessive water.

The storage stand is going to save the space of the kitchen, it's a practical gift for your family, parents and friends.

The size of the spoon fork organizer stand is 12.2x19cm, there are three grids, which is enough for you to store stuff.

Open top design which is convenient and practical, and will help you find the items you need quickly and easily.

The cutlery chopsticks organizer bucket is made of plastic(PP, ABS) material, which is durable to use.

Specification:

Color: light pink, light blue, light green, khaki.

Material: platic.

Size: 12.2x19cm.

Note:

There might be a bit color distortions due to different computer resolutions.

There might be a slight errors due to different hand measurement.

Package included:

1* kithchen storage rack.",0,2691,57,,Thu Dec 30 2021 08:02:07 GMT+0000 (Coordinated Universal Time),0,"[{""name"":""Style"",""variations"":[""light pink"",""light blue"",""light green"",""khaki""]}]",https://shopee.com.co,,100636,false,,"[{""name"":""model"",""value"":""khaki""}]",0,https://shopee.com.co/Vajilla-cat.11069103.11069302.11070164,null,,,null
"https://shopee.vn/[Dgzqbyc]-Tai-nghe-nh%C3%A9t-tai-%C3%A2m-thanh-n%E1%BB%95i-3,5-mm-trong-tai-cho-MP4-MP3-i.1200982955.24676592096",24676592096,"[Dgzqbyc] Tai nghe nhét tai âm thanh nổi 3,5 mm trong tai cho MP4 MP3",0,4.6,0,14000,9000,VND,,0,"[""https://down-vn.img.susercontent.com/file/sg-11134201-7rd4u-luj27msmtnui6b_tn"",""https://down-vn.img.susercontent.com/file/sg-11134201-7rd4f-luj27ugfm1tze9_tn"",""https://down-vn.img.susercontent.com/file/sg-11134201-7rd6b-luj27vwlhq6l35_tn"",""https://down-vn.img.susercontent.com/file/sg-11134201-7rd66-luj27caq82iodd_tn"",""https://down-vn.img.susercontent.com/file/sg-11134201-7rd4a-luj28hmrp3incf_tn"",""https://down-vn.img.susercontent.com/file/sg-11134201-7rd5c-luj277fxah1n1e_tn"",""https://down-vn.img.susercontent.com/file/sg-11134201-7rd6p-luj27dcqn1gs3f_tn"",""https://down-vn.img.susercontent.com/file/sg-11134201-7rd3n-luj27uctrbmx5a_tn""]",null,dgz███c.v███,https://shopee.vn/dgzqbyc.vn,"[""Thiết Bị Âm Thanh"",""Tai nghe nhét tai & chụp tai""]","[{""name"":""Kho"",""value"":""1046""},{""name"":""Kiểu kết nối"",""value"":""Không dây""},{""name"":""Các loại tai nghe"",""value"":""Khác""},{""name"":""Game chuyên dụng"",""value"":""Không""},{""name"":""Thiết bị âm thanh tương thích"",""value"":""khác""},{""name"":""Gửi từ"",""value"":""Nước ngoài""}]","“”“ ” “” Chào mừng Cửa hàng dgzqbyc ”“ ” ” “” ” ”
· Hầu hết các mặt hàng đều có sẵn!
· Các mặt hàng sẵn sàng trong kho sẽ được xuất xưởng trong vòng 3 ngày!
· Người bán không thể thay đổi địa chỉ, nếu bạn đặt sai địa chỉ, vui lòng yêu cầu đơn đặt hàng hoàn lại tiền và đặt hàng lại theo địa chỉ mới.
· Theo dõi cửa hàng của chúng tôi có thể nhận được voucher.
· Sản phẩm chất lượng, giá cả hợp lý và dịch vụ ấm áp.

100% Thương hiệu mới Vừa vặn hoàn hảo và thoải mái trong ống tai của bạn Thiết kế nhẹ và thời trang 
Cũng hoàn hảo cho bất kỳ máy nghe nhạc MP3, người đi bộ, máy tính và các thiết bị âm thanh / video khác 
Tương thích với tất cả các kiểu iPod cùng với bất kỳ thiết bị nào khác có giắc cắm 3,5 mm 
Màu trắng
Chất liệu: ABS
Nội dung gói: 1 x tai nghe 
Chỉ có nội dung gói trên, các sản phẩm khác không được bao gồm.
Lưu ý: Ánh sáng chụp và cách hiển thị khác nhau có thể khiến màu sắc của vật phẩm trong ảnh hơi khác so với hàng thật. Sai số cho phép đo là + / - 1-3cm.",4.81,989,100,0.67 hours,Mon Mar 04 2024 14:27:42 GMT+0000 (Coordinated Universal Time),10,"[{""variations"":[null]}]",https://shopee.vn,,100535,false,,"[{""name"":""model"",""value"":null}]",0,https://shopee.vn/Headphones-cat.11036132.11109141,null,,,null
https://shopee.co.id/PINKFLASH-Water-Ink-Airy-Matte-Lip-Tint-Transfer-proof-Tahan-lama-Soft-Airy-like-Matte-i.313054595.22851591966?model_id=214511995253,22851591966,PINKFLASH Water Ink Airy Matte Lip Tint Transfer-proof Tahan lama Soft Airy-like Matte,0,4.8,0,200000,29999,IDR,,0,"[""https://down-id.img.susercontent.com/file/id-11134207-7r98q-lze7e9eouqlc4c_tn"",""https://down-id.img.susercontent.com/file/id-11134207-7qul9-lkj1s69dm14w92_tn"",""https://down-id.img.susercontent.com/file/id-11134207-7qul6-lkj1s69drneo02_tn"",""https://down-id.img.susercontent.com/file/id-11134207-7qul6-lkj1s69dugjkb7_tn"",""https://down-id.img.susercontent.com/file/id-11134207-7quky-lkj1s69dq8u88a_tn"",""https://down-id.img.susercontent.com/file/id-11134207-7qul5-lkj1s69dt1z436_tn"",""https://down-id.img.susercontent.com/file/id-11134207-7qul7-lkj1s69dnfpc29_tn"",""https://down-id.img.susercontent.com/file/id-11134207-7r98w-ln19dfiza8b3e8_tn"",""https://down-id.img.susercontent.com/file/id-11134207-7qul1-lkj1s69dvv408e_tn""]",null,Pin███ash███don█████████cia████████████,https://shopee.co.id/pinkflashofficialshop,"[""Perawatan & Kecantikan"",""Kosmetik"",""Kosmetik Bibir"",""Lip Tint""]","[{""name"":""Stok"",""value"":""34909""},{""name"":""Merek"",""value"":""Pinkflash""},{""name"":""Formulasi"",""value"":""Cair""},{""name"":""Masa Penyimpanan"",""value"":""24 Bulan""},{""name"":""No. Izin Edar (BPOM, PIRT)"",""value"":""NA11231300552""},{""name"":""Dikirim Dari"",""value"":""KAB. TANGERANG""}]","
💫Formula berbasis air baru yang unik! PINKFLASH#WaterColor Water Ink Airy Matte Lip Tint menciptakan warna bibir air yang semarak dengan transfer minimal, tinta air ke matte, mendapatkan efek matte seperti airy yang lembut.

                                                                                    【Water-ink To Matte】
Mengadopsi formula berbasis air khusus yang ringan dan pigmen tinggi. Terlihat Lembab di bibir pada swipe pertama tetapi mengering menjadi matte alami. Air-tinta menjadi matte, memberi Anda perasaan bibir matte ringan yang belum pernah ada sebelumnya.
                                                                                【Airy-like & Burden-free】
Tekstur seperti air yang lembab dan lembut melekat di bibir seperti air tanpa lengket, seperti airy, dan bebas beban, membuat bibir nyaman sepanjang hari.
                                                                                【Tidak Takut Transfer】
Formula khusus ini tahan transfer, tahan masker, dan dapat bertahan di bibir Anda hingga 12 jam tanpa transfer.
                                                                             【Lembut & Melembabkan】
Mengandung asam hialuronat dan chlorella vulgaris, matte namun tidak kering membuat bibir Anda lembut dan lembab.
                                                                       【Cara Terbaik Untuk Menggunakan】
Ini memiliki pigmen warna yang sangat baik, cukup tambahkan lapisan tipis, dapat menutupi bibir gelap, tetapi jika Anda perlu menambahkan lapisan lain, disarankan untuk menunggu hingga kering dan matte sebelum mengaplikasikannya.

💫Tips：Jika perlu menambahkan lapisan kedua, disarankan untuk menunggu hingga kering dan matte sebelum mengaplikasikannya.

💫Ingredients: WATER, GLYCERIN, POLYACRYLATE CROSSPOLYMER-6, 1,2-HEXANEDIOL, PHENOXYETHANOL, ETHYLHEXYLGLYCERIN, PEG-40 HYDROGENATED CASTOR OIL, PARFUM, WATER, BUTYLENE GLYCOL, CHLORELLA VULGARIS EXTRACT, PENTYLENE GLYCOL, 1,2-HEXANEDIOL, SODIUM HYALURONATE, DISODIUM EDTA, CI 16255, CI 17200, CI 14700, CI 19140, CI 16035, CI 42090, CI 45410
",4.86,229,100,2.32 hours,Tue Sep 22 2020 09:02:30 GMT+0000 (Coordinated Universal Time),3241964,"[{""name"":""Color"",""variations"":[""PP02"",""PK01"",""RD01"",""RD02"",""OR01"",""OR02"",""OR03"",""BB01"",""PP01""]}]",https://shopee.co.id,Pinkflash,100630,false,,"[{""name"":""model"",""value"":""PP02""}]",0,https://shopee.co.id/Lip-Tint-cat.11043145.11043219.11043223,"[{""claimable"":false,""currency"":""IDR"",""discount"":3000,""discount_cap"":0,""discount_percentage"":0,""min_spend"":7990000000,""shop_vouncher"":""Pinkflash Indonesia Official Shop   "",""special_condition"":null,""text_info"":""PINKSEPAE"",""validity_end"":""2024-09-30T16:59:00.000Z"",""validity_start"":""2024-08-31T17:00:00.000Z""},{""claimable"":false,""currency"":""IDR"",""discount"":5000,""discount_cap"":0,""discount_percentage"":0,""min_spend"":10900000000,""shop_vouncher"":""Pinkflash Indonesia Official Shop   "",""special_condition"":null,""text_info"":""PINKSEPBX"",""validity_end"":""2024-09-30T16:59:00.000Z"",""validity_start"":""2024-08-31T17:00:00.000Z""},{""claimable"":false,""currency"":""IDR"",""discount"":8000,""discount_cap"":0,""discount_percentage"":0,""min_spend"":13900000000,""shop_vouncher"":""Pinkflash Indonesia Official Shop   "",""special_condition"":null,""text_info"":""PINKSEPCG"",""validity_end"":""2024-09-30T16:59:00.000Z"",""validity_start"":""2024-08-31T17:00:00.000Z""}]",,,null
https://shopee.com.co/Mercedes-benz-AMG-Petronas-relojes-Rubber-Big---tienda-de-relojes-personalizados-i.682828584.20063966426,20063966426,Mercedes benz AMG Petronas relojes Rubber Big - tienda de relojes personalizados,0,5,0,96792,96792,COP,,0,"[""https://down-co.img.susercontent.com/file/sg-11134201-22110-4vp7d2ax8bjved_tn"",""https://down-co.img.susercontent.com/file/sg-11134201-22110-m88zs0rx8bjv54_tn"",""https://down-co.img.susercontent.com/file/sg-11134201-22110-uh2zy9rx8bjvc3_tn"",""https://down-co.img.susercontent.com/file/sg-11134201-22110-vm3wzvox8bjv8b_tn"",""https://down-co.img.susercontent.com/file/sg-11134201-22110-256pp1ox8bjvb9_tn"",""https://down-co.img.susercontent.com/file/sg-11134201-22110-f264aqmx8bjvd0_tn"",""https://down-co.img.susercontent.com/file/sg-11134201-22110-6bi4qwfx8bjv22_tn"",""https://down-co.img.susercontent.com/file/sg-11134201-22110-i92wlzsx8bjv0b_tn""]",null,rid███hop███co,https://shopee.com.co/ridhoshopzs.co,"[""Relojes"",""Relojes de Hombre""]","[{""name"":""Existencias"",""value"":""94""},{""name"":""Cara del Reloj"",""value"":""Cosa Análoga""},{""name"":""Mecanismo de Relojería"",""value"":""Cuarzo""},{""name"":""Estilo del Reloj"",""value"":""Moda, Otros""},{""name"":""Tipo de Garantía"",""value"":""Garantía del Fabricante""},{""name"":""Forma del Caso"",""value"":""Redondo""},{""name"":""Material de la Caja"",""value"":""Titanio""},{""name"":""Estilo del Cierre de Reloj"",""value"":""Otros""},{""name"":""Cristal de Reloj"",""value"":""Hardlex de Cristal""},{""name"":""Duración de Garantía"",""value"":""1 Mes""},{""name"":""Material de la Correa"",""value"":""Caucho""},{""name"":""Diámetro de la Caja de Reloj"",""value"":""45mm""}]","Saludosualaikum (^_^) 
Bienvenido a la tienda Custom Watch Tienda en línea

Nuestros productos están (hecho por pedido) 
¡El Diseño anterior es Mockup, no un acabado!

Condicion: NUEVO 
Manejo de pedidos: 1-2 máx. 3 días hábiles (hecho por pedido)

Material: Acero inoxidable
Correa: Caucho (Goma)
Diámetro: 4,5 cm
Grueso: 1CM
Pantalla: Analógico
Movimiento: Cuarzo 
Fondo: Figura impresa de alta calidad (papel adhesivo)
Resistente al agua: No para nadar ni bucear)

(Puede Diseño personalizado)

Como seguro de nosotros
Si el artículo cuando se recibe, no está funcionando/hora de hora suelta, se puede devolver. Reemplazamos/fijo.
Feliz compra

Saludos y Gracias!
Reloj de tienda personalizado",0,0,57,,Wed Feb 09 2022 12:45:47 GMT+0000 (Coordinated Universal Time),0,"[{""variations"":[null]}]",https://shopee.com.co,,100534,false,,"[{""name"":""model"",""value"":null}]",0,https://shopee.com.co/Relojes-de-Hombre-cat.100534.100574,null,,,null
https://shopee.com.mx/Mad-Hippie-advanced-skin-care-ANTIOXIDANT-FACIAL-OIL-30ml-i.566555920.25765928834,25765928834,Mad Hippie advanced skin care ANTIOXIDANT FACIAL OIL 30ml,0,0,0,380,190,MXN,,0,"[""https://down-mx.img.susercontent.com/file/sg-11134201-7rcdq-lsb0vdzqynjc65_tn"",""https://down-mx.img.susercontent.com/file/sg-11134201-7rcf5-lsb0vhn9ksu0d2_tn"",""https://down-mx.img.susercontent.com/file/sg-11134201-7rcda-lsb0vknr61dief_tn"",""https://down-mx.img.susercontent.com/file/sg-11134201-7rccl-lsb0vs1adgd959_tn"",""https://down-mx.img.susercontent.com/file/sg-11134201-7rccv-lsb0vas1mkgg65_tn"",""https://down-mx.img.susercontent.com/file/sg-11134201-7rcdw-lsb0vwjvriuz32_tn"",""https://down-mx.img.susercontent.com/file/sg-11134201-7rcen-lsb0w3kdi0zg06_tn"",""https://down-mx.img.susercontent.com/file/sg-11134201-7rceo-lsb0w1wzwwxv74_tn"",""https://down-mx.img.susercontent.com/file/sg-11134201-7rcdp-lsb0w4ppuxi659_tn""]",null,mei███han███.mx███,https://shopee.com.mx/meidishang05.mx,"[""Belleza"",""Cuidado de la piel"",""Aceites para Rostro""]","[{""name"":""Existencias"",""value"":""1998""},{""name"":""Duración"",""value"":""24 Meses""}]","Descripción:

Embalado con vitamina e, zinc y ácidos grasos omega, este aceite no productogénico calma naturalmente y repone la piel.

Rico en antioxidantes y rico en vitamina c natural y vitamina a.

Incluso el tono de la piel, hidrata la piel, suaviza la piel.

Fuerte antioxidante con propiedades rejuvenecedoras de la piel.

Hidratante antienvejecimiento facial de extracto vivo, nutritivo, lifting y reafirmante.




Especificación:

Capacidad: 30ml

Función: Antioxidación, levantamiento y apriete.

Peso: 85g




Paquete:

1 * aceite facial antioxidante",4.53,975,67,4.67 hours,Mon Oct 18 2021 02:04:20 GMT+0000 (Coordinated Universal Time),1001,"[{""variations"":[null]}]",https://shopee.com.mx,,100630,false,,"[{""name"":""model"",""value"":null}]",0,https://shopee.com.mx/Cuidado-Facial-cat.11056740.11056754.11056838,null,,,null
https://shopee.vn/Qu%E1%BA%A7n-jean-b%C3%B2-%E1%BB%91ng-r%E1%BB%99ng-su%C3%B4ng-xu%C3%B4ng-n%E1%BB%AF-jeans-c%E1%BA%A1p-cao-phong-c%C3%A1ch-H%C3%A0n-Qu%E1%BB%91c-s%C3%A0nh-%C4%91i%E1%BB%87u-style-n%C4%83m-2022-i.744812233.16946993990?model_id=168143932663,16946993990,Quần jean bò ống rộng suông xuông nữ jeans cạp cao phong cách Hàn Quốc sành điệu style năm 2022,0,4.7,0,160000,119000,VND,,0,"[""https://down-vn.img.susercontent.com/file/vn-11134207-7r98o-lq00ru8eoilzcd_tn"",""https://down-vn.img.susercontent.com/file/vn-11134207-7r98o-luhi7y4kqof9e8_tn"",""https://down-vn.img.susercontent.com/file/vn-11134207-7r98o-lq00ru8erbqv34_tn"",""https://down-vn.img.susercontent.com/file/vn-11134207-7r98o-lq00ru8epx6f28_tn"",""https://down-vn.img.susercontent.com/file/vn-11134207-7r98o-lnsevh2c8y2ib6_tn"",""https://down-vn.img.susercontent.com/file/vn-11134207-7r98o-lnsevh2ac4bxe3_tn"",""https://down-vn.img.susercontent.com/file/vn-11134207-7r98o-lq00ru8esqbb38_tn"",""https://down-vn.img.susercontent.com/file/vn-11134207-7r98o-lnsevh2agc19d0_tn"",""https://down-vn.img.susercontent.com/file/vn-11134207-7r98o-lnsevh2aexgtaa_tn""]",null,jea███12,https://shopee.vn/jeanbo12,"[""Thời Trang Nữ"",""Quần jeans""]","[{""name"":""Số lượng hàng khuyến mãi"",""value"":""403""},{""name"":""Số sản phẩm còn lại"",""value"":""128160""},{""name"":""Bản eo"",""value"":""Bản to""},{""name"":""Kiểu dáng quần"",""value"":""Ống rộng""},{""name"":""Xuất xứ"",""value"":""Việt Nam""},{""name"":""Chiều dài quần"",""value"":""Chiều dài đầy đủ""},{""name"":""Mẫu"",""value"":""Trơn""},{""name"":""Chất liệu"",""value"":""Jeans""},{""name"":""Gửi từ"",""value"":""Hà Nội""}]","1. Thông tin sản phẩm: QUẦN BÒ ỐNG SUÔNG JEAN NỮ CẠP CAO
- Size: S-M-L-XL
2. Thông số sản phẩm: Quần jean bò ống rộng nữ cạp cao
-- Size S: Eo < 64 cm , Mông <90 cm, Cân nặng 40kg - 44kg, chiều dài 96-97 cm, rộng ống 21-22 cm
- Size M: Eo< 68 cm,  Mông < 92 cm,  Cân nặng 45kg - 48kg, chiều dài 96-97 cm, rộng ống 21-22 cm
- Size L: Eo < 72 cm, Mông <94 cm,  Cân nặng 49kg - 53kg, chiều dài 98-100cm, rộng ống 22-23 cm
- Size XL: Eo < 74 cm; Mông < 96 cm,  Cân nặng 54- 56kg, chiều dài 98-100 cm, rộng ống 22-23 cm
3. Hướng dẫn sử dụng quần jean
 Sử dụng đi học, đi làm, đi chơi,... 
-- Giặt tay hoặc giặt máy ở nhiệt độ thường 
-- Không ngâm chung với chất tẩy rửa 
-- Lật mặt trái của quần khi phơi để tránh tình trạng phai, bạc màu
Lưu ý: 
Kích thước sản phẩm có thể sai lệch - + 2cm. Sản phẩm khi chụp dưới điều kiện sáng/ tối , xem bằng các loại màn hình khác nhau hay lô hàng khác nhau màu sắc có thể đậm nhạt một chút là bình thường các bạn nhé!
Các bạn vui lòng xem kỹ thông tin sản phẩm ở hình ảnh để chọn size cho phù hợp. Nếu bạn thấy khó khăn trong việc chọn size hay có câu hỏi bất kỳ, hãy liên hệ cho chúng tôi qua công cụ chat
4. Chế độ hỗ trợ khách hàng
- Cam kết 100% đổi Size nếu sản phẩm khách đặt không vừa (hỗ trợ đổi size trong vòng 7 ngày)
- Shop hỗ trợ đổi sang sản phẩm khác cùng giá hoặc cao hơn nếu khách có nhu cầu đổi mẫu khác.
- Nếu có bất kì khiếu nại cần Shop hỗ trợ về sản phẩm, khi mở sản phẩm các Chị vui lòng quay lại video quá trình mở sản phẩm để được đảm bảo 100% đổi lại sản phẩm mới nếu Shop giao bị lỗi.
- Các Chị nhận được sản phẩm, vui lòng đánh giá giúp Shop để hưởng thêm nhiều ưu đãi hơn nhé.

SHOP 𝑪𝑨𝑴 𝑲𝑬̂́𝑻    
🔺Cũng cấp những sản phẩm chất lượng 
🔻 Cập nhật liên tục những mẫu mã mới nhất với giá cả phải chăng   
🔺 Tư vấn và giải đáp mọi thắc mắc của khách hàng liên quan đến sản phẩm  
💯 Uy tín đã được đảm bảo với hàng vạn đơn trên khắp đất nước
💯 Cam kết hỗ trợ đổi  do lỗi nhà sản xuất
👉 hàng luôn có Sẵn gọi là ship ngay.",4.65,26,88,2.01 hours,Mon Apr 11 2022 09:09:15 GMT+0000 (Coordinated Universal Time),21605,"[{""name"":""Màu sắc"",""variations"":[""Xuông xám mài"",""Xuông mài đậm"",""Xuông mài túi-03"",""Xuông mài túi-01"",""xuông mài nhạt"",""xuông phủ vàng"",""xuông mài túi 04""]},{""name"":""Kích cỡ"",""variations"":[""S"",""M"",""L"",""XL"",""chun tóc"",""thắt lưng""]}]",https://shopee.vn,,100017,true,Wed Sep 04 2024 07:59:59 GMT+0000 (Coordinated Universal Time),"[{""name"":""model"",""value"":""xuông mài nhạt,S""}]",0,https://shopee.vn/Qu%E1%BA%A7n-jeans-cat.11035639.11035657,"[{""claimable"":false,""currency"":""VND"",""discount"":5000,""discount_cap"":0,""discount_percentage"":0,""min_spend"":20000000000,""shop_vouncher"":""jeanbo12"",""special_condition"":null,""text_info"":""JEANBO1"",""validity_end"":""2024-10-30T10:05:00.000Z"",""validity_start"":""2024-08-13T08:58:00.000Z""},{""claimable"":false,""currency"":""VND"",""discount"":5000,""discount_cap"":0,""discount_percentage"":0,""min_spend"":20000000000,""shop_vouncher"":""jeanbo12"",""special_condition"":null,""text_info"":""JEANBO"",""validity_end"":""2024-10-31T09:57:00.000Z"",""validity_start"":""2024-08-13T08:49:00.000Z""}]",,,null
https://shopee.cl/PUTIH-MERAH-Leatt-F-Protector-De-Rodilla-H%C3%ADbrido-De-Pierna-De-Motocross-De-Descenso-Azul-Blanco-Rojo-Amarillo-i.969163223.22232722628?model_id=88653742512,22232722628,PUTIH MERAH Leatt F Protector De Rodilla Híbrido-De Pierna De Motocross De Descenso Azul Blanco Rojo Amarillo,0,0,0,51000,51000,CLP,,0,"[""https://down-cl.img.susercontent.com/file/5a296fe97063b5f9172655187cabb57a_tn""]",null,ltf███tor███.cl███,https://shopee.cl/ltffactoryuv.cl,"[""Bolsas de Hombre"",""Mochilas""]","[{""name"":""Existencias"",""value"":""16""}]","Protector de rodilla/Protector de cuerpo/Rodilla y cuerpo de pierna.
Ligero Cómodo Con El Sistema Vent Yang Mumpunidad.
Usando materiales suaves y ergonómicos y fáciles de regular.
Bueno también se utiliza para deportes extremos: bicicleta o Motocross.
En diseño para proteger las piezas de tu cuerpo Piezas de rodilla.
Para evitar lesiones de parte Vital.
Materiales fuertes y flexibles que ya son duraderos y probados de su calidad.
Bienes importados.
Para:
Adulto
Marca: F LEATT
Tipo: CORTO - LARGO
Color: Blanco - rojo - amarillo - azul
Todo el tamaño adulto
Por encima del PRECIO PARA 1 JUEGO ITEM.
Las fotos son solo ilustraciones.
Consumos en energía Obtenga productos de acuerdo con el pedido.
Pida la disponibilidad de existencias de productos/Color/Tamaño antes de la transacción.
Porque la satisfacción del consumidor es nuestra prioridad.
Feliz compra.
Gracias.
Nota:
Asegúrese de que los productos que elija son como lo necesite.
No aceptamos la devolución/reembolso de productos/dinero debido al pedido incorrecto.
A excepción de las errores de nuestra fiesta.
Comprar Malas.
El precio de los artículos incluye una tarifa de envío que debe ser transmitida por el comprador.
El precio del artículo incluye los gastos de envío que deben correr a cargo del comprador.",0,360,57,,Wed Mar 15 2023 09:20:46 GMT+0000 (Coordinated Universal Time),11,"[{""name"":""Color y TIPO"",""variations"":[""Corto Blanco"",""Corto ROJO"",""Corto AMARILLO"",""Azul corto"",""Blanco largo"",""Rojo largo"",""Largo Amarillo"",""Largo azul""]}]",https://shopee.cl,,100533,false,,"[{""name"":""model"",""value"":""Corto ROJO""}]",0,https://shopee.cl/Mochilas-cat.11070457.11070545.11071058,null,,,null
https://shopee.co.id/link-co-live-25-100-i.214692354.28009340698?model_id=241476605389,28009340698,link co live 25-100,0,0,0,61500,61500,IDR,,0,"[""https://down-id.img.susercontent.com/file/id-11134207-7r98r-lzhd9wr8pvx773_tn"",""https://down-id.img.susercontent.com/file/id-11134207-7r98w-lzhd9wr8n2zsb9_tn""]",null,Ynn███,https://shopee.co.id/yenyen00,"[""Hobi & Koleksi"",""Hobi & Koleksi Lainnya""]","[{""name"":""Stok"",""value"":""160""},{""name"":""Kondisi"",""value"":""Kondisi""},{""name"":""Merek"",""value"":""-""},{""name"":""Dikirim Dari"",""value"":""KAB. MAJALENGKA""}]",klik produk sesuai jumlah pesanan ya,5,18,17,2.25 hours,Sat Dec 28 2019 10:06:21 GMT+0000 (Coordinated Universal Time),58,"[{""name"":""klik"",""variations"":[""25"",""30"",""35"",""40"",""45"",""50"",""55"",""60"",""65"",""70"",""75"",""80"",""85"",""90"",""95"",""100""]}]",https://shopee.co.id,,100639,false,,"[{""name"":""model"",""value"":""60""}]",0,https://shopee.co.id/Hobi-Koleksi-Lainnya-cat.11043572.11043659,null,,,null
"https://shopee.cl/RX-Motul-510-2T-Powerlube-1L-2-Tiempos-Aceite-Lateral-(ninja-,-vespa-,-Antem)-Original-i.1063733446.25330225753",25330225753,"RX Motul 510 2T Powerlube 1L 2 Tiempos Aceite Lateral (ninja , vespa , Antem) Original",0,0,0,35000,35000,CLP,,0,"[""https://down-cl.img.susercontent.com/file/id-11134201-7r98q-lv8inrv2pxa42d_tn"",""https://down-cl.img.susercontent.com/file/id-11134201-7r98w-lv8insu1ar8t57_tn"",""https://down-cl.img.susercontent.com/file/id-11134201-7r98v-lv8inujmsmgs24_tn""]",null,git███jar███8wk██████,https://shopee.cl/gitaanjar4188wk.cl,"[""Motocicletas"",""Repuestos de Moto"",""Otros""]","[{""name"":""Existencias"",""value"":""694""}]","🛠 Bienvenido AUTOMOTIVE MARKAS 🛠
Proporcionamos todas las necesidades automotrices a PRECIO AFORDABLE y MEJOR CALIDAD 👍💯

📢📢📢📢📢 ¡Por Favor lea detenidamente! 


Si HAY EN DOBLE DOBLE, NO SE CRUST, NINGÚN SEGÚN RESERVA DE LA PARTE PARA COMPRAR LA TIENDA DEL SHOP ATER
🤝Gracias🤝

 
 
 

Motul Side Oil 510 Technosynthese de alta calidad se utiliza para motores 2T con formulación especial de tecnología MOTO GP:
-protege Perfectamente el pistón y el sellado
-crea El rendimiento del motor al máximo
-la Máquina se vuelve duradera y suave
-Hacer Tirar del Gas a la luz y apretado

Adaptado a motocicletas 2T cuyo rendimiento en calles de stop-and-go.
Protege contra el desgaste (fricción)
Tiene propiedades antihumo y antidepósito para que la máquina sea más saludable.
Se puede mezclar con combustible (sensencia)
También se puede denominar como aceite de inyección.

Aplicación: Aceite lateral
Tipo de calidad: Technosintés

Especificaciones:
-Inficial Jaso
-technosintético
-Hielo Lento
-2T
-1Liters


Protección Extra BURBLE PARA SU ARTÍCULOS!!!!

Comprar ARCIÓN VERDE
Sin ARTÍCULO COMPLAIN UNA VEZ.

Información y consejos:
Comprueba primero toda la función antes de completar el pedido. 
Si hay una queja, haga clic en el botón de composición
Comuníquese con nuestro administrador para que obtenga la mejor solución de origen JGN que brinda una reseña/revisión/revisión/Defecto: utilícese para preguntar
El precio de los artículos incluye una tarifa de envío que debe ser transmitida por el comprador.
El precio del artículo incluye una tarifa de envío que debe ser transmitida por el comprador.",0,1355,57,,Wed Aug 30 2023 10:32:21 GMT+0000 (Coordinated Universal Time),0,"[{""variations"":[null]}]",https://shopee.cl,,100641,false,,"[{""name"":""model"",""value"":null}]",0,https://shopee.cl/Otros-cat.11070455.11070632.11071412,null,,,null
https://shopee.co.th/vq-New-Run-Joggers-Pants-Male-Leisure-Sportswear-Bottoms-Skinny-Sweatpants-men-Trousers-Gym-Fitness-Bodybuilding-Track-i.328785569.7360103867?model_id=71602380200,7360103867,vq New Run Joggers Pants Male Leisure Sportswear Bottoms Skinny Sweatpants men Trousers Gym Fitness Bodybuilding Track,0,5,0,700,700,THB,,0,"[""https://down-th.img.susercontent.com/file/70f5bb33524746bee7796552e07976f9_tn"",""https://down-th.img.susercontent.com/file/4f18974a1e85c304d34cebd7e2b42baa_tn"",""https://down-th.img.susercontent.com/file/d434ce9534ef5dd299b35a8a41876e23_tn"",""https://down-th.img.susercontent.com/file/1df87015e897881ef9eed8e6e6363957_tn"",""https://down-th.img.susercontent.com/file/f9a13ffe06de28551e1eed2424c4b96b_tn"",""https://down-th.img.susercontent.com/file/45f5169cc1f0a5685e44dcd57324e3ac_tn"",""https://down-th.img.susercontent.com/file/a8ee325a0a206fd19ab3f517cc088428_tn"",""https://down-th.img.susercontent.com/file/599f3e29abffff88483055bf95350788_tn"",""https://down-th.img.susercontent.com/file/59d71c00d6cf660519397e24b9cbfd21_tn""]",null,e55███pue███z6p█████████q6b███,https://shopee.co.th/e55uo_puew4yz6pmgnbef0mcq6bb,"[""เสื้อผ้าผู้ชาย"",""กางเกงขายาว"",""กางเกงจ็อกเกอร์""]","[{""name"":""คลัง"",""value"":""22207""},{""name"":""ลวดลาย"",""value"":""เรียบๆ""},{""name"":""ส่งจาก"",""value"":""จังหวัดปทุมธานี""}]","Color. Black, white. Khaki, navy blue
Style. Fitness. Fashion. leisure
Seasons, autumn, winter",4.39,101,0,,Wed Oct 28 2020 03:06:39 GMT+0000 (Coordinated Universal Time),2124,"[{""name"":""Variation"",""variations"":[""Black"",""Khaki"",""Navy blue"",""Light grey""]},{""name"":""Size"",""variations"":[""L"",""XXL"",""XL"",""M""]}]",https://shopee.co.th,,100011,false,,"[{""name"":""model"",""value"":""Navy blue,L""}]",0,https://shopee.co.th/%E0%B8%81%E0%B8%B2%E0%B8%87%E0%B9%80%E0%B8%81%E0%B8%87%E0%B8%88%E0%B9%87%E0%B8%AD%E0%B8%81%E0%B9%80%E0%B8%81%E0%B8%AD%E0%B8%A3%E0%B9%8C-cat.11044945.11045074.11045440,null,,,null
https://shopee.ph/[NEW-DESIGNS]-Jellybean-Collection-Colorful-Beaded-Shockproof-Cover-Phone-Case-i.423905436.20887590279?model_id=256166881529,20887590279,[NEW DESIGNS] Jellybean Collection Colorful Beaded Shockproof Cover Phone Case,0,4.9,0,350,280,PHP,,0,"[""https://down-ph.img.susercontent.com/file/ph-11134207-7r990-lzokykem21kq76_tn"",""https://down-ph.img.susercontent.com/file/ph-11134207-7r98t-lz4i5b1wsiuya8_tn"",""https://down-ph.img.susercontent.com/file/ph-11134207-7r98y-lzokykem21vid5_tn"",""https://down-ph.img.susercontent.com/file/ph-11134207-7r98u-lz4i5b1wtxfe7c_tn"",""https://down-ph.img.susercontent.com/file/ph-11134207-7r98u-lz4i5b26pb3u95_tn"",""https://down-ph.img.susercontent.com/file/ph-11134207-7r991-lxh9las40ydg90_tn"",""https://down-ph.img.susercontent.com/file/ph-11134207-7r98t-lv8ps0wh9kwk97_tn""]",null,Pri███a ���███ be█████████s,https://shopee.ph/primula.mnl,"[""Mobile & Gadgets"",""Accessories"",""Cases, Covers, & Skins"",""Phone Cases, Covers, & Skins""]","[{""name"":""Stock"",""value"":""65""},{""name"":""Brand"",""value"":""Apple""},{""name"":""Material"",""value"":""Polycarbonate, TPU""},{""name"":""Warranty Duration"",""value"":""No Warranty""},{""name"":""Applicable Mobile Brand"",""value"":""Apple""},{""name"":""Case Type"",""value"":""Customized, Rhinestone, beads""},{""name"":""Case Feature"",""value"":""Shock Resistant""},{""name"":""Ships From"",""value"":""Quezon City, Metro Manila""}]","Jellybean Collection is out now! [READ DESCRIPTION] ˚˖𓍢ִ໋🌷͙֒✧˚.🎀༘

🧸 READ ME!!
♡ All models/designs available unless marked “SOLD OUT.”
♡ Cases may vary slightly from photos.
♡ NO returns, refunds, or replacements. Not liable for shipping damages. Photos are taken post-production for transparency.
♡ Double-check your order before checkout; we’re NOT responsible for incorrect orders or variations. 
♡ Phone case material: The soft TPU case provides shockproof protection
♡ Equipped with tactile buttons for a comfortable hold
♡ Phone cases may not exactly match the provided photo due to bead availability. Variations in color, size, or shape of beads can occur
♡ We DO NOT recommend you to squeeze the case since the charms/beads may fallout
♡ See available units first before placing your order



",4.94,24,74,2.29 hours,Thu Apr 15 2021 09:58:21 GMT+0000 (Coordinated Universal Time),760,"[{""name"":""MODEL"",""variations"":[""iPhone X/XS"",""iPhone XR"",""iPhone XS Max"",""iPhone 11"",""iPhone 11 Pro"",""iPhone 11 Pro Max"",""iPhone 12"",""iPhone 12 Pro"",""iPhone 12 Pro Max"",""iPhone 13/14"",""iPhone 13 Pro"",""iPhone 13 Pro Max"",""iPhone 14/15 Plus"",""iPhone 14 Pro"",""iPhone 14 Pro Max"",""iPhone 15"",""iPhone 15 Pro"",""iPhone 15 Pro Max"",""Samsung A53 5G"",""Android (DM SELLER)"",""Samsung S22""]},{""name"":""DESIGN"",""variations"":[""Jellybean [DM] 🧸"",""Taffy Design 1 💗"",""Taffy Design 2 🎀""]}]",https://shopee.ph,Apple,100013,false,,"[{""name"":""model"",""value"":""iPhone XR,Taffy Design 2 🎀""}]",0,https://shopee.ph/Phone-Case-cat.11021742.11021749.11021750,"[{""claimable"":false,""currency"":""PHP"",""discount"":50,""discount_cap"":0,""discount_percentage"":0,""min_spend"":50000000,""shop_vouncher"":""Primula 🎀 | beaded cases"",""special_condition"":null,""text_info"":""PRIMZUFCX"",""validity_end"":""2024-11-07T11:05:00.000Z"",""validity_start"":""2024-08-31T11:07:20.000Z""}]",,,null
https://shopee.ph/Ever-Bilena-Serum-Tinted-Lip-Gloss---4ml-i.78895515.26351120264?model_id=226378917696,26351120264,Ever Bilena Serum Tinted Lip Gloss - 4ml,0,4.8,0,225,199,PHP,,0,"[""https://down-ph.img.susercontent.com/file/ph-11134207-7r98q-lzogb7fwv18ee2_tn"",""https://down-ph.img.susercontent.com/file/ph-11134207-7r991-lvtpboc6r3ep7d_tn"",""https://down-ph.img.susercontent.com/file/ph-11134207-7r98y-lwxkwa2zxu6ce3_tn"",""https://down-ph.img.susercontent.com/file/ph-11134207-7r98v-lwxkwa2zz8qsc8_tn"",""https://down-ph.img.susercontent.com/file/ph-11134207-7r98o-lwxkwa300nb812_tn"",""https://down-ph.img.susercontent.com/file/ph-11134207-7r98u-lwxkwa2zqtc4d9_tn"",""https://down-ph.img.susercontent.com/file/ph-11134207-7r98o-lwxkwa2zs7wk46_tn"",""https://down-ph.img.susercontent.com/file/ph-11134207-7r98o-lwxkwa2ztmh091_tn"",""https://down-ph.img.susercontent.com/file/ph-11134207-7r98u-lwxkwa2zv11g31_tn""]",null,Eve███ile███,https://shopee.ph/everbilenaph,"[""Beauty"",""Makeup"",""Lips"",""Lip Gloss""]","[{""name"":""Stock"",""value"":""3012""},{""name"":""Brand"",""value"":""Ever Bilena""},{""name"":""Ships From"",""value"":""Caloocan City, Metro Manila""}]","This luscious, hydrating Serum Tinted Lip Gloss delivers an ultimate shine and color on your lips!

It has a non-sticky formula that gives your lips the nourishment it needs with the help of Hyaluronic acid and Vitamin E. Direction for Use: Wear Ever Bilena Serum Tinted Lip Gloss generously onto your lips as desired, or dab over fave Ever Bilena Lipstick to add instant shine.",4.85,98,68,1.67 hours,Thu Jul 12 2018 08:55:45 GMT+0000 (Coordinated Universal Time),956106,"[{""name"":""Variations"",""variations"":[""Toast of New York"",""Stunner"",""Punch"",""Moon Glow"",""Melon"",""Ethereal"",""Fandango""]}]",https://shopee.ph,Ever Bilena,100630,false,,"[{""name"":""model"",""value"":""Fandango""}]",0,https://shopee.ph/Lipgloss-cat.11021036.11021046.11021051,"[{""claimable"":false,""currency"":""PHP"",""discount"":30,""discount_cap"":0,""discount_percentage"":0,""min_spend"":39900000,""shop_vouncher"":""Ever Bilena"",""special_condition"":null,""text_info"":""EVER20249"",""validity_end"":""2024-09-30T15:59:00.000Z"",""validity_start"":""2024-08-31T16:00:00.000Z""},{""claimable"":false,""currency"":""PHP"",""discount"":40,""discount_cap"":0,""discount_percentage"":0,""min_spend"":49900000,""shop_vouncher"":""Ever Bilena"",""special_condition"":null,""text_info"":""EVER24SEP"",""validity_end"":""2024-09-30T15:59:00.000Z"",""validity_start"":""2024-08-31T16:00:00.000Z""},{""claimable"":false,""currency"":""PHP"",""discount"":50,""discount_cap"":0,""discount_percentage"":0,""min_spend"":59900000,""shop_vouncher"":""Ever Bilena"",""special_condition"":null,""text_info"":""EVERSEP24"",""validity_end"":""2024-09-30T15:59:00.000Z"",""validity_start"":""2024-08-31T16:00:00.000Z""}]",,,null
https://shopee.co.id/LUX-Botanicals-Sabun-Mandi-Cair-Magical-Orchid-560-mL-i.14318452.9900472917,9900472917,LUX Botanicals Sabun Mandi Cair Magical Orchid 560 mL,0,4.8,0,77500,74400,IDR,,0,"[""https://down-id.img.susercontent.com/file/b264868bb32a3b4e11ef997912d1bbdc_tn"",""https://down-id.img.susercontent.com/file/f7ca74340e986c6b458e92e5acd18cd7_tn"",""https://down-id.img.susercontent.com/file/fb67e1fe38e18e1e2b98996cbc4a0997_tn""]",null,Uni███er ███one█████████ial██████,https://shopee.co.id/unileverindonesia,"[""Perawatan & Kecantikan"",""Perawatan Tubuh"",""Sabun Mandi""]","[{""name"":""Stok"",""value"":""39""},{""name"":""Merek"",""value"":""LUX""},{""name"":""Masa Penyimpanan"",""value"":""12 Bulan""},{""name"":""Tanggal Kedaluwarsa"",""value"":""05-01-2026""},{""name"":""No. Izin Edar (BPOM, PIRT)"",""value"":""NA18200700012""},{""name"":""Dikirim Dari"",""value"":""KOTA DENPASAR""}]","� Sabun mandi cair Lux Botanicals dengan wangi parfum mewah, nikmati sensasi mandi tak terlupakan dengan keharuman Magical Orchid.
� Formula unik yang menawarkan keharuman 3x lebih tahan lama*. Rasakan keharuman sabun wangi yang lebih tahan lama berkat Parfum Essence mewah
� Kulit Anda menjadi lebih lembut dan segar setiap kali mandi dengan sabun cair Lux. Rasakan sensasi mandi dengan aroma parfum mewah dan busa yang lembut
� Bahan berkualitas Lux Body Wash, diperkaya dengan Parfum Essence dari sumber alami terbaik, menawarkan pengalaman mandi yang mewah dengan aroma yang memikat
� Sabun cair Lux dengan kemasan 560 mL, kesempurnaan untuk kesegaran yang berlangsung lama
� Sabun mandi cair Lux Botanicals mudah dan nyaman digunakan, kami berkomitmen pada inovasi untuk menyediakan produk perawatan tubuh berkualitas dengan keharuman istimewa - BPOM No. NA18230700549

Lux Botanicals Magical Orchid Sabun Mandi Cair 560 mL � Setiap mandi Anda akan dipenuhi dengan aroma mewah bunga Magical Orchid berkat sabun cair Lux Botanicals. Rasakan sentuhan busa mewah yang lembut, menyejukkan, dan aroma parfum mewah yang akan memanjakan kulit Anda dengan keharuman bunga Magical Orchid yang memikat.

Sabun mandi ini menggabungkan wangi parfum mewah Magical Orchid dengan bahan-bahan alami pilihan, memberikan kulit Anda dua keuntungan utama: keharuman yang tahan 3x lebih lama* dan kulit yang tampak lebih lembut. Busa yang lembut dan mewah menambah sensasi mandi, sementara formula dengan bahan alami memberikan nutrisi yang mendukung kulit Anda untuk tampak lebih cerah setiap hari.

Tidak hanya memberikan keharuman luar biasa, sabun cair Lux Botanicals Magical Orchid juga memberikan kelembapan ekstra, menjaga kulit Anda tetap sehat dan bercahaya. Setiap wanita adalah perwujudan pesona yang berbagai sisi, seperti perawatan kulit harum dan mewah dari Lux Body Wash.

Memahami kebutuhan tersebut, Lux telah lama berkomitmen untuk mengungkap rahasia kecantikan terbaik bagi wanita di seluruh dunia. Mereka menginspirasi Anda untuk merangkul dan mengekspresikan lebih dari sekadar kecantikan luar. Menjadi pionir dalam penggunaan bintang Hollywood dalam iklannya sejak 1925, Lux telah konsisten merayakan wanita ikonik, memberdayakan mereka untuk berani mengungkap sisi feminin dengan berani.

Rasakan pesona, rangkul kemewahan, dan biarkan Lux menemani setiap petualangan kecantikan Anda. Coba juga varian produk Lux Botanical lainnya Sakura Bloom, Soft Rose, Velvet Jasmine.

* Berdasarkan uji vs produk Unilever lainnya",4.91,7737,100,1.16 hours,Tue Dec 27 2016 03:10:50 GMT+0000 (Coordinated Universal Time),3905057,"[{""variations"":[null]}]",https://shopee.co.id,LUX,100630,false,,"[{""name"":""model"",""value"":null}]",0,https://shopee.co.id/Sabun-Mandi-cat.11043145.11043146.11043147,"[{""claimable"":false,""currency"":""IDR"",""discount"":10000,""discount_cap"":0,""discount_percentage"":0,""min_spend"":10000000000,""shop_vouncher"":""Unilever Indonesia Official Shop"",""special_condition"":null,""text_info"":""UOSSEP4"",""validity_end"":""2024-09-08T16:59:00.000Z"",""validity_start"":""2024-09-01T17:00:00.000Z""},{""claimable"":false,""currency"":""IDR"",""discount"":30000,""discount_cap"":0,""discount_percentage"":0,""min_spend"":28500000000,""shop_vouncher"":""Unilever Indonesia Official Shop"",""special_condition"":null,""text_info"":""UOSSEP6"",""validity_end"":""2024-09-08T16:59:00.000Z"",""validity_start"":""2024-09-01T17:00:00.000Z""}]",,,null
"https://shopee.cl/Original-Loctit-e-pegamento-609-Loctite-609/609,609-609-50-gramos-50ml-i.894137909.22569563842",22569563842,"Original Loctit e pegamento 609 Loctite 609/609,609-609 50 gramos 50ml",0,0,0,28000,28000,CLP,,0,"[""https://down-cl.img.susercontent.com/file/id-11134201-23030-25mro51ef5nv57_tn""]",null,luc███gro███uv.███,https://shopee.cl/Original-Loctit-e-pegamento-609-Loctite-609/luckyygrosiruv.cl,"[""Hogar y Vida"",""Herramientas y Mejoras para el Hogar"",""Herramientas"",""Otros""]","[{""name"":""Existencias"",""value"":""19""}]","Original
Locta 609

Por favor pregunte primero la disponibilidad de existencias

Nota importante LISTO MUSTO:


* Favor, agregue en LA NOTA DE LA CUANDO NO HAY EN EL CUALQUIER YA QUE TAMAÑO O CUALQUIER EN CUENTA, NO SE ADAPTA ANTES DEL PRODUCIO EN EL PEDIDO, SE PUEDEN COMPRAR EN EL PEDIDOEl PARTE WILL DUREZAL QUE NECESITARÁN DEL LISTO EN AGREGARAR UNA PEDIDO, ELIJA LA ROJA AL AGUA YA AL RESISTENCIA ALREEMEN SUAVE ENVÍCULO LOS ENVÍCULOS INVO, SE PESTÁCULOS PARA EVITAR ERRORES HAGADO EN EL HAGADO EN EL HAGADO, SE PEDIDOS DEVITARIONES EVITARIONES EVITARIONES EVITAR HAGADO",0,970,57,,Wed Nov 02 2022 05:48:27 GMT+0000 (Coordinated Universal Time),0,"[{""variations"":[null]}]",https://shopee.cl,,100636,false,,"[{""name"":""model"",""value"":null}]",0,https://shopee.cl/Otros-cat.11070442.11070613.11071541,null,,,null
https://shopee.cl/Shabby-Metal-Signos-De-Esta%C3%B1o-Herge-Aventure-De-Tint%C3%ADn-Placa-De-Signo-De-La-Pared-Stickers-Club-Cl%C3%A1sico-Retro-Pintura-i.471819849.9171195164?model_id=76121564359,9171195164,Shabby Metal Signos De Estaño Herge Aventure De Tintín Placa De Signo De La Pared Stickers Club Clásico Retro Pintura,0,5,0,81000,9000,CLP,,0,"[""https://down-cl.img.susercontent.com/file/8a92f65e2758a7c8e50cf3b406afb6eb_tn"",""https://down-cl.img.susercontent.com/file/648e66d94bdad0e7768e31c9c7042fb4_tn"",""https://down-cl.img.susercontent.com/file/a2c3f07f89d2e9599b51438704ffd7da_tn"",""https://down-cl.img.susercontent.com/file/40e92aa64b11fcccee8f9801c96155b9_tn"",""https://down-cl.img.susercontent.com/file/b68b5eada5cc34300d4e018656a0d909_tn"",""https://down-cl.img.susercontent.com/file/6c23644a8e5ee59494251fb0152e875a_tn""]",null,Tie███ de███da █████████,https://shopee.cl/yueyoucaifashionz1.cl,"[""Hogar y Vida"",""Decoración"",""Marcos de Fotos y Decoración de Pared""]","[{""name"":""Existencias"",""value"":""19963""},{""name"":""Decoración de temporada"",""value"":""No""}]","Está_personalizado: Sí
Forma: Rectángulo
Material: Metal",4.07,414,57,,Mon Jun 21 2021 11:34:19 GMT+0000 (Coordinated Universal Time),53,"[{""name"":""Color"",""variations"":[""1"",""2"",""3"",""4"",""5"",""6"",""7"",""8"",""9"",""10"",""11"",""12"",""13"",""14"",""15"",""16"",""17"",""18"",""19"",""20""]},{""name"":""Tamaño"",""variations"":[""20x30cm""]}]",https://shopee.cl,,100636,false,,"[{""name"":""model"",""value"":""10,20x30cm""}]",0,https://shopee.cl/Papel-Tapiz-y-Decoraci%C3%B3n-de-la-Pared-cat.11070442.11070647.11071581,null,,,null
https://shopee.cl/Clip-De-Lim%C3%B3n-Port%C3%A1til-Fluicer-Que-Se-Pliega-Plana-F%C3%A1cil-De-Apretar-Kitche-Suministro-i.1032153182.22748391402?model_id=221813634313,22748391402,Clip De Limón Portátil Fluicer Que Se Pliega Plana Fácil De Apretar Kitche Suministro,0,4,0,16000,16000,CLP,0,0,"[""https://down-cl.img.susercontent.com/file/sg-11134201-7qvfu-lisacfokct8g5c_tn"",""https://down-cl.img.susercontent.com/file/sg-11134201-7qvf0-lisacfyu0lhd93_tn"",""https://down-cl.img.susercontent.com/file/sg-11134201-7qvfv-lisacgc5eakt6c_tn"",""https://down-cl.img.susercontent.com/file/sg-11134201-7qvg4-lisach9g1ki527_tn"",""https://down-cl.img.susercontent.com/file/sg-11134201-7qvf5-lisaci9solhdff_tn"",""https://down-cl.img.susercontent.com/file/sg-11134201-7qve1-lisacirjx7jne1_tn"",""https://down-cl.img.susercontent.com/file/sg-11134201-7qvg0-lisacjv88c010f_tn"",""https://down-cl.img.susercontent.com/file/sg-11134201-7qvd5-lisack61twll96_tn"",""https://down-cl.img.susercontent.com/file/sg-11134201-7qvey-lisackpqznkdc3_tn""]",null,col███ul8███p.c███,https://shopee.cl/colorful8880p.cl,"[""Hogar y Vida"",""Utensilios de Cocina"",""Equipos de Té, Café y Bar""]","[{""name"":""Tipo de Accesorioss de Utensilios de Cocina"",""value"":""Té""}]","Caracteristicas:
El diseño delgado se pliega completamente plano para guardar espacios. ¡Sin Jorobas o golpes voluminosos para intentar caber en un cajón!
La operación de pivote lateral a dos manos proporciona un mayor apalancamiento al usar los grupos musculares más grandes de los brazos en lugar de las manos, lo que requiere menos esfuerzo que una presión tradicional.
El mecanismo de bisagra único presiona la fruta por la mitad de los lados como exprimirse con las manos, requiere menos fuerza que aplastar la fruta plana como los exprimidores tradicionales.
El jugo incorporado incorporado ofrece control adicional al actuar como un embudo para dirigir el flujo de jugo a un vaso o un tazón pequeño.


Especificación:
Material:pp
Tamaño: 25 cm * 10 cm * 3 cm
Característica: se utiliza para la extracción de jugo de limón, naranja y otras frutas.
Color: naranja, verde, amarillo


El paquete incluye:


1 clip de limón.


Nota:
-El Color real del artículo puede ser ligeramente diferente de las imágenes que se muestran en el sitio web debido a muchos factores, como el brillo de su monitor y el brillo de la luz.
-Permita Una ligera desviación de medición manual para los datos.",4,2998,57,,Tue Jul 11 2023 15:55:08 GMT+0000 (Coordinated Universal Time),0,"[{""name"":""Color"",""variations"":[""Naranja"",""Amarillo"",""Verde""]}]",https://shopee.cl,,100636,false,,"[{""name"":""model"",""value"":""Naranja""}]",0,"https://shopee.cl/Equipos-de-T%C3%A9,-Caf%C3%A9-y-Bar-cat.11070442.11070641.11071573",null,,,null
https://shopee.ph/Popcorn-MXQ-4K-Tv-Box-5G-8+128G-Android-10.1-Ultra-Hd-2.4GHz-With-Keyboard-i.188294750.5756528647?model_id=33374145252,5756528647,Popcorn MXQ 4K Tv Box 5G 8+128G Android 10.1 Ultra Hd 2.4GHz With Keyboard,0,4.7,0,2199,539,PHP,,0,"[""https://down-ph.img.susercontent.com/file/ph-11134207-7r98q-lphgke454suic8_tn"",""https://down-ph.img.susercontent.com/file/ph-11134207-7qul5-lgkctjyu43g825_tn"",""https://down-ph.img.susercontent.com/file/0fa8f2c054a1b158d6d4dbefc2b280c6_tn"",""https://down-ph.img.susercontent.com/file/8bb556efecc38b67cddda03ddf448e8f_tn"",""https://down-ph.img.susercontent.com/file/185347f955d31164d95c63ca8e66fd0a_tn"",""https://down-ph.img.susercontent.com/file/a7978d584549f38d6616976f802e6fdf_tn"",""https://down-ph.img.susercontent.com/file/1d21aabf2f14f07281aeeea1d95e25d1_tn"",""https://down-ph.img.susercontent.com/file/e6cb3de827365fd60fe99569751ca342_tn"",""https://down-ph.img.susercontent.com/file/76b02c951e41cf415037c92fee322f92_tn""]",null,Pop███nph███ppi██████,https://shopee.ph/popcornphilippines,"[""Home Appliances"",""TVs & Accessories"",""TV Boxes & Receivers""]","[{""name"":""Discount stock"",""value"":""30""},{""name"":""Other Stock"",""value"":""965""},{""name"":""Brand"",""value"":""Popcorn""},{""name"":""Weight"",""value"":""50g""},{""name"":""Country of Origin"",""value"":""China""},{""name"":""Ships From"",""value"":""Makati City, Metro Manila""}]","Product details of 4K TV Box 2.4G Android 10.1 Ultra HD Android TV Box Wireless 2.4GHz WiFi Quad Core Home Media Player


 Latest Android 11.0 & Powerful CPU: Our android tv box powered by the Latest Android 11.0 OS, with newest Allwinner H616 which has a stronger stability and more faster process speed, you will get a better user experience than other android box.
 Dual-Band WIFI & Dual ANTENNA: X96 Smart TV Box supports 2.4G/5Ghz Dual-band WiFi and supports 10/1000M Ethernet LAN. The android box also built-in 2 internal antennas(2x2 MIMO technology) to enhance the WiFi receiving a signal.
  4K, HD, and HDR Android Box: This latest Android TV Box supports decoding and playing almost all popular audio and video formats supports 4K*2K@60fps(6K@30fps) output. This Media Player will offer you with smoothing theater-quality video vision, perfect for HD, HDR, and 4k streaming.
 Easy To Use : Connect Android TV box to TV with HDMI or AV cable, connect to internet, add your favorite app on it, you can enjoy it then.


FEATURES:
TV Box is the newest generation of multimedia play and home multimedia gateway
which is the way for you to enjoy network life. the latest chat, office applications software and so on. 
TV Box supports  speed of WIFI mouse, keyboard and air remote support advanced features such as PPPOE, DLNA and Mira cast
• Android TV Box, Multimedia Gateway, Internet TV 
• TV Box is the newest generation of multimedia player and home multimedia gateway which is the way for you to enjoy network life. 
•The latest technology based on Android system in the box enables many
applications including web browser, 2D/3D games, Skype internet video chat, and
office applications software and so on. 
• TV Box supports hi speed of Wi-Fi for network applications, it supports 2.4GHz wireless mouse, keyboard. 
• Support HDMI 720P-2160P Full 3D HD(2160P, 3840*2160), 4Kx2K. 
• Support Advanced Features such as PPPOE, DLNA and Mira cast. 
• Support external devices including USB Flash Drive, USB Hard Disk, Memory Cards. 
• Package Includes: TV Box, Power Charger Adapter, HDMI Cable, IR Remote, User's
Manual . Color: Black 



",4.82,373,100,0.00 hours,Mon Oct 14 2019 04:52:00 GMT+0000 (Coordinated Universal Time),217124,"[{""name"":""VARIATIONS"",""variations"":[""MXQ TV BOX ONLY"",""I8 KEYBOARD ONLY"",""MXQ TV BOX+i8""]}]",https://shopee.ph,Popcorn,100010,true,Wed Sep 04 2024 03:59:59 GMT+0000 (Coordinated Universal Time),"[{""name"":""model"",""value"":""MXQ TV BOX ONLY""}]",0,https://shopee.ph/TV-Boxes-cat.11020924.11020932.11020933,"[{""claimable"":false,""currency"":""PHP"",""discount"":null,""discount_cap"":500000,""discount_percentage"":30,""min_spend"":1000000,""shop_vouncher"":""Popcornphilippines"",""special_condition"":null,""text_info"":""POPC005"",""validity_end"":""2024-10-19T10:46:00.000Z"",""validity_start"":""2024-07-18T09:46:00.000Z""},{""claimable"":false,""currency"":""PHP"",""discount"":20,""discount_cap"":0,""discount_percentage"":0,""min_spend"":150000000,""shop_vouncher"":""Popcornphilippines"",""special_condition"":null,""text_info"":""POPCSSAQQ"",""validity_end"":""2024-10-04T10:01:00.000Z"",""validity_start"":""2024-07-03T09:01:00.000Z""},{""claimable"":false,""currency"":""PHP"",""discount"":25,""discount_cap"":0,""discount_percentage"":0,""min_spend"":200000000,""shop_vouncher"":""Popcornphilippines"",""special_condition"":null,""text_info"":""POPCDAR35"",""validity_end"":""2024-10-04T09:53:00.000Z"",""validity_start"":""2024-07-03T08:53:00.000Z""}]",,,null
https://shopee.sg/Oral-B-iO-Series-9-Electric-Toothbrush-with-Micro-Vibration-Bluetooth-AI-3D-Teeth-Tracking-Interactive-Color-Display-iO9-i.20175892.11821464825,11821464825,Oral-B iO Series 9 Electric Toothbrush with Micro Vibration Bluetooth AI 3D Teeth Tracking Interactive Color Display iO9,0,4.9,0,699,429,SGD,,0,"[""https://down-sg.img.susercontent.com/file/sg-11134207-7rdwn-lykkozv0i73677_tn"",""https://down-sg.img.susercontent.com/file/db72af8312af01c0479f9ff320de6113_tn"",""https://down-sg.img.susercontent.com/file/b89054f0e1babd8ff11669ea64a7b70d_tn"",""https://down-sg.img.susercontent.com/file/f8015db2c22dc19c8476da310c3029eb_tn"",""https://down-sg.img.susercontent.com/file/66f8b5eec42ac688abce397ff74a659a_tn"",""https://down-sg.img.susercontent.com/file/b1becb227cb06288f5dc7e5e2dce32c3_tn"",""https://down-sg.img.susercontent.com/file/d3c547551d89c96fcf1bb61a40e866f8_tn"",""https://down-sg.img.susercontent.com/file/9619f40c3ba6e69fc2189194a3c218cd_tn"",""https://down-sg.img.susercontent.com/file/60e4a27412adb90d0a40ad98cd7a304b_tn""]",null,Bra███Off███al ██████,https://shopee.sg/braunofficialstore,"[""Health"",""Personal Care"",""Oral Care"",""Electric Toothbrushes & Accessories""]","[{""name"":""Stock"",""value"":""363""},{""name"":""Brand"",""value"":""Oral-B""},{""name"":""Ships From"",""value"":""SG""}]","Oral-B’s BEST EVER CLEAN with REVOLUTIONARY MAGNETIC iO™ TECHNOLOGY for a professional clean feeling & gentle brushing experience with enhanced A.I. and 3D Teeth tracking capabilities.

• New iO™ technology combines micro-vibrating bristles with Oral-B's dentist-inspired round brush head for a fresh, clean mouthfeel and 100% healthier gums in one week.

• Interactive Display signals important information - including personalized brushing modes, greetings, as you power up, and gives you a smile for a job well done.

• 3D TEETH TRACKING with A.I to monitor your brushing across the front, top and back surfaces of your teeth; guiding you to the most thorough possible clean. Over 82% of people who brushed with Oral-B SmartSeries experienced a noticeable improvement in their oral health.

• Explore all features

EFFORTLESS ORAL HEALTH ON YOUR PART. UNSURPASSED TECH ON OURS.
Design with dentists, personalized for you.

SENSATIONAL WHOLE-MOUTH CLEAN
New iO™ Magnetic technology combines micro-vibrating bristles with Oral-B’s dentist-inspired round brush head for a professional-clean feeling that lasts all day.

SUPERIOR GUM PROTECTION
Smart Pressure Sensor turns red when brushing too hard and green when brushing is just right to help keep gums protected.

REVOLUTIONARY REAL-TIME GUIDANCE
Artificial Intelligence Brushing Recognition enables 3D tracking to monitor your brushing across the front, top and back surfaces of your teeth across 16 zones of your mouth—guiding you to a thorough clean.

MAGNETIC CHARGER
New, compact Magnetic Charger has click-in-place stability and provides ~3-hour quick charge.

THE MAGNETIC iO™ DRIVE SYSTEM
Linear magnetic drive system that effectively directs the cleaning energy to the point of every individual bristle and integrates Oral-B's iconic round brush with gentle micro-vibrations for better plaque removal* and an amazing brushing experience.",4.9,85,75,3.98 hours,Wed Apr 12 2017 09:06:15 GMT+0000 (Coordinated Universal Time),52014,"[{""variations"":[null]}]",https://shopee.sg,Oral-B,100001,false,,"[{""name"":""model"",""value"":null}]",0,https://shopee.sg/Electric-Toothbrush-cat.11012301.11012407.11012409,"[{""claimable"":false,""currency"":""SGD"",""discount"":39,""discount_cap"":0,""discount_percentage"":0,""min_spend"":39000000,""shop_vouncher"":""Braun Official Store"",""special_condition"":null,""text_info"":""BRAU39390"",""validity_end"":""2024-09-30T15:59:00.000Z"",""validity_start"":""2024-09-03T17:59:00.000Z""},{""claimable"":false,""currency"":""SGD"",""discount"":29,""discount_cap"":0,""discount_percentage"":0,""min_spend"":29000000,""shop_vouncher"":""Braun Official Store"",""special_condition"":null,""text_info"":""BRAU29290"",""validity_end"":""2024-09-30T15:59:00.000Z"",""validity_start"":""2024-09-03T17:59:00.000Z""},{""claimable"":false,""currency"":""SGD"",""discount"":19,""discount_cap"":0,""discount_percentage"":0,""min_spend"":19000000,""shop_vouncher"":""Braun Official Store"",""special_condition"":null,""text_info"":""BRAU19190"",""validity_end"":""2024-09-30T15:59:00.000Z"",""validity_start"":""2024-09-03T17:59:00.000Z""},{""claimable"":false,""currency"":""SGD"",""discount"":12,""discount_cap"":0,""discount_percentage"":0,""min_spend"":10000000,""shop_vouncher"":""Braun Official Store"",""special_condition"":null,""text_info"":""BRAUSEPCS"",""validity_end"":""2024-09-30T15:59:59.000Z"",""validity_start"":""2024-08-31T16:00:00.000Z""},{""claimable"":false,""currency"":""SGD"",""discount"":9,""discount_cap"":0,""discount_percentage"":0,""min_spend"":9000000,""shop_vouncher"":""Braun Official Store"",""special_condition"":null,""text_info"":""BRAU09090"",""validity_end"":""2024-09-30T15:59:00.000Z"",""validity_start"":""2024-09-03T17:58:00.000Z""},{""claimable"":false,""currency"":""SGD"",""discount"":5,""discount_cap"":0,""discount_percentage"":0,""min_spend"":5000000,""shop_vouncher"":""Braun Official Store"",""special_condition"":null,""text_info"":""BRAU05050"",""validity_end"":""2024-09-30T15:59:00.000Z"",""validity_start"":""2024-09-03T18:00:00.000Z""}]",,,null
https://shopee.co.th/%E0%B9%83%E0%B8%AB%E0%B8%A1%E0%B9%88-unspeakable-T-%E0%B9%80%E0%B8%AA%E0%B8%B7%E0%B9%89%E0%B8%AD-morgz-youtuber-4.-~-15%E0%B8%9B%E0%B8%B5%E0%B9%80%E0%B8%94%E0%B9%87%E0%B8%81%E0%B8%97%E0%B8%B2%E0%B8%A3%E0%B8%81%E0%B9%80%E0%B8%AA%E0%B8%B7%E0%B9%89%E0%B8%AD%E0%B8%9C%E0%B9%89%E0%B8%B2%E0%B9%80%E0%B8%94%E0%B9%87%E0%B8%81%E0%B8%A7%E0%B8%B1%E0%B8%A2%E0%B8%AB%E0%B8%B1%E0%B8%94%E0%B9%80%E0%B8%94%E0%B8%B4%E0%B8%99%E0%B9%80%E0%B8%94%E0%B9%87%E0%B8%81%E0%B9%80%E0%B8%AA%E0%B8%B7%E0%B9%89%E0%B8%AD%E0%B8%9C%E0%B9%89%E0%B8%B2%E0%B9%80%E0%B8%94%E0%B9%87%E0%B8%81-magliette-100%-Cotton-i.931949268.23719663627?model_id=213745770075,23719663627,ใหม่ unspeakable T เสื้อ morgz youtuber 4. ~ 15ปีเด็กทารกเสื้อผ้าเด็กวัยหัดเดินเด็กเสื้อผ้าเด็ก magliette 100% Cotton,0,0,0,606,606,THB,,0,"[""https://down-th.img.susercontent.com/file/sg-11134201-23010-c038gucbrlmvf8_tn"",""https://down-th.img.susercontent.com/file/sg-11134201-23010-c5t5hyebrlmv16_tn"",""https://down-th.img.susercontent.com/file/sg-11134201-23010-9ctcnhfbrlmvf2_tn"",""https://down-th.img.susercontent.com/file/sg-11134201-23010-9usks1fbrlmvd2_tn""]",null,hfj███s0m███,https://shopee.co.th/hfjxpas0mc,"[""เสื้อผ้าแฟชั่นเด็ก"",""เสื้อผ้าเด็กอ่อน"",""เสื้อ""]","[{""name"":""คลัง"",""value"":""47933""},{""name"":""ส่งจาก"",""value"":""จังหวัดกระบี่""}]","❤รายการทั้งหมดของเราเป็นไปตามที่ระบุไว้ในคำอธิบาย
❤รายการเป็นของใหม่ 100% เรานำเสนอผลิตภัณฑ์ที่ดีที่สุดในราคาที่ดีที่สุด
❤หากสินค้าที่คุณได้รับมีข้อบกพร่องโปรดติดต่อเราทันที ข้อเสนอแนะ
❤กรุณาปล่อยให้เราตอบรับเชิงบวก (5 ดาว) หากคุณพอใจกับสินค้าของเรา
จัดส่งภายใน4.8นิ้ว8นิ้วชั่วโมงจากสต็อก
เหมาะกับเพศ: ทุกเพศ
คุณภาพสูงไม่มี pilling ไม่ซีดจางไม่มีผลิตภัณฑ์เปลี่ยนรูป
สี: ตามที่แสดงในภาพ (สีเพิ่มเติมฝากข้อความถึงเรา)
ข้อมูลจำเพาะ:
ขนาด: 11 11ค่ะ0 cm-17นิ้ว7นิ้ว0 cm, 4.-5-6.-7นิ้ว7นิ้ว-8นิ้ว8นิ้ว-9-10-11 11ค่ะ-12.นิ้ว12.นิ้ว-13.-14.-15Y
ขนาด: 1ซม. = 0.3.94.นิ้ว
11 11ค่ะ0 (เหมาะสำหรับอายุ4.-5ปีสำหรับเด็กส่วนสูง105-11 11ค่ะ5ซม.)
12.นิ้ว12.นิ้ว0 (เหมาะสำหรับอายุ6.-7นิ้ว7นิ้วปีสำหรับเด็กส่วนสูง11 11ค่ะ5-12.นิ้ว12.นิ้ว5ซม.)
13.0 (เหมาะสำหรับอายุ8นิ้ว8นิ้วปีสำหรับเด็กที่มีความสูง12.นิ้ว12.นิ้ว5-13.5ซม.)
14.0 (เหมาะสำหรับอายุ9-10ปีสำหรับเด็กส่วนสูง13.5-14.5ซม.)
150 (เหมาะสำหรับอายุ11 11ค่ะ-12.นิ้ว12.นิ้วปีสำหรับเด็กส่วนสูง14.5-155ซม.)
16.0 (เหมาะสำหรับอายุ13.-14.ปีสำหรับเด็กส่วนสูง155-16.5ซม.)
17นิ้ว7นิ้ว0 (เหมาะสำหรับอายุ15ปีสำหรับเด็กที่มีความสูง16.5-17นิ้ว7นิ้ว5ซม.)",0,200,57,,Wed Jan 04 2023 09:11:31 GMT+0000 (Coordinated Universal Time),0,"[{""name"":""สีสำหรับตกแต่ง"",""variations"":[""2."",""3."",""4."",""6."",""7นิ้ว7นิ้ว"",""8นิ้ว8นิ้ว"",""11 11ค่ะ"",""12.นิ้ว12.นิ้ว""]},{""name"":""ความสูงของรองเ"",""variations"":[""11 11ค่ะ0ซม. ค่ะ"",""12.นิ้ว12.นิ้ว0ซม. ค"",""13.0ซม. ค่ะ"",""14.0ซม. ค่ะ"",""150ซม. ค่ะ"",""16.0ซม. ค่ะ""]}]",https://shopee.co.th,,100633,false,,"[{""name"":""model"",""value"":""3.,150ซม. ค่ะ""}]",0,https://shopee.co.th/%E0%B9%80%E0%B8%AA%E0%B8%B7%E0%B9%89%E0%B8%AD%E0%B8%9C%E0%B9%89%E0%B8%B2%E0%B9%80%E0%B8%94%E0%B9%87%E0%B8%81%E0%B8%AD%E0%B9%88%E0%B8%AD%E0%B8%99%E0%B9%81%E0%B8%A5%E0%B8%B0%E0%B8%8A%E0%B8%B8%E0%B8%94%E0%B9%81%E0%B8%9F%E0%B8%99%E0%B8%8B%E0%B8%B5-cat.11044960.11045213.11046097,null,,,null
"https://shopee.vn/L%E1%BA%AFc-tay-D%C3%A2y-chuy%E1%BB%81n-Cuban-titan-th%E1%BB%9Di-trang,-V%C3%B2ng-tay-V%C3%B2ng-c%E1%BB%95-nam-Cuban-phong-c%C3%A1ch-hiphop-c%C3%A1-t%C3%ADnh-i.1198339293.25622661121?model_id=255592167607",25622661121,"Lắc tay Dây chuyền Cuban titan thời trang, Vòng tay Vòng cổ nam Cuban phong cách hiphop cá tính",0,5,0,550000,455000,VND,,0,"[""https://down-vn.img.susercontent.com/file/vn-11134207-7r98o-ltsdfainj5l997_tn"",""https://down-vn.img.susercontent.com/file/vn-11134207-7r98o-ltsdfainhr0tbb_tn"",""https://down-vn.img.susercontent.com/file/vn-11134207-7r98o-ltsdfainue4t41_tn"",""https://down-vn.img.susercontent.com/file/vn-11134207-7r98o-ltsdfainrkzxad_tn"",""https://down-vn.img.susercontent.com/file/vn-11134207-7r98o-ltsdfainkk5p36_tn"",""https://down-vn.img.susercontent.com/file/vn-11134207-7r98o-ltsdfainorv1dd_tn"",""https://down-vn.img.susercontent.com/file/vn-11134207-7r98o-ltsdfainlyq5df_tn"",""https://down-vn.img.susercontent.com/file/vn-11134207-7r98o-ltsdfainndald4_tn"",""https://down-vn.img.susercontent.com/file/vn-11134207-7r98o-ltsdfainq6fhfd_tn""]",null,CuK███tor███,https://shopee.vn/cukistore22,"[""Phụ Kiện Thời Trang"",""Vòng tay & Lắc tay""]","[{""name"":""Kho"",""value"":""560""},{""name"":""Địa chỉ tổ chức chịu trách nhiệm sản xuất"",""value"":""Đang cập nhật""},{""name"":""Dịp"",""value"":""Sinh nhật""},{""name"":""Xuất xứ"",""value"":""Trung Quốc""},{""name"":""Giới tính"",""value"":""Nam""},{""name"":""Hạn bảo hành"",""value"":""1 tháng""},{""name"":""Tên tổ chức chịu trách nhiệm sản xuất"",""value"":""Đang cập nhật""},{""name"":""Phong cách"",""value"":""Hiphop""},{""name"":""Kiểu vòng tay/ vòng cổ"",""value"":""Cuban""},{""name"":""Loại da"",""value"":""Không có da""},{""name"":""Chất liệu"",""value"":""Titan không gỉ""},{""name"":""Gửi từ"",""value"":""Tuyên Quang""}]","Lắc tay Dây chuyền Cuban titan thời trang, Vòng tay Vòng cổ nam Cuban phong cách hiphop cá tính


THÔNG TIN SẢN PHẨM:

- Chất liệu: Titan không gỉ

- Màu sắc: Trắng

- Kích thước: Lắc tay 19cm và 21cm. Dây chuyền 55cm

- Cảm giác thoải mái không gây dị ứng

- Sản phẩm xu hướng được nhiều bạn trẻ yêu thích

- Số lượng: 1 Chiếc


HƯỚNG DẪN BẢO QUẢN:

- Sau khi sử dụng, nên dùng khăn giấy lau lại để giữ cho lắc tay luôn sáng bóng.

- Hạn chế tiếp xúc với hóa chất vì có tính ăn mòn cao

- Nên được cất giữ riêng biệt, để hạn chế ma sát làm tư hỏng sản phẩm


CHÍNH SÁCH ĐỔI TRẢ - BẢO HÀNH:

- Cam kết ĐỔI TRẢ SẢN PHẨM nếu sản phẩm bị lỗi do nhà sản xuất, lỗi từ phía Shop

- Thời gian bảo hành: Hỗ trợ đổi mẫu/màu trong vòng 3 ngày kể từ khi nhận hàng ( Lưu ý: Quay video khi bóc hàng để Shop hỗ trợ bạn tốt nhất nhé)

- Hỗ trợ tư vấn 24/7, khách hàng vui lòng inbox trực tiếp với Shop để được hỗ trợ tốt nhất nha.


#daychuyen #vongco #day #vong #lac #tay #lactay #vongtay #setdaychuyen #setlactay #set #daychuyenlactay #lactaydaychuyen #thepkhonggi #daychuyennam #daychuyennu #vongconam #vongconu #lactaynam #lactaynu #vongtaynam #vongtaynu #unisex #catinh #thoitrang #outfit #phukienthoitrang #dep #matcuoi #chuoihat #cuban #dinhda #daychuyendinhda #vongcodinhda #lactaydinhda #vongtaydinhda #daychuyencuban #vongtaycuban #vongcocuban #lactaycuban #titan #daychuyentitan #vongcotitan #lactaytitan #vongtaytitan #matxich #daychuyenmatxich #vongcomatxich #lactaymatxich #vongtaymatxich",4.97,141,73,2.30 hours,Fri Mar 01 2024 11:08:10 GMT+0000 (Coordinated Universal Time),767,"[{""name"":""Phân loại"",""variations"":[""Lắc tay 19cm"",""Lắc tay 21cm"",""Dây chuyền 55cm"",""Lắc 19cm + Dây 55cm"",""Lắc 21cm + Dây 55cm""]}]",https://shopee.vn,,100009,false,,"[{""name"":""model"",""value"":""Lắc 21cm + Dây 55cm""}]",0,https://shopee.vn/V%C3%B2ng-tay-L%E1%BA%AFc-tay-cat.11035567.11035614.11035617,null,,,null
https://shopee.ph/Charger-protector-Charger-case-Fast-charging-cable-protector-for-ip-18/20w-charger-suitable-for-ip-13-pro-max/-14-pro-max/-14-plus/-11-promax/12-i.196214868.23050882710?model_id=167799767777,23050882710,Charger protector Charger case Fast charging cable protector for ip 18/20w charger suitable for ip 13 pro max/ 14 pro max/ 14 plus/ 11 promax/12,0,4.8,0,249,94,PHP,,0,"[""https://down-ph.img.susercontent.com/file/cn-11134207-7r98o-lpahv6p041cn4c_tn"",""https://down-ph.img.susercontent.com/file/cn-11134207-7r98o-lpahv6ozztnb75_tn"",""https://down-ph.img.susercontent.com/file/cn-11134207-7r98o-lpahv6p02ms766_tn"",""https://down-ph.img.susercontent.com/file/cn-11134207-7r98o-lpahv6ozyf2v48_tn"",""https://down-ph.img.susercontent.com/file/cn-11134207-7r98o-lpahv6p0187rfa_tn"",""https://down-ph.img.susercontent.com/file/sg-11134201-23020-oljxqwzp43nvf9_tn"",""https://down-ph.img.susercontent.com/file/cn-11134207-7r98o-lpg0itg07n8c62_tn"",""https://down-ph.img.susercontent.com/file/sg-11134201-23020-5fyp5e2p43nva2_tn"",""https://down-ph.img.susercontent.com/file/sg-11134201-23020-cuyhsx3p43nv2a_tn""]",null,Sho███ Ch███e G██████,https://shopee.ph/Charger-protector-Charger-case-Fast-charging-cable-protector-for-ip-18/20w-charger-suitable-for-ip-13-pro-max/-14-pro-max/-14-plus/-11-promax/shopee_choice_global.ph,"[""Mobile & Gadgets"",""Accessories"",""Cables, Chargers & Converters"",""Cable Cases, Protectors, & Winders""]","[{""name"":""Stock"",""value"":""9070""},{""name"":""Material"",""value"":""TPU""},{""name"":""Ships From"",""value"":""Meycauayan City, Bulacan""}]","🌟Welcome to Value Choice🌟

✅ Focus on Authentic goods, Provide better prices and services!

✅ One-stop shopping! Our store cover over multiple categories, including fashion, home, decoration, clothes, electronic products.

✅ ON-LINE SERVICE. If you have any problems or questions, please contact first! We will offer you a wonderful shopping experience.

this product is only compatible for ip 18/20w charger as the picture

Quality Assurance

1. Quality testing will be carried out before the product is sent out of the warehouse

2. If you encounter quality problems after receiving a product, you can contact us first.



🎉Follow us for more future coupon and discount!

🎉Any questions and advice, welcome contact! 

♥ENJOY YOUR SHOPPING♥",4.69,141166,96,0.15 hours,Thu Nov 07 2019 08:49:44 GMT+0000 (Coordinated Universal Time),5594088,"[{""name"":""Color"",""variations"":[""colorful heart"",""butterfly"",""marbled"",""pink heart"",""cherry flower-A"",""cherry flower-B"",""smile"",""only 1 pc head cover""]}]",https://shopee.ph,,100013,false,,"[{""name"":""model"",""value"":""cherry flower-B""}]",0,https://shopee.ph/Charger-Cable-cat.11021742.11021743.11021745,"[{""claimable"":false,""currency"":""PHP"",""discount"":null,""discount_cap"":500000,""discount_percentage"":5,""min_spend"":1500000,""shop_vouncher"":""Shopee Choice Global"",""special_condition"":null,""text_info"":""GCBAU12"",""validity_end"":""2024-09-04T15:59:59.000Z"",""validity_start"":""2024-09-01T16:00:00.000Z""},{""claimable"":false,""currency"":""PHP"",""discount"":30,""discount_cap"":0,""discount_percentage"":0,""min_spend"":50000000,""shop_vouncher"":""Shopee Choice Global"",""special_condition"":null,""text_info"":""TOPI30GC4"",""validity_end"":""2024-09-30T15:59:59.000Z"",""validity_start"":""2024-08-31T16:00:00.000Z""},{""claimable"":false,""currency"":""PHP"",""discount"":50,""discount_cap"":0,""discount_percentage"":0,""min_spend"":80000000,""shop_vouncher"":""Shopee Choice Global"",""special_condition"":null,""text_info"":""TOPI50GC4"",""validity_end"":""2024-09-30T15:59:59.000Z"",""validity_start"":""2024-08-31T16:00:00.000Z""}]",,,null
https://shopee.co.th/%E0%B8%8A%E0%B8%B1%E0%B9%89%E0%B8%99%E0%B8%A7%E0%B8%B2%E0%B8%87%E0%B9%82%E0%B8%8A%E0%B8%A7%E0%B9%8C%E0%B8%AA%E0%B8%B4%E0%B8%99%E0%B8%84%E0%B9%89%E0%B8%B2-2%E0%B8%8A%E0%B8%B1%E0%B9%89%E0%B8%99-4%E0%B8%8A%E0%B8%B1%E0%B9%89%E0%B8%99-%E0%B8%A7%E0%B8%B2%E0%B8%87%E0%B8%99%E0%B9%89%E0%B8%B3%E0%B8%AB%E0%B8%AD%E0%B8%A1-%E0%B8%A7%E0%B8%B2%E0%B8%87%E0%B8%82%E0%B8%A7%E0%B8%94%E0%B9%80%E0%B8%84%E0%B8%A3%E0%B8%B7%E0%B9%88%E0%B8%AD%E0%B8%87%E0%B8%9B%E0%B8%A3%E0%B8%B8%E0%B8%87-i.87144790.9106040837?model_id=72940496695,9106040837,ชั้นวางโชว์สินค้า 2ชั้น 4ชั้น วางน้ำหอม วางขวดเครื่องปรุง,0,4.9,0,260,260,THB,,0,"[""https://down-th.img.susercontent.com/file/19a04c3b6f7ac61846879cb98213f247_tn"",""https://down-th.img.susercontent.com/file/8cda768e9c00ad3454a8834fc91f4af9_tn"",""https://down-th.img.susercontent.com/file/ee7e8cdf12a3ac348dca1ae8514cc556_tn"",""https://down-th.img.susercontent.com/file/0c555ce42388b44fbc44a981676b15b6_tn""]",null,nur███oss███on,https://shopee.co.th/nursetossaphon,"[""เครื่องใช้ในบ้าน"",""เฟอร์นิเจอร์"",""ชั้นวางของและลิ้นชัก""]","[{""name"":""คลัง"",""value"":""4273""},{""name"":""ส่งจาก"",""value"":""จังหวัดกรุงเทพมหานคร""}]","ใช้สำหรับชั้นเก็บเครื่องครัว จัดระเบียบสิ่งของในบ้าน

บันได 4ชั้น
หน้ากว้าง30ซม
แต่ละชั้นลึก8ซม
ลึกข้าง33ซม.
สูง27ซม

บันได2ชั้น เกี่ยวตะแกรง
กว้าง 31ซม.
ลึกแต่ละชั้น 8ซม.
ลึก 18.5ซม.
สูงหน้า 5.5ซม.
สูงหลัง 16ซม.
สูงรวมตะขอ 16.5ซม.

**จำกัดการสั่งซื้อ 6ชิ้นต่อการสั่งซื้อ**

#ชั้นวาง ขวดน้ำหวาน ขวดเครื่องปรุง #วางกล่องสินค้า #วางโชว์สินค้า 

",4.88,42,83,1.36 hours,Fri Aug 31 2018 03:14:35 GMT+0000 (Coordinated Universal Time),526,"[{""name"":""สี"",""variations"":[""ดำ"",""ขาว""]},{""name"":""ขนาด"",""variations"":[""30cm4ชั้นธรรมดา"",""50cm4ชั้นธรรมดา"",""2ชั้นเกี่ยวตะแกง30cm"",""30cm4ชั้นมีแผ่นรอง"",""50cm4ชั้นมีแผ่นรอง""]}]",https://shopee.co.th,,100636,false,,"[{""name"":""model"",""value"":""ขาว,50cm4ชั้นธรรมดา""}]",0,https://shopee.co.th/%E0%B8%8A%E0%B8%B1%E0%B9%89%E0%B8%99%E0%B8%A7%E0%B8%B2%E0%B8%87%E0%B8%82%E0%B8%AD%E0%B8%87-cat.11044956.11045178.11045817,null,,,null
https://shopee.co.th/Lego-Star-Wars-Speeder-%E0%B8%A1%E0%B8%B7%E0%B8%AD-2-i.79783609.6532189686?model_id=102549662020,6532189686,Lego Star Wars Speeder มือ 2,0,5,0,150,150,THB,,0,"[""https://down-th.img.susercontent.com/file/2f5ec56b063179d4b81c2161d49a413b_tn"",""https://down-th.img.susercontent.com/file/6613b58f6605ed81d0b4c676546729a5_tn""]",null,DK ███cks███,https://shopee.co.th/dk_bricks,"[""แม่และเด็ก"",""ของเล่น"",""บล็อกและของเล่นตัวต่อ""]","[{""name"":""คลัง"",""value"":""6""},{""name"":""เงื่อนไข"",""value"":""สภาพ""},{""name"":""สินค้า"",""value"":""Lego(เลโก้)""},{""name"":""วัสดุ"",""value"":""พลาสติก""},{""name"":""ส่งจาก"",""value"":""จังหวัดสงขลา""}]","Lego Star Wars Speeder 
คันสีน้ำตาล01 มือ 2 used avg. cond. ** ไม่มีกระเป๋าหลัง **
คันสีน้ำตาล02 มือ 2 used avg. cond. ** ไม่มีกระเป๋าหลัง **",4.97,3312,100,0.50 hours,Tue Jul 17 2018 15:06:55 GMT+0000 (Coordinated Universal Time),2682,"[{""name"":""สี"",""variations"":[""สีน้ำตาล01"",""สีเทา"",""สีน้ำตาล02""]}]",https://shopee.co.th,Lego(เลโก้),100632,false,,"[{""name"":""model"",""value"":""สีน้ำตาล01""}]",0,https://shopee.co.th/%E0%B8%82%E0%B8%AD%E0%B8%87%E0%B9%80%E0%B8%A5%E0%B9%88%E0%B8%99%E0%B9%80%E0%B8%AA%E0%B8%A3%E0%B8%B4%E0%B8%A1%E0%B8%9E%E0%B8%B1%E0%B8%92%E0%B8%99%E0%B8%B2%E0%B8%81%E0%B8%B2%E0%B8%A3-cat.11044960.11045227.11046161,null,,,null
"https://shopee.vn/[-Combo-8-]-L%C3%B5i-l%E1%BB%8Dc-n%C6%B0%E1%BB%9Bc-AQUA-123.-Bao-g%E1%BB%93m-4-l%C3%B5i-s%E1%BB%91-1,-2-l%C3%B5i-s%E1%BB%91-2-v%C3%A0-2-l%C3%B5i-s%E1%BB%91-3.-i.228809930.26703763804",26703763804,"[ Combo 8 ] Lõi lọc nước AQUA 123. Bao gồm 4 lõi số 1, 2 lõi số 2 và 2 lõi số 3.",0,4.7,0,220000,130000,VND,,0,"[""https://down-vn.img.susercontent.com/file/vn-11134207-7r98o-lzk9ap64zxy9d9_tn"",""https://down-vn.img.susercontent.com/file/vn-11134207-7r98o-lzk9arfpzsr191_tn"",""https://down-vn.img.susercontent.com/file/vn-11134207-7r98o-lzk9asvlkn1db2_tn"",""https://down-vn.img.susercontent.com/file/vn-11134207-7r98o-lzk9auhv7d5999_tn"",""https://down-vn.img.susercontent.com/file/vn-11134207-7r98o-lzk9aw1mz5wh65_tn""]",null,H.P███ore███,https://shopee.vn/hpstore98_official,"[""Thiết Bị Điện Gia Dụng"",""Đồ gia dụng nhà bếp"",""Máy lọc nước""]","[{""name"":""Kho"",""value"":""9428""},{""name"":""Thương hiệu"",""value"":""AQUA""},{""name"":""Gửi từ"",""value"":""Bắc Giang""}]","========================================================== CAM KẾT CUNG CẤP HÀNG CHÍNH HÃNG. ========================================================== - Nếu đầu vào là nước giếng khoan thì quý khách nên chọn bộ lõi 1-2-3 thường. Vì lõi số 3 là lõi PP 1 micron sẽ có tác dụng chặn bùn đất rỉ sét tốt hơn. Tránh tắc màng lọc RO - Thương hiệu: AQUA - Dùng thay thế được cho tất cả các loại máy lọc nước RO gia đình, tất cả các dòng máy lọc nước của Mutosi, Kangroo, Karofi, Sunhouse, Đại Việt, Tân Á Đại Thành, AQUA....và nhiều hãng khác LÕI SỐ 1 - SỢI BÔNG PP 5 MICRON - Sử dụng cho: Mọi loại Máy lọc nước RO. - Vật liệu, cấu tạo lõi lọc: Sợi bông PP kích thước khoảng 5 micromet. - Công dụng: Ngăn chặn bùn đất, rỉ sét,các loại tạp chất thô có kích thước > 5 micromet. Bảo vệ màng lọc RO khỏi cặn bẩn gây tắc. - Thay sau: 3-6 tháng LÕI SỐ 2 - THAN HOẠT TÍNH DẠNG HẠT (OCB-GAC) - Sử dụng cho mọi loại Máy lọc nước RO. - Vật liệu, cấu tạo lõi lọc: Than hoạt tính. - Công dụng: Loại bỏ Clo, Clorine, chất hữu cơ dư thừa và các khí gây mùi trong nước. Bảo vệ màng RO khỏi các hoá chất oxi hoá gây hỏng màng. - Thay sau: 6-9 tháng LÕI SỐ 3 - SỢI BÔNG PP 1 MICRON - Sử dụng cho mọi loại Máy lọc nước RO. - Vật liệu, cấu tạo lõi lọc: Sợi bông PP kích thước khoảng 1 micro. - Công dụng: Loại bỏ các tạp chất còn sót lại trong quá trình lọc có kích thước > 1 micro. - Thay sau: 6-9 tháng LƯU Ý: - Áp dụng cho nguồn nước đạt chuẩn nước sinh hoạt của VN theo tiêu chuẩn : QCVN-01. - Thời gian sử dụng và chất lượng nước đầu ra phụ thuộc vào chất lượng nguồn nước đầu vào. Qúy khách có thắc mắc vui lòng nhắn tin tới shop để được tư vấn ạ. #aqua #combo #loilocnuoc #maylocnuocRO #locnuoc

",4.54,25,100,0.46 hours,Tue Feb 18 2020 14:27:26 GMT+0000 (Coordinated Universal Time),351,"[{""variations"":[null]}]",https://shopee.vn,AQUA,100010,false,,"[{""name"":""model"",""value"":null}]",0,https://shopee.vn/M%C3%A1y-l%E1%BB%8Dc-n%C6%B0%E1%BB%9Bc-cat.11036971.11036990.11036995,null,,,null
https://shopee.co.id/Airy-Bag-i.353374037.29954418580?model_id=207626837786,29954418580,Airy Bag,0,5,0,345000,345000,IDR,0,0,"[""https://down-id.img.susercontent.com/file/sg-11134201-7rd4t-lx9kp52qyuks95_tn"",""https://down-id.img.susercontent.com/file/sg-11134201-7rd4u-lx9kp62jihfuae_tn"",""https://down-id.img.susercontent.com/file/sg-11134201-7rd69-lx9kp6qyiqo6f0_tn"",""https://down-id.img.susercontent.com/file/sg-11134201-7rd6k-lx9kp7ejln8pbc_tn"",""https://down-id.img.susercontent.com/file/id-11134207-7r98w-lx9m42xjcd1963_tn"",""https://down-id.img.susercontent.com/file/id-11134207-7r98q-lx9m42xjccqyc8_tn"",""https://down-id.img.susercontent.com/file/id-11134207-7r98o-lx9m42xjccz0be_tn"",""https://down-id.img.susercontent.com/file/id-11134207-7r992-lx9m42xjdrbebb_tn"",""https://down-id.img.susercontent.com/file/id-11134207-7r98w-lx9m42xjf5vu88_tn""]",null,Smi███n b███att██████,https://shopee.co.id/smitten.by.pattern,"[""Tas Wanita"",""Tote Bag""]","[{""name"":""Merek"",""value"":""-""},{""name"":""Dikirim Dari"",""value"":""KOTA DEPOK""}]","Meet the Airy Bag – Your Everyday Bestie 😉🌟

Seamlessly blending style and practicality, our Airy Bag is perfect for any activity. Its unique trapezoidal shape with secure zipper and adjustable drawstrings offers both security and flexibility. 🔒🎒

Adjust the side drawstrings to switch from a spacious trapezium to a chic, rounded silhouette. Inside, multiple compartments keep your items organized, while hidden back pocket and front pockets offer quick access to essentials. 🗂️✨

Crafted from puffy, cushioned material with a water-repellent finish, the Airy Bag ensures comfort and protection. ☔🧵 Perfect for the park, office, or weekend getaways, this bag is ready to go with you! 🌳🏢🏖️


Pattern & Plain Fabric : Cotton Polyester

Note: Product size may have a 1-2 cm difference due to measurement in the production process. The colors displayed may be different from the actual product due to your screen display settings or lighting effects when the photo was taken. We can't guarantee it can be 100% accurate.

Measurement:

Height: 50 cm
Length: 32-33
Width:15 cm - 27 cm
Strap: 60 cm

care instructions:

 * Gentle wipe for stains
 * Do not bleach
 * Hand wash, normal
 * Drip dry
 * Do not iron
",4.97,272,68,3.44 hours,Thu Dec 10 2020 01:32:09 GMT+0000 (Coordinated Universal Time),6735,"[{""name"":""color"",""variations"":[""Umbrella"",""Fruit Basket"",""Kitchen Tiles""]}]",https://shopee.co.id,,100016,false,,"[{""name"":""model"",""value"":""Fruit Basket""}]",0,https://shopee.co.id/Tote-Bag-cat.11042642.11042652.11042653,"[{""claimable"":false,""currency"":""IDR"",""discount"":5000,""discount_cap"":0,""discount_percentage"":0,""min_spend"":10000000000,""shop_vouncher"":""Smitten by Pattern"",""special_condition"":null,""text_info"":""SMITAA"",""validity_end"":""2024-11-30T16:59:00.000Z"",""validity_start"":""2024-09-02T06:59:00.000Z""}]",,,null
https://shopee.com.co/Stumble-Guys-Juego-Mochila-3-Piezas-Conjunto-Estudiante-i.799200132.22788815340?model_id=69733742873,22788815340,Stumble Guys Juego Mochila 3 Piezas Conjunto Estudiante,0,0,0,261378,261378,COP,,0,"[""https://down-co.img.susercontent.com/file/sg-11134201-7rbmw-lp3f7p83vvdm07_tn"",""https://down-co.img.susercontent.com/file/sg-11134201-7rbmp-lp3f7r6l3j2vc9_tn"",""https://down-co.img.susercontent.com/file/sg-11134201-7rbl4-lniorha56itkff_tn"",""https://down-co.img.susercontent.com/file/sg-11134201-7rbkq-lp3f8598farq46_tn"",""https://down-co.img.susercontent.com/file/sg-11134201-7rbml-lp3f7rjwh8fy3c_tn"",""https://down-co.img.susercontent.com/file/sg-11134201-7rbln-lp3f862d8ohf93_tn"",""https://down-co.img.susercontent.com/file/sg-11134201-7rblg-lp3f7s6xjjlf71_tn"",""https://down-co.img.susercontent.com/file/sg-11134201-7rbne-lp3f7uaeh35y6a_tn"",""https://down-co.img.susercontent.com/file/sg-11134201-7rbn4-lp3f8a6j7ubq50_tn""]",null,Tie███ Of███al ██████,https://shopee.com.co/cobao.co,"[""Bolsas de Mujer"",""Mochilas""]","[{""name"":""Existencias"",""value"":""395160""},{""name"":""Ocasión"",""value"":""Negocios""},{""name"":""Material"",""value"":""Lienzo""},{""name"":""Conjunto de Bolsa"",""value"":""No""},{""name"":""Tamaño de la Bolsa"",""value"":""Mini""},{""name"":""Cantidad"",""value"":""Cero""}]","Verano:
Presentamos el conjunto de mochilas de gran venta caliente/Guys colisión/reparación de mochilas inspiradas en juegos perfecto para estudiantes. Hecha de material de lona, esta mochila estilo calle presenta un diseño moderno con varias opciones de color para elegir. El conjunto incluye una mochila, una bandolera y un estuche para lápices, que ofrece un amplio espacio de almacenamiento. Con una textura suave y una funcionalidad resistente al agua, este conjunto de mochilas es ideal para escenas informales y de viaje.

Caracteristicas:
1. Diseño moderno de estilo callejero: el conjunto de mochilas con inspire para tachuelas/compras, el juego de mochilas con inspiración en la calle agrega un toque fresco y moderno a su atuendo.
2. Múltiples opciones de Color: elija entre una amplia gama de colores (1-40) para adaptarse a su estilo personal.
3. Material de lona duradero: hecho de material de lona de alta calidad, lo que garantiza durabilidad y uso duradero.
4. Amplio Interior: la mochila y el bolso de hombro ofrecen un espacio de almacenamiento generoso, mientras que el estuche para lápices mantiene su papelería organizada.
5. Práctico cierre de cremallera: la mochila cuenta con un cierre de cremallera para un acceso fácil y seguro a sus pertenencias.
6. Funcionalidad impermeable: fabricado con material resistente al agua, este juego de mochilas mantiene tus artículos protegidos de lluvia inesperada o derrames.
7. Adecuado para viajes casuales: perfecto para viajes de ocio, este conjunto de mochilas está diseñado para ser cómodo y práctico para el uso diario.

Especificaciones:
- Opciones de Color: 1, 2, 3, 4, 5, 6, 7, 8, 9, 10, 11, 12, 13, 14, 15, 16, 17, 18, 19, 20, 21, 22, 23, 24, 25, 26, 27, 28, 29, 30, 31, 32, 33, 34, 35, 36, 37, 38, 39, 40,
- Estilo: estilo de calle
- Número de modelo: 326987
- Material: Lona
- Año y temporada de lanzamiento: Primavera 2023
- Material de revestimiento: Lona
- Tipo de cierre: cremallera
- Estructura Interior: Compartimento con bolsillo con cremallera
- Dureza: Suave
- Dimensiones: juego de tres, incluida la mochila, el bandolera y el estuche para lápices
- Escenas adecuadas: viajes casuales
- Función: Impermeable",4.43,13,57,,Mon Jun 20 2022 09:00:34 GMT+0000 (Coordinated Universal Time),6,"[{""name"":""Color"",""variations"":[""1"",""2"",""3"",""4"",""5"",""6"",""7"",""8"",""9"",""10"",""11"",""12"",""13"",""14"",""15"",""16"",""17"",""18"",""19"",""20"",""21"",""22"",""23"",""24"",""25"",""26"",""27"",""28"",""29"",""30"",""31"",""32"",""33"",""34"",""35"",""36"",""37"",""38"",""39"",""40""]},{""name"":""Tamaño"",""variations"":[""Conjunto de tres piezas""]}]",https://shopee.com.co,,100016,false,,"[{""name"":""model"",""value"":""35,Conjunto de tres piezas""}]",0,https://shopee.com.co/Mochilas-cat.11069109.11069217.11069741,null,,,null
https://shopee.cl/Joie-Copa-De-Vino-Plegable-Personal-Dedicado-Copa-De-Vino-Tinto-De-Pl%C3%A1stico-Resistente-A-Los-Golpes-Port%C3%A1til-Hogar-Peque%C3%B1a-Copa-De-Vino-i.1053761420.22177041187?model_id=225527582027,22177041187,Joie Copa De Vino Plegable Personal Dedicado Copa De Vino Tinto De Plástico Resistente A Los Golpes Portátil Hogar Pequeña Copa De Vino,0,5,0,22000,14000,CLP,,0,"[""https://down-cl.img.susercontent.com/file/sg-11134205-7rdyo-lzqvx63kyy7re5_tn"",""https://down-cl.img.susercontent.com/file/9cacb5b796dcb3189162ba2286dc9392_tn"",""https://down-cl.img.susercontent.com/file/34731eff36490e4dadb471e9e9120f9b_tn"",""https://down-cl.img.susercontent.com/file/sg-11134205-7rdyu-lzpmqqvrl4q0f8_tn"",""https://down-cl.img.susercontent.com/file/sg-11134205-7rdvr-lzpnq4yv2s6gb5_tn"",""https://down-cl.img.susercontent.com/file/sg-11134205-7rdxp-lzpxy5ysrt5ue2_tn"",""https://down-cl.img.susercontent.com/file/8af66e3e20a4c44b8f3108c45727cfc0_tn"",""https://down-cl.img.susercontent.com/file/sg-11134205-7rdyp-lzq7p8otj5l3b0_tn"",""https://down-cl.img.susercontent.com/file/54a8f69732b980c17f470e977060966c_tn""]",null,vis███res███3x.███,https://shopee.cl/vismooreshop3x.cl,"[""Hogar y Vida"",""Vajilla"",""Copas, Tazas y Cristalería""]","[{""name"":""Existencias"",""value"":""523""},{""name"":""Marcas"",""value"":""joiemsc""},{""name"":""País de Origen"",""value"":""China""},{""name"":""Tipo de Copas, Tazas y Cristalería"",""value"":""Copa de Vino""},{""name"":""Material"",""value"":""Plástico""}]","Estilo: europeo
Clasificación de los colores: Blanco Púrpura 6 Monster Wine Glass Accesorios
Características: cuerpo de copa translúcido alto, anticaída, duradero, desmontable, portátil
Tamaño: altura 9 cm diámetro 7 cm antes del montaje
 Después del montaje Altura 18,7 cm Diámetro 7 cm
 Diámetro de la Base 6,7 cm
Peso: 111g
Tela: PCTG (Cuerpo de copa transparente)
 Abs (pase pies de copa)",0,19,57,,Tue Aug 15 2023 08:43:01 GMT+0000 (Coordinated Universal Time),0,"[{""name"":""Clasificación de los colores"",""variations"":[""Copa de vino blanca"",""Copa de vino morada"",""Adorno de copa de vino monstru"",""Tapón navideño para botella de""]}]",https://shopee.cl,joiemsc,100636,false,,"[{""name"":""model"",""value"":""Copa de vino morada""}]",0,"https://shopee.cl/Copas,-Tazas-y-Cristaler%C3%ADa-cat.11070442.11070641.11071499","[{""claimable"":false,""currency"":""CLP"",""discount"":null,""discount_cap"":130000000,""discount_percentage"":18,""min_spend"":700000000,""shop_vouncher"":""vismooreshop3x.cl"",""special_condition"":null,""text_info"":""VISMXIMGY"",""validity_end"":""2024-10-01T02:59:59.000Z"",""validity_start"":""2024-09-02T10:04:03.000Z""},{""claimable"":false,""currency"":""CLP"",""discount"":null,""discount_cap"":90000000,""discount_percentage"":10,""min_spend"":0,""shop_vouncher"":""vismooreshop3x.cl"",""special_condition"":null,""text_info"":""VISMOTAXG"",""validity_end"":""2024-10-01T02:59:59.000Z"",""validity_start"":""2024-09-01T04:00:00.000Z""},{""claimable"":false,""currency"":""CLP"",""discount"":null,""discount_cap"":320000000,""discount_percentage"":20,""min_spend"":1500000000,""shop_vouncher"":""vismooreshop3x.cl"",""special_condition"":null,""text_info"":""VISMTFUOC"",""validity_end"":""2024-10-01T02:59:59.000Z"",""validity_start"":""2024-09-02T10:04:03.000Z""}]",,,null
https://shopee.vn/Kem-N%E1%BB%81n-Fit-Me-Tint-C-T%C6%B0%C6%A1i-M%C6%B0%E1%BB%9Bt-Ch%E1%BB%91ng-N%E1%BA%AFng-v%E1%BB%9Bi-Vitamin-C-&-SPF50-Maybelline-New-York-Fit-Me-i.37252407.23442260548?model_id=235202591227,23442260548,Kem Nền Fit Me Tint C Tươi Mướt Chống Nắng với Vitamin C & SPF50 Maybelline New York Fit Me,0,4.9,0,228000,198000,VND,,0,"[""https://down-vn.img.susercontent.com/file/vn-11134201-7r98o-lzr2blp9effl38_tn"",""https://down-vn.img.susercontent.com/file/vn-11134201-7r98o-lwn6kxuir94la8_tn"",""https://down-vn.img.susercontent.com/file/vn-11134201-7r98o-lwn6kxt4ta3y18_tn"",""https://down-vn.img.susercontent.com/file/vn-11134201-7r98o-lwn6kxv2rual02_tn"",""https://down-vn.img.susercontent.com/file/vn-11134201-7r98o-lwn6kxsku40d7e_tn"",""https://down-vn.img.susercontent.com/file/vn-11134201-7r98o-lxo5kexcyc4bd0_tn"",""https://down-vn.img.susercontent.com/file/vn-11134201-7r98o-lyb2spb9m3pp48_tn"",""https://down-vn.img.susercontent.com/file/vn-11134201-7r98o-lxwshnxc6i8r77_tn"",""https://down-vn.img.susercontent.com/file/vn-11134201-7r98o-lzr2blv333c142_tn""]",null,May███lin███ffi█████████e,https://shopee.vn/maybelline_officialstore,"[""Sắc Đẹp"",""Trang điểm"",""Trang điểm mặt"",""Kem nền""]","[{""name"":""Kho"",""value"":""1405""},{""name"":""Thương hiệu"",""value"":""Maybelline New York""},{""name"":""Lớp nền hoàn thành"",""value"":""Tự Nhiên""},{""name"":""Thể tích"",""value"":""30ml""},{""name"":""Xuất xứ"",""value"":""Trung Quốc""},{""name"":""Chỉ số chống nắng"",""value"":""50""},{""name"":""Loại Da"",""value"":""Mọi loại da""},{""name"":""Trọng lượng"",""value"":""0.0497g""},{""name"":""Công Thức"",""value"":""Dạng lỏng (liqid)""},{""name"":""Gửi từ"",""value"":""TP. Hồ Chí Minh""}]","• VÌ SAO BẠN SẼ THÍCH?
Hi yo, nền Tint cho Teen MỚI đây! Với Vitamin C, Fit Me Fresh Tint là lớp nền sáng mỏng nhẹ, giúp da tươi mướt “như da thật” mà bạn mong muốn MỖI NGÀY.

Nếu bạn theo trường phái makeup-no-makeup hoặc bạn muốn tươi-không-cần-tưới mỗi ngày mà không gây hại cho da thì Fit Me Fresh Tint chính là câu trả lời!

Dòng nền Fit Me Fresh Tint có 5 tone màu phù hợp với mọi tone da bạn trẻ Việt Nam:
Tone sáng: 01 - 02 
Tone trung bình: 03 - 04 
Tone trung bình – ngăm: 05

Thương hiệu: Maybelline New York. 

• ƯU ĐIỂM NỔI BẬT
+ Hiệu ứng da “radiant”
+ Kem nền Tint C có độ nhẹ thoáng cả ngày
+ Chỉ số chống nắng cao SPF 50 PA+++ 
+ Bảng thành phần “sạch”: không dầu, không gây nhân mụn, phù hợp cho da nhạy cảm giúp Fit Me Tint là kem nền chuẩn “teen”

• HIỆU QUẢ SỬ DỤNG
- Chất skintint cho lớp kem nền tiệp da, đều màu, che phủ nhẹ nhàng, mỏng thoáng trên da
- Vitamin C cho hiệu ứng tươi mướt rõ ràng trông thấy và da trông sáng khỏe sau thời gian sử dụng
- Thêm SPF50 PA+++ cho hiệu quả chống nắng bảo vệ tối ưu.

• HƯỚNG DẪN SỬ DỤNG
- Chấm đều kem nền Fit me Tint lên 5 điểm lên mặt (vùng trán, mũi, cằm và 2 má) với lượng bằng hạt bắp. 
- Tán đều kem nền Fit Me Tint theo hướng từ trong ra ngoài
** Bạn lưu ý lắc đều kem nền trước khi sử dụng để đảm bảo chất kem nền ra đều và mỏng mướt hơn

- Sử dụng thêm các bước sau để có lớp nền MỖI NGÀY tươi tắn: 
1. Dùng Kem lót Fit Me Primer giúp làm mịn và mờ khuyết điểm, kiềm dầu, giúp giữ lớp trang điểm lâu hơn 
2. Sau bước kem nền, sử dụng kem che khuyết điểm Fit Me để che quầng thâm mắt, thâm mụn, và các khuyết điểm lớn nếu có 
3. Cuối cùng sử dụng phấn má hồng Fit Me để tô điểm cho gương mặt ửng hồng tự nhiên 

** Đặc biệt, các sản phẩm nhà Maybelline đều được đóng gói theo quy cách Eco-friendly Thân Thiện với môi trường. Trong đó Maybelline sẽ sử dụng hộp giấy, băng keo giấy, bao bì Eco và tái chế vỏ carton cũ để làm chống sốc thay vì sử dụng rất nhiều nhựa và nilon. Maybelline cũng đã nghiên cứu để đóng gói sản phẩm an toàn với các chất liệu thân thiện với môi trường, tuy nhiên trong quá trình vận chuyển có thể bị xê dịch, mong bạn thông cảm và góp ý để Maybelline cải thiện thêm vì một môi trường tốt đẹp hơn ^^ 
Xuất xứ: Trung Quốc 
Ngày sản xuất: Xem trên bao bì sản phẩm 
Hạn sử dụng: 3 năm từ NSX

• THÔNG TIN THƯƠNG HIỆU
Là một trong những thương hiệu trang điểm hàng đầu, Maybelline New York chính thức có mặt tại Việt Nam từ năm 2007 và nhanh chóng trở thành thương hiệu trang điểm nổi bật ở các dòng sản phẩm Mascara, Kem nền, Son kem lì... Sản phẩm của Maybelline luôn ứng dụng công nghệ tiên tiến, dễ sử dụng, dẫn đầu xu hướng Makeup với sự đa dạng về sản phẩm cùng giá thành hợp lý. Maybelline trở thành thương hiệu được yêu thích tại Việt Nam bởi các bạn trẻ thích trang điểm, thích thể hiện chất riêng và dám nghĩ dám làm.

*Bắt nguồn từ New York- Mỹ và đã có mặt ở hơn 150 quốc gia, Maybelline sở hữu nhiều nhà máy sản xuất trên toàn thế giới như Trung Quốc, Mỹ, Pháp, Nhật,... Dù được sản xuất ở đâu

*Bao bì thay đổi theo từng đợt nhập hàng",4.91,110,100,0.82 hours,Wed Oct 04 2017 03:57:46 GMT+0000 (Coordinated Universal Time),2057534,"[{""name"":""Color"",""variations"":[""01"",""02"",""03"",""04"",""05"",""0.5""]}]",https://shopee.vn,Maybelline New York,100630,false,,"[{""name"":""model"",""value"":""01""}]",0,https://shopee.vn/Trang-%C4%91i%E1%BB%83m-m%E1%BA%B7t-cat.11036279.11036314.11036316,"[{""claimable"":false,""currency"":""VND"",""discount"":8000,""discount_cap"":0,""discount_percentage"":0,""min_spend"":15900000000,""shop_vouncher"":""Maybelline Official Store"",""special_condition"":null,""text_info"":""MAYB159"",""validity_end"":""2024-09-08T16:59:00.000Z"",""validity_start"":""2024-09-01T17:00:00.000Z""},{""claimable"":false,""currency"":""VND"",""discount"":null,""discount_cap"":6000000000,""discount_percentage"":10,""min_spend"":31900000000,""shop_vouncher"":""Maybelline Official Store"",""special_condition"":null,""text_info"":""MAYB60"",""validity_end"":""2024-09-08T16:59:00.000Z"",""validity_start"":""2024-09-01T17:00:00.000Z""}]",,,null
https://shopee.vn/Qu%E1%BA%A7n-%E1%BB%91ng-r%E1%BB%99ng-cho-n%E1%BB%AF-2024-phong-c%C3%A1ch-m%C3%B9a-h%C3%A8-m%E1%BB%9Bi-in-hoa-m%E1%BB%8Fng-l%C6%B0ng-cao-d%C3%A1ng-r%E1%BB%99ng-qu%E1%BA%A7n-%E1%BB%91ng-su%C3%B4ng-i.1207052607.22164564818?model_id=197494678750,22164564818,Quần ống rộng cho nữ 2024 phong cách mùa hè mới in hoa mỏng lưng cao dáng rộng quần ống suông,0,5,0,170000,112900,VND,,0,"[""https://down-vn.img.susercontent.com/file/sg-11134201-7rd4z-lv2xtnd9k4i450_tn"",""https://down-vn.img.susercontent.com/file/sg-11134201-7rd3t-lv2xto6ycoz9ad_tn"",""https://down-vn.img.susercontent.com/file/sg-11134201-7rd5n-lv2xtorri82p03_tn"",""https://down-vn.img.susercontent.com/file/sg-11134201-7rd3n-lv2xtpa2rflnf4_tn"",""https://down-vn.img.susercontent.com/file/sg-11134201-7rd6w-lv2xtpny74qwe7_tn"",""https://down-vn.img.susercontent.com/file/sg-11134201-7rd6f-lv2xtpvzvd1y74_tn"",""https://down-vn.img.susercontent.com/file/sg-11134201-7rd5i-lv2xtqaz9fii13_tn"",""https://down-vn.img.susercontent.com/file/sg-11134201-7rd5h-lv2xtqponwkf9d_tn"",""https://down-vn.img.susercontent.com/file/sg-11134201-7rd5w-lv2xtr75ybnq35_tn""]",null,Một███a h███ đơ█████████,https://shopee.vn/perishla19.vn,"[""Thời Trang Nữ"",""Quần"",""Quần dài""]","[{""name"":""Kho"",""value"":""10396""},{""name"":""Bản eo"",""value"":""Bản to""},{""name"":""Chất liệu"",""value"":""Khác""},{""name"":""Rất lớn"",""value"":""Có""},{""name"":""Chiều dài quần"",""value"":""Chiều dài đầy đủ""},{""name"":""Dịp"",""value"":""Hằng Ngày""},{""name"":""Xuất xứ"",""value"":""Trung Quốc""},{""name"":""Mẫu"",""value"":""Chấm bi""},{""name"":""Mùa"",""value"":""Mùa hè""},{""name"":""Gửi từ"",""value"":""Nước ngoài""}]","Tên vải: Khác
Thành phần vải chính: Khác
Thành phần vải chính 2: Vải thun
Thương hiệu: Other
Số hàng hóa: Quần hoa
Phong cách: Quần thẳng
Loại quần: Loại thẳng
Chiều dài quần: Quần
Loại eo: Eo đàn hồi
Độ dày: Mỏng
Các yếu tố phổ biến: Túi
Năm / Mùa niêm yết: Mùa hè 2024
Màu: Mơ, Xám, Quần short
Kích thước: S, M, L, XL, XXL
Loại phong cách: Tươi và ngọt ngào
Nội dung thành phần vải chính: 95% trở lên
Phong cách: Phong cách ngọt ngào: Phong cách ngọt ngào
Độ đàn hồi: Vi nhựa
Cho dù cung cấp xuyên biên giới: Không
Thành phần vải chính 2 Nội dung: Dưới 30%
Quy trình: Xử lý không sắt",4.43,462,100,0.96 hours,Tue Mar 12 2024 09:06:54 GMT+0000 (Coordinated Universal Time),1040,"[{""name"":""Màu sắc"",""variations"":[""Quả mơ"",""Màu xám"",""Quần short""]},{""name"":""Kích thước"",""variations"":[""S"",""M"",""L"",""XL"",""XXL""]}]",https://shopee.vn,,100017,false,,"[{""name"":""model"",""value"":""Màu xám,S""}]",0,https://shopee.vn/Qu%E1%BA%A7n-d%C3%A0i-cat.11035639.11035648.11035650,"[{""claimable"":false,""currency"":""VND"",""discount"":null,""discount_cap"":1500000000,""discount_percentage"":15,""min_spend"":9900000000,""shop_vouncher"":""Một cửa hàng đơn giản"",""special_condition"":null,""text_info"":""SVSEP1322"",""validity_end"":""2024-09-30T16:59:00.000Z"",""validity_start"":""2024-08-31T17:00:00.000Z""}]",,,null
https://shopee.vn/B%C3%BAt-m%E1%BB%B1c-n%C6%B0%E1%BB%9Bc-b%C3%BAt-bi-v%C4%83n-ph%C3%B2ng-ng%C3%B2i-vi%E1%BA%BFt-0.5mm-%C4%91%E1%BB%81u-n%C3%A9t-ch%E1%BB%AF-%C4%91%E1%BB%A7-m%C3%A0u-NAMSHOP-i.713614081.25313455175?model_id=255333771842,25313455175,Bút mực nước-bút bi văn phòng ngòi viết 0.5mm đều nét chữ đủ màu NAMSHOP,0,4.8,0,1000,1000,VND,,0,"[""https://down-vn.img.susercontent.com/file/vn-11134207-7r98o-lryp13mzbvrt2e_tn"",""https://down-vn.img.susercontent.com/file/vn-11134201-7r98o-lrpjfpziz1p16a_tn"",""https://down-vn.img.susercontent.com/file/vn-11134207-7r98o-lryp13mzrc1w6d_tn"",""https://down-vn.img.susercontent.com/file/vn-11134207-7r98o-lryp13n0m8jodc_tn"",""https://down-vn.img.susercontent.com/file/vn-11134207-7r98o-lryp13mzbvt001_tn"",""https://down-vn.img.susercontent.com/file/vn-11134207-7r98o-lryp13n06sas24_tn"",""https://down-vn.img.susercontent.com/file/vn-11134207-7r98o-lvosvuhryfvea3_tn"",""https://down-vn.img.susercontent.com/file/vn-11134207-7r98o-lvosvuhriz5l78_tn"",""https://down-vn.img.susercontent.com/file/vn-11134207-7r98o-lvosvuhrizmi2b_tn""]",null,Han███.,https://shopee.vn/hanii011120,"[""Văn Phòng Phẩm"",""Bút Các Loại"",""Bút & Mực""]","[{""name"":""Kho"",""value"":""192315""},{""name"":""Loại bút"",""value"":""Bút nước""},{""name"":""Loại mực"",""value"":""Mực màu nước""},{""name"":""Nét bút"",""value"":""0.38mm""},{""name"":""Loại bảo hành"",""value"":""Không bảo hành""},{""name"":""Tên tổ chức chịu trách nhiệm sản xuất"",""value"":""Đang cập nhật""},{""name"":""Địa chỉ tổ chức chịu trách nhiệm sản xuất"",""value"":""Đang cập nhật""},{""name"":""Gửi từ"",""value"":""Hà Nội""}]","
-------------------
THÔNG TIN SẢN PHẨM
- Tên sản phẩm: Bút mực nước ngòi viết 0.5mm
- Kích thước: Dài 17cm
- Chất liệu: Nhựa
- Nét to 0.5mm
- Màu sắc: Giao ngẫu nhiên

ĐẶC ĐIỂM NỔI BẬT
- Thiết kế ngòi bút 0,5mm
- Thân bút vừa vặn
- Mực ra đều và liên tục
- Bút bi dạng gel nước viết cực trơn
- Bút nước mini luôn là bạn đồng hành cho mọi người
- Bút viết không lem mực mực ra đều

THÔNG TIN HÀNG HÓA
- Xuất Sứ : Sản Xuất Tại Trung Quốc

- Cảnh Báo : Tránh xa tầm tay trẻ em,
------------------------
☼ Tất cả các sản phẩm tại cửa hàng đều có sẵn nên việc giao hàng cho đơn vị vận chuyển sẽ rất nhanh. Tuy nhiên, thời điểm nhận hàng còn phụ thuộc vào tốc độ giao hàng của đvvc nữa nên mong quý khách thông cảm nếu nhận được đơn hàng muộn hơn dự kiến !
☼ Chúng tôi sẽ kiểm tra cẩn thận sản phẩm trước khi gửi đi, nếu sản phẩm bị hư hỏng vì bất kỳ lý do gì, xin vui lòng liên hệ với chúng tôi kịp thời, chúng tôi chắc chắn sẽ giải quyết vấn đề của bạn nhanh nhất có thể. 
☼ Khi đặt hàng quý khách vui lòng kiểm tra đầy đủ thông tin người nhận (số điện thoại, địa chỉ,…) để tránh sai sót trong quá trình giao nhận ạ. 
☼ Nếu hài lòng với sản phẩm, hãy “tặng” cho shop đánh giá 5 sao để shop được phục vụ quý khách tốt hơn trong những lần tiếp theo nhé.
 #but #bi #muc #butbi #butbimuc #butmuc #vanphongpham #do #xanh #den #butbixanh #butbiden #butbido #butxanh #butdo #butdenii",4.82,488,100,0.86 hours,Fri Mar 11 2022 08:54:39 GMT+0000 (Coordinated Universal Time),2682,"[{""name"":""Bút"",""variations"":[""Đen"",""Xanh"",""Đỏ""]}]",https://shopee.vn,,100638,false,,"[{""name"":""model"",""value"":""Đen""}]",0,https://shopee.vn/Vi%E1%BA%BFt-M%C3%A1y-M%E1%BB%B1c-cat.11036863.11108584.11108585,"[{""claimable"":false,""currency"":""VND"",""discount"":1000,""discount_cap"":0,""discount_percentage"":0,""min_spend"":100000000,""shop_vouncher"":""Hannii."",""special_condition"":null,""text_info"":""HANIPXTZG"",""validity_end"":""2024-11-09T08:03:00.000Z"",""validity_start"":""2024-08-29T14:09:00.000Z""}]",,,null
https://shopee.co.id/sanggul-anak-krucut--20-i.177487739.26610161576,26610161576,sanggul anak krucut  20,0,0,0,20000,20000,IDR,,0,"[""https://down-id.img.susercontent.com/file/id-11134207-7r98w-lzra455tzh65c7_tn""]",null,keb███mur███0rb███,https://shopee.co.id/s.eyelases,"[""Aksesoris Fashion"",""Aksesoris Rambut"",""Aksesoris Rambut Lainnya""]","[{""name"":""Stok"",""value"":""100""},{""name"":""Merek"",""value"":""-""},{""name"":""Dikirim Dari"",""value"":""KOTA JAKARTA TIMUR""}]",untuk anak dan tari anak anak tk sd smp,5,83,50,0.03 hours,Sun Sep 08 2019 18:45:32 GMT+0000 (Coordinated Universal Time),2074,"[{""variations"":[null]}]",https://shopee.co.id,,100009,false,,"[{""name"":""model"",""value"":null}]",0,https://shopee.co.id/Aksesoris-Rambut-Lainnya-cat.11042921.11042930.11042936,null,,,null
https://shopee.sg/Women-Cheongsam-Dress-%E6%96%B0%E5%B9%B4%E6%97%97%E8%A2%8D-Chinese-New-year-Clothes-Cny-clothes-qipao---new-Chinese-style-Daily-Blue-advanced-sense-improved-national-style-Cheongsam-summer-2024-young-girls-small-fresh-young-style-i.873123696.20886023915?model_id=29748109100,20886023915,Women Cheongsam Dress 新年旗袍 Chinese New year Clothes Cny clothes qipao   new Chinese style Daily Blue advanced sense improved national style Cheongsam summer 2024 young girls small fresh young style,0,4.9,0,3.525000000000000e+01,1.939000000000000e+01,SGD,,0,"[""https://down-sg.img.susercontent.com/file/sg-11134201-7rblm-lmhp9d9qunuzbc_tn"",""https://down-sg.img.susercontent.com/file/sg-11134201-7rbke-lmhp9e7lfprt5b_tn"",""https://down-sg.img.susercontent.com/file/sg-11134201-7rbly-lnn48fnu92x1ad_tn"",""https://down-sg.img.susercontent.com/file/sg-11134201-7rblc-lmhp9gkhzh3ub9_tn"",""https://down-sg.img.susercontent.com/file/sg-11134201-7rbnd-lmhp9f2e6nc962_tn"",""https://down-sg.img.susercontent.com/file/sg-11134201-7rblm-lmhp9d9qunuzbc_tn"",""https://down-sg.img.susercontent.com/file/sg-11134201-7rbnd-lmhp9f2e6nc962_tn"",""https://down-sg.img.susercontent.com/file/sg-11134201-7rbmc-lmhp9fuf1n4q5b_tn"",""https://down-sg.img.susercontent.com/file/sg-11134201-7rbnd-lmhp9f2e6nc962_tn""]",null,Ann███s F███ion███,https://shopee.sg/dobuy.sg,"[""Women Clothes"",""Traditional Wear"",""Dresses""]","[{""name"":""Stock"",""value"":""50083""},{""name"":""Ships From"",""value"":""Mainland China""}]","Fabric Name: Polyester
Cheongsam Length: Long Cheongsam
Color: White Blue Flower
Size: S, M, L, XL, XXL
Style: Chinese Style
",4.53,892,100,4.07 hours,Wed Sep 28 2022 12:21:59 GMT+0000 (Coordinated Universal Time),1210,"[{""name"":""Color"",""variations"":[""White Blue Flower""]},{""name"":""Size"",""variations"":[""S"",""M"",""L"",""XL"",""XXL""]}]",https://shopee.sg,,100017,false,,"[{""name"":""model"",""value"":""White Blue Flower,XXL""}]",0,https://shopee.sg/Cheongsam-cat.11012819.11012959.11012961,null,,,null
https://shopee.co.th/%F0%9F%8D%91Mookrinstyle%F0%9F%8D%91%E0%B8%81%E0%B8%A3%E0%B8%B0%E0%B9%82%E0%B8%9B%E0%B8%A3%E0%B8%87%E0%B8%AA%E0%B8%B5%E0%B8%9E%E0%B8%B7%E0%B9%89%E0%B8%99-%E0%B9%83%E0%B8%AA%E0%B9%88%E0%B9%84%E0%B8%9B%E0%B8%97%E0%B8%B0%E0%B9%80%E0%B8%A5-%E0%B9%84%E0%B8%9B%E0%B9%80%E0%B8%97%E0%B8%B5%E0%B9%88%E0%B8%A2%E0%B8%A7-%E0%B8%84%E0%B8%B2%E0%B9%80%E0%B8%9F%E0%B9%88-%E0%B9%82%E0%B8%97%E0%B8%99%E0%B8%A1%E0%B8%B4%E0%B8%99%E0%B8%B4%E0%B8%A1%E0%B8%AD%E0%B8%A5%E0%B8%99%E0%B9%88%E0%B8%B2%E0%B8%A3%E0%B8%B1%E0%B8%81%E0%B8%A1%E0%B8%B2%E0%B8%81-%E0%B9%80%E0%B8%AD%E0%B8%A7%E0%B8%A2%E0%B8%B2%E0%B8%87%E0%B8%A2%E0%B8%B7%E0%B8%94%E0%B9%83%E0%B8%AA%E0%B9%88%E0%B8%AA%E0%B8%9A%E0%B8%B2%E0%B8%A2-i.308220841.23682696913?model_id=255702544050,23682696913,🍑Mookrinstyle🍑กระโปรงสีพื้น ใส่ไปทะเล ไปเที่ยว คาเฟ่ โทนมินิมอลน่ารักมาก เอวยางยืดใส่สบาย,0,4.9,0,179,179,THB,,0,"[""https://down-th.img.susercontent.com/file/th-11134207-7r98t-lwbew77e4m2880_tn"",""https://down-th.img.susercontent.com/file/th-11134207-7r990-lofavfxplplraf_tn"",""https://down-th.img.susercontent.com/file/th-11134207-7r98x-lrqsyc8uawfx8c_tn"",""https://down-th.img.susercontent.com/file/th-11134207-7r98z-lrptyvfeo3b17f_tn"",""https://down-th.img.susercontent.com/file/th-11134207-7r98s-lrqsxvttwb5a6b_tn"",""https://down-th.img.susercontent.com/file/th-11134207-7r98p-lrqryhiequ7iea_tn"",""https://down-th.img.susercontent.com/file/th-11134207-7r98q-lqw6q9t2z9h91e_tn"",""https://down-th.img.susercontent.com/file/th-11134207-7r98o-ls5ilhwoqtta7a_tn"",""https://down-th.img.susercontent.com/file/th-11134207-7r991-lofbgke0xf38de_tn""]",null,Moo███nst███ st██████,https://shopee.co.th/mookrinstyle,"[""เสื้อผ้าผู้หญิง"",""กระโปรง""]","[{""name"":""คลัง"",""value"":""168054""},{""name"":""สไตล์เสื้อผ้า"",""value"":""โบฮีเมี่ยน, ย้อนยุค, วินเทจ""},{""name"":""ความสูงเอว"",""value"":""เอวสูง""},{""name"":""ความยาวของกางเกง"",""value"":""อื่่นๆ""},{""name"":""โอกาส"",""value"":""อื่นๆ""},{""name"":""ขนาดใหญ่"",""value"":""ใช่""},{""name"":""เล็กกระทัดรัด"",""value"":""ไม่""},{""name"":""ประเทศต้นกำเนิดสินค้า"",""value"":""ไทย""},{""name"":""ลวดลาย"",""value"":""ปาเต๊ะ""},{""name"":""รูปแบบของเดรส/กระโปรง"",""value"":""ทรงพลีส""},{""name"":""ความยาวขอเดรสหรือกระโปรง"",""value"":""ยาวมาก""},{""name"":""ฤดูกาล"",""value"":""ทุกฤดูกาล""},{""name"":""วัสดุ"",""value"":""Italy fabric""},{""name"":""ส่งจาก"",""value"":""จังหวัดระยอง""}]","mookrinstyle กระโปรงยาวสีพื้น 
งานสวย ใส่ได้ทุกโอกาส สามารถจับขึ้นมาแมทซ์
กับชุดได้หลายแบบค่ะ เรียกได้ว่า ซื้อแล้วคุ้ม 
เพราะ กระโปรงจับใส่กับเสื้อตัว ชุดไหนก็สวย 

เนื้อผ้าที่ร้าน มี 3 แบบนะคะ 

•เนื้อผ้า Italy เนื้อลื่น พริ้วเย็น ใส่สบาย 
ผ้าทิ้งตัว ไม่รีดก็สวย การันตรีจากรีวิว 💝
สไตล์สาวเกาหลี ใส่แมทซ์ได้หลายแบบ
เอวยางยืด 24-44 สะโพกฟรี มีซับใน
มี 2 ความยาว 31-32/38-39 

•เนื้อผ้า คัตตอน ผ้าออกแนวผ้าดิบ วินเทจ
สายมินิมอล วินเทจ แนะนำรุ่นนี้ 
เอวยางยืด 23-42 สพฟรี มีซับใน 
มี 2 ความยาว 30-31/37-38 

•เนื้อผ้า คลัช ผ้าอัดกลีบเบาๆ ไม่หนา 
ผ้าเบาสบาย ใส่ชิวๆได้ ราคาน่ารัก 
งานผ้าคลัช “ ไม่มีซับในนะคะ”
เอวยางยืด 23-40 สพ-44 
ความยาวรุ่นนี้อยู่ที่ 35-36 
💜ผ้าคลัชมีแบบเยอะค่ะ น่ารักทั้งนั้น


ชอบผ้าไหน ความยาวเท่าไร เลือกตามที่ชอบได้เลยนะคะ
จะมีรายละเอียดเพิ่มเติมอยู่ที่ตัวรูปสินค้าค่ะ 💕




",4.72,581,92,3.30 hours,Thu Sep 10 2020 16:28:51 GMT+0000 (Coordinated Universal Time),114455,"[{""name"":""สี"",""variations"":[""Italy ขาว 37-38"",""Italy ดำ 37-38"",""Italy ขาว 31-32"",""Italy ดำ 31-32"",""Italy น้ำตาล 38-39"",""Italy น้ำตาล 31-32"",""Italy ชมพูกะปิ 38-39"",""Italy ชมพูกะปิ 31-32"",""คัตตอน 30-31 - ขาว"",""คัตตอน 30-31 - ครีม"",""ผ้าคลัช 36 : ขาว"",""คัตตอน : ขาว 37-38"",""ผ้าคลัช 36 : ดำ"",""Italyครีม-38"",""Italyครีม-32"",""คัตตอน 38 : ครีม"",""ผ้าคลัช โบว์ - ขาว"",""ผ้าคลัช โบว์ - ดำ"",""คลัช - โบว์ -ชมพู"",""คลัช-ขนมชั้น-ขาว"",""คลัช-2ใส-ขาว""]}]",https://shopee.co.th,,100017,false,,"[{""name"":""model"",""value"":""ผ้าคลัช โบว์ - ขาว""}]",0,https://shopee.co.th/%E0%B8%81%E0%B8%A3%E0%B8%B0%E0%B9%82%E0%B8%9B%E0%B8%A3%E0%B8%87%E0%B8%AA%E0%B8%B2%E0%B8%A7%E0%B8%AD%E0%B8%A7%E0%B8%9A-cat.11044944.11045056.11046358,null,,,null
https://shopee.cl/ColourPop-Hot-L%C3%A1piz-Labial-L%C3%ADquido-Ultra-Mate-Todos-Los-Tonos-Colores-Pop-37-i.1009767574.24069087515?model_id=108314811348,24069087515,ColourPop Hot Lápiz Labial Líquido Ultra Mate Todos Los Tonos Colores Pop 37,0,0,0,4894,4894,CLP,0,0,"[""https://down-cl.img.susercontent.com/file/sg-11134202-7rcdb-lsvck5t9sq5v71_tn"",""https://down-cl.img.susercontent.com/file/sg-11134202-7rccz-ls44qk62zbtk51_tn"",""https://down-cl.img.susercontent.com/file/sg-11134202-7rcez-ls44ql5bjrmvb7_tn"",""https://down-cl.img.susercontent.com/file/sg-11134202-7rccd-ls44qj10nf36e6_tn"",""https://down-cl.img.susercontent.com/file/sg-11134202-7rcdu-ls44qjpfnpg629_tn"",""https://down-cl.img.susercontent.com/file/sg-11134202-7rcdp-ls44qloqrcg37b_tn""]",null,JJf███ion███,https://shopee.cl/jjfashion.cl,"[""Belleza"",""Maquillaje"",""Labios"",""Labiales""]","[{""name"":""Vida Útil"",""value"":""24 Meses""},{""name"":""Formulación"",""value"":""Otros""}]","💪 Gracias por elegir calidad y valor. Jjfashion.cl

Hot ColorPop Ultra Matte Lip Liquid Lipstick Todas las sombras Color Pop 37 Colores

Reflejos:
Educativo y atractivo
Diseño realista
Juego interactivo
Material duradero
Conjunto completo


Descripción:
Caracteristicas:
Colorpop Ultra Labio Mate

Tamaño completo / Peso neto. 3,2 g/0,1128 onzas
Color: 12 colores 
Esta fórmula delgada y liviana se desliza sobre los labios con suavidad y deja el color intenso del pigmento SUPER con un aspecto audaz y ultra mate. 
¡Es Muy largo y completamente a prueba de besos!
 
Consejos de aplicación:
Paso 1. ¡Asegúrate De que tus labios estén descalzos y secos!
Paso 2: Aplicar el lápiz de labios a juego para una aplicación precisa y perfecta.
Paso 3: aplique el labio Ultra mate con el aplicador o su pincel de labios favorito.

El paquete incluye:
1x pintalabios labial Ultra mate ColorPop

Nota:
¡Para Un acabado más suave, siempre exfolia tus labios primero!
¡Se Sugiere almacenar estos bebés en posición vertical y sacudirlos antes de la aplicación!

 💪 Gracias por elegir calidad y valor. Jjfashion.cl

",4.5,1742,57,,Wed May 31 2023 10:10:26 GMT+0000 (Coordinated Universal Time),9,"[{""name"":""Color"",""variations"":[""PACIFIC"",""LIMBO"",""1st Base"",""PLATFORM"",""AVENUE"",""BUDS"",""TRAP"",""MARS"",""HIGHBALL"",""SUCCULENT"",""SOLOW"",""KOALA"",""TULLE"",""CLUELESS"",""LAX"",""DONUT"",""SUNDAE"",""ZIPPER"",""CREEPER"",""LUMIERE2""]}]",https://shopee.cl,,100630,false,,"[{""name"":""model"",""value"":""SUNDAE""}]",0,https://shopee.cl/Labios-cat.11070433.11070469.11070769,"[{""claimable"":false,""currency"":""CLP"",""discount"":100,""discount_cap"":0,""discount_percentage"":0,""min_spend"":200000000,""shop_vouncher"":""JJfashion.cl"",""special_condition"":null,""text_info"":""JJFAD"",""validity_end"":""2024-11-01T09:41:00.000Z"",""validity_start"":""2024-08-01T08:41:00.000Z""},{""claimable"":false,""currency"":""CLP"",""discount"":80,""discount_cap"":0,""discount_percentage"":0,""min_spend"":8100000,""shop_vouncher"":""JJfashion.cl"",""special_condition"":null,""text_info"":""JJFA94D61"",""validity_end"":""2024-10-06T01:11:01.000Z"",""validity_start"":""2024-07-18T01:41:01.000Z""},{""claimable"":false,""currency"":""CLP"",""discount"":50,""discount_cap"":0,""discount_percentage"":0,""min_spend"":5100000,""shop_vouncher"":""JJfashion.cl"",""special_condition"":null,""text_info"":""JJFAQQQQQ"",""validity_end"":""2024-11-01T09:40:00.000Z"",""validity_start"":""2024-08-01T08:40:00.000Z""},{""claimable"":false,""currency"":""CLP"",""discount"":300,""discount_cap"":0,""discount_percentage"":0,""min_spend"":500000000,""shop_vouncher"":""JJfashion.cl"",""special_condition"":null,""text_info"":""JJFAOOOOO"",""validity_end"":""2024-11-01T09:42:00.000Z"",""validity_start"":""2024-08-01T08:42:00.000Z""}]",,,null
"https://shopee.vn/T%E1%BB%A7-l%E1%BA%A1nh-mini-,-t%E1%BB%A7-l%E1%BA%A1nh-mini-c%C3%B3-ng%C4%83n-%C4%91%C3%A1-,-dung-t%C3%ADch-mini-80-l%C3%ADt-ti%E1%BA%BFt-ki%E1%BB%87m-%C4%91i%E1%BB%87n,-t%E1%BB%A7-l%E1%BA%A1nh-m%E1%BB%9Bi-ch%C3%ADnh-h%C3%A3ng-b%E1%BA%A3o-h%C3%A0nh-12-th%C3%A1ng-i.42270126.22873452722",22873452722,"Tủ lạnh mini , tủ lạnh mini có ngăn đá , dung tích mini 80 lít tiết kiệm điện, tủ lạnh mới chính hãng bảo hành 12 tháng",0,4.7,0,2400000,2400000,VND,0,0,"[""https://down-vn.img.susercontent.com/file/vn-11134207-7r98o-ls9qturcjpokb5_tn"",""https://down-vn.img.susercontent.com/file/vn-11134207-7r98o-lp0ysphn5qhn46_tn"",""https://down-vn.img.susercontent.com/file/vn-11134207-7r98o-lmlljn7c13vjed_tn"",""https://down-vn.img.susercontent.com/file/vn-11134207-7r98o-ln1q3ojzrhlk38_tn"",""https://down-vn.img.susercontent.com/file/vn-11134207-7r98o-ls9qturcl4909d_tn"",""https://down-vn.img.susercontent.com/file/vn-11134207-7r98o-lmobpm0av17j35_tn"",""https://down-vn.img.susercontent.com/file/vn-11134207-7r98o-lmllqvqqrhend4_tn""]",null,Điệ███áy ███ng █████████,https://shopee.vn/a.shopvn,"[""Thiết Bị Điện Gia Dụng"",""Đồ gia dụng nhà bếp"",""Tủ lạnh""]","[{""name"":""Xuất xứ"",""value"":""Trung Quốc""},{""name"":""Loại bảo hành"",""value"":""Bảo hành nhà sản xuất""},{""name"":""Loại tủ lạnh"",""value"":""Hai cửa""},{""name"":""Kích thước (dài x rộng x cao)"",""value"":""38,4cmX41,5cmX77,8cm""},{""name"":""Trọng lượng"",""value"":""13kg""},{""name"":""Điện áp đầu vào"",""value"":""220V""},{""name"":""Tiêu thụ điện năng"",""value"":""0.29W""},{""name"":""Gửi từ"",""value"":""Hà Nội""}]","Tủ lạnh mini , tủ lạnh mini có ngăn đá , dung tích mini 80 lít tiết kiệm điện, tủ lạnh mới chính hãng bảo hành 12 tháng
HÀNG MỚI ,NHẬP KHẨU TRỰC TIẾP TỪ HÃNG
LIÊN HỆ - za.lo : 0817963868  free.ship khu vực hà nội, hỗ trợ gửi hàng đi tỉnh...
Thông Tin Sản Phẩm :
NHƯ 1 CHIẾC TỦ LẠNH BÌNH THƯỜNG Ở PHIÊN BẢN NHỎ HƠN
* TÍNH NĂNG NỔI BẬT:
• Công nghệ mới gas lạnh R600 siêu tiết kiệm điện (chỉ khoảng 1500-3000đ/ngày)
• Thiết kế thông minh mang lại độ bền cao cho tủ (Lớp bảo vệ dàn lạnh không bị đục làm lủng, bể. Tấm chống côn trùng bảo vệ máy nén )
• Tủ lạnh mini 2 cửa làm lạnh nhanh, tiện dụng và tiết kiệm điện khi sử dụng
• Tươi Ngon Hoàn Hảo : NGĂN ĐÔNG ĐÁ ( trữ sữa mẹ, thực phẩm ....)
- Ngăn mát : trữ nước , rau.... tươi ngon....
• Tiết Kiệm Điện Năng: Trung bình chỉ tiêu tốn từ 1500đ - 2000đ / ngày, phù hợp cho học sinh, sinh viên, gia đình nhỏ sử dụng
• Giữ Không Khí Trong Lành Với Bộ Lọc Than Hoạt Tính
• Không Gian Lưu Trữ Rộng Hơn Ngăn Đông, Ngăn Đông Mềm, Ngăn Rau Củ Dung Tích Lớn
⭐ MÔ TẢ SẢN PHẨM :
 - Có hai ngăn: ngăn làm mát và ngăn tủ đông.
 - Thể Tích: Ngăn mát 44l , ngăn đông 23l
 - Màu trắng bạc sang trọng.
 - Mức tiêu thụ điện: 0.29kW/24h ( chưa hết đến nửa số điện )
- Kích thước đóng kiện hàng : 44cm x 44cm x 82cm
Tiết Kiệm Điện Năng, Hoạt Động Bền Bỉ Công Nghệ Digital Inverter
Máy nén biến tần kỹ thuật số Digital Inverter vận hành tự động điều chỉnh  độ theo nhu cầu làm lạnh. Tiết kiệm điện năng, giảm thiểu tiếng ồn và giảm hao mòn động cơ giúp kéo dài tuổi thọ
- Giữ Không Khí Trong Lành Bộ Lọc Than Hoạt Tính
Than hoạt tính giúp tinh lọc không khí bên trong, loại bỏ mùi hôi khó chịu và giữ lại lớp không khí trong lành, tươi mát cho thức ăn luôn tươi ngon, trọn vị
- Không Gian Lưu Trữ Rộng Hơn Ngăn Đông, Ngăn Đông Mềm, Ngăn Rau Củ Dung Tích Lớn
 có thể chứa lượng thực phẩm dùng trong 3 - 5 ngày. Ngăn đông và ngăn rau củ dung tích lớn giúp tận hưởng không gian lưu trữ rộng hơn cho thực phẩm tươi ngon
- Công Nghệ Làm Lạnh Vòm Làm Lạnh Nhanh, Nhiệt Độ Đồng Đều
Công nghệ làm lạnh vòm giúp duy trì nhiệt độ và độ ẩm luôn ổn định. Không khí lạnh lan tỏa đều khắp tủ, giúp thực phẩm tươi ngon trong thời gian lâu hơn. 
 - Siêu tiết kiệm điện, dễ dàng di chuyển.
 - Vừa có thể dùng để trang trí nhà cửa.
 - KHÔNG GÂY TIẾNG ỒN 
 - Máy LÀM LẠNH NHANH, có thể tự điều chỉnh nhiệt độ.
ĐÓNG GÓI: hãng đã đóng nguyên đai nguyên đai nguyên kiện + lớp chống sốc a.shopvn quấn thêm bên ngoài 
BẢO HÀNH: -Áp dụng cho trường hợp lỗi phát sinh do NSX/nhà bán lẻ (sản phẩm không thể sử dụng)
- Sản phẩm đổi trả phải giữ nguyên 100% hình dạng ban đầu (không bị trầy xước, bể, vỡ, móp méo) và đủ điều kiện bảo hành của hãng
- Có Hóa đơn/ Biên nhận mua hàng
- Không áp dụng trong trường hợp lỗi do người sử dụng.
#tulanhmini#tulanh#tulanhminichosinhvien#tulanhminigiadinhnhor#tulanhmini80lit#tulanhtietkiemdien",4.77,23,89,0.46 hours,Wed Nov 08 2017 17:09:12 GMT+0000 (Coordinated Universal Time),7618,"[{""variations"":[null]}]",https://shopee.vn,,100010,false,,"[{""name"":""model"",""value"":null}]",0,https://shopee.vn/T%E1%BB%A7-l%E1%BA%A1nh-cat.11036971.11036990.11036993,null,,,null
https://shopee.sg/Weight-Loss-Clean-Fat-Burning-28-Days-Weight-Loss-Fat-Reduction-Set-Weight-Loss-Tea-Teatox-i.567560532.13233552283?model_id=113292314455,13233552283,Weight Loss Clean Fat Burning 28 Days Weight Loss Fat Reduction Set Weight Loss Tea Teatox,0,4.7,0,2.730000000000000e+00,2.320000000000000e+00,SGD,,0,"[""https://down-sg.img.susercontent.com/file/7c5429454eefaabff1b3f91c42a271a7_tn"",""https://down-sg.img.susercontent.com/file/b4e4b5822194f01c70c09efbab00f3bf_tn"",""https://down-sg.img.susercontent.com/file/969ffb559de64407110a5571cdde391b_tn"",""https://down-sg.img.susercontent.com/file/7e520ac33e3c9f4ac8d3073d81db8277_tn"",""https://down-sg.img.susercontent.com/file/541622a19a53816b189ee9f415bffcab_tn"",""https://down-sg.img.susercontent.com/file/816391a08f7eb35ef380e312861e1a73_tn"",""https://down-sg.img.susercontent.com/file/feb996ad13a64fb6574fe6324e9adc23_tn""]",null,yzx███852███,https://shopee.sg/yzx789852.sg,"[""Health"",""Food Supplement"",""Weight Management""]","[{""name"":""Stock"",""value"":""1806""},{""name"":""Gender"",""value"":""Unisex""},{""name"":""Weight Management Supplement Functions"",""value"":""Appetite Suppressants, Detox, Fat Blocker, Fat Burner, Slimming""},{""name"":""Country of Origin"",""value"":""China""},{""name"":""Specialty Diet"",""value"":""Gluten Free, Sugar Free, Vegan, GMO Free""},{""name"":""Weight"",""value"":""30g""},{""name"":""Pack Type"",""value"":""Value Size""},{""name"":""Shelf Life"",""value"":""24 Months""},{""name"":""Expiry Date"",""value"":""20-10-2023""},{""name"":""Ships From"",""value"":""Mainland China""}]","﹋﹊﹋﹊ 💕💕  Welcome to Manana 💕💕﹋﹊﹋﹊
▶ ▶  Please enjoy the extra discount with us! I hope you can enjoy your shopping trip.
🌼 Product features:
✅ Take natural and healthy green food as raw material, grind healthy food materials, and take you to enjoy the beauty brought by a cup of tea;
✅ This product helps the body by promoting metabolism, promoting proper digestion and helping to optimize the digestive tract
✅ The ingredients of this product are designed to stimulate the body's ability to deal with excess fat, stimulate blood circulation, and provide essential antioxidants, vitamins and minerals
✅ Detoxification purification and metabolism promoter - our 28 day detoxification helps your body purify toxins and waste; Improve metabolism and energy levels, help eliminate excess water, reduce stress, and taste excellent
✅ A better way to clean - our mixture does not include the natural laxative senna leaf. This product mildly detoxifies and supports positive bacteria in the intestine; Help the body achieve optimized and efficient metabolic processes
🌼 How to use:
▶ Put 1-2 tea bags in the cup.
▶ Pour in fresh boiled water and let the tea stand for 3-5 minutes.
▶ Drink 1-2 bags of tea twice a day, after meals in the morning or before going to bed at night.
Storage: store in a dry or cool place at room temperature
📌 When you get this product, you must confirm the production date. The shelf life of the product is 2 years
🌼 Packaging includes: 7day = 7pcs, 14day = 14pcs, 28day = 28pcs
1 bag (28 pieces) * slimming tea
📌 Friendly tips:
[size and number] please allow a difference of 1-5mm due to manual measurement.
[product picture] due to the color display of different monitors, the color of the picture may be slightly different from the actual product.
💡 common problem:
⭐ We deliver goods in Manila on the same day.
⭐ All our products will be carefully checked before delivery. Please feel free to buy.
﹊﹋﹊﹊﹋﹊﹋﹊﹋﹊ ✨✨﹊﹋﹊﹊﹋﹊﹋﹊﹋﹊
📌  If you have any questions, please ask the seller. 😉
📌  Your five-star comment is the best support for our store! ⭐⭐⭐⭐⭐
📌  Please give us a chance to solve any problem 👍
📌  More orders are always welcome 😊
📌  Finally, I wish you a happy shopping 💖",4.71,49,87,4.31 hours,Tue Oct 19 2021 05:56:25 GMT+0000 (Coordinated Universal Time),1695,"[{""name"":""zise"",""variations"":[""7day"",""14day"",""28day""]}]",https://shopee.sg,,100001,false,,"[{""name"":""model"",""value"":""7day""}]",0,https://shopee.sg/Fat-burners-cat.11012018.11012156.11012162,"[{""claimable"":false,""currency"":""SGD"",""discount"":null,""discount_cap"":150000,""discount_percentage"":15,""min_spend"":0,""shop_vouncher"":""yzx789852.sg"",""special_condition"":null,""text_info"":""YZX701"",""validity_end"":""2024-09-30T15:59:00.000Z"",""validity_start"":""2024-08-31T16:23:00.000Z""},{""claimable"":false,""currency"":""SGD"",""discount"":2,""discount_cap"":0,""discount_percentage"":0,""min_spend"":2000000,""shop_vouncher"":""yzx789852.sg"",""special_condition"":null,""text_info"":""YZX702"",""validity_end"":""2024-09-30T15:59:00.000Z"",""validity_start"":""2024-08-31T16:24:00.000Z""}]",,,null
https://shopee.co.th/Lenzing-Modal-%E0%B8%81%E0%B8%B2%E0%B8%87%E0%B9%80%E0%B8%81%E0%B8%87%E0%B8%8A%E0%B8%B1%E0%B9%89%E0%B8%99%E0%B9%83%E0%B8%99-%E0%B8%AA%E0%B9%8D%E0%B8%B2%E0%B8%AB%E0%B8%A3%E0%B8%B1%E0%B8%9A%E0%B8%AA%E0%B8%95%E0%B8%A3%E0%B8%B5%E0%B8%97%E0%B8%B5%E0%B9%88%E0%B8%95%E0%B8%B1%E0%B9%89%E0%B8%87%E0%B8%84%E0%B8%A3%E0%B8%A3%E0%B8%A0%E0%B9%8C-%E0%B9%84%E0%B8%A3%E0%B9%89%E0%B8%A3%E0%B8%AD%E0%B8%A2%E0%B8%95%E0%B9%88%E0%B8%AD-%E0%B9%80%E0%B8%81%E0%B8%A3%E0%B8%94-7A-%E0%B8%A3%E0%B8%B9%E0%B8%9B%E0%B8%95%E0%B8%B1%E0%B8%A7-V-%E0%B8%A2%E0%B8%81%E0%B8%81%E0%B8%A3%E0%B8%B0%E0%B8%8A%E0%B8%B1%E0%B8%9A%E0%B8%AB%E0%B8%99%E0%B9%89%E0%B8%B2%E0%B8%97%E0%B9%89%E0%B8%AD%E0%B8%87-%E0%B8%99%E0%B8%B8%E0%B9%88%E0%B8%A1%E0%B8%AA%E0%B8%9A%E0%B8%B2%E0%B8%A2-%E0%B9%80%E0%B8%AB%E0%B8%A1%E0%B8%B2%E0%B8%B0%E0%B8%81%E0%B8%B1%E0%B8%9A%E0%B8%81%E0%B8%B2%E0%B8%A3%E0%B8%95%E0%B8%B1%E0%B9%89%E0%B8%87%E0%B8%84%E0%B8%A3%E0%B8%A3%E0%B8%A0%E0%B9%8C-i.1218193119.24121032227?model_id=222634206203,24121032227,Lenzing Modal กางเกงชั้นใน สําหรับสตรีที่ตั้งครรภ์ ไร้รอยต่อ เกรด 7A รูปตัว V ยกกระชับหน้าท้อง นุ่มสบาย เหมาะกับการตั้งครรภ์,0,0,0,111,111,THB,,0,"[""https://down-th.img.susercontent.com/file/sg-11134201-7rcdx-ltcfgkd7pbnj7d_tn"",""https://down-th.img.susercontent.com/file/sg-11134201-7rccu-ltcfglvvhc2n8c_tn"",""https://down-th.img.susercontent.com/file/sg-11134201-7rcc5-ltcfgp8kkpqdff_tn"",""https://down-th.img.susercontent.com/file/sg-11134201-7rceh-ltcfgskzohhw5b_tn"",""https://down-th.img.susercontent.com/file/sg-11134201-7rcd6-ltcfgtynnt2287_tn"",""https://down-th.img.susercontent.com/file/sg-11134201-7rcc8-ltcfh2vylm0r70_tn"",""https://down-th.img.susercontent.com/file/sg-11134201-7rcef-ltcfh98vamrta0_tn"",""https://down-th.img.susercontent.com/file/sg-11134201-7rcdd-ltcfhhgn9sx08d_tn"",""https://down-th.img.susercontent.com/file/sg-11134201-7rccd-ltcfhpzssbxoa3_tn""]",null,yua███ala███6.t███,https://shopee.co.th/yuanjialan666.th,"[""เสื้อผ้าผู้หญิง"",""เสื้อผ้าคนท้อง"",""กางเกงคนท้อง""]","[{""name"":""คลัง"",""value"":""149380""},{""name"":""ประเทศต้นกำเนิดสินค้า"",""value"":""Shantou""},{""name"":""ลวดลาย"",""value"":""สีพื้น""},{""name"":""ฤดูกาล"",""value"":""Universal สําหรับทุกฤดูกาล""},{""name"":""ส่งจาก"",""value"":""ต่างประเทศ""}]","หมายเลขสินค้า: 6276 #
ยี่ห้อ: Xinyi Coco
รูปแบบการบรรจุ: ถุง
สถานที่กำเนิด: ซัวเถา
รูปแบบ: สีทึบ
ไม่ว่าจะนำเข้า: ไม่
หมวดหมู่ฝูงชนที่เกี่ยวข้อง: หญิงตั้งครรภ์
ประเภทเอว: เอวต่ำ
ไม่ว่าจะไร้รอยต่อ: ไม่
รองรับโรงหล่อหรือไม่: ไม่รองรับ
ส่วนประกอบผ้าหลัก: Modal
ส่วนประกอบของซับในเป้า: เส้นใยเหนียว
สี: สีเขียวมัทฉะ, สีขาวน้ำนม, สีม่วง, กาแฟอ่อน, ขมิ้น
ขนาด: M (แนะนำ90-110กก.),L (แนะนำ110-130กก.),XL (แนะนำ130-150กก.)
ไม่ว่าจะเป็นอุปทานเฉพาะ: ไม่
จำนวนผ้า: 80ชิ้น
ชื่อผ้า: Modal
เวลาออกสู่ตลาด: ฤดูร้อนปี2023
วิธีการทอ: ถัก
ฟังก์ชั่น: ไม่มีร่องรอย, ยกสะโพก, ระบายอากาศ, หน้าท้อง, สรีรวิทยา, ต้านเชื้อแบคทีเรีย, พยุงหน้าท้อง
ส่วนประกอบผ้าหลัก: 90% (รวม)-95% (ไม่รวม)
เหมาะสำหรับฤดูกาล: ใช้ได้ทุกฤดูกาล
เนื้อหาของวัสดุซับในเป้า: 30% (รวม)-50% (ไม่รวม)",4.5,51,57,,Tue Mar 26 2024 04:52:13 GMT+0000 (Coordinated Universal Time),4,"[{""name"":""สี"",""variations"":[""มัทฉะกรีน"",""มิลค์ไวท์"",""สีม่วง"",""กาแฟเนื้อเบา"",""ขมิ้นชัน""]},{""name"":""ขนาด"",""variations"":[""M (แนะนํา 90-110 Catties)"",""L (แนะนํา 110-130 Catties)"",""Xl (แนะนํา 130-150 Catties)""]}]",https://shopee.co.th,,100017,false,,"[{""name"":""model"",""value"":""สีม่วง,Xl (แนะนํา 130-150 Catties)""}]",0,https://shopee.co.th/%E0%B8%81%E0%B8%B2%E0%B8%87%E0%B9%80%E0%B8%81%E0%B8%87%E0%B9%83%E0%B8%99%E0%B8%84%E0%B8%99%E0%B8%97%E0%B9%89%E0%B8%AD%E0%B8%87-cat.11044960.11045228.11046176,null,,,null
https://shopee.tw/%E3%80%90%E5%A5%BD%E4%BE%86%E3%80%91ET5%E8%81%B2%E6%B3%A2%E9%9B%BB%E5%8B%95%E7%89%99%E5%88%B7(%E9%9D%92%E6%8F%90%E7%B6%A0/%E5%A5%B6%E6%B2%B9%E7%B2%89)-i.201407617.13291771904?model_id=172632154769,13291771904,【好來】ET5聲波電動牙刷(青提綠/奶油粉),0,5,0,2190,1119,TWD,,0,"[""https://down-tw.img.susercontent.com/file/tw-11134207-7r991-lzqeyxgzcw6s1d_tn"",""https://down-tw.img.susercontent.com/file/tw-11134207-7r991-ltkhco0fe5qza6_tn"",""https://down-tw.img.susercontent.com/file/48a8582c50beeb78bb91a96ce73944df_tn"",""https://down-tw.img.susercontent.com/file/855ac4046339b0fa7100284ea5b84f2a_tn"",""https://down-tw.img.susercontent.com/file/tw-11134207-7r98q-lnyjq2s7e3h93d_tn"",""https://down-tw.img.susercontent.com/file/tw-11134207-7r98y-lnyjq2s7fi1pc9_tn"",""https://down-tw.img.susercontent.com/file/tw-11134207-7r98x-lnyjq2s7ib6l33_tn"",""https://down-tw.img.susercontent.com/file/tw-11134207-7r992-lnyjq2s7jpr1ad_tn"",""https://down-tw.img.susercontent.com/file/tw-11134207-7r98p-lnyjq2s7l4bhf4_tn"",""https://down-tw.img.susercontent.com/file/tw-11134207-7r98y-lnyjq2s7mivx7f_tn"",""https://down-tw.img.susercontent.com/file/tw-11134207-7r98z-lnyjq2s7nxgda2_tn""]",null,好來品███旗艦店███原黑人███,https://shopee.tw/%E3%80%90%E5%A5%BD%E4%BE%86%E3%80%91ET5%E8%81%B2%E6%B3%A2%E9%9B%BB%E5%8B%95%E7%89%99%E5%88%B7(%E9%9D%92%E6%8F%90%E7%B6%A0/darlie_ec,"[""保健"",""個人照護"",""口腔照護"",""電動牙刷、配件""]","[{""name"":""限量活動價庫存"",""value"":""101""},{""name"":""其他庫存"",""value"":""71""},{""name"":""品牌"",""value"":""DARLIE 好來""},{""name"":""出貨地"",""value"":""臺北市松山區""}]","


✨ 200%潔淨力*：精工螺旋刷毛搭配42,000次/分鐘的高頻震動，製造微小氣泡深入牙縫清潔，在家就能享受彷彿洗牙般的潔淨感受
✨5大潔齒模式，滿足全方位刷牙需求
✨Type-C接頭，出外充電超方便
✨優秀續航力：充電4小時可使用長達30天**
✨IPX7級，全機防水
✨智慧計時功能，準確清潔：每30秒換位提醒，2分鐘自動關機
*經實驗驗證，與一款DARLIE普通炭黑磨尖絲牙刷相比，潔淨感提升200%。數據來自好來化工研究資料。
**按照每天使用2次，每次使用2分鐘的頻率計算，使用時間約為30天，實際使用時間因不同模式及使用習慣而有差異

品名: 【好來】ET5聲波電動牙刷
顏色: 青提綠、奶油粉
產地: 中國
規格: 一支
保存期限 : 無
保固期：1年保固期，一年內若商品有問題，保固將以換代修

【出貨提醒】
📌超商取貨請留意訂單總材積，超過限制將會聊聊請您取消訂單&重新下單，恕無法退回折價券以及賣場優惠價(依當下價格為主)
📌超商取貨材積限制：材積≦45x30x30cm，重量不得超過5kg
📌若超取門市關轉蝦皮系統會通知您修改門市、系統庫存異常客服人員將會聊聊通知您取消訂單或重新下單
📌宅配使用郵局，物流假日不配送
📌超商取貨訂單顯示［賣家將於確認訂單後出貨］表示已經進入出貨流程，後續超商物流會在刷取條碼以及配送至您選定指定門市。(超商包裹會直接出貨至超商物流中心，故系統不會顯示賣家到店寄送時間噢！)
📌貨源：官方授權公司貨

【退換貨須知】
📌包裹拆箱請全程錄影，如商品有短少的話，請以聊聊提供影片以及箱內出貨單號照片給客服人員，將會盡快為您處理
📌請於收到商品後七個工作天內提出退/換貨需求，並保持商品未拆封

【客服服務時間】
📌周一至周五 09:00-18:00
📌例假日與國定假日的聊聊訊息，將於服務時間依序回覆",4.97,148,100,4.00 hours,Wed Nov 20 2019 02:36:00 GMT+0000 (Coordinated Universal Time),135379,"[{""name"":""-"",""variations"":[""青提綠"",""奶油粉""]}]",https://shopee.tw,DARLIE 好來,100001,true,Wed Sep 04 2024 09:59:59 GMT+0000 (Coordinated Universal Time),"[{""name"":""model"",""value"":""奶油粉""}]",0,https://shopee.tw/%E9%9B%BB%E5%8B%95%E7%89%99%E5%88%B7-cat.11047569.11047616.11047622,"[{""claimable"":false,""currency"":""TWD"",""discount"":219,""discount_cap"":0,""discount_percentage"":0,""min_spend"":109900000,""shop_vouncher"":""好來品牌官方旗艦店 | 原黑人牙膏"",""special_condition"":null,""text_info"":""DARL09041"",""validity_end"":""2024-09-05T15:59:00.000Z"",""validity_start"":""2024-09-03T16:00:00.000Z""},{""claimable"":false,""currency"":""TWD"",""discount"":null,""discount_cap"":null,""discount_percentage"":null,""min_spend"":69900000,""shop_vouncher"":""好來品牌官方旗艦店 | 原黑人牙膏"",""special_condition"":null,""text_info"":""DARL09042"",""validity_end"":""2024-09-05T15:59:00.000Z"",""validity_start"":""2024-09-03T16:00:00.000Z""},{""claimable"":false,""currency"":""TWD"",""discount"":null,""discount_cap"":12000000,""discount_percentage"":12,""min_spend"":29900000,""shop_vouncher"":""好來品牌官方旗艦店 | 原黑人牙膏"",""special_condition"":null,""text_info"":""DARL09040"",""validity_end"":""2024-09-05T15:59:00.000Z"",""validity_start"":""2024-09-03T16:00:00.000Z""},{""claimable"":false,""currency"":""TWD"",""discount"":50,""discount_cap"":0,""discount_percentage"":0,""min_spend"":5100000,""shop_vouncher"":""好來品牌官方旗艦店 | 原黑人牙膏"",""special_condition"":null,""text_info"":""WLDXLMFVH"",""validity_end"":""2024-09-30T15:59:00.000Z"",""validity_start"":""2024-08-31T16:00:00.000Z""}]",,,null
https://shopee.co.id/Knit-Emira-Cardy-Premium-/-kardi-korea-top-i.421121286.20828111937?model_id=240716826416,20828111937,Knit Emira Cardy Premium / kardi korea top,0,4.5,0,84658,80425,IDR,,0,"[""https://down-id.img.susercontent.com/file/de5f316850d304d49f63dd03b3c67827_tn"",""https://down-id.img.susercontent.com/file/2d997f467ede7e23bc73ad06439fe78e_tn"",""https://down-id.img.susercontent.com/file/5e0eac127890b3585cd5979e6e477aea_tn""]",null,Rin███tor███,https://shopee.co.id/Knit-Emira-Cardy-Premium-/rini.store02,"[""Pakaian Wanita"",""Sweater & Cardigan""]","[{""name"":""Stok Diskon"",""value"":""150""},{""name"":""Stok Lain"",""value"":""422""},{""name"":""Merek"",""value"":""-""},{""name"":""Panjang Lengan"",""value"":""Lengan Panjang""},{""name"":""Gaya"",""value"":""Korean, Vintage""},{""name"":""Panjang Luaran"",""value"":""Sedang""},{""name"":""Bahan"",""value"":""Rajut, Premium""},{""name"":""Ukuran Jumbo"",""value"":""Tidak""},{""name"":""Kecil"",""value"":""Tidak""},{""name"":""Negara Asal"",""value"":""Indonesia""},{""name"":""Motif"",""value"":""Garis-garis""},{""name"":""Musim"",""value"":""Semua musim""},{""name"":""Dikirim Dari"",""value"":""KAB. BANDUNG""}]","Material Rajut
All Size Fit to L

Detail Size :
Panjang Tangan : 52 cm
Lingkar Tangan :  22 - 38cm
Panjang Baju : 50cm
Panjang Saku : 12 cm x 12 cm
Lingkar Dada : 90 cm - 104 cm
Terdapat 5 Kancing Jarak : 7 cm
Rib Tangan : 6 cm
Rib Baju Bagian Bawah 5 cm

",4.78,149,78,3.31 hours,Sun Apr 11 2021 07:10:35 GMT+0000 (Coordinated Universal Time),37819,"[{""name"":""Warna"",""variations"":[""KNIT emira bw"",""Knit emira hitam"",""Alpokat"",""Balon mocca"",""Balon magenta"",""Balon hitam"",""Balon bw"",""Knit emira bronze"",""Knot emira mocca""]}]",https://shopee.co.id,,100017,true,Wed Sep 04 2024 10:59:59 GMT+0000 (Coordinated Universal Time),"[{""name"":""model"",""value"":""Balon magenta""}]",0,https://shopee.co.id/Sweater-Cardigan-cat.11042745.11042787,"[{""claimable"":false,""currency"":""IDR"",""discount"":1200,""discount_cap"":0,""discount_percentage"":0,""min_spend"":17005000000,""shop_vouncher"":""Rini.store02"",""special_condition"":null,""text_info"":""RINIQWE"",""validity_end"":""2024-09-16T06:37:00.000Z"",""validity_start"":""2024-06-15T05:37:00.000Z""}]",,,null
https://shopee.tw/%E3%80%90%E5%A5%BD%E4%BE%86%E3%80%916-12%E6%AD%B2%E5%85%92%E7%AB%A5%E8%AD%B7%E9%BD%92%E7%89%99%E8%86%8F%E7%89%99%E5%88%B7%E6%97%85%E8%A1%8C%E5%A5%97%E8%A3%9D(1%E5%85%A5.2%E5%85%A5)-i.201407617.4208945901?model_id=71164857723,4208945901,【好來】6-12歲兒童護齒牙膏牙刷旅行套裝(1入.2入),0,5,0,139,139,TWD,,0,"[""https://down-tw.img.susercontent.com/file/tw-11134207-7r98t-ltkhco0fl6jz4c_tn"",""https://down-tw.img.susercontent.com/file/tw-11134207-7r98v-ltkhco0fjrzj19_tn"",""https://down-tw.img.susercontent.com/file/tw-11134207-7r98o-ltkhco0fml4fe7_tn"",""https://down-tw.img.susercontent.com/file/tw-11134207-7r98q-lxmb7d464d9s97_tn"",""https://down-tw.img.susercontent.com/file/tw-11134207-7r98u-lxmb7d462ypc10_tn"",""https://down-tw.img.susercontent.com/file/tw-11134207-7r98r-lxmb7d461kbqda_tn""]",null,好來品███旗艦店███原黑人███,https://shopee.tw/darlie_ec,"[""母嬰用品"",""嬰幼童保健相關"",""嬰幼童口腔護理用品""]","[{""name"":""商品數量"",""value"":""67""},{""name"":""品牌"",""value"":""DARLIE 好來""},{""name"":""出貨地"",""value"":""臺北市松山區""}]","





˙結合了好來Jolly Junior拉拉熊造型牙膏牙刷，放入拉拉熊立體造型透明盒，不僅方便外出攜帶，可以讓孩子用餐後清潔口腔，也兼顧可愛造型，讓拉拉熊隨時都陪伴孩子綻放建康笑容。

˙好來牙膏專為6-12歲學齡期兒童所推出的拉拉熊造型兒童牙膏，可愛的設計陪孩子們一起快樂刷牙
˙兒童喜歡的草莓口味，溫和不刺激，幫助孩子建立良好的刷牙習慣。
˙不含防腐劑、不添加糖精、含食品級原料，是父母挑選兒童牙膏時安心的好選擇。
˙好來Jolly Junior拉拉熊造型牙刷超纖細

軟毛潔淨每顆牙齒，並溫柔呵護琺瑯質與牙齦

品牌：DARLIE 好來
品名：6-12歲兒童護齒旅行組
規格：牙膏*1、牙刷*1
保存期限：3年

【出貨提醒】
📌超商取貨請留意訂單總材積，超過限制將會聊聊請您取消訂單&重新下單，恕無法退回折價券以及賣場優惠價(依當下價格為主)
📌超商取貨材積限制：材積≦45x30x30cm，重量不得超過5kg
📌若超取門市關轉蝦皮系統會通知您修改門市、系統庫存異常客服人員將會聊聊通知您取消訂單或重新下單
📌宅配使用郵局，物流假日不配送
📌超商取貨訂單顯示［賣家將於確認訂單後出貨］表示已經進入出貨流程，後續超商物流會在刷取條碼以及配送至您選定指定門市。(超商包裹會直接出貨至超商物流中心，故系統不會顯示賣家到店寄送時間噢！)
📌貨源：官方授權公司貨",4.97,148,100,4.00 hours,Wed Nov 20 2019 02:36:00 GMT+0000 (Coordinated Universal Time),135379,"[{""name"":""規格"",""variations"":[""1入"",""2入""]}]",https://shopee.tw,DARLIE 好來,100632,false,,"[{""name"":""model"",""value"":""1入""}]",0,https://shopee.tw/%E5%AD%A9%E7%AB%A5%E4%BF%9D%E5%81%A5%E9%A3%9F%E5%93%81-cat.11040542.11040570.11040576,"[{""claimable"":false,""currency"":""TWD"",""discount"":50,""discount_cap"":0,""discount_percentage"":0,""min_spend"":5100000,""shop_vouncher"":""好來品牌官方旗艦店 | 原黑人牙膏"",""special_condition"":null,""text_info"":""WLDXLMFVH"",""validity_end"":""2024-09-30T15:59:00.000Z"",""validity_start"":""2024-08-31T16:00:00.000Z""},{""claimable"":false,""currency"":""TWD"",""discount"":null,""discount_cap"":12000000,""discount_percentage"":12,""min_spend"":29900000,""shop_vouncher"":""好來品牌官方旗艦店 | 原黑人牙膏"",""special_condition"":null,""text_info"":""DARL09040"",""validity_end"":""2024-09-05T15:59:00.000Z"",""validity_start"":""2024-09-03T16:00:00.000Z""},{""claimable"":false,""currency"":""TWD"",""discount"":null,""discount_cap"":null,""discount_percentage"":null,""min_spend"":69900000,""shop_vouncher"":""好來品牌官方旗艦店 | 原黑人牙膏"",""special_condition"":null,""text_info"":""DARL09042"",""validity_end"":""2024-09-05T15:59:00.000Z"",""validity_start"":""2024-09-03T16:00:00.000Z""},{""claimable"":false,""currency"":""TWD"",""discount"":219,""discount_cap"":0,""discount_percentage"":0,""min_spend"":109900000,""shop_vouncher"":""好來品牌官方旗艦店 | 原黑人牙膏"",""special_condition"":null,""text_info"":""DARL09041"",""validity_end"":""2024-09-05T15:59:00.000Z"",""validity_start"":""2024-09-03T16:00:00.000Z""}]",,,null
https://shopee.ph/CBB-Waterproof-Motorcycle-Terno-Raincoat-with-reflector-Rainsuit-(99)-raincoat-rain-coat-i.395472895.12374770386?model_id=106790564743,12374770386,CBB Waterproof Motorcycle Terno Raincoat with reflector Rainsuit (99) raincoat rain coat,0,4.6,0,200,119,PHP,,0,"[""https://down-ph.img.susercontent.com/file/1881c8c11b3ff87f42e6ccfc5e2e915a_tn"",""https://down-ph.img.susercontent.com/file/ab9f9fd3af59562fe830ede315dc0b09_tn"",""https://down-ph.img.susercontent.com/file/9293e7ca69a7e0f22d2f0d1603a700ef_tn"",""https://down-ph.img.susercontent.com/file/7aa5cdfd86ca3dc99e7dac2e46f9789b_tn"",""https://down-ph.img.susercontent.com/file/b901f3c3ab84549b00358172f3f4fd39_tn"",""https://down-ph.img.susercontent.com/file/258271d07b8238339a3d675b8b346439_tn"",""https://down-ph.img.susercontent.com/file/4a8c534b76f1ae7f501a8d1d5b6159c8_tn"",""https://down-ph.img.susercontent.com/file/46d8cb5756074c0411472b9325208560_tn"",""https://down-ph.img.susercontent.com/file/a1f8afc2b5afed3beffa3a953b879c4d_tn""]",null,CBB███,https://shopee.ph/cbb.az,"[""Sports & Outdoors"",""Sports & Outdoor Accessories"",""Rain Coats""]","[{""name"":""Stock"",""value"":""11635""},{""name"":""Sleeve Length"",""value"":""Long Sleeves""},{""name"":""Ships From"",""value"":""Valenzuela City, Metro Manila""}]","Brand New and High Quality
Soft  oxford  with PVC backing with reflective striped for night visibility
Elastic cuffs
Full length zipper
Elastic waist
Step out on a rainy day with style and experience the joyous downpour by wearing this Coal Raincoat. The black Raincoat is water repellent and water proof as it is crafted from polyester. Fashionably designed for men, this solid raincoat is styled with zipper and elastic cuffs. The full-sleeved wind proof Raincoat comes with straight hem and is hooded with drawstring fastening.

Size on item is xxxl but its one size fits all
With free pouch",4.69,964,100,1.72 hours,Tue Mar 02 2021 08:10:36 GMT+0000 (Coordinated Universal Time),69295,"[{""name"":""Average code"",""variations"":[""99 RAINCOAT D072"",""EVA RAINCOAT B103"",""MOTOR COVER"",""Motorcycle raincoat"",""Grey Thick Raincoat"",""Beige Thick Raincoat"",""Black Thick Raincoat""]}]",https://shopee.ph,,100637,false,,"[{""name"":""model"",""value"":""EVA RAINCOAT B103""}]",0,https://shopee.ph/Rain-Gear-cat.11044844.11046601.11046603,"[{""claimable"":false,""currency"":""PHP"",""discount"":15,""discount_cap"":0,""discount_percentage"":0,""min_spend"":49900000,""shop_vouncher"":""CBB-AZ"",""special_condition"":null,""text_info"":""CBBADFSDS"",""validity_end"":""2024-11-09T15:30:00.000Z"",""validity_start"":""2024-08-08T07:30:00.000Z""}]",,,null
https://shopee.com.mx/Ciclismo-Hombre-Bicicleta-Jaet-Verano-Protecci%C3%B3n-Solar-Para-Cortavientos-STRAVA-Ropa-Deporte-Al-Aire-Libre-Transpirable-Qui-Dry-Jac-i.867024279.20457834235?model_id=212918488336,20457834235,Ciclismo Hombre Bicicleta Jaet Verano Protección Solar Para Cortavientos STRAVA Ropa Deporte Al Aire Libre Transpirable Qui Dry Jac,0,0,0,8.045500000000000e+02,8.045500000000000e+02,MXN,,0,"[""https://down-mx.img.susercontent.com/file/sg-11134201-22100-umyxhb54y5ive7_tn"",""https://down-mx.img.susercontent.com/file/sg-11134201-22100-tirty354y5iv42_tn"",""https://down-mx.img.susercontent.com/file/sg-11134201-22100-yl55zw74y5iv51_tn"",""https://down-mx.img.susercontent.com/file/sg-11134201-22100-kkz79l84y5iv26_tn"",""https://down-mx.img.susercontent.com/file/sg-11134201-22100-afrzte94y5iv39_tn"",""https://down-mx.img.susercontent.com/file/sg-11134201-22100-yxpti994y5iv30_tn""]",null,she███zho███mx,https://shopee.com.mx/shenjizhong.mx,"[""Ropa de Hombre"",""Otros""]","[{""name"":""Existencias"",""value"":""24500""},{""name"":""Talla Extra"",""value"":""Sí""}]","Modname=editor

 --Colocar Un pedido significa [Estoy dispuesto] como sigue
1. ¡Asegúrate de solicitar pedidos urgentes primero!
2. Tome la entrega sin enviar los productos, mantenga imágenes de video claras y proteja los intereses de los consumidores de los consumidores.
3. Si los productos perdidos están defectuosos cli ""chat"" en la parte inferior derecha de la página web para encontrar el editor de servicio al cliente que lo ayudará a lidiar con ellos.
4. La diferencia de color de la visualización de disparos de los productos puede ser ligeramente diferente, la entrega real es principalmente del fabricante.
5. La empresa reserva el derecho a enviar el pedido si el precio de los productos es incorrecto.
Se considera que la compra tiene una claridad debajo de las normas de la tienda que están dispuestas a cooperar.
Si hay algún problema insatisfecho después de recibir, haremos todo lo posible para mejorar nuestro mejor esfuerzo.
Por favor, no haga comentarios negativos directamente para aumentar la carga psicológica. Todos tienen familias. También soy un servicio al cliente ordinario. No puedo marcar los malos comentarios que le dejes dinero. La carga familiar es relativamente grande. ¡Espero Que se entienda que solucionaré cualquier problema por usted con satisfacción!
Si no está satisfecho con los productos después de la compra, puede devolverlos. Ofrecemos una garantía de satisfacción de 15 días. Sin embargo, el paquete exterior de los productos devueltos debe ser el mismo que el embalaje exterior original (caja de productos de paaging interior). Además de la aparición de los productos debe mantenerse en un estado nuevo cuando los enviamos para cumplir con nuestras normativas de devolución.
No dude en hablar con eso en cualquier momento ~ espere pacientemente la respuesta de servicio al cliente ~
Es posible que no pueda ver su información de chat en línea. ¡No Lo ponemos! Hay demasiada información. Espere pacientemente una respuesta. Gracias.",5,11,57,,Mon Sep 19 2022 06:20:30 GMT+0000 (Coordinated Universal Time),14,"[{""name"":""Variación"",""variations"":[""01"",""06"",""07"",""05"",""04"",""03"",""10""]},{""name"":""Tamaño"",""variations"":[""XXXL"",""XXL"",""4XL"",""XL"",""S"",""M"",""L""]}]",https://shopee.com.mx,,100011,false,,"[{""name"":""model"",""value"":""07,4XL""}]",0,https://shopee.com.mx/Otros-cat.11057055.11057086.11057236,null,,,null
https://shopee.vn/Ch%C3%A2n-V%C3%A1y-jean-ng%E1%BA%AFn-ch%E1%BB%AF-A-d%C3%A2y-bu%E1%BB%99c-N%C6%A0-h%C3%A0ng-QC-phong-c%C3%A1ch-h%C3%A0n-qu%E1%BB%91c-i.399342760.25219279799?model_id=178292988049,25219279799,Chân Váy jean ngắn chữ A dây buộc NƠ hàng QC phong cách hàn quốc,0,4.5,0,50000,25000,VND,,0,"[""https://down-vn.img.susercontent.com/file/vn-11134207-7r98o-lswsn3u0rvkpe8_tn"",""https://down-vn.img.susercontent.com/file/vn-11134207-7r98o-lswsanjl0ypwc7_tn"",""https://down-vn.img.susercontent.com/file/vn-11134207-7r98o-lswsn3u0m9ax11_tn"",""https://down-vn.img.susercontent.com/file/vn-11134207-7r98o-lswsn3u0nnvd93_tn"",""https://down-vn.img.susercontent.com/file/vn-11134207-7r98o-lswsn3u0qh09a3_tn""]",null,tho███ang███a,https://shopee.vn/thoitrangpuza,"[""Thời Trang Nữ"",""Váy""]","[{""name"":""Số lượng hàng khuyến mãi"",""value"":""96""},{""name"":""Số sản phẩm còn lại"",""value"":""7208""},{""name"":""Thương hiệu"",""value"":""AAA JEANS""},{""name"":""Chiều dài quần"",""value"":""Khác""},{""name"":""Dịp"",""value"":""Buổi tiệc""},{""name"":""Chất liệu"",""value"":""Denim""},{""name"":""Petite"",""value"":""Không""},{""name"":""Xuất xứ"",""value"":""Việt Nam""},{""name"":""Mẫu"",""value"":""Khác""},{""name"":""Kiểu váy"",""value"":""váy chữ A""},{""name"":""Chiều dài váy"",""value"":""Mini""},{""name"":""Mùa"",""value"":""4 mùa""},{""name"":""Gửi từ"",""value"":""Hà Nội""}]","Size : S M L 

S < 45kg, eo 64, mông 80

M< 50kg, eo 68, mông 86

L < 55kg, eo 72, mông 90





Thông số chỉ mang tính tham khảo, có thể sai số  do nsx hoặc tuỳ từng lô hàng, không cam kết vừa với tất cả mọi người.

Sản phẩm khi chụp dưới điều kiện sáng/ tối , xem bằng các loại màn hình khác nhau hay lô hàng khác nhau màu sắc có thể đậm nhạt một chút là bình thường các bạn nhé!",4.74,111,100,0.75 hours,Mon Mar 08 2021 05:23:49 GMT+0000 (Coordinated Universal Time),39762,"[{""name"":""Màu sắc"",""variations"":[""CV  NƠ Xanh"",""CV Nơ khói"",""1 túi chun buộc tóc""]},{""name"":""Size"",""variations"":[""S"",""M"",""L"",""XL""]}]",https://shopee.vn,AAA JEANS,100017,true,Wed Sep 04 2024 07:59:59 GMT+0000 (Coordinated Universal Time),"[{""name"":""model"",""value"":""1 túi chun buộc tóc,L""}]",0,https://shopee.vn/Ch%C3%A2n-v%C3%A1y-cat.11035639.11035656,null,,,null
https://shopee.com.mx/Paleta-De-Sombras-Incomprendidas-De-COLOURPOP-Colorpop-x-Disney-Villains-i.504420214.11225696496,11225696496,Paleta De Sombras Incomprendidas De COLOURPOP Colorpop x Disney Villains,0,5,0,1.038990000000000e+03,7.789000000000000e+02,MXN,,0,"[""https://down-mx.img.susercontent.com/file/46583044f325af25c08a504a58ac4dea_tn"",""https://down-mx.img.susercontent.com/file/e418901879b671b4610b318ec3d6ef0e_tn"",""https://down-mx.img.susercontent.com/file/5598444d4ff22c8dd008083b8762ae72_tn"",""https://down-mx.img.susercontent.com/file/caab08f8129c23d5916027533cc4f0a5_tn"",""https://down-mx.img.susercontent.com/file/26d4a8eda3f42b19fc2cc8bb02ad4d1d_tn""]",null,chi███bea███5a.███,https://shopee.com.mx/chiarabeaute5a.mx,"[""Belleza"",""Maquillaje"",""Ojos"",""Sombra""]","[{""name"":""Existencias"",""value"":""1""}]","Rooting para los buenos chicos es aburrido. En colaboración con Disney y sus villanos familiares, te traemos la paleta para descartarlos todos, Misunderstood. Esta paleta de sombras de ojos de 15 sartenes de acabado mixto combina mates intensos, que cambian de color con duocromos y ricos metales metálicos. Esquema todo la forma en que meterás tu look, no será duro con esta paleta.

Sin manchas: blanco puro mate
Mongrels: marfil rosado metalizado
Diablo: lima metálica
Desarrollo: terracota mate
Tragic: beige cálido mate
Underworld: cobre bronceado metálico
Dorado y Pánico: dorado metalizado de tono medio con pulgas rosa melocotón
Bosque de las Espinas: orquídea metálica
Flotsam: bebé metálico rosa con brillo azul.
Los gordos: azul profundo mate
Vengador: gris carbón mate con brillo plateado
Sing: metalizado marrón oscuro con rosa fuerte a oro duocromo flip
Jetsam: azul vaquero metálico con giro de duocromo de verde azulado
Facile: metálico rico verde oliva con muescas doradas
101: negro mate

Este artículo es una edición limitada.
©Disney
El precio de los artículos incluye una tarifa de envío que debe ser transmitida por el comprador.
El precio del artículo incluye una tarifa de envío que debe ser transmitida por el comprador.",5,0,57,,Thu Aug 05 2021 06:59:51 GMT+0000 (Coordinated Universal Time),9,"[{""variations"":[null]}]",https://shopee.com.mx,,100630,false,,"[{""name"":""model"",""value"":null}]",0,https://shopee.com.mx/Ojos-cat.11056740.11056750.11056825,null,,,null
https://shopee.tw/%E3%80%90%E5%A5%BD%E4%BE%86%E3%80%91%E5%85%A8%E4%BA%AE%E7%99%BD%E6%A5%B5%E7%B7%BB%E7%85%A5%E7%99%BD%E7%89%99%E8%B2%BC-14%E5%85%A5(%E7%85%A5%E7%99%BD%E6%8F%90%E4%BA%AE/%E6%BA%AB%E5%92%8C%E7%BE%8E%E7%99%BD)-i.201407617.21842792689?model_id=231012579646,21842792689,【好來】全亮白極緻煥白牙貼 14入(煥白提亮/溫和美白),0,5,0,1598,798,TWD,,0,"[""https://down-tw.img.susercontent.com/file/tw-11134207-7r98s-lzqezrhpfdwe0c_tn"",""https://down-tw.img.susercontent.com/file/tw-11134207-7r98q-ltklpr0jpgnv92_tn"",""https://down-tw.img.susercontent.com/file/tw-11134207-7r98o-ltklpr0jo23fca_tn"",""https://down-tw.img.susercontent.com/file/tw-11134207-7r991-ltklpr0jqv8bf1_tn"",""https://down-tw.img.susercontent.com/file/tw-11134207-7r98q-ltklpr0kequn08_tn"",""https://down-tw.img.susercontent.com/file/tw-11134207-7r98z-ltklpr0k94kv8c_tn"",""https://down-tw.img.susercontent.com/file/tw-11134207-7r98u-ltklpr0kg5f388_tn"",""https://down-tw.img.susercontent.com/file/tw-11134207-7r990-ltklpr0khjzj66_tn"",""https://down-tw.img.susercontent.com/file/tw-11134207-7r98w-ltklpr0kaj5bbe_tn"",""https://down-tw.img.susercontent.com/file/tw-11134207-7r98r-ltklpr0kiyjzd5_tn"",""https://down-tw.img.susercontent.com/file/tw-11134207-7r98p-ltklpr0kbxpre7_tn""]",null,好來品███旗艦店███原黑人███,https://shopee.tw/%E3%80%90%E5%A5%BD%E4%BE%86%E3%80%91%E5%85%A8%E4%BA%AE%E7%99%BD%E6%A5%B5%E7%B7%BB%E7%85%A5%E7%99%BD%E7%89%99%E8%B2%BC-14%E5%85%A5(%E7%85%A5%E7%99%BD%E6%8F%90%E4%BA%AE/darlie_ec,"[""保健"",""個人照護"",""口腔照護"",""美白牙齒、美白貼片""]","[{""name"":""商品數量"",""value"":""2085""},{""name"":""品牌"",""value"":""DARLIE 好來""},{""name"":""出貨地"",""value"":""臺北市松山區""}]","


1. 添加瑞士雪絨花精華，煥白提亮
2. 活性深導亮白分子，直擊暗黃問題
3. 溫和美白、低刺激性，不傷害牙齒

品牌:DARLIE 好來
品名:【好來】全亮白極緻煥白牙貼 14入
產地: 中國
保存期限: 1.5年
數量: 14入

【出貨提醒】
📌超商取貨請留意訂單總材積，超過限制將會聊聊請您取消訂單&重新下單，恕無法退回折價券以及賣場優惠價(依當下價格為主)
📌超商取貨材積限制：材積≦45x30x30cm，重量不得超過5kg
📌若超取門市關轉蝦皮系統會通知您修改門市、系統庫存異常客服人員將會聊聊通知您取消訂單或重新下單
📌宅配使用郵局，物流假日不配送
📌超商取貨訂單顯示［賣家將於確認訂單後出貨］表示已經進入出貨流程，後續超商物流會在刷取條碼以及配送至您選定指定門市。(超商包裹會直接出貨至超商物流中心，故系統不會顯示賣家到店寄送時間噢！)
📌貨源：官方授權公司貨

【退換貨須知】
📌包裹拆箱請全程錄影，如商品有短少的話，請以聊聊提供影片以及箱內出貨單號照片給客服人員，將會盡快為您處理
📌請於收到商品後七個工作天內提出退/換貨需求，並保持商品未拆封

【客服服務時間】
📌周一至周五 09:00-18:00
📌例假日與國定假日的聊聊訊息，將於服務時",4.97,148,100,4.00 hours,Wed Nov 20 2019 02:36:00 GMT+0000 (Coordinated Universal Time),135357,"[{""name"":""規格"",""variations"":[""1入"",""2入"",""1入(活動品)""]}]",https://shopee.tw,DARLIE 好來,100001,false,,"[{""name"":""model"",""value"":""2入""}]",0,https://shopee.tw/%E5%8F%A3%E8%85%94%E4%BF%9D%E5%81%A5-cat.11040925.11042539.11042555,"[{""claimable"":false,""currency"":""TWD"",""discount"":50,""discount_cap"":0,""discount_percentage"":0,""min_spend"":5100000,""shop_vouncher"":""好來品牌官方旗艦店 | 原黑人牙膏"",""special_condition"":null,""text_info"":""WLDXLMFVH"",""validity_end"":""2024-09-30T15:59:00.000Z"",""validity_start"":""2024-08-31T16:00:00.000Z""},{""claimable"":false,""currency"":""TWD"",""discount"":null,""discount_cap"":12000000,""discount_percentage"":12,""min_spend"":29900000,""shop_vouncher"":""好來品牌官方旗艦店 | 原黑人牙膏"",""special_condition"":null,""text_info"":""DARL09040"",""validity_end"":""2024-09-05T15:59:00.000Z"",""validity_start"":""2024-09-03T16:00:00.000Z""},{""claimable"":false,""currency"":""TWD"",""discount"":null,""discount_cap"":null,""discount_percentage"":null,""min_spend"":69900000,""shop_vouncher"":""好來品牌官方旗艦店 | 原黑人牙膏"",""special_condition"":null,""text_info"":""DARL09042"",""validity_end"":""2024-09-05T15:59:00.000Z"",""validity_start"":""2024-09-03T16:00:00.000Z""},{""claimable"":false,""currency"":""TWD"",""discount"":219,""discount_cap"":0,""discount_percentage"":0,""min_spend"":109900000,""shop_vouncher"":""好來品牌官方旗艦店 | 原黑人牙膏"",""special_condition"":null,""text_info"":""DARL09041"",""validity_end"":""2024-09-05T15:59:00.000Z"",""validity_start"":""2024-09-03T16:00:00.000Z""}]",,,null
https://shopee.com.mx/FEAR-OF-GOD-ESSENTIALS-Doble-L%C3%ADnea-Niebla-Street-Wear-High-Chest-Bag-Bolso-De-Hombro-Crossbody-Bolsa-De-Tel%C3%A9fono-M%C3%B3vil-De-Moda-i.801521170.20674334440?model_id=213924037305,20674334440,FEAR OF GOD ESSENTIALS Doble Línea Niebla Street Wear High Chest Bag Bolso De Hombro Crossbody Bolsa De Teléfono Móvil De Moda,0,0,0,2.757300000000000e+02,2.757300000000000e+02,MXN,,0,"[""https://down-mx.img.susercontent.com/file/sg-11134201-23020-bwz01u0nlvnva8_tn"",""https://down-mx.img.susercontent.com/file/sg-11134201-23020-4lq20oaolvnv48_tn"",""https://down-mx.img.susercontent.com/file/sg-11134201-23020-9995gbbolvnv8e_tn"",""https://down-mx.img.susercontent.com/file/sg-11134201-23020-9a67rybolvnvf8_tn"",""https://down-mx.img.susercontent.com/file/sg-11134201-23020-h9761ncolvnv66_tn"",""https://down-mx.img.susercontent.com/file/sg-11134201-23020-lz5jprdolvnv64_tn"",""https://down-mx.img.susercontent.com/file/sg-11134201-23020-63qgmieolvnv30_tn"",""https://down-mx.img.susercontent.com/file/sg-11134201-23020-695bdafolvnv51_tn"",""https://down-mx.img.susercontent.com/file/sg-11134201-23020-aw3365folvnva5_tn""]",null,Her███o r███lo,https://shopee.com.mx/eui87ols11.mx,"[""Celulares y Gadgets"",""Smartphones""]","[{""name"":""Existencias"",""value"":""6000""},{""name"":""Capacidad de Almacenamiento"",""value"":""128 Gb""},{""name"":""Condición"",""value"":""Renovar""},{""name"":""Safety Mark"",""value"":""Nada""},{""name"":""Cantidad"",""value"":""Nada""}]","Textura: poliuretano.
Estilo: Informal
Cierre
Fear OF GOD ESSENTIALS Doble línea FOG Tide Brand High Street Chest Bag Bolso de hombro Bolsa de teléfono móvil Messenger Tide",4.68,102,45,5.00 hours,Thu Jun 23 2022 11:43:22 GMT+0000 (Coordinated Universal Time),5111,"[{""name"":""Color"",""variations"":[""Ess Bolso Pequeño"",""Bandolera"",""Bolsa de pecho"",""Ess Bolsa de pecho"",""Tipo V Negro"",""Cuadrado negro""]}]",https://shopee.com.mx,,100013,false,,"[{""name"":""model"",""value"":""Bandolera""}]",0,https://shopee.com.mx/Otras-Marcas-cat.11058541.11058608.11059027,null,,,null
https://shopee.co.th/Lovito-%E0%B8%8A%E0%B8%B8%E0%B8%94%E0%B9%80%E0%B8%94%E0%B8%A3%E0%B8%AA%E0%B8%9C%E0%B8%B9%E0%B9%89%E0%B8%AB%E0%B8%8D%E0%B8%B4%E0%B8%87-%E0%B8%A1%E0%B8%B5%E0%B9%82%E0%B8%84%E0%B8%A3%E0%B8%87-%E0%B9%81%E0%B8%95%E0%B9%88%E0%B8%87%E0%B8%88%E0%B8%B5%E0%B8%9A-%E0%B8%A5%E0%B8%B2%E0%B8%A2%E0%B8%94%E0%B8%AD%E0%B8%81%E0%B9%84%E0%B8%A1%E0%B9%89-%E0%B8%AA%E0%B9%84%E0%B8%95%E0%B8%A5%E0%B9%8C%E0%B8%A5%E0%B8%B3%E0%B8%A5%E0%B8%AD%E0%B8%87--LNE51425-i.446091597.25324108296?model_id=250634368411,25324108296,Lovito ชุดเดรสผู้หญิง มีโครง แต่งจีบ ลายดอกไม้ สไตล์ลำลอง  LNE51425,0,4.6,0,380,270,THB,,0,"[""https://down-th.img.susercontent.com/file/sg-11134201-7rdyh-lza0e4n1cht46c_tn"",""https://down-th.img.susercontent.com/file/sg-11134201-7rdxg-lz4nptsj02zs60_tn"",""https://down-th.img.susercontent.com/file/sg-11134201-7rdy4-lz4npv5n07u2fd_tn"",""https://down-th.img.susercontent.com/file/sg-11134201-7rdwp-lz4npwhx05kcb7_tn"",""https://down-th.img.susercontent.com/file/sg-11134201-7rdyr-lz4npxrz7k8c84_tn"",""https://down-th.img.susercontent.com/file/sg-11134201-7rdwj-lz4npzeir2yf04_tn"",""https://down-th.img.susercontent.com/file/sg-11134201-7rdxw-lz4nqntj25wabf_tn"",""https://down-th.img.susercontent.com/file/sg-11134201-7rdxu-lyez27s8z9mcce_tn""]",null,LOV███ OF███IAL█████████,https://shopee.co.th/lovito.th,"[""เสื้อผ้าผู้หญิง"",""เดรส""]","[{""name"":""คลัง"",""value"":""190""},{""name"":""สินค้า"",""value"":""Lovito""},{""name"":""ความยาวของแขนเสื้อ"",""value"":""เสื้อไม่มีแขน""},{""name"":""โอกาส"",""value"":""ไม่เป็นทางการ""},{""name"":""ขนาดใหญ่"",""value"":""ไม่""},{""name"":""ลวดลาย"",""value"":""ลายดอกไม้""},{""name"":""รูปแบบของเดรส/กระโปรง"",""value"":"" สาย""},{""name"":""ทรงคอเสื้อ"",""value"":"" สายสปาเก็ตตี้""},{""name"":""วัสดุ"",""value"":"" 100%Polyester""},{""name"":""ความยาวขอเดรสหรือกระโปรง"",""value"":"" ยาว""},{""name"":""ส่งจาก"",""value"":""ต่างประเทศ""}]","✅ไฮไลท์
-❤️แต่งเทป 
-❤️มีจีบ
-❤️มีโครง
-❤️นุ่มและสบาย

✅คำอธิบาย
รูปแบบ: ลายดอกไม้
สไตล์: ลำลอง
ประเภทเดรส: ทรงเอ
พลัสไซส์: ไม่ใช่
วัสดุ: โพลีเอสเตอร์
ส่วนประกอบ: โพลีเอสเตอร์ 100%
ประเภททรง: พอดีตัว
ผ้าโปร่ง: ไม่
ยืด: ไม่ยืด
ภูมิภาคแหล่งกำเนิดสินค้า: จีนแผ่นดินใหญ่

✅ แพ็คเกจรวม
1Xเดรส

✅บทนำโลวิโต้
Lovito เป็นแบรนด์เกิดใหม่ที่เชื่อมั่นในพลังของเด็กผู้หญิง โดยมุ่งมั่นที่จะนำเสนอทางเลือกเสื้อผ้าที่ทันสมัยและราคาไม่แพงสำหรับสไตล์ ความต้องการ และอัตลักษณ์ที่แตกต่างกัน
เราเชื่อว่าแฟชั่นควรจะสนุกสนาน ปลดปล่อย และทำให้คุณรู้สึกดี ท้ายที่สุดแล้ว เครื่องประดับที่ดีที่สุดสำหรับทุกลุคคือความมั่นใจในตนเอง

✅หมายเหตุการซื้อ
โปรดดูความสูงของคุณและแผนภูมิขนาดก่อนซื้อ มีความแตกต่าง 2-3% ตามการวัดด้วยตนเอง
รูปภาพสินค้าทั้งหมดในร้านนี้เป็นภาพถ่ายจริง 100% เนื่องจากแสงและหน้าจอที่แตกต่างกัน ความแตกต่างของสีเล็กน้อยและข้อผิดพลาดที่แท้จริงจึงถือเป็นเรื่องปกติ
ติดตามร้านค้าของเราและค้นพบสินค้าใหม่และข้อเสนอที่ดีที่สุดสำหรับคุณ!!


หากคุณมีคำถามใด ๆ พูดคุยกับเราแล้วเราจะตอบกลับโดยเร็วที่สุด😊",4.75,37749,94,1.06 hours,Tue May 18 2021 09:43:36 GMT+0000 (Coordinated Universal Time),2098542,"[{""name"":""สี"",""variations"":[""หลากสี""]},{""name"":""ขนาด"",""variations"":[""M"",""L"",""XL"",""XXL""]}]",https://shopee.co.th,Lovito,100017,false,,"[{""name"":""model"",""value"":""หลากสี,XXL""}]",0,https://shopee.co.th/%E0%B8%AD%E0%B8%B7%E0%B9%88%E0%B8%99%E0%B9%86-cat.11044944.11045060.11046363,"[{""claimable"":false,""currency"":""THB"",""discount"":null,""discount_cap"":3600000,""discount_percentage"":18,""min_spend"":7500000,""shop_vouncher"":""LOVITO OFFICIAL STORE"",""special_condition"":null,""text_info"":""LVT094LOW"",""validity_end"":""2024-09-04T16:59:59.000Z"",""validity_start"":""2024-09-03T17:00:00.000Z""},{""claimable"":false,""currency"":""THB"",""discount"":null,""discount_cap"":20000000,""discount_percentage"":20,""min_spend"":20000000,""shop_vouncher"":""LOVITO OFFICIAL STORE"",""special_condition"":null,""text_info"":""LVT904BAU"",""validity_end"":""2024-09-04T16:59:59.000Z"",""validity_start"":""2024-09-03T17:00:00.000Z""},{""claimable"":false,""currency"":""THB"",""discount"":null,""discount_cap"":8000000,""discount_percentage"":9,""min_spend"":77000000,""shop_vouncher"":""LOVITO OFFICIAL STORE"",""special_condition"":null,""text_info"":""IPOHMTH31"",""validity_end"":""2024-09-30T16:59:59.000Z"",""validity_start"":""2024-08-31T17:00:00.000Z""},{""claimable"":false,""currency"":""THB"",""discount"":null,""discount_cap"":14000000,""discount_percentage"":12,""min_spend"":96000000,""shop_vouncher"":""LOVITO OFFICIAL STORE"",""special_condition"":null,""text_info"":""IPOHMTH32"",""validity_end"":""2024-09-30T16:59:59.000Z"",""validity_start"":""2024-08-31T17:00:00.000Z""},{""claimable"":false,""currency"":""THB"",""discount"":null,""discount_cap"":19000000,""discount_percentage"":14,""min_spend"":120000000,""shop_vouncher"":""LOVITO OFFICIAL STORE"",""special_condition"":null,""text_info"":""IPOHMTH33"",""validity_end"":""2024-09-30T16:59:59.000Z"",""validity_start"":""2024-08-31T17:00:00.000Z""},{""claimable"":false,""currency"":""THB"",""discount"":null,""discount_cap"":28000000,""discount_percentage"":16,""min_spend"":151000000,""shop_vouncher"":""LOVITO OFFICIAL STORE"",""special_condition"":null,""text_info"":""IPOHMTH34"",""validity_end"":""2024-09-30T16:59:59.000Z"",""validity_start"":""2024-08-31T17:00:00.000Z""}]",,,null
"https://shopee.vn/SH15-Kh%C4%83n-Streetwear-si%C3%AAu-nhi%E1%BB%81u-m%C3%A0u,-Bandana-th%E1%BB%9Di-trang-h%C3%A0ng-ng%C3%A0y,-%C4%91i-xe-%C4%91%E1%BA%A1p,R%E1%BA%BB-v%C3%B4--SHERI-i.962873408.16795592987?model_id=194492720375",16795592987,"SH15 Khăn Streetwear siêu nhiều màu, Bandana thời trang hàng ngày, đi xe đạp,Rẻ vô  SHERI",0,4.9,0,13000,13000,VND,,0,"[""https://down-vn.img.susercontent.com/file/sg-11134201-7qvg7-lk7xnzxl3taif2_tn"",""https://down-vn.img.susercontent.com/file/sg-11134201-7qveg-lk7xnzjfvkbb06_tn"",""https://down-vn.img.susercontent.com/file/sg-11134201-7qve8-lk7xo0mk39qi63_tn"",""https://down-vn.img.susercontent.com/file/sg-11134201-7qvg7-lk7xo10pikud04_tn"",""https://down-vn.img.susercontent.com/file/sg-11134201-7qvdp-lk7xo1foy26vfb_tn"",""https://down-vn.img.susercontent.com/file/sg-11134201-7qvd3-ljaxxw3oavsj6c_tn"",""https://down-vn.img.susercontent.com/file/vn-11134201-7r98o-lzipbhfxw2ox5e_tn"",""https://down-vn.img.susercontent.com/file/vn-11134201-7r98o-lzipbr0tsk0dea_tn"",""https://down-vn.img.susercontent.com/file/vn-11134201-7r98o-lzipcf14nr657e_tn""]",null,She███ 51███,https://shopee.vn/sherie519,"[""Phụ Kiện Thời Trang"",""Khăn choàng""]","[{""name"":""Kho"",""value"":""3453""},{""name"":""Địa chỉ tổ chức chịu trách nhiệm sản xuất"",""value"":""Đang cập nhật""},{""name"":""Giới tính"",""value"":""Unisex""},{""name"":""Xuất xứ"",""value"":""Trung Quốc""},{""name"":""Loại Khăn cổ"",""value"":""Khác""},{""name"":""Mẫu"",""value"":""Hoa""},{""name"":""Tên tổ chức chịu trách nhiệm sản xuất"",""value"":""Đang cập nhật""},{""name"":""Mùa"",""value"":""Mùa hè""},{""name"":""Chất liệu"",""value"":""vải polyester""},{""name"":""Gửi từ"",""value"":""TP. Hồ Chí Minh""}]","54cm Khăn Streetwear siêu nhiều màu, Bandana thời trang hàng ngày, đi xe đạp,Rẻ vô  SHERI

🌞SherieShop CAM KẾT🌞:

- Mang đến cho khách hàng những sản phẩm giá thấp nhất ，chất lượng cao nhất.  
   Hàng sẵn sàng✅ Vận chuyển nhanh chóng✅ Giá tốt nhất✅Đảm bảo chất lượng cao✅Mới 100%✅ 
- 😘Khi nhận hàng quý khách thấy hài lòng nhớ cho shop đánh giá 5 sao để shop được phục vụ quý khách tốt hơn trong những lần tiếp theo nhé. 😘
- 💖Bấm theo dõi shop để nhận ngay 1000 VNĐ.
Nhấn THEO DÕI shop để nhanh chóng cập nhật những sản phẩm, thông tin và chương trình khuyến mãi mới từ shop nhé.💖
- 🔐Chế độ bảo hành, đổi trả sản phẩm.
   Nếu bạn không hài lòng về sản phẩm, KHOAN hãy đánh giá và tố cáo, SherieShop cam đoan sẽ gửi lại sản phẩm mới hoặc hoàn tiền lại cho quý khách  💯% .🔐

Cảm ơn bạn đã đặt niềm tin vào 


T-Kích thước 54x54 cm
Có thể sai sót +- 1-2 cm không thể tránh được
-vải polyester
-Màu sắc phong phú, không phai
-20 màu để lựa chọn, luôn có một màu phù hợp với bạn
-Khăn mới sẽ còn lớp hồ vải nên hơi cứng các bạn xả qua nước là sẽ mềm ak.

Bandana là kiểu khăn vuông to bản, được sử dụng để tạo điểm nhấn cho trang phục. Item này rất được ưu ái vào thập niên 70, gắn với hình ảnh bụi bặm của những chàng cao bồi miền Tây nước Mỹ. Chỉ với một chiếc khăn bandana, các idol Kpop có thể tạo ra nhiều biến tấu độc đáo cho trang phục.

Cửa hàng dịch vụ:
--Thời gian vận chuyển: trong vòng 24 giờ
--Thời gian giao hàng: 2-4 ngày
--Thiệt hại hàng hóa: chịu trách nhiệm bồi thường.
--Hàng hóa thiếu: chịu trách nhiệm bồi thường.
--Trường hợp đặc biệt có thể được vận chuyển khẩn cấp.
--Luôn luôn trực tuyến, dịch vụ thái độ tốt nhất.
--Uy tín, bảo đảm chất lượng.
--Hướng dẫn sử dụng trực tuyến",4.75,1107,100,0.00 hours,Fri Mar 03 2023 08:33:39 GMT+0000 (Coordinated Universal Time),1289,"[{""name"":""màu sắc"",""variations"":[""đen"",""Trắng"",""đỏ lớn"",""xanh hải quân"",""Màu xanh sapphire"",""màu xanh đậm"",""màu xám đậm"",""Hồng"",""rượu vang"",""Hoa hồng đỏ"",""màu xanh của cỏ"",""Màu cam"",""vàng"",""Màu tím nhạt"",""tím đậm"",""Màu nâu"",""màu be"",""vàng nhạt"",""màu xám sáng"",""cam vàng""]}]",https://shopee.vn,,100009,false,,"[{""name"":""model"",""value"":""đen""}]",0,https://shopee.vn/Kh%C4%83n-cho%C3%A0ng-cat.11035853.11035856,"[{""claimable"":false,""currency"":""VND"",""discount"":2000,""discount_cap"":0,""discount_percentage"":0,""min_spend"":1100000000,""shop_vouncher"":""Sherie 519"",""special_condition"":null,""text_info"":""SHER11200"",""validity_end"":""2024-11-07T03:13:00.000Z"",""validity_start"":""2024-08-08T02:13:00.000Z""},{""claimable"":false,""currency"":""VND"",""discount"":4000,""discount_cap"":0,""discount_percentage"":0,""min_spend"":3000000000,""shop_vouncher"":""Sherie 519"",""special_condition"":null,""text_info"":""SHER34000"",""validity_end"":""2024-11-07T03:12:00.000Z"",""validity_start"":""2024-08-08T02:12:00.000Z""},{""claimable"":false,""currency"":""VND"",""discount"":3000,""discount_cap"":0,""discount_percentage"":0,""min_spend"":3000000000,""shop_vouncher"":""Sherie 519"",""special_condition"":null,""text_info"":""SHER33000"",""validity_end"":""2024-11-07T03:14:00.000Z"",""validity_start"":""2024-08-08T02:14:00.000Z""},{""claimable"":false,""currency"":""VND"",""discount"":5000,""discount_cap"":0,""discount_percentage"":0,""min_spend"":5000000000,""shop_vouncher"":""Sherie 519"",""special_condition"":null,""text_info"":""SHER55000"",""validity_end"":""2024-11-07T03:15:00.000Z"",""validity_start"":""2024-08-08T02:15:00.000Z""},{""claimable"":false,""currency"":""VND"",""discount"":7500,""discount_cap"":0,""discount_percentage"":0,""min_spend"":8200000000,""shop_vouncher"":""Sherie 519"",""special_condition"":null,""text_info"":""SHER82750"",""validity_end"":""2024-11-07T03:41:00.000Z"",""validity_start"":""2024-08-08T02:41:00.000Z""},{""claimable"":false,""currency"":""VND"",""discount"":10000,""discount_cap"":0,""discount_percentage"":0,""min_spend"":11000000000,""shop_vouncher"":""Sherie 519"",""special_condition"":null,""text_info"":""SHER11110"",""validity_end"":""2024-11-07T03:15:00.000Z"",""validity_start"":""2024-08-08T02:15:00.000Z""}]",,,null
https://shopee.com.co/Jersey/Camisa-De-Ciclismo-De-alta-calidad-2021-Strava-con-Manga-corta-Para-verano/equipo-De-Ciclismo-i.471818369.11214789866?model_id=83093622532,11214789866,Jersey/Camisa De Ciclismo De alta calidad 2021 Strava con Manga corta Para verano/equipo De Ciclismo,0,0,0,237588,237588,COP,,0,"[""https://down-co.img.susercontent.com/file/20c430ceff960fcecad1f7926d090727_tn"",""https://down-co.img.susercontent.com/file/ed0f04179573e364ad639f16e5479523_tn"",""https://down-co.img.susercontent.com/file/2a2e75f644bd65d5654bb724bebbdb44_tn"",""https://down-co.img.susercontent.com/file/d385b0e8bc98fa1e7947af2068a0863e_tn"",""https://down-co.img.susercontent.com/file/794bcf71c58e876621d2cb0efe69031e_tn"",""https://down-co.img.susercontent.com/file/756256875fb6e24fa0b2ab6cf402d8d2_tn""]",null,fac███ycy███ng4██████,https://shopee.com.co/Jersey/Camisa-De-Ciclismo-De-alta-calidad-2021-Strava-con-Manga-corta-Para-verano/factorycycling4r.co,"[""Ropa de Hombre"",""Ropa Tradicional"",""Conjuntos""]","[{""name"":""Existencias"",""value"":""349965""},{""name"":""Patrón"",""value"":""Impresión""}]","

descripción:

género: hombre mujer
Material: 80% poliéster y 20% Lycra
tipo: Jersey
tamaño de la manga: manga corta
Material de los pantalones: 80% poliéster y 20% Lycra
suéteres Material: 100% poliéster
longitud de la cremallera: completo
número de modelo: Summer Cycling Set-10
ciclismo Jersey estilo almohadilla: almohadilla de GEL transpirable
métodos de venta calientes: ventas directas de fábrica
temporada de verano
is_personalizado: sí
ajuste: se adapta más pequeño de lo habitual. por favor, compruebe esta talla
tipo de deporte: bicicleta/bicicleta/camisetas de ciclismo",3.77,100,57,,Mon Jun 21 2021 11:33:24 GMT+0000 (Coordinated Universal Time),106,"[{""name"":""Color"",""variations"":[""7"",""9"",""6"",""10"",""8""]},{""name"":""Talla"",""variations"":[""L"",""S"",""XL"",""{"",""XXXXL"",""XXXL"",""M""]}]",https://shopee.com.co,,100011,false,,"[{""name"":""model"",""value"":""6,S""}]",0,https://shopee.com.co/Otros-cat.11069104.11069196.11069705,null,,,null
https://shopee.co.id/Kue-Bolu-Marble-Mini-Snack-/-Cemilan-/-Oleh-oleh-Belitung-i.1328238769.27557540175,27557540175,Kue Bolu Marble Mini Snack / Cemilan / Oleh-oleh Belitung,0,5,0,7000,7000,IDR,,0,"[""https://down-id.img.susercontent.com/file/id-11134207-7r992-lyxco68i1nns1b_tn"",""https://down-id.img.susercontent.com/file/id-11134207-7r98x-lyxco68i32884a_tn"",""https://down-id.img.susercontent.com/file/id-11134207-7r98r-lyrexhu891we6a_tn"",""https://down-id.img.susercontent.com/file/id-11134207-7r98u-lyxco68hw1e0ce_tn"",""https://down-id.img.susercontent.com/file/id-11134207-7r98q-lyxco68hyuiwc2_tn"",""https://down-id.img.susercontent.com/file/id-11134207-7r98q-lyxco68i093cfa_tn"",""https://down-id.img.susercontent.com/file/id-11134207-7r98v-lyxco68hxfygf6_tn""]",null,sel███kit███ffi██████,https://shopee.co.id/Kue-Bolu-Marble-Mini-Snack-/-Cemilan-/selerakite788,"[""Makanan & Minuman"",""Roti & Kue"",""Kue & Pie""]","[{""name"":""Stok"",""value"":""40""},{""name"":""Merek"",""value"":""-""},{""name"":""Berat Produk"",""value"":""100g""},{""name"":""Negara Asal"",""value"":""Indonesia""},{""name"":""Jenis Kue"",""value"":""Bolu Spons""},{""name"":""Tipe Paket"",""value"":""Sajian Besar""},{""name"":""Jenis Makanan"",""value"":""Home-made""},{""name"":""Kondisi Penyimpanan"",""value"":""Suhu Ruangan""},{""name"":""Masa Penyimpanan"",""value"":""1 Bulan""},{""name"":""Menu Makanan Khusus"",""value"":""Halal""},{""name"":""Produk Custom"",""value"":""Tidak""},{""value"":""Tepung, telur, gula""},{""name"":""Jenis Kue Pie"",""value"":""Bolu kering""},{""name"":""Jumlah Produk Dalam Kemasan"",""value"":""10 piece""},{""name"":""Ukuran Per Produk"",""value"":""10Piece""},{""name"":""Tanggal Kedaluwarsa"",""value"":""10-08-2025""},{""name"":""No. Izin Edar (BPOM, PIRT)"",""value"":""-""},{""name"":""No. Sertifikasi (Halal)"",""value"":""-""},{""name"":""Dikirim Dari"",""value"":""KAB. BELITUNG""}]","Kue Bolu Marble Mini
Snack, Cemilan, Oleh-Oleh Belitung 

1 Bungkus isi 10 bolu mini

- 100% HALAL dan HIGENIS ✅
- Terbuat dari bahan-bahan PREMIUM yang berkualitas
- TANPA bahan pengawet
- Loyang Premium berbahan aman sehingga hasil kue aman untuk dikonsumsi
- Dijamin FRESH, di buat sesuai pesanan

Bisa menjadi teman ngopi, cocok disajikan saat arisan dan hari raya
Bisa disimpan selama 2 minggu

Jam Operasional Pengiriman Toko Kami
- Order masuk sebelum jam 15.00 akan di kirim di hari yang sama",5,2,57,,Thu Aug 08 2024 11:13:17 GMT+0000 (Coordinated Universal Time),13,"[{""variations"":[null]}]",https://shopee.co.id,,100629,false,,"[{""name"":""model"",""value"":null}]",0,https://shopee.co.id/Kue-Pie-cat.11043451.11043544.11043546,null,,,null
https://shopee.com.mx/DSP8-100-%-Marca-5/8ml-Recargable-Mini-Botella-De-Perfume-Atomizador-De-Aluminio-Port%C3%A1til-5ml-Recarga-Spray-Contenedor-De-Cosm%C3%A9ticos-Para-Viajes-i.501811915.22382817780?model_id=128766288196,22382817780,DSP8 100 % Marca 5/8ml Recargable Mini Botella De Perfume Atomizador De Aluminio Portátil 5ml Recarga Spray Contenedor De Cosméticos Para Viajes,0,0,0,1.958000000000000e+02,1.958000000000000e+02,MXN,,0,"[""https://down-mx.img.susercontent.com/file/sg-11134201-7rbky-lmkll3z67juz78_tn"",""https://down-mx.img.susercontent.com/file/sg-11134201-7rbnb-lmkll4rr0bnpbb_tn"",""https://down-mx.img.susercontent.com/file/sg-11134201-7rbl6-lmkll6fyk7o05d_tn"",""https://down-mx.img.susercontent.com/file/sg-11134201-7rbl5-lmkll77zf78955_tn"",""https://down-mx.img.susercontent.com/file/sg-11134201-7rbkx-lmkll7wogh95bb_tn"",""https://down-mx.img.susercontent.com/file/sg-11134201-7rbmk-lmkll8mrcwgqca_tn"",""https://down-mx.img.susercontent.com/file/sg-11134201-7rbm3-lmkllaznwnfta6_tn"",""https://down-mx.img.susercontent.com/file/sg-11134201-7rbn1-lmklld9ikvgref_tn"",""https://down-mx.img.susercontent.com/file/sg-11134201-7rbk7-lmklle7d7by153_tn""]",null,NAI███TLO███MX,https://shopee.com.mx/DSP8-100-%-Marca-5/dingsanpian.mx,"[""Belleza"",""Herramientas de Belleza"",""Otros""]","[{""name"":""Existencias"",""value"":""24775""}]","Bienvenido a mi tienda
Tiempo de entrega: 4-10 días
Lea detenidamente antes de realizar un pedido.

1. Servicio
(1) Todos nuestros artículos están indicados en la descripción.
(2) Estos productos son 100% nuevos y ofrecemos los mejores productos a los mejores precios.
(3) Si el artículo que recibió es defectuoso, contáctenos de inmediato.

¡Los Códigos promocionales de Shopee están permitidos para garantizar la seguridad y ahorrar más!

Comentario
(1) Si está satisfecho con nuestro proyecto, deje un comentario positivo (5 estrellas).
Puedes compartir con tus amigos en Facebook, Twitter...Gracias
(2) Antes de dejar cualquier comentario negativo o causar controversia en Shopee, contáctenos.
(3) Danos la oportunidad de resolver cualquier problema.
************************************************************************************************************************************



Nota: Estimado, nuestros productos tienen logotipo de la marca, si necesita una gran cantidad de productos sin logotipo, contáctenos a tiempo, podemos enviar productos sin logotipo, ¡gracias por su comprensión!
Describa: 1. La mini botella de spray de perfume es pequeña y liviana, que se puede poner en su bolsillo o bolso, lo que le permite disfrutar de la maravillosa fragancia todo el tiempo. Cuando está en una fiesta, de vacaciones o de viaje de negocios, es una gran herramienta para que huela fresco y que esté seguro.2. El pequeño orificio de atomización reduce el desperdicio de perfume y hace que el spray sea más refinado.3. Tamaño de lápiz labial, pequeño y ligero, se puede guardar en un bolsillo o bolso de mano.4. Diseño recargable, reciclable y respetuoso con el medio ambiente.5. Aluminio de alta calidad, resistente y duradero, liviano, conveniente para transportar y almacenar, fácil de usar, adecuado para fiestas, viajes y actividades al aire libre.
Especificación:material: Metal, ABSColor: Como se muestra
Capacidad: 5ml/8ml
 Paquete incluido: 1PC * botella de spray de perfume
 Aviso: P1: ¿No funciona? ----No, la longitud del tubo de perfume es diferente a 7 mm, el diámetro de le 3,2 mm, porque la longitud y el diámetro del tubo de perfume son diferentes, confirme el tamaño antes de comprar. Q2: ¿Fuga? ----Antes de llenar, abra y cierre la tapa, rocíe varias veces para liberar el gas en el interior y luego límpielo. Si no hace esto, el líquido se exprimirá con la presión. Q3: ¿El relleno no está lleno? ----Bajo la influencia de la presión atmosférica en la botella, debe rociar varias veces para descargar el gas y luego continuar llenando. 
 
 
 
 
 
#beauty #tool",4.4,99,57,,Sun Aug 01 2021 15:11:23 GMT+0000 (Coordinated Universal Time),51,"[{""name"":""Color"",""variations"":[""5ml Rosa mate"",""5ml morado mate"",""5ml oro mate"",""5ml plata mate"",""5ml Rosa fuerte mate"",""5ml Azul mate"",""5ml Rojo mate"",""5ml verde mate"",""5ml Negro"",""5ml rosa"",""5ml Oro"",""5ml Azul"",""5ml Plata"",""8ml Oro brillante"",""Café 8ml"",""8ml Plata brillante"",""8ml Rosa brillante"",""8ml Oro"",""8ml Plata mate"",""8ml Oro mate"",""8ml Azul mate"",""8ml rojo rosa"",""8ml Rosa mate"",""8ml Verde mate"",""8ml Negro""]}]",https://shopee.com.mx,,100630,false,,"[{""name"":""model"",""value"":""5ml Oro""}]",0,https://shopee.com.mx/Otros-cat.11056740.11056746.11056805,null,,,null
https://shopee.com.co/Stumble-Guys-3Pcs-Set-Mochila-Mujeres-Bolsas-De-La-Escuela-Secundaria-Impermeable-Estudiante-Bookbag-Laptop-Large-Travel-Rucksac-i.602607612.25458346302?model_id=187270898376,25458346302,Stumble Guys 3Pcs Set Mochila Mujeres Bolsas De La Escuela Secundaria Impermeable Estudiante Bookbag Laptop Large Travel Rucksac,0,0,0,104736,104736,COP,,0,"[""https://down-co.img.susercontent.com/file/sg-11134201-7rblk-lqfy61t933np07_tn"",""https://down-co.img.susercontent.com/file/sg-11134201-7rbmz-lqfy621uuqjicc_tn"",""https://down-co.img.susercontent.com/file/sg-11134201-7rbkc-lqfy62c4cwase6_tn"",""https://down-co.img.susercontent.com/file/sg-11134201-7rbl7-lqfy62q9qs6yd6_tn"",""https://down-co.img.susercontent.com/file/sg-11134201-7rbk4-lqfy63279bpga7_tn"",""https://down-co.img.susercontent.com/file/sg-11134201-7rbld-lqfy63c6w3l21e_tn"",""https://down-co.img.susercontent.com/file/sg-11134201-7rbmk-lqfy63nkfgnba8_tn"",""https://down-co.img.susercontent.com/file/sg-11134201-7rbki-lqfy640vukhxaf_tn"",""https://down-co.img.susercontent.com/file/sg-11134201-7rbn6-lqfy64bfgjnodb_tn""]",null,sho███en6███co,https://shopee.com.co/showchen615.co,"[""Moda para Bebés y Niños"",""Accesorios para Bebés y Niños"",""Bolsas y Equipaje"",""Mochilas""]","[{""name"":""Existencias"",""value"":""4553""},{""name"":""Género"",""value"":""Unisex""}]","Material: Oxford + poliéster
Color:mezcla
Tamaño de la mochila: 40 x 30 x 13 cm,
Tamaño de la bolsa de pecho: 23 x 6 x 18 cm,
Tamaño de la caja de lápices: 22 x 11 x 5 cm
Consejos cálidos:
1. ¡Los Objetos y las fotos pueden diferir ligeramente debido a la visualización de la luz, el ángulo y el color! Consulte el producto real.
2. Hay 1-3 errores debido a las mediciones manuales. Espero que lo entiendas, ¡gracias!
3,1 pulgada = 2,54 cm; 1 cm = 0,39 pulgadas.",4.72,2278,67,3.00 hours,Thu Nov 25 2021 01:58:12 GMT+0000 (Coordinated Universal Time),300,"[{""name"":""Color"",""variations"":[""01"",""02"",""03"",""04"",""05"",""06"",""08"",""09"",""10"",""11"",""12"",""13"",""14"",""15"",""16"",""07"",""17"",""18"",""19"",""20"",""21"",""22"",""23""]},{""name"":""Tamaño"",""variations"":[""3 unids/set"",""Mochila""]}]",https://shopee.com.co,,100633,false,,"[{""name"":""model"",""value"":""05,Mochila""}]",0,https://shopee.com.co/Bolsos-para-Ni%C3%B1os-cat.11069100.11069175.11070398,null,,,null
https://shopee.com.mx/FEAR-OF-GOD-Double-Line-Essentials-Temporada-8-Doble-L%C3%ADnea-High-Street-Loose-Casual-1977-Sudadera-Con-Cuello-Redondo-Flocado-Hombres-Mujeres-Mismo-Estilo-i.902604857.18364211662?model_id=193295785228,18364211662,FEAR OF GOD Double Line Essentials Temporada 8 Doble Línea High Street Loose Casual 1977 Sudadera Con Cuello Redondo Flocado Hombres Mujeres Mismo Estilo,0,0,0,1225,1225,MXN,,0,"[""https://down-mx.img.susercontent.com/file/sg-11134201-22110-9o0t7tiir5jv19_tn"",""https://down-mx.img.susercontent.com/file/sg-11134201-22110-48msaviir5jv56_tn"",""https://down-mx.img.susercontent.com/file/sg-11134201-22110-9q9g15iir5jv6d_tn"",""https://down-mx.img.susercontent.com/file/sg-11134201-22110-gzq9v9iir5jv15_tn"",""https://down-mx.img.susercontent.com/file/sg-11134201-22110-m18zpejir5jv53_tn"",""https://down-mx.img.susercontent.com/file/sg-11134201-22110-5hlz4fjir5jv5e_tn"",""https://down-mx.img.susercontent.com/file/sg-11134201-22110-fi57z0iir5jveb_tn"",""https://down-mx.img.susercontent.com/file/sg-11134201-22110-a5jbw9iir5jveb_tn"",""https://down-mx.img.susercontent.com/file/sg-11134201-22110-8nn4bdjir5jv04_tn""]",null,yye███y.m███,https://shopee.com.mx/yyehfyy.mx,"[""Ropa de Mujer"",""Hoodies y Sudaderas"",""Sudaderas""]","[{""name"":""Existencias"",""value"":""1056""},{""name"":""Talla Extra"",""value"":""Sí""},{""name"":""Cantidad"",""value"":""Nada""}]",Impresionante y impresionante Impresionante y impresionante Impresionante Impresionante,5,100,57,,Tue Nov 15 2022 06:14:54 GMT+0000 (Coordinated Universal Time),18,"[{""name"":""Color"",""variations"":[""Negro hierro; S 45-65kg"",""Negro hierro; METRO 65-75kg"",""Negro hierro; L 75-85kg"",""Negro hierro; XL 85-95kg"",""Gris oscuro; S 45-65 kg"",""Gris oscuro; METRO 65-75kg"",""Gris oscuro; L 75-85 kg"",""Gris oscuro; XL 85-95kg"",""Gris avena; S 45-65 kg"",""Gris avena; METRO 65-75 kg"",""Gris avena; L 75-85 kg"",""Gris avena; XL 85-95kg""]}]",https://shopee.com.mx,,100017,false,,"[{""name"":""model"",""value"":""Gris avena; XL 85-95kg""}]",0,https://shopee.com.mx/Hoodies-y-Sudaderas-cat.11057062.11057129.11057327,null,,,null
https://shopee.com.my/Xiaomi-Mijia-Mi-Walkie-Talkie-1S-2S-FM-Radio-Bluetooth-MJDJJ03FY-XMDJJ04FY-i.18695082.197180945?model_id=4788756611,197180945,Xiaomi Mijia Mi Walkie Talkie 1S 2S FM Radio Bluetooth MJDJJ03FY XMDJJ04FY,0,5,0,189,189,MYR,0,0,"[""https://down-my.img.susercontent.com/file/sg-11134202-7rbk0-lp1uyzij5duf3c_tn"",""https://down-my.img.susercontent.com/file/dfcfee7a0ba43a9d8ce485c5906aa53c_tn"",""https://down-my.img.susercontent.com/file/08505d42b2728b23ffa9f44ffd67bebe_tn"",""https://down-my.img.susercontent.com/file/39782e4ddad720b2a041e06f33399474_tn"",""https://down-my.img.susercontent.com/file/abeba6cb15cf5632abede3f4ea25fc27_tn"",""https://down-my.img.susercontent.com/file/2034672684809efe2e76c0fc300ac30c_tn"",""https://down-my.img.susercontent.com/file/sg-11134202-7rbni-lp1uztd5gtqy75_tn"",""https://down-my.img.susercontent.com/file/sg-11134202-7rblv-lp1uztip8p3ce4_tn"",""https://down-my.img.susercontent.com/file/sg-11134202-7rbkg-lp1uzto90kee32_tn""]",null,VIS███GAD███RY,https://shopee.com.my/visiongadgetry.os,"[""Mobile & Gadgets"",""Walkie Talkies""]","[{""name"":""Stock"",""value"":""89""},{""name"":""Brand"",""value"":""Xiaomi""},{""name"":""Ships From"",""value"":""Selangor""}]","Note:
1. Product will be unseal for checking and apply warranty stamp before shipping. Please order only if you agree. Thanks for understanding.
2. Mi PTT apps only supports Android devices only.

Chatting all the way, all the way along easily - Clear calls, excellent standby, rich scenes, let you communicate with you
2190mAh large battery - 5 days standby, 16 hours continuous use time [5], anytime, anywhere, as you wish.
Location sharing via APPs -
LED dot matrix screen - Simple and intelligent, clearly visible - The pure black screen is matched with the active light-emitting dot matrix, so that the picture is clearly visible in the sun, and the outdoor use is more secure.

Specification
a. Walkie Talkie 1S
Color: dark blue
Model: MJDJJ03FY
Transmitting power 0.5W / 3W
Band public frequency band (0.5W) / amateur U segment
Battery type lithium ion polymer battery
Battery capacity 2190mAh ( 8.3Wh )
Power Interface Micro-USB
Input parameter 5V1A
Rated voltage 3.8V
Wireless connection dual mode Bluetooth version 4.2
Receive sensitivity -122dBm (12dB SINAD)
Battery charging time is about 3h
Battery standby for about 120h (5 days)
The battery is used for about 16 hours (the ratio of transmission, reception, and standby time is 5:5:90)
Audio rated power 500mW
Public channel: 409MHz - 410MHz (20 frequencies)

b. Walkie Talkie 2S
Color: dark grey
Model: XMDJJ04FY
Transmission power: 4W
Battery capacity: 2190mAh (8.3Wh)
Nominal battery voltage: 3.8V
Interface type: Type-C
Input parameter: 5V=2A
Receiving sensitivity: 122dBm (12dB SINAD)
Screen size 1.77 inches
Screen resolution: 128 × one hundred and sixty
Headphone connector: 3.5mm socket
Protection grade: IP54
Channel range: 430.000MHz - 440.000MHz

Dimensions and Weight
Product size: 5.40 x 2.10 x 16.00 cm / 2.13 x 0.83 x 6.3 inches
Product weight: 0.1302 kg

Package Contents
1x Walkie Talkie
1x User Manual
1x Adapter
1x USB Cable

#xiaomi #mijia #walkie #talkie #1s #2s #fm #radio #bluetooth #mjdjj03fy #xmdjj04fy



",4.91,1737,92,2.58 hours,Wed Mar 22 2017 01:13:12 GMT+0000 (Coordinated Universal Time),73741,"[{""name"":""Variation"",""variations"":[""1S Dark Blue"",""2S Dark Grey""]}]",https://shopee.com.my,Xiaomi,100013,false,,"[{""name"":""model"",""value"":""1S Dark Blue""}]",0,https://shopee.com.my/Other-Gadgets-cat.11000979.11001018.11001023,"[{""claimable"":false,""currency"":""MYR"",""discount"":50,""discount_cap"":0,""discount_percentage"":0,""min_spend"":50000000,""shop_vouncher"":""VISIONGADGETRY"",""special_condition"":null,""text_info"":""82HZ0221"",""validity_end"":""2024-09-08T15:59:00.000Z"",""validity_start"":""2024-08-25T16:00:00.000Z""},{""claimable"":false,""currency"":""MYR"",""discount"":15,""discount_cap"":0,""discount_percentage"":0,""min_spend"":5000000,""shop_vouncher"":""VISIONGADGETRY"",""special_condition"":null,""text_info"":""9ABZ3868"",""validity_end"":""2024-09-24T15:59:00.000Z"",""validity_start"":""2024-09-08T12:00:00.000Z""},{""claimable"":false,""currency"":""MYR"",""discount"":30,""discount_cap"":0,""discount_percentage"":0,""min_spend"":30000000,""shop_vouncher"":""VISIONGADGETRY"",""special_condition"":null,""text_info"":""9ABZ3869"",""validity_end"":""2024-09-24T15:59:00.000Z"",""validity_start"":""2024-09-08T12:00:00.000Z""},{""claimable"":false,""currency"":""MYR"",""discount"":30,""discount_cap"":0,""discount_percentage"":0,""min_spend"":30000000,""shop_vouncher"":""VISIONGADGETRY"",""special_condition"":null,""text_info"":""99BZ3873"",""validity_end"":""2024-09-24T15:59:00.000Z"",""validity_start"":""2024-09-09T16:00:00.000Z""},{""claimable"":false,""currency"":""MYR"",""discount"":50,""discount_cap"":0,""discount_percentage"":0,""min_spend"":50000000,""shop_vouncher"":""VISIONGADGETRY"",""special_condition"":null,""text_info"":""9ABZ3870"",""validity_end"":""2024-09-24T15:59:00.000Z"",""validity_start"":""2024-09-08T12:00:00.000Z""},{""claimable"":false,""currency"":""MYR"",""discount"":50,""discount_cap"":0,""discount_percentage"":0,""min_spend"":50000000,""shop_vouncher"":""VISIONGADGETRY"",""special_condition"":null,""text_info"":""99BZ3874"",""validity_end"":""2024-09-24T15:59:00.000Z"",""validity_start"":""2024-09-09T16:00:00.000Z""},{""claimable"":false,""currency"":""MYR"",""discount"":70,""discount_cap"":0,""discount_percentage"":0,""min_spend"":70000000,""shop_vouncher"":""VISIONGADGETRY"",""special_condition"":null,""text_info"":""9ABZ3871"",""validity_end"":""2024-09-24T15:59:00.000Z"",""validity_start"":""2024-09-08T12:00:00.000Z""},{""claimable"":false,""currency"":""MYR"",""discount"":100,""discount_cap"":0,""discount_percentage"":0,""min_spend"":100000000,""shop_vouncher"":""VISIONGADGETRY"",""special_condition"":null,""text_info"":""9ABZ3872"",""validity_end"":""2024-09-24T15:59:00.000Z"",""validity_start"":""2024-09-08T12:00:00.000Z""},{""claimable"":false,""currency"":""MYR"",""discount"":100,""discount_cap"":0,""discount_percentage"":0,""min_spend"":100000000,""shop_vouncher"":""VISIONGADGETRY"",""special_condition"":null,""text_info"":""99BZ3875"",""validity_end"":""2024-09-24T15:59:00.000Z"",""validity_start"":""2024-09-09T16:00:00.000Z""}]",,,null
https://shopee.co.th/TP-Link-Archer-NX200-%E0%B9%80%E0%B8%A3%E0%B9%89%E0%B8%B2%E0%B9%80%E0%B8%95%E0%B8%AD%E0%B8%A3%E0%B9%8C%E0%B9%83%E0%B8%AA%E0%B9%88%E0%B8%8B%E0%B8%B4%E0%B8%A15G-%E0%B8%A3%E0%B8%AD%E0%B8%87%E0%B8%A3%E0%B8%B1%E0%B8%9A%E0%B8%84%E0%B8%A7%E0%B8%B2%E0%B8%A1%E0%B9%81%E0%B8%A3%E0%B8%87-5G/LTE-AX1800-Wireless-Dual-Band-Gigabit-Router-%E0%B8%81%E0%B8%A3%E0%B8%B0%E0%B8%88%E0%B8%B2%E0%B8%A2%E0%B8%AA%E0%B8%B1%E0%B8%8D%E0%B8%8D%E0%B8%B2%E0%B8%93%E0%B9%84%E0%B8%94%E0%B9%89%E0%B9%82%E0%B8%94%E0%B8%A2-i.50377350.24033734200,24033734200,TP-Link Archer NX200 เร้าเตอร์ใส่ซิม5G รองรับความแรง 5G/LTE AX1800 Wireless Dual-Band Gigabit Router กระจายสัญญาณได้โดย,0,0,0,6690,6690,THB,,0,"[""https://down-th.img.susercontent.com/file/th-11134207-7r98r-lxxuipvy57m7f3_tn"",""https://down-th.img.susercontent.com/file/th-11134207-7r98v-lxxrwsg8gtrk97_tn"",""https://down-th.img.susercontent.com/file/th-11134207-7r98z-lxxrwvdy64sv36_tn"",""https://down-th.img.susercontent.com/file/th-11134207-7r98v-lxxrwz0muvu85b_tn"",""https://down-th.img.susercontent.com/file/th-11134207-7r98z-lxxrx1quv5jj4d_tn"",""https://down-th.img.susercontent.com/file/th-11134207-7r98r-lxxrx4xq71rk8d_tn"",""https://down-th.img.susercontent.com/file/th-11134207-7r98q-lxxrx8az9m8ff4_tn"",""https://down-th.img.susercontent.com/file/th-11134207-7r991-lxxrxf1heqi8a9_tn"",""https://down-th.img.susercontent.com/file/th-11134207-7r98o-lxxrxlsjj1zj87_tn""]",null,Ivo███tsh███,https://shopee.co.th/TP-Link-Archer-NX200-%E0%B9%80%E0%B8%A3%E0%B9%89%E0%B8%B2%E0%B9%80%E0%B8%95%E0%B8%AD%E0%B8%A3%E0%B9%8C%E0%B9%83%E0%B8%AA%E0%B9%88%E0%B8%8B%E0%B8%B4%E0%B8%A15G-%E0%B8%A3%E0%B8%AD%E0%B8%87%E0%B8%A3%E0%B8%B1%E0%B8%9A%E0%B8%84%E0%B8%A7%E0%B8%B2%E0%B8%A1%E0%B9%81%E0%B8%A3%E0%B8%87-5G/ivoryitshop,"[""คอมพิวเตอร์และอุปกรณ์เสริม"",""อุปกรณ์เน็ตเวิร์ก"",""อุปกรณ์ขยายสัญญาณ""]","[{""name"":""คลัง"",""value"":""20""},{""name"":""สินค้า"",""value"":""TP Link(ทีพี ลิงค์)""},{""name"":""ระยะเวลาการรับประกัน"",""value"":""3 ปี""},{""name"":""ประเภทการประกัน"",""value"":""ประกันจากผู้ผลิต""},{""name"":""ส่งจาก"",""value"":""จังหวัดกรุงเทพมหานคร""}]","Product details of TP-Link Archer NX200 เร้าเตอร์ใส่ซิม5G รองรับความแรง 5G/LTE AX1800 Wireless Dual-Band Gigabit Router กระจายสัญญาณได้โดยไม่ต้องเดินสาย ใช้ได้ทันทีแค่เสียบซิม
1 Boost Your 5G Speed - ให้คุณได้ใช้งานเครือข่าย 5G ขั้นสูงได้อย่างเต็มประสิทธิภาพ ด้วยความเร็วดาวน์โหลดสูงถึง 4.67 Gbps ให้คุณแชร์เครือข่าย 5G ของคุณกับอุปกรณ์ต่าง ๆ ผ่านสัญญาณ Wi-Fi เพื่อการรับชมภาพยนตร์ความละเอียดสูง, ดาวน์โหลดไฟล์ได้อย่างรวดเร็ว, และวิดีโอคอลหรือประชุมออนไลน์ได้อย่างไหลลื่น
2 AX1800 Dual-Band Wi-Fi 6 Speed - ความเร็วรับส่งข้อมูลสูงถึง 1201 Mbps (บนคลื่น 5 GHz) + 574 Mbps (บนคลื่น 2.4 GHz)
3 Plug & Play - เพียงเสียบซิมการ์ดและเปิดเครือง อุปกรณ์ก็พร้อมให้คุณใช้งานเครือข่าย 5G/LTE ได้ทันที ไม่ต้องตั้งค่าให้ยุ่งยาก
4 EasyMesh-Compatible - รองรับการใช้งานร่วมกับผลิตภัณฑ์ที่รองรับ EasyMesh เพื่อสร้างเครือข่าย Mesh Wi-Fi ที่ครอบคลุมบ้านทั้งหลังด้วยชื่อและรหัสผ่านเดียว ให้ความยืดหยุ่นในการใช้งานและช่วยลดต้นทุนในการวางระบบเครือข่ายได้เป็นอย่างดี
5 Gigabit WAN/LAN Port - อุปกรณ์มาพร้อมพอร์ตกิกะบิต WAN/LAN ช่วยให้ NX200 สามารถใช้งานเป็นอุปกรณ์เราเตอร์ผ่านสาย ซึ่งรองรับการใช้งานร่วมกับอุปกรณ์โมเด็มสายเคเบิล, สายไฟเบอร์ และสายโทรศัพท์ (DSL)",4.88,344,72,4.96 hours,Sat Dec 30 2017 10:43:12 GMT+0000 (Coordinated Universal Time),1998,"[{""variations"":[null]}]",https://shopee.co.th,TP Link(ทีพี ลิงค์),100644,false,,"[{""name"":""model"",""value"":null}]",0,https://shopee.co.th/Repeaters-cat.11044958.11045193.11045993,null,,,null
https://shopee.co.th/%E0%B8%81%E0%B8%B2%E0%B8%87%E0%B9%80%E0%B8%81%E0%B8%87%E0%B8%84%E0%B8%B2%E0%B8%A3%E0%B9%8C%E0%B9%82%E0%B8%81%E0%B9%89%E0%B8%9C%E0%B8%B9%E0%B9%89%E0%B8%8A%E0%B8%B2%E0%B8%A2-%E0%B8%81%E0%B8%B2%E0%B8%87%E0%B9%80%E0%B8%81%E0%B8%87%E0%B8%82%E0%B8%B2%E0%B8%A2%E0%B8%B2%E0%B8%A7%E0%B8%84%E0%B8%B2%E0%B8%A3%E0%B9%8C%E0%B9%82%E0%B8%81%E0%B9%89%E0%B8%AA%E0%B9%84%E0%B8%95%E0%B8%A5%E0%B9%8C%E0%B8%AD%E0%B9%80%E0%B8%A1%E0%B8%A3%E0%B8%B4%E0%B8%81%E0%B8%B1%E0%B8%99%E0%B8%A5%E0%B8%B3%E0%B8%A5%E0%B8%AD%E0%B8%87%E0%B8%97%E0%B8%B5%E0%B9%88%E0%B8%A1%E0%B8%B5%E0%B8%81%E0%B8%A3%E0%B8%B0%E0%B9%80%E0%B8%9B%E0%B9%8B%E0%B8%B2%E0%B8%AB%E0%B8%A5%E0%B8%B2%E0%B8%A2%E0%B8%8A%E0%B9%88%E0%B8%AD%E0%B8%87%E0%B8%82%E0%B8%99%E0%B8%B2%E0%B8%94%E0%B8%9A%E0%B8%A7%E0%B8%81%E0%B8%AD%E0%B8%A2%E0%B9%88%E0%B8%B2%E0%B8%87%E0%B8%A1%E0%B8%B5%E0%B8%AA%E0%B9%84%E0%B8%95%E0%B8%A5%E0%B9%8C-%E0%B8%81%E0%B8%B2%E0%B8%87%E0%B9%80%E0%B8%81%E0%B8%87%E0%B8%82%E0%B8%B2%E0%B8%A2%E0%B8%B2%E0%B8%A7%E0%B8%9C%E0%B8%B9%E0%B9%89%E0%B8%8A%E0%B8%B2%E0%B8%A2-i.1211981261.26300994070?model_id=246455249434,26300994070,กางเกงคาร์โก้ผู้ชาย กางเกงขายาวคาร์โก้สไตล์อเมริกันลำลองที่มีกระเป๋าหลายช่องขนาดบวกอย่างมีสไตล์ กางเกงขายาวผู้ชาย,0,4.7,0,400,175,THB,,0,"[""https://down-th.img.susercontent.com/file/cn-11134207-7r98o-lw02jkvl6xwje1_tn"",""https://down-th.img.susercontent.com/file/cn-11134207-7r98o-lw02jkvl5jc3e5_tn"",""https://down-th.img.susercontent.com/file/sg-11134201-7rd69-lvrdoaaxplpr86_tn"",""https://down-th.img.susercontent.com/file/sg-11134201-7rd4r-lvrdoaaxpl66e3_tn"",""https://down-th.img.susercontent.com/file/cn-11134207-7r98o-lw02jkvkzx2b23_tn"",""https://down-th.img.susercontent.com/file/cn-11134207-7r98o-lw02jkvl1bmr3c_tn"",""https://down-th.img.susercontent.com/file/cn-11134207-7r98o-lw02jkvl44rn63_tn"",""https://down-th.img.susercontent.com/file/sg-11134201-7rd66-lvrdoa71vafn97_tn"",""https://down-th.img.susercontent.com/file/cn-11134207-7r98o-lwuw6in8oqw300_tn""]",null,Fun███Stu███,https://shopee.co.th/funky668.th,"[""เสื้อผ้าผู้ชาย"",""กางเกงขายาว"",""กางเกงคาร์โก้""]","[{""name"":""คลังสินค้าโปรโมชั่น"",""value"":""928""},{""name"":""คลังอื่น ๆ"",""value"":""31""},{""name"":""วัสดุ"",""value"":""ผ้าสังเคราะห์""},{""name"":""ลวดลาย"",""value"":""เรียบๆ""},{""name"":""ขนาดใหญ่"",""value"":""ใช่""}]","กางเกงคาร์โก้ผู้ชาย กางเกงขายาวคาร์โก้สไตล์อเมริกันลำลองที่มีกระเป๋าหลายช่องขนาดบวกอย่างมีสไตล์ กางเกงขายาวผู้ชาย
🚚 ระยะเวลาในการจัดส่งโดยทั่วไป 2-3 วัน
😊หากคุณมีคำถามใด ๆ โปรดติดต่อเราผ่านห้องแชทฝ่ายบริการลูกค้ามืออาชีพของเราจะช่วยเหลือคุณด้วยความจริงใจและรับผิดชอบและให้คำแนะนำแก่คุณ!
😊หากคุณพอใจกับผลิตภัณฑ์และบริการของเราโปรดยกย่องขอบคุณสำหรับการสนับสนุนและขอให้คุณมีความสุขในชีวิต
สำหรับรูปแบบอื่น ๆ โปรดคลิกที่รูปแบบอื่น ๆ 👉 ร้านค้า",4.63,384,79,3.38 hours,Mon Mar 18 2024 12:30:58 GMT+0000 (Coordinated Universal Time),601,"[{""name"":""สี"",""variations"":[""สีเขียว"",""สีกากี"",""สีดํา"",""สีเขียวทหาร""]},{""name"":""ขนาด"",""variations"":[""M"",""L"",""XL"",""2XL"",""3XL""]}]",https://shopee.co.th,,100011,true,Wed Sep 04 2024 04:59:59 GMT+0000 (Coordinated Universal Time),"[{""name"":""model"",""value"":""สีเขียวทหาร,2XL""}]",0,https://shopee.co.th/%E0%B8%AD%E0%B8%B7%E0%B9%88%E0%B8%99%E0%B9%86-cat.11044945.11045074.11046378,null,,,null
https://shopee.com.co/Retro-Cl%C3%A1sico-Nacional-De-Pista-Y-Campo-Zapatos-Blancos-Feiyue-Zapatos-De-Examen-Deportes-501-Zapatos-De-Lona-De-Los-Hombres-/-%CC%85-/-Feiyue-Zapatillas-De-Deporte-De-Moda%7D-i.902610671.21262844249?model_id=220284529418,21262844249,Retro Clásico Nacional De Pista Y Campo Zapatos Blancos Feiyue Zapatos De Examen Deportes 501 Zapatos De Lona De Los Hombres / ̅ / Feiyue Zapatillas De Deporte De Moda},0,0,0,153984,153984,COP,,0,"[""https://down-co.img.susercontent.com/file/sg-11134201-22100-sq0522xzz3iv8c_tn"",""https://down-co.img.susercontent.com/file/sg-11134201-22100-0e4gjjyzz3iv4c_tn"",""https://down-co.img.susercontent.com/file/sg-11134201-22100-cy172dzzz3iv89_tn"",""https://down-co.img.susercontent.com/file/sg-11134201-22100-e77chxzzz3ivc4_tn""]",null,jac███lie███.co███,https://shopee.com.co/Retro-Cl%C3%A1sico-Nacional-De-Pista-Y-Campo-Zapatos-Blancos-Feiyue-Zapatos-De-Examen-Deportes-501-Zapatos-De-Lona-De-Los-Hombres-/-%CC%85-/jacquelien6a.co,"[""Calzado de Hombre"",""Tenis""]","[{""name"":""Existencias"",""value"":""426624""},{""name"":""Acabado de Cuero"",""value"":""En Relieve""}]","Muchos descuentos en tiendas son esperando por ti 
Indicación de subíndice
Acerca de la aberración cromática: colóquese en la luz de disparo, la pantalla de visualización de todos es diferente, habrá una ligera diferencia entre la imagen y el objeto Real.
Recomendación Recomendación de tamaño: el tamaño sugerido se basa en la entrega de opinión Miserable por experiencia de venta habitual, tratamiento racional, consulte la tabla de tallas planas para obtener más detalles.
El tamaño está embaldosado en la medición, debido A los diferentes métodos de medición, si hay un Error de 1-3 cm, está dentro de un rango razonable
Seleccione cuidadosamente las especificaciones y el tamaño antes de realizar un pedido
Si tiene alguna pregunta sobre el tamaño, puede chatear primero y proporcionarme altura, peso, busto, caderas, Etc.
Todos los tamaños en esta tienda son tamaños estándar, puede realizar un pedido según el tamaño que generalmente compre

Si hay algún defecto de camarón en recibir el producto, notifiqueme primero para ayudarlo a lidiar con él. Te ayudaré a lidiar con cuidado después de la venta.
No Me dejes malas reseñas directamente, no estoy demasiado tarde si no estás satisfecho con las malas reseñas
La calidad del producto es peor que cada centavo, no necesita usar una lupa para comprobar el producto de forma gratuita.
Si tiene alguna pregunta, utilice el Chat para preguntar, gracias

Altura superior: Parte superior baja
Personas aplicables: General
Cierre
Función: resistente al desgaste
Material superior: algodón
Patrón: combinación de colores",0,12,57,,Tue Nov 15 2022 06:24:49 GMT+0000 (Coordinated Universal Time),2,"[{""name"":""Color"",""variations"":[""Bump 501 Blanco"",""Golpe 501 Negro"",""507 blanco"",""507 negro""]},{""name"":""Talla"",""variations"":[""Se recomiendan 34 niñas elegir"",""Se recomiendan 35 niñas elegir"",""Se recomiendan 36 niñas elegir"",""Se recomiendan 37 niñas elegir"",""38 Las niñas se recomiendan el"",""Se recomiendan 39 niñas elegir"",""40"",""41"",""42"",""43"",""44"",""45""]}]",https://shopee.com.co,,100012,false,,"[{""name"":""model"",""value"":""507 negro,41""}]",0,https://shopee.com.co/Tenis-cat.11069105.11069199.11069710,"[{""claimable"":false,""currency"":""COP"",""discount"":null,""discount_cap"":950000000,""discount_percentage"":20,""min_spend"":4500000000,""shop_vouncher"":""jacquelien6a.co"",""special_condition"":null,""text_info"":""JACQPESLC"",""validity_end"":""2024-10-01T04:59:59.000Z"",""validity_start"":""2024-09-02T12:00:03.000Z""},{""claimable"":false,""currency"":""COP"",""discount"":null,""discount_cap"":460000000,""discount_percentage"":18,""min_spend"":2500000000,""shop_vouncher"":""jacquelien6a.co"",""special_condition"":null,""text_info"":""JACQSCSPI"",""validity_end"":""2024-10-01T04:59:59.000Z"",""validity_start"":""2024-09-02T12:00:03.000Z""},{""claimable"":false,""currency"":""COP"",""discount"":null,""discount_cap"":400000000,""discount_percentage"":10,""min_spend"":0,""shop_vouncher"":""jacquelien6a.co"",""special_condition"":null,""text_info"":""JACQRBPLG"",""validity_end"":""2024-10-01T04:59:59.000Z"",""validity_start"":""2024-09-01T05:00:00.000Z""}]",,,null
https://shopee.co.th/(%E0%B8%A3%E0%B8%B8%E0%B9%88%E0%B8%99%E0%B9%82%E0%B8%A5%E0%B8%AB%E0%B8%B0%E0%B9%80%E0%B8%AB%E0%B8%A5%E0%B9%87%E0%B8%81)-%E0%B8%9E%E0%B8%A3%E0%B9%89%E0%B8%AD%E0%B8%A1%E0%B8%82%E0%B8%AD%E0%B8%87%E0%B9%81%E0%B8%96%E0%B8%A1-%E0%B9%81%E0%B8%81%E0%B8%9B%E0%B8%82%E0%B8%AD%E0%B8%87%E0%B9%80%E0%B8%A5%E0%B9%88%E0%B8%99-%E0%B8%A1%E0%B8%B5%E0%B9%80%E0%B8%AA%E0%B8%B5%E0%B8%A2%E0%B8%87-%E0%B9%81%E0%B8%81%E0%B8%9B%E0%B8%A2%E0%B8%B4%E0%B8%87%E0%B9%80%E0%B8%AA%E0%B8%B5%E0%B8%A2%E0%B8%87-%E0%B8%A5%E0%B8%B9%E0%B8%81%E0%B8%9B%E0%B8%A5%E0%B9%88%E0%B8%AD%E0%B8%A2%E0%B8%95%E0%B8%B1%E0%B8%A7%E0%B8%99%E0%B8%B1%E0%B8%81%E0%B8%81%E0%B8%B5%E0%B8%AC%E0%B8%B2-%E0%B8%A5%E0%B8%B9%E0%B8%81%E0%B8%82%E0%B8%AD%E0%B8%87%E0%B9%80%E0%B8%A5%E0%B9%88%E0%B8%99-%E0%B9%84%E0%B8%A5%E0%B9%88%E0%B8%AB%E0%B8%A1%E0%B8%B2-%E0%B9%84%E0%B8%A5%E0%B9%88%E0%B8%99%E0%B8%81-%E0%B9%84%E0%B8%A5%E0%B9%88%E0%B9%81%E0%B8%A1%E0%B8%A7-i.205156641.28251819988?model_id=245959284510,28251819988,(รุ่นโลหะเหล็ก) พร้อมของแถม แกปของเล่น มีเสียง แกปยิงเสียง ลูกปล่อยตัวนักกีฬา ลูกของเล่น ไล่หมา ไล่นก ไล่แมว,0,0,0,449,449,THB,0,0,"[""https://down-th.img.susercontent.com/file/th-11134207-7r991-lw5ib5k14xbkcb_tn"",""https://down-th.img.susercontent.com/file/th-11134207-7r98t-lw5ib5ix6jsg3e_tn"",""https://down-th.img.susercontent.com/file/th-11134207-7r98v-lw5ib5j765e7ac_tn"",""https://down-th.img.susercontent.com/file/th-11134207-7r98r-lw5ib5j7lln3c4_tn"",""https://down-th.img.susercontent.com/file/th-11134207-7r98w-lw5ib5ix6k0fa6_tn""]",null,Hon███,https://shopee.co.th/honieb,"[""แม่และเด็ก"",""ของเล่น"",""ของเล่นกลางแจ้งและอุปกรณ์กีฬา"",""ปืนของเล่น""]","[{""name"":""วัสดุ"",""value"":""โลหะ""},{""name"":""ส่งจาก"",""value"":""จังหวัดกรุงเทพมหานคร""}]","แบบโลหะเหล็ก) พร้อมของแถมทุกออเดอร์ ของเล่น มีเสียง ของเล่นยิงเสียง แกปปล่อยตัวนักกีฬา ลูกของเล่น ไล่หมา ไล่นก ไล่แมวได้ 

อ่านรายละเอียดเพิ่มเติม 

อ่านรายละเอียดเพิ่มเติม
1. กรณีสั่งสินค้าผิดรุ่น ผิดสี ทางร้านขอสงวนสิทธิ์ไม่รับเปลี่ยนหรือคืนสินค้า รบกวนตรวจสอบให้ถี่ถ้วนก่อนกดสั่งนะคะ
2.กรณีสินค้ามีรอยบุบ / แตก หรือเสียหายจากการขนส่งต้องแจ้งภายใน 24 ชม.(อ้างอิงเวลาจัดส่งสำเร็จจากขนส่ง) ** พร้อมภาพถ่าย วิดีโอตอนแกะกล่องสินค้า ** หากไม่มีหลักฐาน ข้อมูลตามที่ทางร้านแจ้งไปข้างต้น ทางร้านขอสงวนสิทธิ์ในการ เคลมสินค้า/เปลี่ยนสินค้าใหม่ ทุกกรณีค่ะ ！！
3.กรณีใส่ที่อยู่ผิด ทางร้านไม่สามารถแก้ไขให้ได้ ลูกค้าต้องยกเลิกแล้วสั่งสินค้าเข้ามาใหม่
4.ผู้ซื้อต้องเก็บกล่องบรรจุภัณฑ์เพื่อใช้ในการยืนยันในการซื้อสินค้ากับทางร้าน กรณีที่อยู่ในการรับประกัน หากไม่มีกล่อง หรือ เอกสารของทางร้าน ทางร้านขอสงวนสิทธิ์ ถือเป็นที่สิ้นสุดการรับประกันสินค้า
5.การรับประกันสินค้าไม่ครอบคลุมถึงสินค้าที่เป็นของแถม ในช่วงระยะเวลารับประกันคุณต้องจ่ายค่าขนส่งด้วยตัวเอง
6.สภาพสินค้าที่เกิดความเสียหายจากผู้ใช้ เช่น แตก ชำรุดบุบ ไหม้ มีคราบน้ำ คราบสนิม เป็นต้นถือว่าสิ้นสุดการรับประกัน
7.ไม่รับเปลี่ยนหรือคืนสินค้าที่เกิดจากการใช้งานที่ผิดวิธี หรือการสั่งซื้อที่เกิดความผิดพลาดของลูกค้า ไม่ว่ากรณีใด
8.กรณีสินค้ามีปัญหาด้านการจัดส่งหรือสูญหาย รบกวนแจ้งทางร้านทันที
9.การเคลมสินค้าลูกค้าต้องออกค่าจัดส่งเองทั้งไปและกลับ
10. กรณแตกหัก เสียหาย จากการใช้งานแล้ว งดเคลม/คืนสินค้าทุกกรณี",4.69,8,67,3.06 hours,Mon Dec 02 2019 09:23:46 GMT+0000 (Coordinated Universal Time),75,"[{""name"":""1 กระบอก"",""variations"":[""ไม่เพิ่มลูก"",""เพิ่มลูก 20 วง"",""เพิ่มลูก 1 กล่อง""]}]",https://shopee.co.th,,100632,false,,"[{""name"":""model"",""value"":""เพิ่มลูก 1 กล่อง""}]",0,https://shopee.co.th/%E0%B8%82%E0%B8%AD%E0%B8%87%E0%B9%80%E0%B8%A5%E0%B9%88%E0%B8%99%E0%B8%AA%E0%B8%99%E0%B8%B2%E0%B8%A1-cat.11044960.11045227.11046162,null,,,null
https://shopee.com.co/Soporte-De-Modelo-Competitivo-Modelos-Gundam-Base-De-Acci%C3%B3n-Hobby-i.510227992.25713764645?model_id=255341541526,25713764645,Soporte De Modelo Competitivo Modelos Gundam Base De Acción Hobby,0,0,0,81667,81667,COP,,0,"[""https://down-co.img.susercontent.com/file/sg-11134201-7rcdo-lrtpyapzjgdz23_tn"",""https://down-co.img.susercontent.com/file/sg-11134201-7rcfb-lrtpybqw024u8c_tn"",""https://down-co.img.susercontent.com/file/sg-11134201-7rcef-lrtpyckksly6f8_tn""]",null,hel███co,https://shopee.com.co/hellp.co,"[""Hobbies y Colecciones"",""Artículos Coleccionables"",""Otros""]","[{""name"":""Existencias"",""value"":""2400""}]","Caracteristicas:
Ligero y portátil: los soportes de figuras modelo son tan livianos y portátiles que puede moverse fácilmente, fáciles de instalar.
Función: junta libremente las piezas del escenario para crear su etapa de exhibición ideal. De acuerdo con su imaginación, estos accesorios se pueden montar libremente en diferentes formas: soporte, alinear, posear, etc.
Material: estos soportes de figura están hechos de material plástico de primera calidad, las conexiones son ajustadas, fáciles de ensamblar y reemplazar.
Aplicación: Universal para figuras modelo, para modelos Gundam, con una base puede conectar múltiples conjuntos de pilares, perfecto para la reproducción de escenas de batalla de lucha.
Servicio posventa: si tiene algún problema, contáctenos de inmediato, lo ayudaremos a resolverlo lo antes posible.
Especificaciones:
Material: Plástico
Tamaño: 20*14*20cm
Color: blanco, negro
Notas:
Tenga en cuenta que, debido a la influencia de la luz y la pantalla, es aceptable una ligera aberración cromática.
Permita un ligero error de medición debido a la medición manual.
",4.67,464,57,,Thu Aug 12 2021 06:54:18 GMT+0000 (Coordinated Universal Time),27,"[{""name"":""Color"",""variations"":[""White"",""Black""]}]",https://shopee.com.co,,100639,false,,"[{""name"":""model"",""value"":""Black""}]",0,https://shopee.com.co/Otros-cat.11069098.11069332.11070329,null,,,null
https://shopee.co.id/Sandal-Jepit-Wanita-sehari-hari-karakter-bear-01-kekinian-i.817412916.22618767004?model_id=220769415422,22618767004,Sandal Jepit Wanita sehari hari karakter bear 01 kekinian,0,4.5,0,19000,11250,IDR,,0,"[""https://down-id.img.susercontent.com/file/id-11134207-7qul4-lj11fvjza10je8_tn"",""https://down-id.img.susercontent.com/file/id-11134207-7qul7-lj11fvjzcu0d1e_tn"",""https://down-id.img.susercontent.com/file/id-11134207-7qul7-lj11fvjza0sb39_tn"",""https://down-id.img.susercontent.com/file/id-11134207-7qul6-lj11fvjza0vh7c_tn"",""https://down-id.img.susercontent.com/file/id-11134207-7qul8-lj11fvjzbffxfb_tn"",""https://down-id.img.susercontent.com/file/id-11134207-7qul7-lj11fvk99mc790_tn"",""https://down-id.img.susercontent.com/file/id-11134207-7qul6-lj11fvjze8ktcb_tn"",""https://down-id.img.susercontent.com/file/id-11134207-7qul8-lj11fvjzh1ppac_tn"",""https://down-id.img.susercontent.com/file/id-11134207-7r98w-lydqmouup6aw8b_tn""]",null,RD ███a S███e,https://shopee.co.id/rafkazkiya,"[""Sepatu Wanita"",""Sandal Jepit & Sandal Lainnya"",""Sandal Jepit""]","[{""name"":""Stok Diskon"",""value"":""16872""},{""name"":""Stok Lain"",""value"":""2932""},{""name"":""Merek"",""value"":""-""},{""name"":""Tipe Pengikat"",""value"":""Slip-On""},{""name"":""Tinggi Hak"",""value"":""Tanpa Hak""},{""name"":""Negara Asal"",""value"":""Indonesia""},{""name"":""Bahan"",""value"":""Spons""},{""name"":""Dikirim Dari"",""value"":""KAB. BOGOR""}]","Deskripsi: Sandal Jepit Wanita Karakter Bear 01 Kekinian sangat cocok untuk Anda yang mencari sandal wanita sehari-hari dengan tampilan yang imut dan lucu. Motif karakter bear pada sandal ini akan membuat penampilan Anda semakin menarik dan stylish. Fitur Utama: - Cocok untuk kegiatan kasual sehari-hari - Tinggi sepatu bot tanpa hak dengan tipe hak hiasan - Bahan spon AR yang lembut dan nyaman saat digunakan - Bentuk jari kaki ujung terbuka membuat kaki tetap terasa dingin di cuaca panas - Lebar sepatu narrow sehingga cocok untuk kaki yang ramping Desain: Sandal Jepit Wanita Karakter Bear 01 Kekinian memiliki pola kartun karakter bear yang imut. Desainnya sangat sesuai dengan selera wanita masa kini. Selain itu, sandal ini ringan sehingga nyaman saat digunakan dalam waktu lama. Bahan: Sandal Jepit Wanita Karakter Bear 01 Kekinian terbuat dari bahan spon AR, sehingga sangat lembut dan nyaman saat dipakai. Bahan ini juga dapat menyerap keringat pada hari-hari panas. Jenis Kulit: Tidak ada jenis kulit dalam produk ini. Dengan Sandal Jepit Wanita Karakter Bear 01 Kekinian, penampilan Anda akan semakin trendy namun tetap nyaman di segala kesempatan!

Patokan Panjang Kaki dan Size 
36 : 22 cm
37 : 22.5cm
38 : 23cm
39 : 23.5cm
40 : 24cm



#sandalmurah
#sandalglosir
#Sandalcantik
#sandalbaru",4.58,133,100,1.91 hours,Wed Jul 13 2022 12:49:50 GMT+0000 (Coordinated Universal Time),2835,"[{""name"":""Warna"",""variations"":[""Orange"",""Kuning"",""Cream"",""Biru"",""Hijau""]},{""name"":""Size"",""variations"":[""37"",""38"",""39"",""40""]}]",https://shopee.co.id,,100532,false,,"[{""name"":""model"",""value"":""Cream,37""}]",0,https://shopee.co.id/Sandal-Jepit-cat.11042604.11042624.11042626,"[{""claimable"":false,""currency"":""IDR"",""discount"":null,""discount_cap"":50000000,""discount_percentage"":70,""min_spend"":0,""shop_vouncher"":""RD kiya Store"",""special_condition"":null,""text_info"":""RAFK0117"",""validity_end"":""2024-09-30T16:59:00.000Z"",""validity_start"":""2024-07-01T07:37:00.000Z""},{""claimable"":false,""currency"":""IDR"",""discount"":null,""discount_cap"":50000000,""discount_percentage"":50,""min_spend"":0,""shop_vouncher"":""RD kiya Store"",""special_condition"":null,""text_info"":""RAFK1444"",""validity_end"":""2024-09-30T16:59:00.000Z"",""validity_start"":""2024-07-01T07:46:00.000Z""},{""claimable"":false,""currency"":""IDR"",""discount"":1000,""discount_cap"":0,""discount_percentage"":0,""min_spend"":3000000000,""shop_vouncher"":""RD kiya Store"",""special_condition"":null,""text_info"":""RAFK1441"",""validity_end"":""2024-09-30T16:59:00.000Z"",""validity_start"":""2024-07-01T07:45:00.000Z""},{""claimable"":false,""currency"":""IDR"",""discount"":1200,""discount_cap"":0,""discount_percentage"":0,""min_spend"":9000000000,""shop_vouncher"":""RD kiya Store"",""special_condition"":null,""text_info"":""RAFK0007"",""validity_end"":""2024-09-30T16:59:00.000Z"",""validity_start"":""2024-07-01T07:45:00.000Z""},{""claimable"":false,""currency"":""IDR"",""discount"":1500,""discount_cap"":0,""discount_percentage"":0,""min_spend"":10000000000,""shop_vouncher"":""RD kiya Store"",""special_condition"":null,""text_info"":""RAFK1439"",""validity_end"":""2024-09-30T16:59:00.000Z"",""validity_start"":""2024-07-01T07:41:00.000Z""},{""claimable"":false,""currency"":""IDR"",""discount"":2000,""discount_cap"":0,""discount_percentage"":0,""min_spend"":15000000000,""shop_vouncher"":""RD kiya Store"",""special_condition"":null,""text_info"":""RAFK1438"",""validity_end"":""2024-09-30T16:59:00.000Z"",""validity_start"":""2024-07-01T07:40:00.000Z""}]",,,null
https://shopee.cl/Kooka-Almohada-Tama%C3%B1o-XL-68X48-Beb%C3%A9-TENCEL-TENCIL-HAMPERS-i.1225013896.24374020457?model_id=236221623309,24374020457,Kooka Almohada Tamaño XL 68X48 Bebé TENCEL TENCIL HAMPERS,0,0,0,62000,62000,CLP,0,0,"[""https://down-cl.img.susercontent.com/file/id-11134207-7r990-lu31wbwt51c606_tn"",""https://down-cl.img.susercontent.com/file/id-11134207-7r98s-lu31wbwt287a25_tn"",""https://down-cl.img.susercontent.com/file/id-11134207-7r98w-lu31wbwswlt4fe_tn"",""https://down-cl.img.susercontent.com/file/id-11134207-7r98y-lu31wbwt0tmu80_tn"",""https://down-cl.img.susercontent.com/file/id-11134207-7r98x-lu31wbwsse3s25_tn"",""https://down-cl.img.susercontent.com/file/id-11134207-7r98v-lu31wbwsv78o5a_tn"",""https://down-cl.img.susercontent.com/file/id-11134207-7r992-lu31wbwt3mrq90_tn""]",null,che███tor███.cl███,https://shopee.cl/cheahstorepk.cl,"[""Madre y Bebé"",""Guardería"",""Colchones y Ropa de Cama"",""Almohadas y Bolsters""]",null,"Kooka PILLOW TAMAÑO XL 68CM X 48CM
Kooka utiliza tela TENCEL muy cómoda y segura para bebés y niños.

Nuestras almohadas hipoalergénicas, el refuerzo y las mantas están diseñadas para minimizar los alérgenos, lo que garantiza un ambiente saludable para el sueño de su bebé. Elige productos que priorizan el bienestar de tu bebé y ayúdales a disfrutar de un descanso tranquilo e ininterrumpido.
El precio de los artículos incluye una tarifa de envío que debe ser transmitida por el comprador.
El precio del artículo incluye una tarifa de envío que debe ser transmitida por el comprador.",0,86,57,,Wed Apr 03 2024 10:14:01 GMT+0000 (Coordinated Universal Time),0,"[{""name"":""Motivo"",""variations"":[""País de las maravillas"",""Hora de acostarse MIDNIGHT"",""Hora de acostarse BLANCO"",""Bosque""]}]",https://shopee.cl,,100632,false,,"[{""name"":""model"",""value"":""Bosque""}]",0,https://shopee.cl/Almohadas-cat.11070436.11070497.11070877,null,,,null
https://shopee.co.id/Pepsodent-Sikat-Gigi-Silver-Charcoal-1-pc-Twin-Pack-i.14318452.988499101,988499101,Pepsodent Sikat Gigi Silver Charcoal 1 pc Twin Pack,0,4.9,0,28800,28800,IDR,0,0,"[""https://down-id.img.susercontent.com/file/9aa29b545ea19d9d3ca5016b77a5e05f_tn"",""https://down-id.img.susercontent.com/file/04d58955845710e865ae403d15e3bd00_tn"",""https://down-id.img.susercontent.com/file/004b8e621b71994ae76f65bb6f8633bf_tn""]",null,Uni███er ███one█████████ial██████,https://shopee.co.id/unileverindonesia,"[""Kesehatan"",""Perawatan Diri"",""Perawatan Mulut"",""Sikat Gigi""]","[{""name"":""Merek"",""value"":""Pepsodent""},{""name"":""Masa Penyimpanan"",""value"":""24 Bulan""},{""name"":""Tanggal Kedaluwarsa"",""value"":""31-03-2023""},{""name"":""No. Izin Edar ( Alkes , PKRT )"",""value"":""-""},{""name"":""Dikirim Dari"",""value"":""KOTA BEKASI""}]","2 pcs Pepsodent Sikat Gigi Silver Charcoal isi 1 pc

Pepsodent Sikat Gigi Silver Charcoal merupakan sikat gigi dengan bulu sikat charcoal yang terbuat dari binchotan charcoal Jepang, sehingga membuat bulu sikat cepat kering dan anti bakteria. Dengan bulu sikat terbaik dari Pepsodent yang memiliki keunggulan slim dengan double tapered filament yang mampu menjangkau ke sela tersempit pada celah gigi.",4.91,7737,100,1.16 hours,Tue Dec 27 2016 03:10:50 GMT+0000 (Coordinated Universal Time),3905201,"[{""variations"":[null]}]",https://shopee.co.id,Pepsodent,100001,false,,"[{""name"":""model"",""value"":null}]",0,https://shopee.co.id/Sikat-Gigi-cat.11043279.11043320.11043321,"[{""claimable"":false,""currency"":""IDR"",""discount"":10000,""discount_cap"":0,""discount_percentage"":0,""min_spend"":10000000000,""shop_vouncher"":""Unilever Indonesia Official Shop"",""special_condition"":null,""text_info"":""UOSSEP4"",""validity_end"":""2024-09-08T16:59:00.000Z"",""validity_start"":""2024-09-01T17:00:00.000Z""},{""claimable"":false,""currency"":""IDR"",""discount"":30000,""discount_cap"":0,""discount_percentage"":0,""min_spend"":28500000000,""shop_vouncher"":""Unilever Indonesia Official Shop"",""special_condition"":null,""text_info"":""UOSSEP6"",""validity_end"":""2024-09-08T16:59:00.000Z"",""validity_start"":""2024-09-01T17:00:00.000Z""}]",,,null
https://shopee.co.th/%E0%B8%81%E0%B8%B2%E0%B8%A3%E0%B9%8C%E0%B8%94%E0%B8%88%E0%B8%AD-VGA-RX-580-570-8GB/4GB-%E0%B8%A1%E0%B8%B7%E0%B8%AD%E0%B8%AA%E0%B8%AD%E0%B8%87-%E0%B8%AA%E0%B8%A0%E0%B8%B2%E0%B8%9E%E0%B8%AA%E0%B8%A7%E0%B8%A2-i.237870887.3655613587?model_id=241106605232,3655613587,การ์ดจอ VGA RX 580-570 8GB/4GB มือสอง สภาพสวย,0,4.8,0,3555,2599,THB,0,0,"[""https://down-th.img.susercontent.com/file/th-11134207-7r98r-lwwsgdgisz3k3a_tn"",""https://down-th.img.susercontent.com/file/th-11134207-7r98s-lv0pikx9rc37db_tn"",""https://down-th.img.susercontent.com/file/th-11134207-7r992-lwx2p4rqf99se1_tn"",""https://down-th.img.susercontent.com/file/th-11134207-7r98x-lwx2p4rpzt0wad_tn"",""https://down-th.img.susercontent.com/file/th-11134207-7r98y-lwx2p4rpzt8v07_tn"",""https://down-th.img.susercontent.com/file/th-11134207-7r98o-lwx2p4sjyle717_tn"",""https://down-th.img.susercontent.com/file/th-11134207-7r98u-lwx2p4sjyl68d3_tn""]",null,TKT███2 ,https://shopee.co.th/%E0%B8%81%E0%B8%B2%E0%B8%A3%E0%B9%8C%E0%B8%94%E0%B8%88%E0%B8%AD-VGA-RX-580-570-8GB/tktcomshop,"[""คอมพิวเตอร์และอุปกรณ์เสริม"",""อุปกรณ์คอมพิวเตอร์"",""การ์ดจอ""]","[{""name"":""คลัง"",""value"":""5""},{""name"":""เงื่อนไข"",""value"":""สภาพ""},{""name"":""สินค้า"",""value"":""AMD(เอเอ็มดี)""},{""name"":""ผู้ผลิตการ์ดจอ"",""value"":""AMD""},{""name"":""ประเภทหน่วยความจำวีดีโอ"",""value"":""GDDR5""},{""name"":""หน่วยความจำกราฟิก"",""value"":""8GB""},{""name"":""ระยะเวลาการรับประกัน"",""value"":""1 สัปดาห์""},{""name"":""ประเภทการประกัน"",""value"":""ผู้ขาย""},{""name"":""กราฟิกการ์ดรุ่น"",""value"":""RX570 580""},{""name"":""ส่งจาก"",""value"":""จังหวัดปทุมธานี""}]","RX 580-570 8GB/4GB มือสอง
สภาพ : มือสอง 
อุปกรณ์ : มีแต่ตัว ไม่มีกล่อง
ประกัน : รับประกัน 7 วัน
รับได้ที่ : รังสิต
มีบริการเก็บเงินปลายทาง
เบอร์โทร : 0804311125",4.81,120,91,0.75 hours,Sat Mar 21 2020 10:45:43 GMT+0000 (Coordinated Universal Time),759,"[{""name"":""VGA"",""variations"":[""RX 570 4GB GAMING"",""RX 570 4GB AORUS"",""RX 570 4GB MSI ARMOR"",""RX 570 4GB RED DEVIL"",""RX 570 4GB ASROCK"",""RX 570 4GB STRIX"",""RX 570 4GB GAMING X"",""RX 580 4GB GAMING"",""RX 480 8GB RED DEVIL"",""RX 580 8GB GAMING"",""RX 580 8GB AORUS"",""RX 580 8GB REDDEVILL"",""RX 580 8GB MSI ARMOR"",""RX 580 8GB NITRO"",""RX 570 4GB NITRO"",""RX 580 8GB SAPPHIRE"",""RX 580 8GB GAMING X"",""RX 570 8GB NITRO""]}]",https://shopee.co.th,AMD(เอเอ็มดี),100644,false,,"[{""name"":""model"",""value"":""RX 580 8GB REDDEVILL""}]",0,https://shopee.co.th/%E0%B8%81%E0%B8%A3%E0%B8%B2%E0%B8%9F%E0%B8%9F%E0%B8%B4%E0%B8%84%E0%B8%81%E0%B8%B2%E0%B8%A3%E0%B9%8C%E0%B8%94-cat.11044958.11045198.11046026,null,,,null
https://shopee.cl/Bandai-RG-32-1/144-RX-93-NU-V-Amuro-Modelo-De-Montaje-Dedicado-Niu-Gundam-i.879237419.23809973219,23809973219,Bandai RG 32 1/144 RX-93 NU V Amuro Modelo De Montaje Dedicado Niu Gundam,0,0,0,118727,118727,CLP,0,0,"[""https://down-cl.img.susercontent.com/file/sg-11134201-22120-hp1vr0x3lvkv1b_tn"",""https://down-cl.img.susercontent.com/file/sg-11134201-22120-izuz48x3lvkve2_tn"",""https://down-cl.img.susercontent.com/file/sg-11134201-22120-ge0boyx3lvkv13_tn"",""https://down-cl.img.susercontent.com/file/sg-11134201-22120-zk3deyx3lvkvb5_tn"",""https://down-cl.img.susercontent.com/file/sg-11134201-22120-6ki3b6x3lvkvb6_tn"",""https://down-cl.img.susercontent.com/file/sg-11134201-22120-a7fb9yx3lvkv20_tn"",""https://down-cl.img.susercontent.com/file/sg-11134201-22120-nhaeaxx3lvkve3_tn"",""https://down-cl.img.susercontent.com/file/sg-11134201-22120-dywf7vx3lvkv7b_tn"",""https://down-cl.img.susercontent.com/file/sg-11134201-22120-ixmaszx3lvkv4a_tn""]",null,son███.cl███,https://shopee.cl/Bandai-RG-32-1/songli.cl,"[""Hobbies y Colecciones"",""Juguetes y Juegos"",""Juegos de Dados, Mesa y Cartas""]","[{""name"":""Cantidad"",""value"":""Nada""}]","Marca: BANDAI/BANDAI
Lugar de origen: Provincia de Jiangsu
Área de trabajo: Japón
Área de autor: Japón
Tipo de versión: versión japonesa
Serie de modelos: RG
Si necesita ser ensamblado:
Escala: 1: 144
Grupo de edad aplicable: más de 14 años",4.33,90,57,,Sat Oct 08 2022 12:35:11 GMT+0000 (Coordinated Universal Time),10,"[{""name"":""Color"",""variations"":[""Bandai Genuino""]}]",https://shopee.cl,,100639,false,,"[{""name"":""model"",""value"":""Bandai Genuino""}]",0,"https://shopee.cl/Juegos-de-Dados,-Mesa-y-Cartas-cat.11070437.11070672.11071671",null,,,null
https://shopee.co.th/%F0%9F%94%86%E0%B8%9B%E0%B9%89%E0%B8%B2%E0%B8%A2%E0%B9%84%E0%B8%97%E0%B8%A2%F0%9F%94%86-%E0%B9%80%E0%B8%88%E0%B8%A5%E0%B8%AD%E0%B8%B2%E0%B8%9A%E0%B8%99%E0%B9%89%E0%B8%B3-%E0%B8%9A%E0%B8%B3%E0%B8%A3%E0%B8%B8%E0%B8%87%E0%B8%9C%E0%B8%B4%E0%B8%A7%E0%B8%8A%E0%B8%B8%E0%B9%88%E0%B8%A1%E0%B8%8A%E0%B8%B7%E0%B9%89%E0%B8%99-Clarins-Tonic-Bath-&-Shower-concentrate-200-ml%F0%9F%94%86-i.2437991.7351678027?model_id=71096529533,7351678027,🔆ป้ายไทย🔆 เจลอาบน้ำ บำรุงผิวชุ่มชื้น Clarins Tonic Bath & Shower concentrate 200 ml🔆,0,5,0,260,260,THB,0,0,"[""https://down-th.img.susercontent.com/file/th-11134207-7qul2-liifyxlyj3zc45_tn"",""https://down-th.img.susercontent.com/file/th-11134207-7qul8-liifyxlyj3wx75_tn""]",null,ban███g,https://shopee.co.th/bannong,"[""ผลิตภัณฑ์บำรุงและเสริมความงาม"",""สบู่อาบน้ำและผลิตภัณฑ์ดูแลผิวกาย"",""สบู่ชำระผิวกาย""]","[{""name"":""คลัง"",""value"":""4""},{""name"":""สินค้า"",""value"":""Clarins(คาแรงส์)""},{""name"":""ส่งจาก"",""value"":""จังหวัดนครราชสีมา""}]","
❌200 ml ผลิต 08/2565❌
❌100 ml ผลิต 08/2564❌
เจลอาบน้ำ บำรุงผิวชุ่มชื้น Clarins Tonic Bath & Shower With Essential Oils 200 ml

😍แค่อาบก็เหมือนยก Spa ของ Clarins มาไว้ในห้องน้ำ!!!😍

  Clarins  Tonic Bath & Shower Concentrate 200ml ( 1,100บาท)นี้คือ Bath & Shower ที่หอมผ่อนคลายและสารบำรุงจากน้ำมัน Rosemary, Mint และ Geranium ทั้ง 3 กลิ่นนี้พอรวมกันแล้ว กลิ่นคือสวรรค์มากที่สำคัญคืออาบแล้วผิวไม่แห้งเหมือนถูกบำรุงไปในตัวด้วย 
     

เครื่องสำอางแบรนด์ CLARINS รุ่น Tonic Bath & Shower Concentrate Batch Code #0924068 ผลิตเมื่อช่วงเดือนพฤษภาคม 2019 เช่นเดียวกันค่ะ",4.96,477,93,0.64 hours,Thu Dec 24 2015 14:59:28 GMT+0000 (Coordinated Universal Time),15435,"[{""name"":""ขนาด"",""variations"":[""100 ml no box"",""200 ml กล่องซีล"",""30 ml*4 ชิ้น""]}]",https://shopee.co.th,Clarins(คาแรงส์),100630,false,,"[{""name"":""model"",""value"":""100 ml no box""}]",0,https://shopee.co.th/%E0%B8%9C%E0%B8%A5%E0%B8%B4%E0%B8%95%E0%B8%A0%E0%B8%B1%E0%B8%93%E0%B8%91%E0%B9%8C%E0%B8%AD%E0%B8%B2%E0%B8%9A%E0%B8%99%E0%B9%89%E0%B8%B3-cat.11044959.11045201.11046042,null,,,null
https://shopee.ph/LSJ-UV-Sunscreen-Umbrella(Automatic)sun-protection-i.16234338.2454109289?model_id=240359665685,2454109289,LSJ UV Sunscreen Umbrella(Automatic)sun protection,0,4.8,0,200,119,PHP,0,0,"[""https://down-ph.img.susercontent.com/file/e623b50c3a8745c4ce0c9bc8120d0211_tn"",""https://down-ph.img.susercontent.com/file/ph-11134207-7r98u-lllthn01yojq49_tn"",""https://down-ph.img.susercontent.com/file/df4578acb4abfc168e8d1c8c1118ae79_tn"",""https://down-ph.img.susercontent.com/file/cd51daf90c28d03598eeb69da934f051_tn"",""https://down-ph.img.susercontent.com/file/2feff5730e99bb18ecc27f46f8ff4a2e_tn"",""https://down-ph.img.susercontent.com/file/b2bbc95be1e4cb4cc7ca7332974833a9_tn"",""https://down-ph.img.susercontent.com/file/ph-11134207-7qul4-liz97ei06sxy13_tn"",""https://down-ph.img.susercontent.com/file/ph-11134207-7qul4-liz97ei06t7gb5_tn""]",null,LSJ███shi███,https://shopee.ph/lsj.fashion,"[""Sports & Outdoors"",""Sports & Outdoor Accessories"",""Umbrellas""]","[{""name"":""Stock"",""value"":""68206""},{""name"":""Umbrella Type"",""value"":""Others""},{""name"":""Ships From"",""value"":""San Nicolas, Metro Manila""}]","colors:black green Nblue

Function: two functions in rainy and sunny days

✔️Free shipping/COD available.
✔️Please select the variations then place order,Because we can't accept the remark or message color request.（If the variation indicate:""Random or Assorted"",It means we decide the color)❗️
✔️⚠️We may not able to cancel some orders, please make sure then place orders.⚠️
✔️Support retail and wholesale.(If there is a mark ""wholesale""）
✔️🚚Ship out the orders within 2 days.",4.75,174,69,0.00 hours,Tue Feb 07 2017 05:28:38 GMT+0000 (Coordinated Universal Time),1965501,"[{""name"":""颜色"",""variations"":[""UV/automatic black"",""UV/automatic NBLUE"",""UV/automatic green"",""UV/Marron/atomic"",""UV/pink/atomic"",""daisy/black/automati"",""daisy/green/automati"",""black/leaf/atomic""]}]",https://shopee.ph,,100637,false,,"[{""name"":""model"",""value"":""black/leaf/atomic""}]",0,https://shopee.ph/Umbrellas-cat.11044844.11046601.11046605,null,,,null
https://shopee.com.co/Pantalones-Cortos-De-Las-Mujeres-Traje-De-Honda-De-Manga-Corta-De-Las-Mujeres-Pantalones-De-Protecci%C3%B3n-Solar-Nuevo-Estilo-Traje-De-Tres-Piezas-Tencel-2023-i.1111558719.25516245036?model_id=207341172665,25516245036,Pantalones Cortos De Las Mujeres Traje De Honda De Manga Corta De Las Mujeres Pantalones De Protección Solar Nuevo Estilo Traje De Tres Piezas Tencel 2023,0,0,0,221296,221296,COP,,0,"[""https://down-co.img.susercontent.com/file/sg-11134201-7rcd5-lscycx4w4koz92_tn"",""https://down-co.img.susercontent.com/file/sg-11134201-7rcdt-lscycxuz2ep5f5_tn"",""https://down-co.img.susercontent.com/file/sg-11134201-7rce3-lscybzv2tfb527_tn"",""https://down-co.img.susercontent.com/file/sg-11134201-7rcdg-lscycz0ldi1zc8_tn"",""https://down-co.img.susercontent.com/file/sg-11134201-7rcbs-lscyczx23ena37_tn"",""https://down-co.img.susercontent.com/file/sg-11134201-7rcdt-lscycxuz2ep5f5_tn"",""https://down-co.img.susercontent.com/file/sg-11134201-7rcdg-lscycz0ldi1zc8_tn"",""https://down-co.img.susercontent.com/file/sg-11134201-7rcbs-lscyczx23ena37_tn"",""https://down-co.img.susercontent.com/file/sg-11134201-7rcez-lscyc6cpbk2n02_tn""]",null,Kin███8.c███,https://shopee.com.co/kingly8.co,"[""Ropa de Mujer"",""Ropa Tradicional"",""Conjuntos""]","[{""name"":""Existencias"",""value"":""4820""},{""name"":""Talla Extra"",""value"":""Sí""},{""name"":""Material"",""value"":""Tencel/tencel (fibra de varios)""},{""name"":""Cantidad"",""value"":""Cero""}]","Lugar de origen: Provincia de Guangdong
Estilo: Viajero Simple/Simple
Elementos Populares: Correas, Asimetría
Estilo: Traje de pantalones
Longitud de la manga: manga tres cuartos
Tela/material: Tencel/Tencel (Fibra de yocel)
Contenido de ingredientes: 96% (incluido) -100% (exclusivo)
Edad aplicable: jóvenes y de mediana edad (26-40 años)
Temporada de cotización de tiempo: verano de 2023
",0,35,57,,Mon Nov 06 2023 16:44:43 GMT+0000 (Coordinated Universal Time),0,"[{""name"":""Color"",""variations"":[""Conjunto de tres piezas azul g""]},{""name"":""Tamaño"",""variations"":[""M"",""L"",""XL"",""2XL""]}]",https://shopee.com.co,,100017,false,,"[{""name"":""model"",""value"":""Conjunto de tres piezas azul g,XL""}]",0,https://shopee.com.co/Ropa-Tradicional-cat.11069111.11069243.11069814,null,,,null
https://shopee.co.th/%E0%B8%A7%E0%B8%B4%E0%B8%97%E0%B8%A2%E0%B8%B2%E0%B8%A8%E0%B8%A3%E0%B8%A1-%E0%B8%A1%E0%B8%AB%E0%B8%B2%E0%B8%AB%E0%B8%B4%E0%B8%87%E0%B8%84%E0%B9%8C-%E0%B8%81%E0%B8%A5%E0%B8%B4%E0%B9%88%E0%B8%99%E0%B8%AB%E0%B8%AD%E0%B8%A1-%E0%B8%A5%E0%B8%94%E0%B8%AD%E0%B8%B2%E0%B8%81%E0%B8%B2%E0%B8%A3%E0%B8%97%E0%B9%89%E0%B8%AD%E0%B8%87%E0%B8%AD%E0%B8%B7%E0%B8%94-%E0%B9%81%E0%B8%9A%E0%B8%9A%E0%B8%A5%E0%B8%B9%E0%B8%81%E0%B8%81%E0%B8%A5%E0%B8%B4%E0%B9%89%E0%B8%87-%E0%B9%80%E0%B8%88%E0%B8%A5%E0%B8%AA%E0%B8%A1%E0%B8%B8%E0%B8%99%E0%B9%84%E0%B8%9E%E0%B8%A3-%E0%B9%83%E0%B8%8A%E0%B9%89%E0%B9%84%E0%B8%94%E0%B9%89%E0%B8%95%E0%B8%B1%E0%B9%89%E0%B8%87%E0%B9%81%E0%B8%95%E0%B9%88%E0%B9%80%E0%B8%94%E0%B9%87%E0%B8%81%E0%B9%81%E0%B8%A3%E0%B8%81%E0%B9%80%E0%B8%81%E0%B8%B4%E0%B8%94-%E0%B8%82%E0%B8%AD%E0%B8%87%E0%B9%83%E0%B8%AB%E0%B8%A1%E0%B9%88-i.106772427.21852511227?model_id=217331129022,21852511227,วิทยาศรม มหาหิงค์ กลิ่นหอม ลดอาการท้องอืด แบบลูกกลิ้ง เจลสมุนไพร ใช้ได้ตั้งแต่เด็กแรกเกิด ของใหม่,0,4.9,0,179,99,THB,,0,"[""https://down-th.img.susercontent.com/file/th-11134207-7r98o-lxxsnvtn4m33ab_tn"",""https://down-th.img.susercontent.com/file/th-11134207-7r991-ls5v0v84wwoe72_tn"",""https://down-th.img.susercontent.com/file/th-11134207-7r991-ls5v0v84yb8u42_tn"",""https://down-th.img.susercontent.com/file/th-11134207-7r98v-ls5var3rryyl54_tn"",""https://down-th.img.susercontent.com/file/3bbd4f4b9c6be8bf6e27d8805b064f11_tn"",""https://down-th.img.susercontent.com/file/th-11134207-7r98p-ls5var3rtdj16f_tn"",""https://down-th.img.susercontent.com/file/sg-11134201-22100-9m03annjgciv7f_tn"",""https://down-th.img.susercontent.com/file/0e69858eb6cbad7c017a82b2685c5b5c_tn""]",null,เบบ███าสเ███201███,https://shopee.co.th/babypastelshop,"[""แม่และเด็ก"",""ผลิตภัณฑ์ดูแลสุขภาพเด็ก"",""สินค้าอื่นๆ""]","[{""name"":""คลัง"",""value"":""1553212""},{""name"":""สินค้า"",""value"":""Vidhyasom(วิทยาศรม)""},{""name"":""ประเภทการห่อ"",""value"":""ห่อรวมกัน""},{""name"":""อายุการเก็บรักษา"",""value"":""24 เดือน""},{""name"":""หมายเลขใบอนุญาต/อย."",""value"":""10-1-6200038246""},{""name"":""ส่งจาก"",""value"":""จังหวัดกรุงเทพมหานคร""}]","วิทยาศรม มหาหิงค์ กลิ่นหอม ลดอาการท้องอืดปวดท้อง แบบลูกกลิ้ง และแบบใหม่เจลสมุนไพร ใช้ได้ตั้งแต่เด็กแรกเกิด ของใหม่

วิทยาศรมมี 2 สูตร
1. มหาหิงค์ ลูกกลิ้งฝาสีนํ้าเงิน45G. เป็นสูตรดั้งเดิม นํ้าสีนํ้าตาล มีกลิ่นเป็นเอกลักษณ์ สกัดมาจากชันยางของต้นมหาหิงค์
2. Baby natural gel เป็นเจลสมุนไพรทางเลือกกลิ่นเปเปอร์มิ้น เป็นเจลสีขาว ไม่เปื้อนเสื้อผ้า

ของลอตใหม่ล่าสุด ใช้ได้อีกนาน",4.86,207,99,3.76 hours,Wed Nov 21 2018 10:56:29 GMT+0000 (Coordinated Universal Time),124449,"[{""name"":""ตัวเลือก"",""variations"":[""วิทยาศรม ลูกกลิ้ง"",""วิทยาศรม เจล"",""ปุ๋งปุ๋ง เจลลูกกลิ้ง"",""น้ำมันหอมแดงวิทยาศรม""]}]",https://shopee.co.th,Vidhyasom(วิทยาศรม),100632,false,,"[{""name"":""model"",""value"":""น้ำมันหอมแดงวิทยาศรม""}]",0,https://shopee.co.th/%E0%B8%AD%E0%B8%B7%E0%B9%88%E0%B8%99%E0%B9%86-cat.11044960.11045212.11046510,"[{""claimable"":false,""currency"":""THB"",""discount"":9,""discount_cap"":0,""discount_percentage"":0,""min_spend"":79900000,""shop_vouncher"":""เบบี้พาสเท็ล2019"",""special_condition"":null,""text_info"":""BABYSEP09"",""validity_end"":""2024-09-30T16:59:00.000Z"",""validity_start"":""2024-08-31T17:59:00.000Z""}]",,,null
https://shopee.ph/Samsung-Galaxy-S23-Ultra-5G-Original-Legit-Cellphone-16GB+512GB-Smartphone-Cheap-Mobile-Phone-COD-i.1017714189.25279949319?model_id=89563056659,25279949319,Samsung Galaxy S23 Ultra 5G Original Legit Cellphone 16GB+512GB Smartphone Cheap Mobile Phone COD,0,4.7,0,4538,4538,PHP,,0,"[""https://down-ph.img.susercontent.com/file/ph-11134207-7r98s-lvcp672bcgunf6_tn"",""https://down-ph.img.susercontent.com/file/ph-11134207-7r990-lv5wywjl2zv8c4_tn"",""https://down-ph.img.susercontent.com/file/ph-11134207-7r98p-lv5wywjl8m5061_tn"",""https://down-ph.img.susercontent.com/file/ph-11134207-7r990-lv5wywjl4efoe8_tn"",""https://down-ph.img.susercontent.com/file/ph-11134207-7r98o-lv5wywjl5t04a3_tn"",""https://down-ph.img.susercontent.com/file/ph-11134207-7r990-lv5wywjl77kk95_tn"",""https://down-ph.img.susercontent.com/file/ph-11134207-7r98u-lv5wywjlctucc8_tn"",""https://down-ph.img.susercontent.com/file/ph-11134207-7r991-lv5wywjla0pgbf_tn"",""https://down-ph.img.susercontent.com/file/ph-11134207-7r98p-lv5wywjlbf9w33_tn""]",null,So ███d S███es,https://shopee.ph/sogoodstores,"[""Mobile & Gadgets"",""Mobile Phones""]","[{""name"":""Stock"",""value"":""53481""},{""name"":""Warranty Type"",""value"":""Supplier Warranty""},{""name"":""Warranty Duration"",""value"":""12 Months""},{""name"":""Condition"",""value"":""Original Legit ""},{""name"":""Ships From"",""value"":""General Trias, Cavite""}]","• 1.Model No：Samsung Galaxy S23 5G 
• 2.Platform : MTK6595, Deca Core (Latest 10 Core) 
• 3.Standby: Dual sim dual standby(A slot support SIM card, another slot support SIM card or TF card) 
• 4.Screen: HD+ 、 1080*2320 
• 5.Speaker: 1511 Box Speaker 
• 6.Frequency: GSM850/900/1800/1900MHz, 3G: WCDMA850/1900/2100MHz 
• 7.Vibration: Support 
• 8.Colors: Black/blue/purple
• 9.Memory: 16GB RAM+512GB ROM 
• 10.Multi Media: MP3/MP4/3GP/FM Radio/Bluetooth 
• 11.Camera: 24MP+48MP 
• 12.Multi Function: Full screen, Dual SIM, Wifi, GPS, Gravity Sensor, Alarm ,Calendar ,Calculator ,Audio recorder ,Video recorder, WAP/MMS/GPR, Image viewer,E-Book,World clock,Tasks card rear flash IML rear cover 
• 13.Languages: Multi-language support 
• 14.Others: Android OS 13.0 System 
• 15.Battery: 6000mAh Lithium-ion battery 


WHAT’S IN THE BOX :

•	1 x Phone

•	1 x Charger

•	1 x User Manual",4.72,1,70,1.21 hours,Thu Jun 15 2023 02:51:29 GMT+0000 (Coordinated Universal Time),399,"[{""name"":""Color"",""variations"":[""Black"",""Blue"",""Purple""]},{""name"":""RAM+ROM"",""variations"":[""8GB+256GB"",""12GB+256GB"",""16GB+512GB""]}]",https://shopee.ph,,100013,false,,"[{""name"":""model"",""value"":""Blue,16GB+512GB""}]",0,https://shopee.ph/Others-cat.11021712.11021713.11021722,null,,,null
https://shopee.vn/Sim-Du-L%E1%BB%8Bch-Trung-Qu%E1%BB%91c-T%E1%BB%91c-%C4%90%E1%BB%99-Cao-Kh%C3%B4ng-ch%E1%BA%B7n-Facebook-Google-Ch%C3%ADnh-h%C3%A3ng-China-Mobile-v%C3%A0-China-Unicom-i.108168212.7901863568?model_id=214845698189,7901863568,Sim Du Lịch Trung Quốc Tốc Độ Cao Không chặn Facebook Google Chính hãng China Mobile và China Unicom,0,4.9,0,359000,359000,VND,,0,"[""https://down-vn.img.susercontent.com/file/vn-11134207-7r98o-lty2bnbd28lt92_tn"",""https://down-vn.img.susercontent.com/file/vn-11134207-7r98o-lyjdt3hjni5d38_tn"",""https://down-vn.img.susercontent.com/file/vn-11134207-7r98o-lty2bnbd0u1def_tn"",""https://down-vn.img.susercontent.com/file/vn-11134207-7r98o-lty2bnbcy0wh0a_tn"",""https://down-vn.img.susercontent.com/file/vn-11134207-7r98o-lty2bnbczfgx6d_tn"",""https://down-vn.img.susercontent.com/file/vn-11134207-7r98o-lyjdt8ttu43x85_tn"",""https://down-vn.img.susercontent.com/file/vn-11134207-7r98o-lyjdsusud3tt86_tn"",""https://down-vn.img.susercontent.com/file/vn-11134207-7r98o-lyjdsusud3kd80_tn"",""https://down-vn.img.susercontent.com/file/vn-11134207-7r98o-lyjdt8unswipf5_tn""]",null,Sim███cTe███,https://shopee.vn/simquoctehn,"[""Điện Thoại & Phụ Kiện"",""Thẻ sim""]","[{""name"":""Kho"",""value"":""281190""},{""name"":""Lọai sim"",""value"":""Micro, Nano, Tiêu chuẩn""},{""name"":""Khu vực thẻ sim"",""value"":""Trung Quốc""}]","Sử dụng gói cước internet tốc độ cao Ở TRUNG QUỐC ĐẠI LỤC:

⚠️Hướng dẫn đặt hàng: 
✔️Ưu tiên lựa chọn sim China Mobile vì các lý do sau
- 65% dân số TQ dùng mạng China Mobile do độ phủ sóng và tốc độ vượt trội
- Giá china mobile đã được giảm mạnh từ 2024 - so với 2023 đang cao hơn nhiều Unicom để tăng cạnh tranh
- Sim China Mobile dùng được tại cả VN, có thể lắp vào tại vn trước khi bay để kiểm tra (sim tính ngày ngay khi lắp sim)
- Sau khi hết tốc độ cao, sim china mobile vẫn có thể gửi ảnh, lướt web chậm, còn sim China unicom chỉ nhắn tin chậm được hoặc dừng truy cập (tuỳ từng gói)
- Sim tính 24h là 1 ngày, có lợi hơn sim China Unicom tính cứ qua 0h là 1 ngày
✔️Một số vùng cần lưu ý: Đi Quảng Đông, Thâm Quyến, Tây Tạng nên chọn China Mobile để sóng tốt hơn - Đi Tân Cương , Hải Nam nên chọn China Unicom
⚠️TOÀN BỘ CÁC GÓI TRONG SP NÀY không thể truy cập được Tiktok theo quy định của Hongkong - nơi sản xuất sim này. Facebook Google Zalo vẫn vào bình thường, không bị chặn. Nếu muốn vào cả Tiktok quý khách tham khảo dòng sim JOYTEL MỖI NGÀY CÓ 1GB- 1.5GB - 3GB tại danh mục sim trung quốc của shop
⚠️Sim chỉ sử dụng data, không nghe gọi
⚠️ ĐỐI VỚI SẢN PHẨM ESIM: Shop sẽ không thể giao hàng nếu chỉ đặt duy nhất sản phẩm này trong 1 đơn hàng. Phiền quý khách đặt sản phẩm này cùng các sản phẩm sim vật lý hoặc phụ kiện du lịch trong danh mục sp của shop để tránh bị hủy đơn ạ!
⚠️Nhu cầu đi Trung quốc dài ngày hơn hoặc dung lượng cao hơn nữa, vui lòng tham khảo danh mục sp Trung Quốc trong shop

▶Gói 1-2-3: 500MB/1GB/2GB TỐC ĐỘ CAO MỖI NGÀY tại TQ/Việt Nam
- Hết dung lượng, truy cập gửi ảnh/lướt web chậm (384kpbs)
- Dùng mạng China Mobile

▶Gói 4: 1.5GB TRONG 2 NGÀY tại TQ/Macao
- Dung lượng: 1.5 GB Internet TỐC ĐỘ CAO. Hết 1.5 GB dùng nhắn tin chậm (128 kpbs)
- Dùng mạng China Unicom

▶Gói 5: 3GB TRONG 3 NGÀY tại TQ/Macao
- Dung lượng: 3 GB Internet TỐC ĐỘ CAO. Hết 3 GB dùng nhắn tin chậm (128 kpbs)
- Dùng mạng China Unicom

▶Gói 6: 5GB TRONG 5 NGÀY tại TQ/Macao
- Dung lượng: 5 GB Internet TỐC ĐỘ CAO. Hết 5 GB dùng nhắn tin chậm (128 kpbs)
- Dùng mạng China Unicom

▶Gói 7: 7GB TRONG 8 NGÀY tại TQ/Macao
- Dung lượng: 7 GB Internet TỐC ĐỘ CAO. Hết 7 GB dùng nhắn tin chậm (128 kpbs)
- Dùng mạng China Unicom

▶Gói 8: 10GB TRONG 15 NGÀY tại TQ/Macao
- Dung lượng: 10 GB Internet TỐC ĐỘ CAO 4G LTE. Hết 10 GB tốc độ cao sẽ dừng truy cập
- Dùng mạng China Unicom

▶Gói 9: 15GB TRONG 30 NGÀY tại TQ/Macao
- Dung lượng: 15 GB Internet TỐC ĐỘ CAO 4G LTE. Hết 15 GB tốc độ cao sẽ dừng truy cập
- Dùng mạng China Unicom

▶TẤT CẢ CÁC LỰA CHỌN SIM:
-  Không chặn Facebook, Zalo, Google, Instagram.
- Không dùng sim cho máy lock hoặc máy đã bẻ khoá

▶CÀI ĐẶT SIM:
Bước 1: Lắp sim vào khe sim 1 (nếu điện thoại 2 sim 2 sóng).
Bước 2: Bật “Chuyển vùng dữ liệu’’/Data roaming và đã có thể dùng

📌 SIM đã tuân thủ các quy định pháp luật hiện hành về đăng ký thông tin thuê bao",4.92,305,99,0.87 hours,Tue Nov 27 2018 10:35:00 GMT+0000 (Coordinated Universal Time),16495,"[{""name"":""NơiĐi / SốNgày"",""variations"":[""TQ Đại Lục 2-3 ngày"",""TQ Đại Lục 4 ngày"",""TQ Đại Lục 5 ngày"",""TQ Đại Lục 6 ngày"",""TQ Đại Lục 7 ngày"",""TQ Đại Lục 8 ngày"",""TQ Đại Lục 9 ngày"",""TQ Đại Lục 10 ngày"",""【eSIM】CHINA UNICOM""]},{""name"":""Dung Lượng"",""variations"":[""G1:500mb/N CMobile"",""G2: 1GB/N C.Mobile"",""G3: 2GB/N C.Mobile"",""G4: 1.5GB 2N CUnicom"",""G5: 3GB 3N C.Unicom"",""G6: 5GB 5N C.Unicom"",""G7: 7GB 8N  C.Unicom"",""G8:10GB 15N C.Unicom"",""G9:15GB 30N C.Unicom"",""【eSIM】1GB/N C.Mobile"",""【eSIM】2GB/N C.Mobile""]}]",https://shopee.vn,,100013,false,,"[{""name"":""model"",""value"":""TQ Đại Lục 6 ngày,G9:15GB 30N C.Unicom""}]",0,https://shopee.vn/Kh%C3%A1c-cat.11036030.11036084.11036090,"[{""claimable"":false,""currency"":""VND"",""discount"":null,""discount_cap"":10000000000,""discount_percentage"":5,""min_spend"":0,""shop_vouncher"":""SimQuocTeHN"",""special_condition"":null,""text_info"":""SIMQUOCTE"",""validity_end"":""2024-09-30T05:00:00.000Z"",""validity_start"":""2024-07-02T17:00:00.000Z""}]",,,null
https://shopee.ph/Folder-File-Organizer-Document-Storage-Folder-Waterproof-Folder-Waterproof-with-Handle-Expanding-13-layer-test-paper-i.872903325.27403328435?model_id=195187606124,27403328435,Folder File Organizer Document Storage Folder Waterproof Folder Waterproof with Handle Expanding 13 layer test paper,0,4.8,0,110,75,PHP,,0,"[""https://down-ph.img.susercontent.com/file/cn-11134207-7r98o-lwr0s75o1sf7a2_tn"",""https://down-ph.img.susercontent.com/file/cn-11134207-7r98o-lwr0s75o36zn5a_tn"",""https://down-ph.img.susercontent.com/file/cn-11134207-7r98o-lwr0s75o4lk30a_tn"",""https://down-ph.img.susercontent.com/file/cn-11134207-7r98o-lwr0s75o7eozac_tn"",""https://down-ph.img.susercontent.com/file/cn-11134207-7r98o-lwr0s75o8t9f9d_tn"",""https://down-ph.img.susercontent.com/file/cn-11134207-7r98o-lwr0s75oa7tv12_tn"",""https://down-ph.img.susercontent.com/file/cn-11134207-7r98o-lwr0s75od0yr7c_tn""]",null,SHE███I s███ion█████████,https://shopee.ph/ywphwj1.ph,"[""Stationery"",""School & Office Equipment"",""Folders, Paper Organizers & Accessories""]","[{""name"":""Stock"",""value"":""11314""},{""name"":""Brand"",""value"":""MCM""},{""name"":""Paper Organizer Type"",""value"":""File Folders""},{""name"":""Ships From"",""value"":""Caloocan City, Metro Manila""}]","Product Name: Folder Handheld Briefcase

Color: Blue/Pink/Green/White
Specification: 13 compartments
Product size: 24.1 * 3 * 36cm
Weight: 0.19KG
Material: Plastic
Packaging: OPP bag for independent packaging
Suitable for age groups: students, adults

Product Feature:
  Large Capacity and Portable Size: each expanding document folder measures about 9.45 x 1.18 x 14.17 inch/ 36 x 24 cm, designed with 13 pockets, enough space for your storage, compact and lightweight, easy to carry around when you take paperwork to office or school, without taking too much space, bringing you lots of convenience.
 
 Humanized Design: the file storage organizer has multi layers that allow you to classify documents by topic or task, which help you to quickly search and locate the items you want; With a handle design, it is easier to carry on the go, and the anti loss snap closure is adopted for quick opening or closing and convenient storage, making your study and work more efficient.

Widely Applicable: this file organizer with handle is ideal for teachers, doctors, engineers, designers, researchers to store notes, documents, business files, etc., simple and stylish, suitable for use in offices, schools and more, etc., providing enough capacity for everyone who needs to organize large amounts of paper.

【Feedback】
1.【We provide you with a premium After-sales service】If you are satisfied with our products, please give us a positive feedback (5 stars), you can also share with your friends on Facebook, Twitter. Thanks!
2.【logistics time】Delivery time is 2-4 days (there will be delays on weekends)
3.【customer service】If you have any questions, please communicate with our customer service, we will reply you within 12 hours and give you a satisfactory answer!",4.74,33,100,0.11 hours,Wed Sep 28 2022 06:55:31 GMT+0000 (Coordinated Universal Time),81982,"[{""name"":""Color"",""variations"":[""Blue"",""Green"",""Pink"",""White""]}]",https://shopee.ph,MCM,100638,false,,"[{""name"":""model"",""value"":""Blue""}]",0,https://shopee.ph/Others-cat.11044709.11044731.11044755,null,,,null
https://shopee.co.id/READY-STOK-ORI-PAKET-BMG-CEPET-PUTIH-(-LOTION-KUNING-2-DAN-BODY-CREAM-2-)-ORIGINAL-BPOM-BMG-LOTION-UNGU-TONER-PAGI-SIANG-i.1214005532.22664190595?model_id=137977643889,22664190595,READY STOK ORI PAKET BMG CEPET PUTIH ( LOTION KUNING 2 DAN BODY CREAM 2 ) ORIGINAL BPOM BMG LOTION UNGU TONER PAGI SIANG,0,4.8,0,50000,40000,IDR,,0,"[""https://down-id.img.susercontent.com/file/id-11134207-7r98t-lukrjizbdrjlf8_tn"",""https://down-id.img.susercontent.com/file/id-11134207-7r98r-lt7xtwt9yfspa9_tn""]",null,ARI███COS███IC,https://shopee.co.id/arinacosmetic,"[""Perawatan & Kecantikan"",""Paket & Set Kecantikan""]","[{""name"":""Stok"",""value"":""17615""},{""name"":""Merek"",""value"":""BMG""},{""name"":""Masa Penyimpanan"",""value"":""24 Bulan""},{""name"":""No. Izin Edar (BPOM, PIRT)"",""value"":""-""},{""name"":""Dikirim Dari"",""value"":""KAB. KEDIRI""}]","BMG LOTION 
dosting pemutih yang ampuh untuk memutihkan kulit badak tapi aman sudah BPOM dipakai bumil dan busui aman, tidak mengelupas tidak menimbulkan efek samping,,meningkatkan kelembaban dan elastisitas kulit, memberikan perlindungan terhadap radikal bebas,
kandungan anti-oksidannya membuat kulit lebih kuat, sehat, dan terlihat lebih glowing.

*MANFAAT LEBIH :
-Melembutkan & melembabkan Kulit Badan
-Whitening dengan kecepatan putih 14 hari sudah kelihatan hasilnya 
-Hasil tidak pudar putihnya
-Aman bagi bumil dan busui
-Mencerahkan kulit agar terlihat putih bersinar
-Menarik keriput agar kulit terlihat kencang dan awet muda

*CARA PAKAI
-Lotion siang (lotion putih) digunakan sehabis mandi pagi atau siang hari, wajib re apply 2-3jam sekali ada kandungan tabir surya yang mampu melindungi kulit dari paparan matahari
-Lotion sore (lotion ungu) digunakan sehabis mandi sore fungsinya untuk mencerahkan dan melembabkan
-Lotion malam (lotion kuning) digunakan malam hari mau tidur biarkan dahulu meresap ke dalam kulit ratakan ke tangan dan kaki, kemudian tumpuk dengan biput/bibit pemutih/bodycream .lotion kuning berfungsi untuk memutihkan mencerahkan meratakan warna kulit , kulit badak susah putih
-Biput/Bibit pemutih/bodycream dipakai hanya malam hari saja, dipakai setelah lotion kuning berfungsi untuk 2x lebih cepat memutihkan meratakan warn kulit, menghilangkan bekas koreng dan bekas luka

Pastikan kulit dalam kondisi bersih. Aplikasikan secara merata ke seluruh kulit tubuh

Untuk hasil maksimal, setelah menghabiskan satu rangkaian ini atau pemakaian selama kurang lebih 2 minggu secara rutin, 

Jangan biarkan kulit terlihat semakin gelap, kusam dan kasar yang tentunya akan mengganggu penampilan. 
Segera lakukan perawatan untuk kulit cantikmu dengan menggunakan rangkaian perawatan badan terbaik yang satu ini!
#dosting #dostingbmg #dostingviral #bmglotion #bmglotionviral #bmglotionbpom

(Luar pulau kami sarankan double bubble)",4.78,23,94,1.40 hours,Thu Mar 21 2024 02:52:50 GMT+0000 (Coordinated Universal Time),5755,"[{""name"":""Produk"",""variations"":[""Body Cream"",""Lotion Kuning/Malam"",""2Kuning 2BodyCream"",""1Kuning 1BodyCream"",""Lotion Putih/Pagi"",""Putih Kuning"",""2Putih 2BodyCream"",""1Putih 1BodyCream"",""Putih Kuning Cream"",""Double Bubble"",""Ungu Platinum"",""Ungu Cream"",""2Ungu 2BodyCream"",""Kuning Ungu Putih"",""Paket Lengkap"",""Putih Ungu Cream"",""Ungu Kuning"",""Ungu Putih"",""Kuning Ungu Cream""]}]",https://shopee.co.id,BMG,100630,false,,"[{""name"":""model"",""value"":""Ungu Platinum""}]",0,https://shopee.co.id/Paket-Set-Kecantikan-cat.11043145.11043277,null,,,null
https://shopee.com.co/LANKYBOX-Camiseta-Lavada-Para-Ni%C3%B1os-LANKY-BOX-Material-PREMIUM-i.682674161.25100260793?model_id=232246656867,25100260793,LANKYBOX Camiseta Lavada Para Niños LANKY BOX Material PREMIUM,0,5,0,46968,46968,COP,,0,"[""https://down-co.img.susercontent.com/file/id-11134207-7r990-lnqtiendkok6a0_tn""]",null,byh███aki███i.c███,https://shopee.com.co/byhusnakidsri.co,"[""Moda para Bebés y Niños"",""Ropa de Niños"",""Tops"",""Playeras""]","[{""name"":""Existencias"",""value"":""9997""},{""name"":""Género"",""value"":""Unisex""}]","*Por Favor, primero lea la descripción del producto antes de comprar, no elijamos el tamaño o el color incorrectos, ya que cambiar el tamaño o el color no es nuestra responsabilidad*

Camiseta lavada

Impresión de pantalla Dtf (transferencia de película Digital) o lo que a menudo se conoce como impresión de Plasticol Digital.

🌻Material 100% Algodón Peinado Grado A (Premium)
🌻24s espesor del material (suave)
🌻Material de Adem y absorbe el sudor fácilmente.
🌻Material carácter suave y sin pelo.
🌻El Color no es fácil de desvanecer después del lavado.

Camiseta Unisex (PARA KIDS2/GIRL) DISPONIBLE EN TAMAÑO = (Ancho más ancho x Largo)
Guia DE TALLAS para niños:
✅S = 30 X 42CM (2-3 años)
✅M = 32 X 47,5 CM (3-4 años)
✅L = 36 X 53 CM (5-8 años)
✅Xl = 40 X 57 (9-10 años)
✅Xl = 44 X 59 (10-12 años)

!!️Tamaño AGE SOLAMENTE APPROX, PARA LA TAMAÑO DE TAMAÑO SER TALLA PRIMERO CABELLO NO ESTÁN VERDE.

Tamaño del área de la figura: A5 (14 cm x 20 cm) si desea imágenes con áreas más grandes agregar precio:
💖 Tamaño A4 (20 cm x 28 cm) + 15 rb
💖 Tamaño A3 (28 cm x 39 cm) +20 rb

!!️Nota IMPORTANTE:


✅ Para obtener información, agregue un tamaño de imagen A4 / A3, chatee primero con el administrador 🙏
✅ Comprar = estar de acuerdo

!!️Como VIDEO UNBOXING (NO EDIT) COMO PROOF ARTÍCULOS ANTES DE ABRIR.
!!️ Muestra NO SE INCLUYE.",4,432,57,,Wed Feb 09 2022 11:21:12 GMT+0000 (Coordinated Universal Time),2,"[{""name"":""Color"",""variations"":[""Negro"",""Sombrero""]},{""name"":""Tamaño"",""variations"":[""S"",""M"",""L"",""Xl"",""Xxl""]}]",https://shopee.com.co,,100633,false,,"[{""name"":""model"",""value"":""Negro,S""}]",0,https://shopee.com.co/Camisetas-de-Ni%C3%B1o-cat.11069100.11069177.11069634,null,,,null
https://shopee.cl/Aquabeads-Agua-Niebla-Cuentas-M%C3%A1gicas-Cl%C3%A1sico-Juego-De-Regalo-Ni%C3%B1os-Hecho-A-Mano-Producci%C3%B3n-Creativa-Diy-Grano-Cuentas-Juguete-L0M6-i.1203124184.25718179309,25718179309,Aquabeads Agua Niebla Cuentas Mágicas Clásico Juego De Regalo Niños Hecho A Mano Producción Creativa Diy Grano Cuentas Juguete L0M6,0,0,0,64000,25000,CLP,,0,"[""https://down-cl.img.susercontent.com/file/sg-11134201-7rbki-lp663ze6d3d2c6_tn"",""https://down-cl.img.susercontent.com/file/sg-11134201-7rbmu-lp664049axcn56_tn"",""https://down-cl.img.susercontent.com/file/sg-11134201-7rbm6-lp6640wa5xirc0_tn"",""https://down-cl.img.susercontent.com/file/sg-11134201-7rbk0-lp664226jfgu92_tn"",""https://down-cl.img.susercontent.com/file/sg-11134201-7rbm2-lp66430l3nt281_tn"",""https://down-cl.img.susercontent.com/file/sg-11134201-7rblq-lp6643vdt6pyeb_tn"",""https://down-cl.img.susercontent.com/file/sg-11134201-7rbku-lp6644ruhon238_tn"",""https://down-cl.img.susercontent.com/file/sg-11134201-7rblj-lp6645ol76ko0b_tn"",""https://down-cl.img.susercontent.com/file/sg-11134201-7rbmy-lp6646l1u9kuba_tn""]",null,tao███ao6███.cl███,https://shopee.cl/taoqibao68qg.cl,"[""Madre y Bebé"",""Juguetes"",""Otros""]","[{""name"":""Existencias"",""value"":""194""},{""name"":""Material"",""value"":""Plástico""},{""name"":""Cantidad"",""value"":""Cero""}]","Material: Plástico/Plástico
Marca: Aquabeads
Número de artículo: 30248
Si es exclusivo para comercio exterior: No
Categoría de configuración 3c: Otros juguetes menores de 14 años
Color: 30248 Juego de regalo clásico
Edad aplicable: niños (4-6 años)",0,68,57,,Thu Mar 07 2024 10:24:34 GMT+0000 (Coordinated Universal Time),3,"[{""name"":""Color"",""variations"":[""30248 Set de regalo clásico""]}]",https://shopee.cl,,100632,false,,"[{""name"":""model"",""value"":""30248 Set de regalo clásico""}]",0,https://shopee.cl/Otros-cat.11070436.11070688.11071762,null,,,null
https://shopee.com.mx/VIVI-Calificado-Cremallera-Loop-HeadBeam-Covers-Para-WH-1000XM5-Auriculares-Protector-Zipper-Caps-Mangas-De-Tela-i.1168261208.25060162617?model_id=148505897927,25060162617,VIVI Calificado Cremallera Loop HeadBeam Covers Para WH 1000XM5 Auriculares Protector Zipper Caps Mangas De Tela,0,5,0,3.865000000000000e+02,1.085000000000000e+02,MXN,,0,"[""https://down-mx.img.susercontent.com/file/sg-11134201-22100-35lur6aao5iv9f_tn"",""https://down-mx.img.susercontent.com/file/sg-11134201-22100-1o28nuaao5iv29_tn"",""https://down-mx.img.susercontent.com/file/sg-11134201-22100-tyzisqeao5iv0a_tn"",""https://down-mx.img.susercontent.com/file/sg-11134201-22100-g2tyyfeao5iv68_tn"",""https://down-mx.img.susercontent.com/file/sg-11134201-22100-97gif6dao5ivc7_tn"",""https://down-mx.img.susercontent.com/file/sg-11134201-22100-xh2r5vbao5iv9e_tn"",""https://down-mx.img.susercontent.com/file/sg-11134201-22100-pn5853w0y6iv9a_tn"",""https://down-mx.img.susercontent.com/file/sg-11134201-22100-glxa3jdao5iv02_tn"",""https://down-mx.img.susercontent.com/file/sg-11134201-22100-9iuo3laao5ivae_tn""]",null,viv███oco███.mx███,https://shopee.com.mx/vivicoocoo37.mx,"[""Audio"",""Media Players"",""Otros""]","[{""name"":""Existencias"",""value"":""1998""}]","Cubiertas de espuma de cabeza de bucle de cremallera calificadas para auriculares WH 1000XM5 Fundas de tela
Caracteristicas: Proteja el haz superior para que no se pele y mantenga los auriculares hermosos;
Cubierta de bucle de tela suave, resistente a la suciedad y duradera;
¡Solo La cubierta del haz de cabeza, sin incluir otras demostraciones de accesorios en las imágenes!
Se puede usar para cubrir su diadema desgastada o protegerla contra rasguños.
Para auriculares WH 1000XM5.
Se puede lavar a mano;

Especificaciones: Material: Tela
Tamaño: Aprox.290x75mm/7.48x2.95in
Para auriculares WH 1000XM5

El paquete incluye: 1 funda para haz de cabeza.

Nota: permita errores de 1-2 cm debido a la medición manual, asegúrese de que no le importe antes de realizar el pedido. 
Debido a la diferencia entre diferentes monitores, es posible que la imagen no refleje el color real del artículo.",0,99,57,,Fri Jan 19 2024 08:48:21 GMT+0000 (Coordinated Universal Time),0,"[{""name"":""Color"",""variations"":[""Negro"",""Cuadros negros""]}]",https://shopee.com.mx,,100535,false,,"[{""name"":""model"",""value"":""Cuadros negros""}]",0,https://shopee.com.mx/Otros-cat.11058543.11058576.11058759,null,,,null
https://shopee.com.br/M%C3%B3veis-Sylvanian-Families-Simula%C3%A7%C3%A3o-De-Para-Meninas-Brinquedos-Casa-De-Bonecas-Acess%C3%B3rios-Conjunto-De-Banheiro-Requintado-5380-(O)-a428-Presente-De-Anivers%C3%A1rio-boutique-Crian%C3%A7as-i.1124597013.24677165121,24677165121,Móveis Sylvanian Families Simulação De Para Meninas Brinquedos Casa De Bonecas Acessórios Conjunto De Banheiro Requintado 5380 (O) a428 Presente De Aniversário boutique Crianças,0,0,0,4.105200000000000e+02,4.105200000000000e+02,BRL,,0,"[""https://down-br.img.susercontent.com/file/sg-11134201-7rd4x-lunhmaex0870dc_tn""]",null,Syl███ian███r,https://shopee.com.br/sylvaniane.br,"[""Mãe e Bebê"",""Brinquedos"",""Bonecas e Brinquedos de Pelúcia"",""Bonecas e Acessórios""]","[{""name"":""Estoque"",""value"":""20""},{""name"":""Marca"",""value"":""Sylvanian Families""},{""name"":""Material"",""value"":""Plástico, Tecido""},{""name"":""Envio de"",""value"":""Internacional""}]","Marca de marca: Famílias de estilvana
Idade aplicável: 4 anos 5 anos 6 anos 7 anos 8 anos 9 anos 10 anos
Material do Material: Plástico
Gênero aplicável: Feminino
Tipo de brinquedo: sala simulada/móveis
Classificação de cores: conjunto de banheiro requintado 5380

Por favor, leia antes de fazer um pedido: O pacote pertence ao transporte transfronteiriço, e alguns pacotes podem causar pequenos danos à caixa durante o transporte, o que não pode ser evitado. Se você se importa com pequenos danos na caixa, não faça uma compra. Após a compra significa concordar com a descrição acima por padrão.",4.95,353,93,2.37 hours,Wed Nov 22 2023 15:07:17 GMT+0000 (Coordinated Universal Time),6995,"[{""name"":""Cor"",""variations"":[""5380""]}]",https://shopee.com.br,Sylvanian Families,100632,false,,"[{""name"":""model"",""value"":""5380""}]",0,https://shopee.com.br/Bonecas-e-Brinquedos-de-Pel%C3%BAcia-cat.11059989.11060184.11062003,"[{""claimable"":false,""currency"":""BRL"",""discount"":3,""discount_cap"":0,""discount_percentage"":0,""min_spend"":4000000,""shop_vouncher"":""Sylvaniane.br"",""special_condition"":null,""text_info"":""SYLVGGH"",""validity_end"":""2024-09-30T11:00:00.000Z"",""validity_start"":""2024-08-15T10:00:00.000Z""}]",,,null
https://shopee.vn/Phong-c%C3%A1ch-ngh%E1%BB%89-m%C3%A1t-b%E1%BA%A7u-kh%C3%B4ng-kh%C3%AD-b%C3%A1nh-m%C3%AC-ba-chi%E1%BB%81u-H%C3%A0n-Qu%E1%BB%91c-hoa-ru%E1%BB%99t-gi%C3%A0-b%C4%83ng-%C4%91%C3%B4-n%E1%BB%AF-cao-c%E1%BA%A5p-d%C3%A2y-cao-c%E1%BA%A5p-2024-phong-c%C3%A1ch-m%E1%BB%9Bi-i.1171959753.29753874580?model_id=89614646095,29753874580,Phong cách nghỉ mát bầu không khí bánh mì ba chiều Hàn Quốc hoa ruột già băng đô nữ cao cấp dây cao cấp 2024 phong cách mới,0,5,0,26500,19204,VND,,0,"[""https://down-vn.img.susercontent.com/file/sg-11134201-7rdxk-lyewruvtpofv20_tn"",""https://down-vn.img.susercontent.com/file/sg-11134201-7rd3s-lx0w8uw8yjwsd6_tn"",""https://down-vn.img.susercontent.com/file/sg-11134201-7rdw0-lylvrhvtgzvud7_tn"",""https://down-vn.img.susercontent.com/file/sg-11134201-7rdx0-lylvrhvtfl0sb5_tn"",""https://down-vn.img.susercontent.com/file/sg-11134201-7rd4o-lx0ubmfkdlzz38_tn"",""https://down-vn.img.susercontent.com/file/sg-11134201-7rd5r-lx0ubmeqetunf3_tn"",""https://down-vn.img.susercontent.com/file/sg-11134201-7rdwy-lylvrhw3f6usb1_tn"",""https://down-vn.img.susercontent.com/file/sg-11134201-7rdx0-lylvrhw3gkqv32_tn"",""https://down-vn.img.susercontent.com/file/sg-11134201-7rd6u-lx0ubmf0efs6e3_tn""]",null,tag███lla███vn,https://shopee.vn/tagslullaby.vn,"[""Phụ Kiện Thời Trang"",""Phụ kiện tóc"",""Băng đô tóc""]","[{""name"":""Số lượng hàng khuyến mãi"",""value"":""119""},{""name"":""Số sản phẩm còn lại"",""value"":""3745""},{""name"":""Giới tính"",""value"":""Nữ""},{""name"":""Gửi từ"",""value"":""Nước ngoài""}]","Tên: Thời trang của phụ nữ Siêu cổ tích Màu rắn Mũ đa năng Dây buộc tóc ngọt ngào
Kích thước: 16cm
Chất liệu: vải
Gói bao gồm: một cái dây tóc




Tính năng:

1.Dây buộc tóc được làm từ chất liệu vải thoải mái hơn, chất lượng và thiết kế của scrunchies sẽ mang đến cho bạn một bất ngờ khác biệt

2. Dây buộc tóc phù hợp cho mọi dịp, nhiều màu sắc và kiểu dáng, tùy theo tâm trạng và quần áo của bạn để lựa chọn các phụ kiện tóc khác nhau.

3.Dây buộc tóc co giãn thiết kế đặc biệt là món quà độc đáo và đặc biệt dành cho mẹ, con gái, bạn bè, người yêu,... đặc biệt là những ai thích kiểu tóc DIY của riêng mình.

4. dễ thương, sinh động, bí ẩn và các phong cách khác phù hợp với tất cả các cô gái.Chúng tôi cố gắng cho một kỷ niệm tuổi thơ tốt hơn cho tất cả các trẻ em, một cái nhìn lộng lẫy hơn cho tất cả các cô gái

5.Kết cấu tốt và bóng mượt, dễ sử dụng và mềm mại thoải mái, mỗi dây buộc tóc bằng dây cao su bền, có thể co giãn và đàn hồi, có thể cố định tóc tốt và không làm tổn thương tóc, dễ dàng và mềm mại khi đeo.



Kích thước: xin vui lòng cho phép 1-2 cm khác biệt do đo lường thủ công, cảm ơn.

Lưu ý: Do sự khác biệt giữa các màn hình khác nhau, hình ảnh có thể không phản ánh màu sắc thực tế của mặt hàng.

Chúng tôi đảm bảo phong cách giống như trong hình, nhưng không giống biểu diễn trên các cơ thể khác nhau như trên người mẫu. Cảm ơn bạn!",4.8,5500,100,0.12 hours,Wed Jan 24 2024 08:45:33 GMT+0000 (Coordinated Universal Time),12799,"[{""name"":""Màu sắc"",""variations"":[""Cúi"",""Hồng"",""Be"",""Xám xanh"",""Màu xanh lá"",""Xanh lam"",""Đen"",""Màu ngẫu nhiên""]}]",https://shopee.vn,,100009,true,Wed Sep 04 2024 01:59:59 GMT+0000 (Coordinated Universal Time),"[{""name"":""model"",""value"":""Cúi""}]",0,https://shopee.vn/B%C4%83ng-%C4%91%C3%B4-t%C3%B3c-cat.11035853.11035858.11035859,"[{""claimable"":false,""currency"":""VND"",""discount"":1000,""discount_cap"":0,""discount_percentage"":0,""min_spend"":2000000000,""shop_vouncher"":""tagslullaby.vn"",""special_condition"":null,""text_info"":""TAGS67"",""validity_end"":""2024-09-05T04:57:00.000Z"",""validity_start"":""2024-06-07T03:57:00.000Z""},{""claimable"":false,""currency"":""VND"",""discount"":1500,""discount_cap"":0,""discount_percentage"":0,""min_spend"":4000000000,""shop_vouncher"":""tagslullaby.vn"",""special_condition"":null,""text_info"":""TAGS68"",""validity_end"":""2024-09-06T04:58:00.000Z"",""validity_start"":""2024-06-07T03:58:00.000Z""},{""claimable"":false,""currency"":""VND"",""discount"":2000,""discount_cap"":0,""discount_percentage"":0,""min_spend"":6000000000,""shop_vouncher"":""tagslullaby.vn"",""special_condition"":null,""text_info"":""TAGS69"",""validity_end"":""2024-09-07T04:58:00.000Z"",""validity_start"":""2024-06-07T03:58:00.000Z""},{""claimable"":false,""currency"":""VND"",""discount"":15000,""discount_cap"":0,""discount_percentage"":0,""min_spend"":12900000000,""shop_vouncher"":""tagslullaby.vn"",""special_condition"":null,""text_info"":""BCSE31"",""validity_end"":""2024-09-30T16:59:00.000Z"",""validity_start"":""2024-08-31T17:00:00.000Z""}]",,,null
https://shopee.cl/Camisas-para-ni%C3%B1os-de-4-a-6-a%C3%B1os-de-2-colores-camisas-de-algod%C3%B3n-el%C3%A1stico-para-ni%C3%B1os-i.682933204.16718739356?model_id=160690447281,16718739356,Camisas para niños de 4 a 6 años de 2 colores camisas de algodón elástico para niños,0,4.8,0,12000,12000,CLP,0,0,"[""https://down-cl.img.susercontent.com/file/9d71202833b304f418ebc7427c3dd544_tn""]",null,air███oth███ls.███,https://shopee.cl/airuclothingls.cl,"[""Moda para Bebés y Niños"",""Ropa de Niños"",""Trajes y Conjuntos""]","[{""name"":""Existencias"",""value"":""40""},{""name"":""Material"",""value"":""Algodón""}]","Idr 49,000 
Camisa elástica premium Anak2 bhn, manga larga, combinación de estampado de pantalla de alta calidad, para 4-6 thuN antiguo. También depende del hijo. 
Gracias",0,6,57,,Wed Feb 09 2022 13:27:05 GMT+0000 (Coordinated Universal Time),2,"[{""name"":""Color"",""variations"":[""Stk blanco"",""Negro""]}]",https://shopee.cl,,100633,false,,"[{""name"":""model"",""value"":""Stk blanco""}]",0,https://shopee.cl/Trajes-de-Ni%C3%B1o-cat.11070439.11070516.11070977,null,,,null
https://shopee.com.br/C%C3%A2mera-Ip-360--Wifi-Prova-D'%C3%81gua-Acesso-Remoto-Onvif-K5-360-i.773295782.19202759802,19202759802,Câmera Ip 360  Wifi Prova D'Água Acesso Remoto Onvif K5-360,0,0,0,4.948500000000000e+02,4.948500000000000e+02,BRL,,0,"[""https://down-br.img.susercontent.com/file/13a97dd5ef12c4970310765364d821d0_tn"",""https://down-br.img.susercontent.com/file/557d1d4b9197f87d020bb6a8ab1fa5ff_tn"",""https://down-br.img.susercontent.com/file/6815570a067927b6eae16096de3f6564_tn""]",null,Ao ███to,https://shopee.com.br/ery_sa,"[""Eletrodomésticos"",""Eletrodomésticos Pequenos"",""Outros""]","[{""name"":""Estoque"",""value"":""10""},{""name"":""Envio de"",""value"":""São Paulo""}]","Câmera Ip 360 Wifi ExternaCâmera A Prova De ÁguaIdeal Para Locais ExternosLente 360ºSlot Para Cartão De Memória De Até 64gbInfravermelho - Filma Em Total EscuridãoAcesso Remoto Via CelularConexão Wifi Ou Cabo Rj45Fácil Instalação E ConfiguraçãoEspecificações Técnicas:Resolução: 1.3mp - 960p (1280x960p).Dispensa O Uso De Dvr.Trabalha Com A Tecnologia Wifi (Sem Fio) Ou Com Cabo De Rede (Padrão Rj45).Sistema De Viva Voz Com Áudio - Integrado Com Seu Smartphone, Basta Apertar Um Botão Para Ser Visto E Ouvido Como Em Um Vídeo Conferência.Lente: 360ºAlimentação: Fonte 12v / 1aBateria Interna: NãoLed Infravermelho: SimSlot Para Cartão: Sim - Até 64gbConexão: Wifi (Wireless) - Com Cabo De Rede (Padrão Rj45)Compatibilidade: Android / IsoMicrofone: SimAltofalante: SimResolução: Hd 1280x960pPode Suportar Até 5 Usuários Simultâneos NavegarFunção Avançada De Luminosidade Infravermelho - Proporcionando Melhor Visibilidade Em Total Escuridão.Aplicativo: V380Itens Inclusos:1x Câmera Ip360 Externa1x Fonte 12v/1a- Bivolt4x Buchas4x Parafusos1x Chave Allen1x Sistema Para Vedação Do Cabo Rj451x Manual De Instruções em inglês",3.67,263,57,,Mon May 16 2022 20:38:14 GMT+0000 (Coordinated Universal Time),14,"[{""variations"":[null]}]",https://shopee.com.br,,100010,false,,"[{""name"":""model"",""value"":null}]",0,https://shopee.com.br/Outros-cat.11059984.11060130.11061856,null,,,null
https://shopee.cl/Anti-Social-Club-(Assc)-Logo-(8)-Toalla-Absorbente-Toalla-Cuadrada-Toalla-De-Cara-Toalla-De-Ba%C3%B1o-Toalla-De-Ba%C3%B1o-Correr-Fitness-Yoga-Toalla-Deportes-Al-Aire-Libre-70x40cm-i.1013076967.24856286076,24856286076,Anti Social Club (Assc) Logo (8) Toalla Absorbente Toalla Cuadrada Toalla De Cara Toalla De Baño Toalla De Baño Correr Fitness Yoga Toalla Deportes Al Aire Libre 70x40cm,0,0,0,30000,15000,CLP,,0,"[""https://down-cl.img.susercontent.com/file/sg-11134201-7rbkf-lpua4evhvqam07_tn"",""https://down-cl.img.susercontent.com/file/sg-11134201-7rblz-lpua4f61dhfo2b_tn"",""https://down-cl.img.susercontent.com/file/sg-11134201-7rbkg-lpua4fkqryzie4_tn"",""https://down-cl.img.susercontent.com/file/sg-11134201-7rbn9-lpua4fyc82h030_tn"",""https://down-cl.img.susercontent.com/file/sg-11134201-7rbll-lpu7nt6tk6f894_tn"",""https://down-cl.img.susercontent.com/file/sg-11134201-7rbmh-lpua4gjzcdwm75_tn"",""https://down-cl.img.susercontent.com/file/sg-11134201-7rbl4-lpua4guiwyth99_tn"",""https://down-cl.img.susercontent.com/file/sg-11134201-7rbmz-lpua4h4iich693_tn""]",null,wv5███66a███l,https://shopee.cl/wv560166al.cl,"[""Hogar y Vida"",""Baños"",""Toallas y Batas"",""Otros""]","[{""name"":""Existencias"",""value"":""1000""},{""name"":""Tela de Toalla y Bata"",""value"":""Microfibra""}]","Nombre chino: Toalla
Alias del Producto: Toalla Absorbente De Microfibra
Proceso de producción: Impresión de transferencia
Material del producto: Microfibra (fibra superfina)
[Descripción Del Material] Microfibra (Poliéster)
[Rendimiento Del producto] Usando tela de microfibra única, el efecto de impresión es brillante y no se desvanece, la tela tiene una fuerte absorción de agua, y la tela es esponjosa, suave y agradable para la piel
[Escenas Aplicables] baño, piscina, playa, escuela, al aire libre, viajes, Picnic, Etc., se puede utilizar como regalo conmemorativo o recuerdo, patrón personalizado, personalización que le brindará atención envidia, especialmente para vacaciones, licenciatura. Fiestas, bodas, cumpleaños, viajeros, y cualquier persona A la que le guste nadar o disfrutar de un baño solar es una buena opción.
[Instrucciones De lavado] Lavable a máquina
[Descripción Especial] Estos datos de tamaño son normales debido a los diferentes métodos de medición, y el Error dentro de 1-2 cm.",2,53,57,,Tue Jun 06 2023 11:10:12 GMT+0000 (Coordinated Universal Time),2,"[{""name"":""Color"",""variations"":[""Color de la imagen""]},{""name"":""Tamaño"",""variations"":[""70x40cm""]}]",https://shopee.cl,,100636,false,,"[{""name"":""model"",""value"":""Color de la imagen,70x40cm""}]",0,"https://shopee.cl/Toallas,-Toallones-y-Batas-cat.11070442.11070643.11071577","[{""claimable"":false,""currency"":""CLP"",""discount"":null,""discount_cap"":320000000,""discount_percentage"":20,""min_spend"":1500000000,""shop_vouncher"":""wv560166al.cl"",""special_condition"":null,""text_info"":""WV56ZYXXW"",""validity_end"":""2024-10-01T02:59:59.000Z"",""validity_start"":""2024-09-02T11:21:32.000Z""},{""claimable"":false,""currency"":""CLP"",""discount"":null,""discount_cap"":130000000,""discount_percentage"":18,""min_spend"":700000000,""shop_vouncher"":""wv560166al.cl"",""special_condition"":null,""text_info"":""WV56LJCSM"",""validity_end"":""2024-10-01T02:59:59.000Z"",""validity_start"":""2024-09-02T11:21:32.000Z""},{""claimable"":false,""currency"":""CLP"",""discount"":null,""discount_cap"":90000000,""discount_percentage"":10,""min_spend"":0,""shop_vouncher"":""wv560166al.cl"",""special_condition"":null,""text_info"":""WV56NMJCN"",""validity_end"":""2024-10-01T02:59:59.000Z"",""validity_start"":""2024-09-01T04:00:00.000Z""}]",,,null
"https://shopee.co.th/%E0%B8%99%E0%B8%B9-%E0%B8%AA%E0%B8%81%E0%B8%B4%E0%B8%99-%E0%B8%AD%E0%B8%B8%E0%B8%9B%E0%B8%81%E0%B8%A3%E0%B8%93%E0%B9%8C%E0%B8%AB%E0%B8%B1%E0%B8%A7%E0%B8%AA%E0%B8%B1%E0%B8%A1%E0%B8%9C%E0%B8%B1%E0%B8%AA-%E0%B9%80%E0%B8%AD%E0%B8%88%E0%B8%A5%E0%B9%87%E0%B8%AD%E0%B8%84-%E0%B8%A5%E0%B8%B9%E0%B8%A1%E0%B8%B4%E0%B8%AA%E0%B8%9B%E0%B8%B2-%E0%B9%84%E0%B8%AD%E0%B9%82%E0%B8%AD-%E0%B9%81%E0%B8%9A%E0%B8%9A%E0%B9%80%E0%B8%88%E0%B8%99%E0%B9%80%E0%B8%97%E0%B8%B4%E0%B8%A5,-Nu-Skin-ageLOC-LumiSpa-iO-Head---Gentle-i.376369546.6979455090",6979455090,"นู สกิน อุปกรณ์หัวสัมผัส เอจล็อค ลูมิสปา ไอโอ แบบเจนเทิล, Nu Skin ageLOC LumiSpa iO Head - Gentle",0,4.8,0,1250,1250,THB,,0,"[""https://down-th.img.susercontent.com/file/sg-11134201-22110-oz0jzm7o67jv5c_tn"",""https://down-th.img.susercontent.com/file/sg-11134201-22110-8ra5ao0o67jv56_tn"",""https://down-th.img.susercontent.com/file/sg-11134201-22110-1so15hcp67jv20_tn"",""https://down-th.img.susercontent.com/file/sg-11134201-22110-eqqx6zrd77jvbb_tn""]",null,Nu ███n T███,https://shopee.co.th/nuskinth,"[""กลุ่มผลิตภัณฑ์เพื่อสุขภาพ"",""ของใช้ส่วนตัว"",""อุปกรณ์สำหรับนวดและกายภาพบำบัด""]","[{""name"":""คลัง"",""value"":""20""},{""name"":""สินค้า"",""value"":""Nu Skin""},{""name"":""ส่งจาก"",""value"":""จังหวัดสมุทรปราการ""}]","ผ่อนคลายง่ายๆใน 1 ขั้นตอน 2 นาที. ประโยชน์ในการดูแลผิว 7 ประการ
ageLOC LumiSpa iO Treatment Head ได้รับการพัฒนาโดยเฉพาะสำหรับใช้กับ ageLOC LumiSpa iO การเคลื่อนไหวแบบหมุนวนของศีรษะได้รับการออกแบบมาเพื่อทำงานร่วมกันกับ Activating Cleanser เพื่อเพิ่มประสิทธิภาพการกระจายตัวของส่วนผสมต่อต้านริ้วรอยสู่ผิวในขณะที่ทำความสะอาดและผลัดเซลล์ผิวเพื่อส่งเสริมผิวที่แข็งแรงและดูอ่อนเยาว์
หัวทรีตเมนต์ Gentle เป็นตัวเลือกที่อ่อนโยนที่สุดและเหมาะสำหรับผู้ที่มีผิวบอบบางหรือเป็นสิวง่าย
การใช้งาน
ขอแนะนำให้คุณเปลี่ยนหัวทรีตเมนต์ทุกๆสามเดือนเพื่อให้แน่ใจว่าผิวของคุณจะได้รับประโยชน์สูงสุดอย่างสม่ำเสมอ

เฉพาะหัวสัมผัส จำนวน 1 ชิ้น (ไม่รวมตัวเครื่อง)

Simple Indulgences in 1 step. 2 minutes. 7 skincare benefits. 
The ageLOC LumiSpa iO Treatment Head is developed specifically for use with ageLOC LumiSpa iO. The counter-rotating motion of the head is designed to work synergistically with the Activating Cleanser  to optimize distribution of anti-aging ingredients onto the skin while cleansing and exfoliating to promote healthy, youthful looking skin.
The Gentle treatment head is the gentlest choice and is great for those with sensitive or blemish-prone skin.
Usage
It is recommended that you replace your Treatment Head every three months to ensure your skin will receive optimal benefits on a consistent basis.",4.9,104,50,2.41 hours,Thu Jan 21 2021 04:15:50 GMT+0000 (Coordinated Universal Time),2819,"[{""name"":""LumiSpa iO"",""variations"":[""Head - Gentle""]}]",https://shopee.co.th,Nu Skin,100001,false,,"[{""name"":""model"",""value"":""Head - Gentle""}]",0,https://shopee.co.th/%E0%B8%AD%E0%B8%B8%E0%B8%9B%E0%B8%81%E0%B8%A3%E0%B8%93%E0%B9%8C%E0%B8%99%E0%B8%A7%E0%B8%94%E0%B9%81%E0%B8%A5%E0%B8%B0%E0%B8%9A%E0%B8%B3%E0%B8%9A%E0%B8%B1%E0%B8%94-cat.11044942.11045039.11045291,null,,,null
https://shopee.com.co/Faure-Le-Page-Tarjetero-De-Cuero-De-Vaca-Hecho-A-Mano-Tarjetero-De-Escala-De-Cuervo-Monedero-Cl%C3%A1sico-De-Cuero-De-Vaca-i.890163932.23336998386?model_id=231411793219,23336998386,Faure Le Page Tarjetero De Cuero De Vaca Hecho A Mano Tarjetero De Escala De Cuervo Monedero Clásico De Cuero De Vaca,0,0,0,106176,106176,COP,,0,"[""https://down-co.img.susercontent.com/file/sg-11134201-7qvdc-lf82k2uvzci067_tn"",""https://down-co.img.susercontent.com/file/sg-11134201-7qvcx-lf82k37ngo52f2_tn"",""https://down-co.img.susercontent.com/file/sg-11134201-7qvdp-lf82k3l8ws0c44_tn"",""https://down-co.img.susercontent.com/file/sg-11134201-7qvei-lf82k3zobo8jb8_tn"",""https://down-co.img.susercontent.com/file/sg-11134201-7qvfz-lf82k493xv1vdc_tn"",""https://down-co.img.susercontent.com/file/sg-11134201-7qvfy-lf82k4m5es89e4_tn"",""https://down-co.img.susercontent.com/file/sg-11134201-7qvdh-lf82k53cr07g48_tn"",""https://down-co.img.susercontent.com/file/sg-11134201-7qven-lf82k5hi6ai6ff_tn"",""https://down-co.img.susercontent.com/file/sg-11134201-7qvdu-lf82k5ujlsxb3f_tn""]",null,Tie███ de███lsa█████████eph███,https://shopee.com.co/elifephby.co,"[""Bolsas de Mujer"",""Monederos y Carteras"",""Tarjeteros""]","[{""name"":""Existencias"",""value"":""7000""}]","Patrón: Letras

Número de mercancías: titular de la tarjeta
Categoría de producto: Tarjetero/Tarjetero
Color: verde, negro, blanco, rojo vino, azul oscuro, café, gris

Características corticales: piel de vaca
Material: cuero genuino
Método de apertura: abierto

La estructura interna de la bolsa pequeña: posición de la tarjeta",4,217,57,,Wed Oct 26 2022 04:29:11 GMT+0000 (Coordinated Universal Time),2,"[{""name"":""Color"",""variations"":[""Verde"",""Negro"",""Blanco"",""Vino rojo"",""Azul oscuro"",""Marrón"",""Gris""]}]",https://shopee.com.co,,100016,false,,"[{""name"":""model"",""value"":""Blanco""}]",0,https://shopee.com.co/Tarjetero-cat.11069109.11069223.11069747,null,,,null
https://shopee.cl/Bolsa-de-casco-gruesa-grande-y-lisa-con-modelos-Arai-logo-slempang-i.682632651.14894023149,14894023149,Bolsa de casco gruesa grande y lisa con modelos Arai logo slempang,0,0,0,22000,22000,CLP,,0,"[""https://down-cl.img.susercontent.com/file/sg-11134201-22100-o8j6kggbpriv54_tn"",""https://down-cl.img.susercontent.com/file/sg-11134201-22100-9y7g2yibprivff_tn"",""https://down-cl.img.susercontent.com/file/sg-11134201-22100-58a8dujbprivc4_tn"",""https://down-cl.img.susercontent.com/file/sg-11134201-22100-k14krmlbprivb4_tn"",""https://down-cl.img.susercontent.com/file/sg-11134201-22100-eu6zccnbpriv0f_tn""]",null,gle███ark███n9.███,https://shopee.cl/gleanmarketsn9.cl,"[""Viajes y Equipaje"",""Bolsas de Viaje"",""Bolsas con Cordón""]","[{""name"":""Existencias"",""value"":""12""},{""name"":""Impermeable"",""value"":""No""}]","Inmediatamente haga clic en stock ""BUY"" mucho
Bolsa para casco de material fino y grueso, para llevar el casco, por ejemplo, para estacionar al centro comercial o llevar un casco de invitación, etc.
La cuerda se puede afilar, cerrar cremallera / cremallera doble
Correa THICK de buena calidad ya broo
Tipo de material FLEECE (material de suéter) mantiene el casco de las boinas
La capacidad se adapta a media cara y casco de cara completa, incluso el tamaño del casco 3XL también viene
La capacidad se adapta a llevar impermeable + casco.
Correa de material de cincha grueso a diferencia de esta correa de bolso modelo en general
Adecuado para llevar cascos Arai y otros cascos

Longitud = 50cm
Altura = 43cm
Ancho = 5cm
Compras en el suministro. id

Para ver los productos del casco, etc., haga clic en:",0,924,57,,Wed Feb 09 2022 11:02:00 GMT+0000 (Coordinated Universal Time),0,"[{""variations"":[null]}]",https://shopee.cl,,100015,false,,"[{""name"":""model"",""value"":null}]",0,https://shopee.cl/Otros-cat.11070446.11070553.11071071,null,,,null
https://shopee.com.co/Sylvanian-FAMILIES-Familias-Puedo-Arreglarlo-(No-Realmente)-Taylor-Swift-Family-Sticker-(El-Departamento-De-Poetas-Torturados)-i.682742993.22789965822,22789965822,Sylvanian FAMILIES Familias Puedo Arreglarlo (No Realmente) Taylor Swift Family Sticker (El Departamento De Poetas Torturados),0,0,0,13152,13152,COP,0,0,"[""https://down-co.img.susercontent.com/file/id-11134207-7r992-lum7025p8cyla5_tn""]",null,9ol███sh1███o,https://shopee.com.co/9oldf1sh1t.co,"[""Papelería"",""Cuadernos y Papeles"",""Etiquetas y Pegatinas""]",null,"Puedo arreglar Him (No puedo) Sylvanian Families Sticker
Inspirado en I Can Can Fix Him (No Realmente puedo) - Taylor Swift del Departamento de PoesíasDESDES deDES
Tamaño: 5x5cm
El precio de los artículos incluye una tarifa de envío que debe ser transmitida por el comprador.
El precio del artículo incluye una tarifa de envío que debe ser transmitida por el comprador.",0,71,57,,Wed Feb 09 2022 11:48:54 GMT+0000 (Coordinated Universal Time),1,"[{""variations"":[null]}]",https://shopee.com.co,,100638,false,,"[{""name"":""model"",""value"":null}]",0,https://shopee.com.co/Pegatinas-y-Cintas-cat.11069116.11069288.11070041,null,,,null
https://shopee.co.id/serokan-butut-i.165252388.24875951983?model_id=147275213012,24875951983,serokan butut,0,4.8,0,20000,20000,IDR,,0,"[""https://down-id.img.susercontent.com/file/id-11134207-7r98w-luf2hyb4s77v9b_tn""]",null,Bak███tiw███,https://shopee.co.id/tikoal,"[""Hewan Peliharaan"",""Aksesoris Hewan Peliharaan"",""Kebutuhan Akuarium""]","[{""name"":""Stok"",""value"":""686""},{""name"":""Merek"",""value"":""-""},{""name"":""Negara Asal"",""value"":""Indonesia""},{""name"":""Jenis Kebutuhan Akuarium"",""value"":""Alat Pembersih""},{""name"":""Jenis Garansi"",""value"":""Garansi Internasional""},{""name"":""Jenis Dekorasi Akuarium"",""value"":""Tanaman Palsu""},{""name"":""Masa Garansi"",""value"":""Garansi uang kembali""},{""name"":""Dikirim Dari"",""value"":""KAB. TUBAN""}]",garansi 100% asal ada video unboxing,4.75,1,57,,Wed Jul 24 2019 08:55:15 GMT+0000 (Coordinated Universal Time),52,"[{""name"":""Garpu rumput"",""variations"":[""Rp20.000"",""Rp30.000"",""Rp40.000"",""Rp50.000"",""Rp60.000"",""Rp70.000"",""Rp80.000"",""Rp25.000""]}]",https://shopee.co.id,,100631,false,,"[{""name"":""model"",""value"":""Rp20.000""}]",0,https://shopee.co.id/Kebutuhan-Akuarium-cat.11043572.11043584.11043594,null,,,null
https://shopee.co.th/(STW306)%E0%B8%9B%E0%B8%A3%E0%B8%B0%E0%B9%81%E0%B8%88%E0%B8%9B%E0%B8%AD%E0%B8%99%E0%B8%94%E0%B9%8C%E0%B8%94%E0%B8%B4%E0%B8%88%E0%B8%B4%E0%B8%95%E0%B8%AD%E0%B8%A5-1/2%22Sq-Drive-%E0%B8%9E%E0%B8%A3%E0%B9%89%E0%B8%AD%E0%B8%A1%E0%B9%83%E0%B8%9A-Certificate-SEALEY-(Made-in-UK)-i.53465451.9932276850,9932276850,"(STW306)ประแจปอนด์ดิจิตอล 1/2""Sq Drive พร้อมใบ Certificate SEALEY (Made in UK)",0,0,0,14038,14038,THB,0,0,"[""https://down-th.img.susercontent.com/file/ee3d0b084475c297d1044e1b5c7f0b0a_tn"",""https://down-th.img.susercontent.com/file/7d7ef16bd35f522525c547421269d51a_tn"",""https://down-th.img.susercontent.com/file/efb62d377f7cf02293f1541998a294d5_tn""]",null,บริ███ ไท███ฒนส█████████็ง)███,https://shopee.co.th/(STW306)%E0%B8%9B%E0%B8%A3%E0%B8%B0%E0%B9%81%E0%B8%88%E0%B8%9B%E0%B8%AD%E0%B8%99%E0%B8%94%E0%B9%8C%E0%B8%94%E0%B8%B4%E0%B8%88%E0%B8%B4%E0%B8%95%E0%B8%AD%E0%B8%A5-1/thaiphatanasin_chinseng,"[""เครื่องใช้ในบ้าน"",""เครื่องมือและอุปกรณ์ปรับปรุงบ้าน"",""เครื่องมือช่าง"",""ประแจ""]","[{""name"":""ส่งจาก"",""value"":""จังหวัดกรุงเทพมหานคร""}]","Drive 	
	- 1/2""
Range	
	- Nm 20-200
	- lb-ft 14.7-147.5
	- lb.in 176.5-1770
	- kg.m 2-20.4
Length
	- 610mm
Angle Rangez 	
	- 360°
Battery 			
	- 4 x AAA (supplied)

• One of a comprehensive range of Premier Hand Tools, suitable for daily professional use.
• Rugged and resilient digital torque wrench suitable for workshop and factory use.
• LCD read-out with LED, vibration and audible alarms to indicate achieved and target torque levels.
• Features angle mode, eliminating the need for angle gauges and protractors providing an accurate and fast way to measure torque plus angle tightening sequences.
• Will also accumulate angle measurement when multiple turns are required, ideal for use where access is limited.
• Selectable track or peak modes and up to five user preset memories available.
• Read-outs in Nm, lb.in, lb.ft, kgf.m or degrees.
• Reversible Chrome Vanadium 72-tooth ratchet allows torque reading in either direction.
• Accurate to ±2% wrench’s stated capacity.
• Supplied with test certificate and storage case.
",4.78,427,84,0.73 hours,Mon Jan 22 2018 06:29:03 GMT+0000 (Coordinated Universal Time),457,"[{""variations"":[null]}]",https://shopee.co.th,,100636,false,,"[{""name"":""model"",""value"":null}]",0,https://shopee.co.th/%E0%B8%AD%E0%B8%B8%E0%B8%9B%E0%B8%81%E0%B8%A3%E0%B8%93%E0%B9%8C%E0%B9%80%E0%B8%84%E0%B8%A3%E0%B8%B7%E0%B9%88%E0%B8%AD%E0%B8%87%E0%B8%A1%E0%B8%B7%E0%B8%AD%E0%B8%8A%E0%B9%88%E0%B8%B2%E0%B8%87-cat.11044956.11045181.11045839,null,,,null
https://shopee.co.id/ROBOT-T60-TWS-Airbuds-Earphone-Bluetooth-5.3-Playtime-36jam-IPX4-i.23965197.20781757757?model_id=127687453937,20781757757,ROBOT T60 TWS Airbuds Earphone Bluetooth 5.3 Playtime 36jam IPX4,0,4.9,0,179999,113000,IDR,,0,"[""https://down-id.img.susercontent.com/file/id-11134207-7r98o-ll1yem1563n3f3_tn"",""https://down-id.img.susercontent.com/file/id-11134207-7qul6-lj5gg8p8iwgu39_tn"",""https://down-id.img.susercontent.com/file/id-11134207-7qul9-lj5gg8p8g3by04_tn"",""https://down-id.img.susercontent.com/file/id-11134207-7qul0-lj5gg8p8hhwe64_tn"",""https://down-id.img.susercontent.com/file/id-11134207-7qukx-lj5gg8p8kb1a28_tn"",""https://down-id.img.susercontent.com/file/id-11134207-7qula-lj5gg8p8lplqac_tn""]",null,Aka███aya███mmu█████████,https://shopee.co.id/adrikap,"[""Audio"",""Earphone, Headphone, & Headset""]","[{""name"":""Stok Diskon"",""value"":""205""},{""name"":""Stok Lain"",""value"":""1030""},{""name"":""Merek"",""value"":""ROBOT""},{""name"":""Tipe Koneksi"",""value"":""Wireless""},{""name"":""No.Sertifikat (POSTEL)"",""value"":""-""},{""name"":""Dikirim Dari"",""value"":""KOTA BANDUNG""}]","ROBOT TWS AIRBUDS T60 

Keunggulan:
1. Semi in-ear wireless bluetooth headset
2. Chip Bluetooth versi 5.3
3. 13 mm Drive Unit, Suara Bass dan Jernih
4. 35 Jam pemakaian penuh, 6 jam pemakaian, 18 jam case charging
5. Quick charging Port type C mengisi daya penuh dalam 2 Jam saja
6. Binaural HD Call , meredam kebisingan 
7. IPX 4, Tahan percikan air dan keringat
8. Desain Ergonomis dengan support fitur smart control

😊Silahkan Bertanya Ke Admin  Kami Jika Ingin Bertanya Mengenai Produk^^
 
📋Spesifikasi:
Type                                   :T60
Colour                                :White
Frequency Response   	: 20Hz-20KHz
Driver Size	                        :∮13mm
Bluetooth Ver.	                : Ver5.3
Bluetooth Range              : 10m/33ft
Playtime	                             : 7 hours (Earbuds)+ 28 hours (case) - varies by volume level and content",4.79,1170,96,1.16 hours,Wed May 31 2017 16:54:47 GMT+0000 (Coordinated Universal Time),30120,"[{""name"":""Warna"",""variations"":[""Putih"",""Hitam"",""Ungu"",""Hijau"",""Olike T113""]}]",https://shopee.co.id,ROBOT,100535,true,Wed Sep 04 2024 01:59:59 GMT+0000 (Coordinated Universal Time),"[{""name"":""model"",""value"":""Ungu""}]",0,"https://shopee.co.id/Earphone,-Headphone-Headset-cat.11044458.11044544.11044545",null,,,null
https://shopee.com.br/Cal%C3%A7a-de-cintura-el%C3%A1stica-pequena-Guy-El%C3%A1stica-El%C3%A1stica-El%C3%A1stica-El%C3%A1stica-El%C3%A1stica-de-cintura-mais-fina-Cal%C3%A7a-de-tornozelo-Gordura-mm-Perna-pl%C3%A1stica-Cal%C3%A7a-de-pl%C3%A1stico-Cal%C3%A7a-de-ver%C3%A3o-Fina-Cor-da-luz-Tencel-Denim-i.864634638.25226454053?model_id=232727169467,25226454053,Calça de cintura elástica pequena Guy Elástica Elástica Elástica Elástica Elástica de cintura mais fina Calça de tornozelo Gordura mm Perna plástica Calça de plástico Calça de verão Fina Cor da luz Tencel Denim,0,0,0,1.560800000000000e+02,1.560800000000000e+02,BRL,,0,"[""https://down-br.img.susercontent.com/file/sg-11134201-7rd63-luipxbeqt56o19_tn"",""https://down-br.img.susercontent.com/file/sg-11134201-7rd5q-luipxc4jpz4r86_tn"",""https://down-br.img.susercontent.com/file/sg-11134201-7rd5m-luipxclr0ta738_tn"",""https://down-br.img.susercontent.com/file/sg-11134201-7rd3q-luipxd8i3i85e1_tn"",""https://down-br.img.susercontent.com/file/sg-11134201-7rd4k-luipxdqjd40hc3_tn"",""https://down-br.img.susercontent.com/file/sg-11134201-7rd5c-luipxe8umbdbda_tn"",""https://down-br.img.susercontent.com/file/sg-11134201-7rd3l-luipxeynkk54d2_tn"",""https://down-br.img.susercontent.com/file/sg-11134201-7rd6c-luipxfegxex34a_tn"",""https://down-br.img.susercontent.com/file/sg-11134201-7rd4x-luipxfzu258m14_tn""]",null,tt7███hop███g,https://shopee.com.br/tt705.br,"[""Roupas Femininas"",""Jeans""]","[{""name"":""Estoque"",""value"":""106""},{""name"":""Material"",""value"":""Outros""},{""name"":""Plus Size"",""value"":""Sim""},{""name"":""Estampa"",""value"":""Outros""},{""name"":""Envio de"",""value"":""Internacional""}]","Caro!

Espere que Hope Caro possa gastar dinheiro mínimo e obter um produto de boa qualidade.

Por favor, tenha certeza querida, todas as mercadorias na loja são cuidadosamente selecionadas pelo proprietário, e a qualidade é estritamente controlada.

Querido, tenha certeza de comprar, obrigado por sua chegada.

Se Você gosta de você, assim como e siga-nos, desejo-lhe uma compra feliz!

Se você tiver alguma dúvida sobre o tamanho, entre em contato com o atendimento ao cliente e responderá mais tarde.

#女装 #牛仔裤 #牛仔裤",2,1,57,,Thu Sep 15 2022 11:27:23 GMT+0000 (Coordinated Universal Time),16,"[{""name"":""Cor"",""variations"":[""Luz Retrô-Nove Pontos [Estilo ""]},{""name"":""Tamanho"",""variations"":[""M"",""XL""]}]",https://shopee.com.br,,100017,false,,"[{""name"":""model"",""value"":""Luz Retrô-Nove Pontos [Estilo ,M""}]",0,https://shopee.com.br/Jeans-cat.11059998.11060249,null,,,null
https://shopee.co.id/Rinso-SensiFresh-Detergent-Cair-Deterjen-Wangi-Segar-48-Jam-Japanese-Peach-360-ML-X12-i.14318452.24322509955,24322509955,Rinso SensiFresh Detergent Cair Deterjen Wangi Segar 48 Jam Japanese Peach 360 ML X12,0,5,0,120000,102900,IDR,,0,"[""https://down-id.img.susercontent.com/file/sg-11134201-7rd4z-lvu3c9n80y0f5e_tn"",""https://down-id.img.susercontent.com/file/sg-11134201-7rd6c-lvu3c9zpio7x61_tn"",""https://down-id.img.susercontent.com/file/sg-11134201-7rd4e-lvu3ca9f4hci19_tn"",""https://down-id.img.susercontent.com/file/sg-11134201-7rd3k-lvu3cb33x1672f_tn"",""https://down-id.img.susercontent.com/file/sg-11134201-7rd3y-lvu3cbddhzuv05_tn"",""https://down-id.img.susercontent.com/file/sg-11134201-7rd3v-lvu3cbrixa9b2e_tn"",""https://down-id.img.susercontent.com/file/sg-11134201-7rd5k-lvu3ccqhi4mg5e_tn"",""https://down-id.img.susercontent.com/file/sg-11134201-7rd4d-lvu3cdheer8860_tn"",""https://down-id.img.susercontent.com/file/sg-11134201-7rd5k-lvu3cdre04qxf6_tn""]",null,Uni███er ███one█████████ial██████,https://shopee.co.id/unileverindonesia,"[""Perlengkapan Rumah"",""Perawatan Rumah"",""Perawatan Pakaian"",""Detergen""]","[{""name"":""Stok"",""value"":""60""},{""name"":""Merek"",""value"":""Rinso""},{""name"":""No. Izin Edar ( Alkes , PKRT )"",""value"":""-""},{""name"":""Dikirim Dari"",""value"":""KOTA BEKASI""}]","Selamat datang di dunia keharuman baru yang memikat dengan Rinso Sensifresh Detergen Cair Japanese Peach! Diperkaya dengan keistimewaan yang luar biasa, produk terbaru ini akan membuat momen mencuci Anda menjadi pengalaman yang menyenangkan dan istimewa.

Dengan teknologi terbaru, PERFUME LOCK TECHNOLOGY, Rinso Sensifresh Japanese Peach memberikan keharuman segar yang tahan lama hingga 21 hari! Tak hanya itu, nikmati pula perlindungan anti bau apek & keringat yang tahan hingga 48 jam, membuat pakaian Anda tetap segar dan wangi sepanjang hari.

Dibuat dengan cairan yang mampu meresap hingga ke serat kain terdalam, Rinso Sensifresh mampu menghilangkan noda bandel hanya dengan satu kali kucek! Dan yang lebih menakjubkan lagi, dengan teknologi SmartFoam-nya, Rinso Sensifresh membantu Anda menghemat air bilasan hingga setengahnya, sementara tetap menjaga pakaian tetap cemerlang dan terawat.

Namun, keistimewaan Rinso Sensifresh tidak berhenti di situ. Wangi buah Peach yang eksotis dari Jepang dan aroma manis dari bunga sakura yang legendaris akan menyelimuti pakaian Anda hingga 21 hari setelah pencucian, memberikan pengalaman mencuci yang luar biasa.

Tak hanya memberikan keharuman yang memikat, Rinso Sensifresh juga merawat tangan Anda dengan bahan-bahan pembersih alami yang menjaga kelembutan kulit. Dengan perlindungan anti noda, perlindungan higienis, dan kemampuan anti bau apek yang luar biasa, Rinso Sensifresh Detergen Cair Japanese Peach adalah pilihan tepat untuk menjaga kebersihan dan kesegaran pakaian Anda.

Jadikan momen mencuci pakaian Anda sebagai pengalaman yang menyenangkan dan istimewa dengan Rinso Sensifresh Detergen Cair Japanese Peach. Segera tambahkan produk ini ke keranjang belanja Shopee Anda dan biarkan keharuman dan kelembutan merayapi setiap serat pakaian Anda! Jangan sampai terlewatkan, dapatkan sekarang juga!",4.91,7737,100,1.16 hours,Tue Dec 27 2016 03:10:50 GMT+0000 (Coordinated Universal Time),3905058,"[{""name"":""Model Name"",""variations"":[""Multipack""]}]",https://shopee.co.id,Rinso,100636,false,,"[{""name"":""model"",""value"":""Multipack""}]",0,https://shopee.co.id/Detergen-cat.11043778.11043886.11043893,"[{""claimable"":false,""currency"":""IDR"",""discount"":10000,""discount_cap"":0,""discount_percentage"":0,""min_spend"":10000000000,""shop_vouncher"":""Unilever Indonesia Official Shop"",""special_condition"":null,""text_info"":""UOSSEP4"",""validity_end"":""2024-09-08T16:59:00.000Z"",""validity_start"":""2024-09-01T17:00:00.000Z""},{""claimable"":false,""currency"":""IDR"",""discount"":30000,""discount_cap"":0,""discount_percentage"":0,""min_spend"":28500000000,""shop_vouncher"":""Unilever Indonesia Official Shop"",""special_condition"":null,""text_info"":""UOSSEP6"",""validity_end"":""2024-09-08T16:59:00.000Z"",""validity_start"":""2024-09-01T17:00:00.000Z""}]",,,null
https://shopee.com.mx/[STOCK-Listo]-FOG-FEAR-OF-GOD-Double-Line-ESSENTIALS-Street-Wear-Messenger-Bag-Bolso-De-Hombro-Bolsa-De-Pecho-Cintura-i.1032094201.21381938581?model_id=138681621171,21381938581,[STOCK Listo] FOG FEAR OF GOD Double Line ESSENTIALS Street Wear Messenger Bag Bolso De Hombro Bolsa De Pecho Cintura,0,0,0,5.809900000000000e+02,5.809900000000000e+02,MXN,,0,"[""https://down-mx.img.susercontent.com/file/sg-11134201-7qvdy-lfv9rke3igw5f6_tn"",""https://down-mx.img.susercontent.com/file/sg-11134201-7qves-lfv9rkjx74sl15_tn"",""https://down-mx.img.susercontent.com/file/sg-11134201-7qvd1-lfv9rks8uym842_tn"",""https://down-mx.img.susercontent.com/file/my-11134201-7qukw-leu39q9cdsid92_tn"",""https://down-mx.img.susercontent.com/file/sg-11134201-7qvf2-lfv9rl5abvk1b6_tn"",""https://down-mx.img.susercontent.com/file/sg-11134201-7qvg1-lfv9rlezz2442e_tn"",""https://down-mx.img.susercontent.com/file/sg-11134201-7qvdi-lfv9rlo5k9b903_tn"",""https://down-mx.img.susercontent.com/file/sg-11134201-7qvfp-lfv9rly55n3944_tn"",""https://down-mx.img.susercontent.com/file/sg-11134201-7qveh-lfv9rmd4jpqmf5_tn""]",null,huh███enm███x,https://shopee.com.mx/huhaowenmz.mx,"[""Bolsas de Hombre"",""Cangureras y Bolsas de Pecho""]","[{""name"":""Existencias"",""value"":""84""}]","🎉¡¡Bienvenido A nuestra tienda!!💕
🎉 Encontrará muchos productos con estilo, interés y prácticos aquí.
🎉 Si está satisfecho con nuestros productos y servicios, deje su revisión de cinco estrellas, gracias.
Color:pu
Color:
Color:
Comentarios DE PERROS ENCIALES 
- Problema de desviación cromática.
Debido a la tecnología, los monitores, la luz, las razones ambientales pueden mostrar una ligera diferencia cromática, esto es normal, comprenda, haga una oferta cuidadosa para compradores altamente sensibles a la diferencia de color.


- Servicio postventa:

* Damos gran importancia a la calidad de nuestros productos. Si recibe un producto con problemas, envíenos sus comentarios a través del chat la primera vez, lo resolveremos pronto. Si está satisfecho con nuestros productos y servicios, le daremos el buen elogio de cinco estrellas.",0,90,57,,Tue Jul 11 2023 14:28:08 GMT+0000 (Coordinated Universal Time),2,"[{""name"":""Color"",""variations"":[""Negro"",""Albaricoque""]}]",https://shopee.com.mx,,100533,false,,"[{""name"":""model"",""value"":""Albaricoque""}]",0,https://shopee.com.mx/Cangureras-y-Bolsas-de-Pecho-cat.11057057.11057100.11057254,null,,,null
https://shopee.vn/Son-B%C3%B3ng-B%E1%BB%81n-M%C3%A0u-Nh%E1%BA%B9-M%C3%B4i-Superstay-Vinyl-Ink-Maybelline-New-York-4.2ml-i.37252407.22415159945?model_id=194898149291,22415159945,Son Bóng Bền Màu Nhẹ Môi Superstay Vinyl Ink Maybelline New York 4.2ml,0,4.9,0,298000,238000,VND,,0,"[""https://down-vn.img.susercontent.com/file/vn-11134201-7r98o-lzlvxmmnrubx33_tn"",""https://down-vn.img.susercontent.com/file/vn-11134201-7r98o-lzlvxmshjbmp7e_tn"",""https://down-vn.img.susercontent.com/file/vn-11134201-7r98o-lzlvxmvtefyla2_tn"",""https://down-vn.img.susercontent.com/file/vn-11134201-7r98o-lzlvxmshkq7538_tn"",""https://down-vn.img.susercontent.com/file/vn-11134201-7r98o-lwn6kzn64nag70_tn"",""https://down-vn.img.susercontent.com/file/vn-11134201-7r98o-lwn6kzn64ni5d0_tn"",""https://down-vn.img.susercontent.com/file/vn-11134201-7r98o-lwn6kzli7305d7_tn"",""https://down-vn.img.susercontent.com/file/vn-11134201-7r98o-lwn6kzmc5vlb41_tn"",""https://down-vn.img.susercontent.com/file/vn-11134201-7r98o-lwn6ldwh9hw23f_tn""]",null,May███lin███ffi█████████e,https://shopee.vn/maybelline_officialstore,"[""Sắc Đẹp"",""Trang điểm"",""Trang điểm môi"",""Son bóng""]","[{""name"":""Số lượng hàng khuyến mãi"",""value"":""216""},{""name"":""Số sản phẩm còn lại"",""value"":""13177""},{""name"":""Thương hiệu"",""value"":""Maybelline New York""},{""name"":""Xuất xứ"",""value"":""Trung Quốc""},{""name"":""Công Thức"",""value"":""Dạng lỏng (liqid)""},{""name"":""Gửi từ"",""value"":""TP. Hồ Chí Minh""}]","• VÌ SAO BẠN SẼ THÍCH?
Hey yo, Vinyl Ink xin chào!
Maybelline tạo ra sự khác biệt với công nghệ “khóa” màu, ra mắt dòng son bóng mới MAYBELLINE SUPERSTAY VINYL INK – SON BÓNG BỀN MÀU NHẸ MÔI VINYL INK. Cùng khám phá những ưu điểm vượt trội của dòng son này ngay dưới đây:
- Dòng son nhẹ mướt mới nhất của son Maybelline với đặc tính bền màu, nhẹ mướt, để lại lớp bóng nhẹ tinh tế, cho đôi môi căng tràn sức sống.
- Son bóng lên màu chuẩn, nhưng vẫn duy trì độ ẩm và giữ được sự mềm mịn cho môi.
-  Đặc biệt, đây là sản phẩm son VEGAN - công thức Thuần Chay, không sử dụng bất kỳ thành phần hay phụ phẩm từ động vật nào; là sản phẩm tối ưu cho người tiêu dùng son thông minh. 
- Kế thừa cá tính năng động và kiêu hãnh chất New York, son bóng Vinyl Ink đem đến bạn bảng màu son đa sắc tôn lên màu da của người châu Á. 

•BẢNG MÀU: 
61 RISKY – Gạch đun
62 IRRESISTIBLE – Nude đất
63 INTRIGUIING - Bơ caramen 
115 PEPPY – Nâu đào 
120 PUNCHY – Gỗ nâu 
130 EXTRA - Đỏ nâu đất 
125 KEEN - Hồng đào đất 
15 PEACHY – Nude đào 
60 MISCHIEVOUS – Cam ngọt 
35 CHEEKY – Gỗ trầm 

• BỔ SUNG THÊM 5 MÀU SON MỚI TRONG BỘ SƯU TẬP PINK COLLECTION: 
145 ROGUE - HỒNG CÁ HỒI 
155 UPBEAT - HỒNG BABY ""CHU CHU"" 
160 SULTRY - HỒNG HẠNH NHÂN 
170 UNAFRAID - HỒNG THANH LONG 
180 TENACIOUS - CAM SỮA 

Mình là bé son út mới ra mắt nhà Maybelline, sau đây là đôi điều để các bạn nhớ thêm về mình nhen: 
1. Mình là SON BÓNG BỀN MÀU, mình có thể bám lâu trên môi sau khi đã set lại nhưng nếu bạn ăn uống đồ nhiều dầu mỡ thì bạn chịu khó dặm lại xí nhen. 
2. Mình là son thuần chay và mình có hơi dính dính vì công thức đảm bảo độ bóng nhưng bạn để một lúc sau sẽ ko thấy dính nữa đâu. 
3. Các bạn nhớ LẮC son trước khi dùng và đừng tô quá nhiều lớp để son nhanh set lại và mướt hơn nhé. Cảm ơn các bạn đã quan tâm và lựa chọn mình, nếu bạn có góp ý hãy cứ gửi cho nhà Maybelline nhé. Mãi iu các bé lì!

• ƯU ĐIỂM NỔI BẬT
- Với công nghệ “khóa” màu, son bóng Superstay Vinyl Ink bền màu nhẹ môi, thách thức lem trôi. 
- Son Superstay Vinyl Ink lên màu chuẩn, nhưng vẫn duy trì độ ẩm cho môi, không gây khô môi hay siết chặt rãnh môi 
- Lớp son bóng nhẹ vừa phải, tinh tế. 
- Bộ sưu tập son Superstay Vinyl Ink có nhiều màu son khác nhau, từ sắc đỏ rực rỡ nổi bật đến màu nudes cá tính, cho các nàng tha hồ lựa chọn màu son yêu thích phù hợp với phong cách của mình

• HIỆU QUẢ SỬ DỤNG
Son bóng bền màu nhẹ môi Superstay Vinyl Ink – nâng son bóng lên một tầm cao mới, cho đôi môi căng đầy, lâu trôi, rạng rỡ ngày dài

• HƯỚNG DẪN SỬ DỤNG
Bước 1: LẮC! Lắc đều son khoảng 5 giây trước khi sử dụng! 
Bước 2: LƯỚT! Lướt nhẹ 1-2 lớp son theo cách bạn thích. Vì là son bóng, do đó không nên bặm môi quá nhiều khi sử dụng. Sau đó, để son lưu lại tự nhiên trên môi. 
Bước 3: LÊN!

Xuất xứ thương hiệu: Mỹ.
Nơi sản xuất: Trung Quốc.
Ngày sản xuất: Xem trên bao bì sản phẩm. 
Hạn sử dụng: 3 năm kể từ ngày sản xuất.

• THÔNG TIN THƯƠNG HIỆU
Là một trong những thương hiệu trang điểm hàng đầu, Maybelline New York chính thức có mặt tại Việt Nam từ năm 2007 và nhanh chóng trở thành thương hiệu trang điểm nổi bật ở các dòng sản phẩm Mascara, Kem nền, Son,...",4.91,110,100,0.82 hours,Wed Oct 04 2017 03:57:46 GMT+0000 (Coordinated Universal Time),2057508,"[{""name"":""Color"",""variations"":[""55"",""10"",""23"",""25"",""66"",""61"",""62"",""63"",""115"",""120"",""125"",""130"",""35"",""60"",""65 (Music)"",""15 (Music)"",""70 (Music)"",""145"",""160"",""180"",""65"",""170"",""50"",""15"",""155""]}]",https://shopee.vn,Maybelline New York,100630,true,Wed Sep 04 2024 01:59:59 GMT+0000 (Coordinated Universal Time),"[{""name"":""model"",""value"":""155""}]",0,https://shopee.vn/Trang-%C4%91i%E1%BB%83m-m%C3%B4i-cat.11036279.11036314.11036318,"[{""claimable"":false,""currency"":""VND"",""discount"":8000,""discount_cap"":0,""discount_percentage"":0,""min_spend"":15900000000,""shop_vouncher"":""Maybelline Official Store"",""special_condition"":null,""text_info"":""MAYB159"",""validity_end"":""2024-09-08T16:59:00.000Z"",""validity_start"":""2024-09-01T17:00:00.000Z""},{""claimable"":false,""currency"":""VND"",""discount"":null,""discount_cap"":6000000000,""discount_percentage"":10,""min_spend"":31900000000,""shop_vouncher"":""Maybelline Official Store"",""special_condition"":null,""text_info"":""MAYB60"",""validity_end"":""2024-09-08T16:59:00.000Z"",""validity_start"":""2024-09-01T17:00:00.000Z""}]",,,null
"https://shopee.com.mx/Emirates-FLY-BETTER-sponsor-Patch-Para-El-Patrocinador-De-jersey-(Servicio-De-Instalaci%C3%B3n-Gratuito-,-Debe-Dar-Una-Nota-En-El-Pedido)-i.504302986.17046096773?model_id=171796713183",17046096773,"Emirates FLY BETTER sponsor Patch Para El Patrocinador De jersey (Servicio De Instalación Gratuito , Debe Dar Una Nota En El Pedido)",0,4.6,0,8.790000000000001e+01,8.790000000000001e+01,MXN,,0,"[""https://down-mx.img.susercontent.com/file/7979261ac2e57c76a6f2934e1f9ce1e7_tn"",""https://down-mx.img.susercontent.com/file/fab04698289441fa70c1b99f251cff24_tn""]",null,gra███rij███eyx██████,https://shopee.com.mx/gradeorijerseyxk.mx,"[""Accesorios de Moda"",""Accesorios Adicionales"",""Parches""]","[{""name"":""Existencias"",""value"":""1273""},{""name"":""Género"",""value"":""Unisex""},{""name"":""Material"",""value"":""Poliflexión coreana""}]","Puedes comprar un director de la tarde, 

También podría pedir d emparejar a jersey y 


Material poliflexible, 23 centígrados de ancho, ajuste de altura
El precio de los artículos incluye una tarifa de envío que debe ser transmitida por el comprador.
El precio del artículo incluye una tarifa de envío que debe ser transmitida por el comprador.",4.55,150,57,,Thu Aug 05 2021 04:51:25 GMT+0000 (Coordinated Universal Time),473,"[{""name"":""Color"",""variations"":[""Emiratos Mosca Mejor"",""Volar emira""]},{""name"":""Tamaño"",""variations"":[""Amarillo / amarillo"",""Oro"",""Blanco / Blanco"",""Negro / Negro"",""Rojo / rojo"",""Azul / Azul"",""Azul marino"",""Otros / Otros colores""]}]",https://shopee.com.mx,,100009,false,,"[{""name"":""model"",""value"":""Emiratos Mosca Mejor,Amarillo / amarillo""}]",0,https://shopee.com.mx/Otros-cat.11057054.11057077.11057213,null,,,null
https://shopee.co.th/(%E0%B8%A5%E0%B8%B9%E0%B8%81%E0%B8%84%E0%B9%89%E0%B8%B2%E0%B9%83%E0%B8%AB%E0%B8%A1%E0%B9%88-1-%E0%B8%9A%E0%B8%B2%E0%B8%97)%E0%B9%80%E0%B8%AA%E0%B8%B7%E0%B9%89%E0%B8%AD%E0%B8%A2%E0%B8%B7%E0%B8%94+%E0%B8%81%E0%B8%B2%E0%B8%87%E0%B9%80%E0%B8%81%E0%B8%87%E0%B8%82%E0%B8%B2%E0%B8%AA%E0%B8%B1%E0%B9%89%E0%B8%99-%E0%B8%9C%E0%B9%89%E0%B8%B2%E0%B9%80%E0%B8%9A%E0%B8%B2-%E0%B9%84%E0%B8%A1%E0%B9%88%E0%B8%AB%E0%B8%94-%E0%B9%84%E0%B8%A1%E0%B9%88%E0%B8%A2%E0%B9%89%E0%B8%A7%E0%B8%A2-%E0%B9%80%E0%B8%AA%E0%B8%B7%E0%B9%89%E0%B8%AD%E0%B8%A2%E0%B8%B7%E0%B8%94%E0%B8%84%E0%B8%AD%E0%B8%81%E0%B8%A5%E0%B8%A1%E0%B8%AA%E0%B8%B5%E0%B8%9E%E0%B8%B7%E0%B9%89%E0%B8%99-%E0%B8%8A%E0%B8%B8%E0%B8%94%E0%B8%81%E0%B8%B5%E0%B8%AC%E0%B8%B2%E0%B8%9C%E0%B8%B9%E0%B9%89%E0%B8%8A%E0%B8%B2%E0%B8%A2-%E0%B8%8A%E0%B8%B8%E0%B8%94-i.291462510.10782047527?model_id=114914950634,10782047527,(ลูกค้าใหม่ 1 บาท)เสื้อยืด+กางเกงขาสั้น ผ้าเบา ไม่หด ไม่ย้วย เสื้อยืดคอกลมสีพื้น ชุดกีฬาผู้ชาย ชุด,0,4.3,0,488,169,THB,,0,"[""https://down-th.img.susercontent.com/file/94f8af0358239676d0a68ec7fe28907c_tn"",""https://down-th.img.susercontent.com/file/fa8523ddec6e55ab5e1523d4f75c519d_tn"",""https://down-th.img.susercontent.com/file/c1f174c7b5c9c3eb9bc8a37e3ce065d0_tn"",""https://down-th.img.susercontent.com/file/17c13bcab586e1ef1035ba1a305b5d6b_tn"",""https://down-th.img.susercontent.com/file/c512529833e5133e5ec4d17b6c090fb4_tn"",""https://down-th.img.susercontent.com/file/0571135cb31bea8268fc509f0941d72f_tn""]",null,(FU███ SH███,https://shopee.co.th/fufu8088,"[""เสื้อผ้าผู้ชาย"",""ชุดเซ็ต""]","[{""name"":""คลัง"",""value"":""7995""},{""name"":""ฤดูกาล"",""value"":""ฤดูร้อน""},{""name"":""ประเทศต้นกำเนิดสินค้า"",""value"":""ไทย""},{""name"":""วัสดุ"",""value"":""ฝ้าย""},{""name"":""ลวดลาย"",""value"":""ตาหมากรุก / ลายสก๊อต, ลายดอกไม้, อื่นๆ, เรียบๆ, ลายจุด""},{""name"":""ทรงคอเสื้อ"",""value"":""คอกลม""},{""name"":""ส่งจาก"",""value"":""จังหวัดกรุงเทพมหานคร""}]",✅【สินค้าทั้งหมดมีพร้อมส่งทุกชิ้น】【เราจัดส่งภายใน 24 ชั่วโมง ส่งสินค้าทุกวันไม่เว้นวันหยุด】【ลูกค้าในกรุงเทพรอรับสินค้า1-2วัน ต่างจังหวัด2-3วัน】【ทางร้านมีการตรวจสภาพสินค้าก่อนจัดส่งทุกชิ้น,4.35,23,78,5.07 hours,Sat Aug 01 2020 12:07:24 GMT+0000 (Coordinated Universal Time),11143,"[{""name"":""COLOUR"",""variations"":[""Black(D)"",""White(D)"",""Yellow(D)"",""Grey(D)""]},{""name"":""SIZW"",""variations"":[""M"",""L"",""XL"",""2XL"",""3XL"",""4XL""]}]",https://shopee.co.th,,100011,false,,"[{""name"":""model"",""value"":""White(D),4XL""}]",0,https://shopee.co.th/%E0%B8%AD%E0%B8%B7%E0%B9%88%E0%B8%99%E0%B9%86-cat.11044945.11045011,null,,,null
https://shopee.com.mx/Aquabeads-Disney-Princesa-Personaje-Playset-ORI-EPOCH-Aqua-beads-i.980651199.22137177884?model_id=231416629494,22137177884,Aquabeads Disney Princesa Personaje Playset-ORI EPOCH Aqua beads,0,0,0,1.046900000000000e+03,1.046900000000000e+03,MXN,,0,"[""https://down-mx.img.susercontent.com/file/sg-11134201-22120-pwshapz99xkv53_tn"",""https://down-mx.img.susercontent.com/file/sg-11134201-22120-lk428c299xkv2a_tn"",""https://down-mx.img.susercontent.com/file/sg-11134201-22120-tesjgt499xkv7c_tn"",""https://down-mx.img.susercontent.com/file/sg-11134201-22120-i894qq599xkvaa_tn"",""https://down-mx.img.susercontent.com/file/sg-11134201-22120-azqs8m699xkv15_tn""]",null,lai███ric███83y██████,https://shopee.com.mx/lailibrick0283yw.mx,"[""Hobbies y Colecciones"",""Artículos Coleccionables"",""Coleccionables de Idol""]","[{""name"":""Existencias"",""value"":""7""}]","Paquete de inicio de cuentas de agua adecuado para los fanáticos de Disney Princess. 
Completo con paleta de cuentas, mesa de diseño, bandeja de diseño, pelador de cuentas, rociador. El bolígrafo de cuentas se vende por separado.
Un juguete adecuado para entrenar la paciencia, la concentración y la creatividad de su hija/Hijo de madre.

Cómo jugar: haga las cuentas sobre el posavasos de acuerdo con el patrón, rocíe con agua. Espere 10 minutos simplemente retírelo.

Caja grande:
- ¡Rellena Tus personajes favoritos de Disney Princess - Ariel, Aurora, Belle y Rapunzel!
 
- Paleta de cuentas, 
- Mesa de diseño, 
- Bandeja de diseño, 
- Pelador de cuentas, 
- Rociador, 
- 2 hojas e instrucciones de plantilla de doble cara
 
Caja pequeña:
-Fill Ariel, Belle, Rapunzel, personajes de Tiana y Jazmín!
-Más De 600 gemas y cuentas densas en 19 colores, 
-Bandeja De capas, 
-pulverizador, 
-2 Hojas de plantilla e instrucciones


* Cuello DEL COMENTARIOS QUE EL PAQUETE VIDEO DE LA COMPRA QUE NO ESTÁ COMBOXING VIDEO ENTURA DEL VIDADO, (NO COMPRAS)
* Por favor, comprenda amablemente, cada forma de daño en tránsito/expedición es tanto un estuche, vidrio templado y otros más allá de nuestra responsabilidad, porque antes de enviar los productos que verificamos y 100% buenos
*Mistakes Of elegir tipo, tamaño o error debido a que no se puede devolver/devolver, por estar fuera de nuestra responsabilidad.
Gracias por comprar, siempre éxito:)
El precio de los artículos incluye una tarifa de envío que debe ser transmitida por el comprador.
El precio del artículo incluye una tarifa de envío que debe ser transmitida por el comprador.",0,0,57,,Wed Apr 05 2023 07:03:32 GMT+0000 (Coordinated Universal Time),17,"[{""name"":""Color"",""variations"":[""Caja pequeña"",""Caja grande""]}]",https://shopee.com.mx,,100639,false,,"[{""name"":""model"",""value"":""Caja pequeña""}]",0,https://shopee.com.mx/Coleccionables-de-Idol-cat.11056743.11058631.11059123,null,,,null
https://shopee.ph/Peliflask-Stainless-Steel-Coffee-Mug-With-Lid-380ml-Vacuum-Tumbler-Hot-And-Cold-i.1013475336.22159076577?model_id=204866551891,22159076577,Peliflask Stainless Steel Coffee Mug With Lid 380ml Vacuum Tumbler Hot And Cold,0,4.8,0,799,187,PHP,,0,"[""https://down-ph.img.susercontent.com/file/ph-11134207-7r98p-ls3oi7ebscasda_tn"",""https://down-ph.img.susercontent.com/file/ph-11134207-7r98x-lvzsfxe6u5415e_tn"",""https://down-ph.img.susercontent.com/file/ph-11134207-7r991-ln9xmi3n70x5fe_tn"",""https://down-ph.img.susercontent.com/file/ph-11134207-7r98s-ln9xmhw5hzl572_tn"",""https://down-ph.img.susercontent.com/file/ph-11134207-7r992-ln9xmkxr1lei92_tn"",""https://down-ph.img.susercontent.com/file/ph-11134207-7r98v-ln9xmhgm4psq9e_tn"",""https://down-ph.img.susercontent.com/file/ph-11134207-7r98y-lvmo7wh3zsgkdd_tn"",""https://down-ph.img.susercontent.com/file/ph-11134207-7r98s-ln9xmjmuzmnd1e_tn""]",null,Pel███ask███fic█████████ ,https://shopee.ph/peliflaskofficial,"[""Home & Living"",""Dinnerware"",""Cups, Mugs & Glasses""]","[{""name"":""Stock"",""value"":""4514""},{""name"":""Brand"",""value"":""peliflask""},{""name"":""Cups, Mugs & Glasses Type"",""value"":""Mugs""},{""name"":""Ships From"",""value"":""Valenzuela City, Metro Manila""}]","💖Welcome to Peliflak store! 
🎉Introducing our high-quality thermos, designed especially for students, young adults, and professionals. Incorporates advanced double-wall vacuum insulation technology！Crafted from premium 18/8 stainless steel, our thermos is FDA-certified and completely free from harmful substances like BPA.
🚚All products can be shipped from the Metro Manila within 24 hours, 2-5 days will be delivered to you.
💬If there is a problem when you receive the product, please contact us as soon as possible, we will give you a satisfactory result! We'll get back to you as soon as we can. 


Brand Name:  peliflask 
Main body material:18/8 stainless steel
Lid: PP plastic silicone
Color: 5 Colors for your choosing
Capacity: 380ML

Specifications:
This cup leak-proof design, it is recommended into the bag.
Suitable for office ,home ,travel use.
stainless steel inner,avoid of unhealthful chemical substances when using under high temperature.
Fresh, brief ,healthy are our cups special feature different with other cups.


🌹Any questions, welcome to ""Chat"" with customer service, we will reply you asap!
Please give us 5 ⭐ if you like our products.Your feedback is highly appreciated and will help us to improve our ability to serve you and other users of our web store.


",4.83,37,95,2.51 hours,Wed Jun 07 2023 03:08:54 GMT+0000 (Coordinated Universal Time),68978,"[{""name"":""color"",""variations"":[""white/with cup rope"",""black/with cup rope"",""green/with cup rope"",""purple/with cup rope"",""pink/with cup rope"",""gradient Purple"",""gradient blue"",""gradient green pink"",""Gradient Green"",""Gradient yellow""]}]",https://shopee.ph,peliflask,100636,false,,"[{""name"":""model"",""value"":""white/with cup rope""}]",0,https://shopee.ph/Cups-Mugs-cat.11021407.11021499.11021504,null,,,null
https://shopee.co.id/POWERMAN-OBAT-KUAT-PRIA-TAHAN-LAMA-HERBAL-KAPSUL-OBAT-KUAT-PRIA-PERKASA-PENAMBAH-STAMINA-BPOM-i.968601018.27700989315,27700989315,POWERMAN OBAT KUAT PRIA TAHAN LAMA HERBAL KAPSUL OBAT KUAT PRIA PERKASA PENAMBAH STAMINA BPOM,0,4.8,0,120000,120000,IDR,,0,"[""https://down-id.img.susercontent.com/file/id-11134207-7r98o-lw97ljm0dblp59_tn"",""https://down-id.img.susercontent.com/file/id-11134207-7r98x-lw97s6fikn6j88_tn"",""https://down-id.img.susercontent.com/file/id-11134207-7r98o-lw97s6fiknq60a_tn"",""https://down-id.img.susercontent.com/file/id-11134207-7r98u-lw97s6fiknji04_tn"",""https://down-id.img.susercontent.com/file/id-11134207-7r98u-lw97ljm0eq6513_tn"",""https://down-id.img.susercontent.com/file/id-11134207-7r98y-lvr5z0s4hzp8dd_tn"",""https://down-id.img.susercontent.com/file/id-11134207-7r98q-lvr5z0s4je9o65_tn"",""https://down-id.img.susercontent.com/file/id-11134207-7r991-lvr5z0s4ksu49e_tn"",""https://down-id.img.susercontent.com/file/id-11134207-7r98u-lw97ljm0g4ql0e_tn""]",null,Lic███Sto███,https://shopee.co.id/licengstoree,"[""Kesehatan"",""Obat-obatan & Alat Kesehatan"",""Obat Tradisional""]","[{""name"":""Stok"",""value"":""3420""},{""name"":""Merek"",""value"":""Power Man""},{""name"":""Berat Produk"",""value"":""10g""},{""name"":""Golongan Obat"",""value"":""Herbal Terstandar""},{""name"":""Masa Penyimpanan"",""value"":""12 Bulan""},{""name"":""No. Izin Edar (BPOM, PIRT)"",""value"":""TR 193329701""},{""name"":""Kontraindikasi"",""value"":""Tidak Ada""},{""name"":""Aturan Pakai"",""value"":""Ada Dikemasan""},{""name"":""Efek Samping"",""value"":""Tidak Ada""},{""name"":""Tanggal Kedaluwarsa"",""value"":""10-07-2025""},{""name"":""Dikirim Dari"",""value"":""KAB. BEKASI""}]","PASTIKAN ORDER PRODUK POWERMAN YANG ASLI DAN BPOM DI TOKO INI
PRODUK SELALU READY STOK,PESAN HARI INI DI KIRIM HARI INI JUGA
PRODUK ASLI 100% ORIGINAL.KARENA DI KIRM LANGSUNG DARI PERUSAHAAN.
GARANSI UANG KEMBALI 100% JIKA PALAM PENGIRIMAN.
PROSES CEPAT AMAN DAN PRIVASI DI JAGA AMAN


PRODUK POWERMAN ADALAH produk unggulan terbaru yang mempunyai khasiat khusus menjaga stamin* pria dan menambah dur*si dalam berhubung*n
POWERMAN adlh ob*t herbal yang di olah dengan tecnologi modern dan dapat membantu menjaga stamina pria dan mengobati ejakul*si dini.dan dapat mengob*ti
lemah syahw*t pada pria
obat ini sangat cocok sekali bagi para pria yang punya keluhan dalam berhubung*n intim.
ejakul*si dini,lemah syahw*t dan kurang ereksi.
bahkan yang selama ini hanya kuat 2 sampai 5 menit.dengan konsumsi POWERMAN bisa mencapai durasi 15 sampai 30 menit,bahkan ada pula yang kuat sampai 1 jam.
ini bukan hanya isapan jempol belaka,sudah banyak yang membuktikanya.
yang di rasakan badan lebih fit,hubungan intim lebih sempurna,menambah percaya diri,dan yang lebih penting adalah memberikan kepuasan kepada pasangan kita.
karena dalam berhubungan int*m kepuas*n itu bisa tercapai kalau kedua belah pihak sama sama terpuaskan


MANFAAT POWERMAN

-   KUAT TAHAN LAM
-   ATASI EJAKULAS* DINI
-   MENAMBAH STAMINA SAAT BERHUBUNG*N
-   MENGOB*TI LEMAH SAHW*T JIKA DI PAKAI RUTIN 100% ORIGINAL 
-   AMAN TANPA EFEK SAMPING

DEKRIPSI PRODUK

-   NAMA PRODUK     :POWERMAN
-   ISI             :30 KAPSUL
-   KEMASAN         :BOTOL PLASTIK
-   TEKSTURE        :KAPSUL
-   NO BPOM         :TR 193329701


CARA PAKAI 

-   PENCEGAHAN     :1 KAPSUL 2X SEHARI
-   PENGOBATAN     :1 KAPSUL 3X SEHARI
-   BERHUBUNG*N    :1-2 KAPSUL SEKALI BERHUBUNGAN

",4.8,6,99,1.43 hours,Tue Mar 14 2023 09:34:05 GMT+0000 (Coordinated Universal Time),169,"[{""variations"":[null]}]",https://shopee.co.id,Power Man,100001,false,,"[{""name"":""model"",""value"":null}]",0,https://shopee.co.id/Obat-Tradisional-cat.11043279.11043288.11043287,"[{""claimable"":false,""currency"":""IDR"",""discount"":19750,""discount_cap"":0,""discount_percentage"":0,""min_spend"":5000000000,""shop_vouncher"":""LicengStoree"",""special_condition"":null,""text_info"":""LICEKU8SU"",""validity_end"":""2024-10-02T15:55:00.000Z"",""validity_start"":""2024-07-07T16:59:00.000Z""},{""claimable"":false,""currency"":""IDR"",""discount"":35000,""discount_cap"":0,""discount_percentage"":0,""min_spend"":30000000000,""shop_vouncher"":""LicengStoree"",""special_condition"":null,""text_info"":""LICE35W8"",""validity_end"":""2024-10-09T21:14:00.000Z"",""validity_start"":""2024-07-21T20:06:00.000Z""}]",,,null
https://shopee.co.th/Magnolia-Ginkgo-Choc-X2-(96-Pcs.)-i.623656300.16945356445,16945356445,Magnolia Ginkgo Choc X2 (96 Pcs.),0,4.8,0,1200,1020,THB,,0,"[""https://down-th.img.susercontent.com/file/ea786c41f100aeb4d3322a2da8f782d9_tn"",""https://down-th.img.susercontent.com/file/781c74a7e1f2bc8c0ad1a91acc4c9c80_tn"",""https://down-th.img.susercontent.com/file/9712f69449190d483256a1e5d5285f00_tn"",""https://down-th.img.susercontent.com/file/e8fbe0e61d7813d0cdce03811034f267_tn"",""https://down-th.img.susercontent.com/file/cdc3a74db16170551a0fc40aff3a071a_tn""]",null,F&N███iri███,https://shopee.co.th/fndairies_officialstore,"[""อาหารและเครื่องดื่ม"",""ผลิตภัณฑ์นม เนย และไข่"",""นม"",""นม UHT""]","[{""name"":""คลัง"",""value"":""5""},{""name"":""สินค้า"",""value"":""Magnolia(แมกโนเลีย)\t""},{""name"":""ส่งจาก"",""value"":""จังหวัดสมุทรปราการ""}]","""นมปรุงแต่งยูเอชทีรสช็อกโกแลต สูตรผสมสารสกัดจากใบแปะก๊วย (ตราแมกโนเลีย พลัส) รสชาติอร่อย หอมมัน เข้มข้น ไม่คาว ได้รับเครื่องหมายทางเลือกสุขภาพ (Heathier Choice) มีกิงโกะ (สารสกัดจากใบแปะก๊วยสูงถึง 2,700 ไมโครกรัม) และวิตามินบี 12 สูงถึง 35% ที่มีส่วนช่วยในการบำรุงประสาทและสมอง แคลเซียมสูง 30% ช่วยในการบำรุงกระดูกและฟันให้แข็งแรง""",4.9,74,100,0.16 hours,Mon Dec 13 2021 04:02:33 GMT+0000 (Coordinated Universal Time),38186,"[{""variations"":[null]}]",https://shopee.co.th,Magnolia(แมกโนเลีย)	,100629,false,,"[{""name"":""model"",""value"":null}]",0,https://shopee.co.th/%E0%B8%99%E0%B8%A1%E0%B8%A2%E0%B8%B9%E0%B9%80%E0%B8%AD%E0%B8%8A%E0%B8%97%E0%B8%B5-(UHT)-cat.11044960.11045222.11046142,null,,,null
https://shopee.co.id/Gehel-Mie-Lidi-200gr----Makanan-Ringan-(Grosir)-i.120552964.3726142118?model_id=76433793140,3726142118,Gehel Mie Lidi 200gr  - Makanan Ringan (Grosir),0,4.8,0,15200,14440,IDR,,0,"[""https://down-id.img.susercontent.com/file/id-11134207-7r98r-lmlgykl2et9n89_tn"",""https://down-id.img.susercontent.com/file/id-11134207-7r992-lmlgykl2g7u340_tn"",""https://down-id.img.susercontent.com/file/id-11134207-7r991-lsrxpy1vkcvbbd_tn"",""https://down-id.img.susercontent.com/file/id-11134207-7r98w-lsrxpy1vlrfr20_tn"",""https://down-id.img.susercontent.com/file/sg-11134201-22110-mxqtlys0l0jv7d_tn"",""https://down-id.img.susercontent.com/file/sg-11134201-22110-1dasvux61cjv09_tn"",""https://down-id.img.susercontent.com/file/sg-11134201-22110-1wjjb2m61cjv7c_tn""]",null,Geh███Off███al ██████,https://shopee.co.id/gehelsnack,"[""Makanan & Minuman"",""Makanan Ringan"",""Makanan Ringan Lainnya""]","[{""name"":""Stok"",""value"":""7877""},{""name"":""Merek"",""value"":""Gehel""},{""name"":""Berat Produk"",""value"":""200g""},{""name"":""Masa Penyimpanan"",""value"":""6 Bulan""},{""name"":""Negara Asal"",""value"":""Indonesia""},{""name"":""Jenis Makanan"",""value"":""Home-made, Lainnya, Tradisional""},{""name"":""Menu Makanan Khusus"",""value"":""Halal""},{""name"":""Tanggal Kedaluwarsa"",""value"":""25-02-2025""},{""name"":""No. Izin Edar (BPOM, PIRT)"",""value"":""P-IRT 206320601002123""},{""value"":""Terigu, Minyak dan penyedap""},{""name"":""Jumlah Produk Dalam Kemasan"",""value"":""1""},{""name"":""Ukuran Per Produk"",""value"":""200G/GR""},{""name"":""No. Sertifikasi (Halal)"",""value"":""-""},{""name"":""Dikirim Dari"",""value"":""KAB. TASIKMALAYA""}]","
CEMILAN FAVORIT YANG MELEGENDA SAMPAI SEKARANG!!

Mie Lidi/Mie Lidi Gehel/Mie Sapu Lidi/Lidi lidian/ Mie Jepang/ Mie Biting

 

Mie Lidi merupakan cemilan dan jajanan legendaris yang banyak digemari dan disukai semua usia terutama remaja😍 Dengan bumbu taburan khas Gehel yang bikin nagih dan nostalgia. Bisa dijadiin teman gabut, teman nonton,dan sangat recomended untuk cemilan sambil nongkrong bareng temen🥳

Mie Lidi Gehel dengan bumbu super gurih dan nempel dijamin bikin ketagihan 🤤

Pilihan Rasa :

- Asin

- Pedas Jeruk 

- Pedas Biasa

- Pedas Ekstra

- Jagung Bakar

- Balado

 

Pengemasan dan pengiriman dilakukan setiap hari

Pengiriman dilakukan sehari setelah checkout (kecuali pada saat sedang full bisa di hari esoknya) mak H+3

 

Note :

 - Penting tambahkan extra bubblewrap agar paket lebih aman saat proses pengiriman!

 - Tidak bisa request rasa di chat ataupun note pesanan
- Wajib membuat vidio unboxing sebagai syarat klaim garansi jika ada kesalahan dalam pengiriman produk

 

KETERANGAN:

NETTO: 200 GRAM

BERAT KOTOR EKSPEDISI: 300GRAM

WAKTU PENGRMASAN 1-3 HARI TERGANTUNG SIKON

IZIN DINKES PIRT (ada)

IZIN HALAL MUI (ada)



mielidi#Cemilan#MakananRingan#Lidilidian#MieSapuLidi#CemilanPedasJeruk#cemilanpedas#gehelsnack",4.83,45,79,2.54 hours,Tue Jan 15 2019 06:50:49 GMT+0000 (Coordinated Universal Time),129637,"[{""name"":""RASA"",""variations"":[""Asin"",""Pedas"",""Pedas Jeruk"",""Extra Pedas"",""Jagung Bakar"",""Balado""]}]",https://shopee.co.id,Gehel,100629,false,,"[{""name"":""model"",""value"":""Pedas Jeruk""}]",0,https://shopee.co.id/Makanan-Ringan-Lainnya-cat.11043451.11043453.11043465,"[{""claimable"":false,""currency"":""IDR"",""discount"":500,""discount_cap"":0,""discount_percentage"":0,""min_spend"":3000000000,""shop_vouncher"":""Gehel Official Shop"",""special_condition"":null,""text_info"":""GEHESE123"",""validity_end"":""2024-09-30T16:59:00.000Z"",""validity_start"":""2024-08-31T17:00:00.000Z""},{""claimable"":false,""currency"":""IDR"",""discount"":1000,""discount_cap"":0,""discount_percentage"":0,""min_spend"":5000000000,""shop_vouncher"":""Gehel Official Shop"",""special_condition"":null,""text_info"":""GEHEGS30T"",""validity_end"":""2024-09-30T16:59:00.000Z"",""validity_start"":""2024-08-31T17:00:00.000Z""},{""claimable"":false,""currency"":""IDR"",""discount"":2000,""discount_cap"":0,""discount_percentage"":0,""min_spend"":7000000000,""shop_vouncher"":""Gehel Official Shop"",""special_condition"":null,""text_info"":""GEHEGH12S"",""validity_end"":""2024-09-30T16:59:00.000Z"",""validity_start"":""2024-08-31T17:00:00.000Z""},{""claimable"":false,""currency"":""IDR"",""discount"":null,""discount_cap"":null,""discount_percentage"":null,""min_spend"":7000000000,""shop_vouncher"":""Gehel Official Shop"",""special_condition"":null,""text_info"":""GEHESE12T"",""validity_end"":""2024-09-30T16:59:00.000Z"",""validity_start"":""2024-08-31T17:00:00.000Z""}]",,,null
https://shopee.vn/[L%C3%89A-GLASSES]-K%C3%ADnh-m%C3%A1t-Jennie-Jentle-Salon-Barrette-Bayonetta-Y2K-kim-lo%E1%BA%A1i-cao-c%E1%BA%A5p-oval-HOT-TREND-i.82496611.28157174287,28157174287,[LÉA GLASSES] Kính mát Jennie Jentle Salon Barrette Bayonetta Y2K kim loại cao cấp oval HOT TREND,0,5,0,280000,179000,VND,,0,"[""https://down-vn.img.susercontent.com/file/vn-11134207-7r98o-lymdwouy42tp1e_tn"",""https://down-vn.img.susercontent.com/file/vn-11134207-7r98o-lz66tk6enoo1ba_tn"",""https://down-vn.img.susercontent.com/file/vn-11134207-7r98o-lz66tk6enoel2e_tn"",""https://down-vn.img.susercontent.com/file/vn-11134207-7r98o-lyme5tjzjc0x8f_tn"",""https://down-vn.img.susercontent.com/file/vn-11134207-7r98o-lyme5tjz3vs120_tn"",""https://down-vn.img.susercontent.com/file/vn-11134207-7r98o-lyme5tkj32jlf2_tn""]",null,LÉA███ass███,https://shopee.vn/lea.glasses,"[""Phụ Kiện Thời Trang"",""Kính mắt"",""Kính mát""]","[{""name"":""Kho"",""value"":""8""},{""name"":""Thương hiệu"",""value"":""LÉA glasses""},{""name"":""Xuất xứ"",""value"":""Việt Nam""},{""name"":""Loại lens"",""value"":""Chống ánh sáng xanh""},{""name"":""Chất liệu khung kính"",""value"":""Kim loại""},{""name"":""Hình dạng khung kính"",""value"":""Oval""},{""name"":""Loại kính"",""value"":""Đầy RIM""},{""name"":""Giới tính"",""value"":""Unisex""},{""name"":""Chất liệu"",""value"":""Kim loại""},{""name"":""Gửi từ"",""value"":""TP. Hồ Chí Minh""}]","❗️ Gọng kính bằng kim loại GM Jennie Jentle Salon Barrette cao cấp, khác so với gọng nhựa trên thị trường

Kính mát nam nữ thời trang  gọng kim loại cao cấp chống tia UV400, ánh sáng xanh dáng oval HOT TREND

* LÉA GLASSES cam kết 100% hình ảnh sản phẩm là ảnh thật do Shop tự chụp, khách của LÉA có thể hoàn toàn yên tâm khi mua và sử dụng sản phẩm của Shop.

THÔNG TIN SẢN PHẨM:
- Tròng kính màu có khả năng chống ánh nắng & tia UV 400
- Kích thước: 
  - Chiều rộng gọng kính: 142 mm
  - Chiều dài tròng kính: 158 mm
  - Chiều cao tròng kính: 33 mm
  - Chất liệu: Kim loại

Lưu ý: các dữ liệu đều được đo thủ công nên có sai số 1 - 3mm

BỘ SẢN PHẨM KÍNH MẮT LÉA GLASSES GỒM:
- Gọng kính
- Khăn lau kính
- Nước lau kính 60ml
- Bao da bảo vệ kính

CÔNG DỤNG SẢN PHẨM:
- Thời trang và thẩm mỹ: kính mát như một món phụ kiện giúp bạn phối được nhiều kiểu đồ trong các dịp Đi Chơi, Du Lịch, Đi Biển, Chụp Ảnh, Selfie, ...
- Bảo vệ mắt: kính râm giúp bảo vệ mắt, chống bụi đi đường, ánh nắng mặt trời & tia UV, tăng cường sự thoải mái khi đeo.
- Đối tượng: Unisex, Dành cho cả nam và nữ.

BẢO QUẢN SẢN PHẨM:
- Không đặt kính mặt xuống: khi không sử dụng, nên đặt mặt kính lên phía trong của kính để tránh bụi bẩn và vết trầy xước không cần thiết.
- Để kính trong bao da: khi không sử dụng, nên để mắt kính vào bao da của nhà LÉA để tránh bụi bẩn và va đập. Bao da cũng giúp bảo vệ kính khi không sử dụng.
- Thường xuyên vệ sinh và lau chùi mắt kính bằng nước xịt, khăn lau chuyên dụng của nhà LÉA hoặc khăn sạch, không dùng áo để lau kính sẽ gây trầy xước kính.
- Bảo quản kính ở nơi thoáng mát, tránh tiêp xúc với nhiệt độ cao và hóa chất

CHÍNH SÁCH BẢO HÀNH:
BẠN NÊN QUAY VIDEO MỞ HỘP ĐỂ LÉA GLASSES CÓ THỂ DỄ DÀNG HỖ TRỢ BẠN ĐỔI HÀNG KHI GẶP SỰ CỐ NGOÀI MONG MUỐN NHÉ
 - LÉA GLASSES nhận đổi/trả trong trường hợp sản phẩm giao đến tay khách hàng bị lỗi hoặc bị hư hại do quá trình vận chuyển
 - Sản phẩm đổi/trả phải chưa qua sử dụng và trong vòng 07 ngày kể từ khi đơn hàng được giao hàng thành công.
 - Khi đổi/trả hàng, vui lòng nhắn tin cho LÉA để được hướng dẫn chi tiết nhé
LÉA GLASSES CAM  KẾT:
- Tất cả các sản phẩm trước khi được đóng gói và giao tới tay khách hàng đều được LÉA GLASSES kiểm tra kỹ lưỡng về chất lượng nhằm hạn chế tối đa những sản phẩm bị lỗi và đảm bảo CHẤT LƯỢNG TỐT NHẤT cho khách hàng
 
LÉA GLASSES  - NƠI MÀ KÍNH KHÔNG CHỈ LÀ PHỤ KIỆN, MÀ LÀ MỘT PHẦN CÂU CHUYỆN THỜI TRANG CỦA RIÊNG BẠN ! 🌟💖

#kinh #mat #kinhmat #ram #kinhram #matkinh #kinhthoitrang #thoi #trang #thoitrang #tiauv #uv #tia #kinhnu #kinhnam #nam #nu #kinhmatnu #kinhmatnam #kinhnhua #nhua #kinhoval #oval #kinhnhua #nhua #matkinhnu #matkinhnam #matkinhmat #kinhramnu #kinhramnam #gong #gongkinh #kinhdibien #dibien #di #bien #kinhdichoi #choi #dichoi #kinhchongbui #chongbui #chong #bui #kinhdiduong #diduong #kinhuv #kinhthoitrangnu #kinhchongtiauv #kinhthoitrangnam",4.93,91,100,0.34 hours,Thu Aug 02 2018 15:31:39 GMT+0000 (Coordinated Universal Time),47950,"[{""name"":""Màu sắc"",""variations"":[""Bạc (cao cấp)""]}]",https://shopee.vn,LÉA glasses,100009,false,,"[{""name"":""model"",""value"":""Bạc (cao cấp)""}]",0,https://shopee.vn/K%C3%ADnh-m%C3%A1t-cat.11035853.11035869.11035870,"[{""claimable"":false,""currency"":""VND"",""discount"":10000,""discount_cap"":0,""discount_percentage"":0,""min_spend"":10000000000,""shop_vouncher"":""LÉA glasses"",""special_condition"":null,""text_info"":""LEAG100TT"",""validity_end"":""2024-09-30T14:57:00.000Z"",""validity_start"":""2024-07-30T13:57:00.000Z""},{""claimable"":false,""currency"":""VND"",""discount"":5000,""discount_cap"":0,""discount_percentage"":0,""min_spend"":10000000000,""shop_vouncher"":""LÉA glasses"",""special_condition"":null,""text_info"":""LEAG100KT"",""validity_end"":""2024-09-30T08:16:00.000Z"",""validity_start"":""2024-07-01T07:16:00.000Z""},{""claimable"":false,""currency"":""VND"",""discount"":10000,""discount_cap"":0,""discount_percentage"":0,""min_spend"":20000000000,""shop_vouncher"":""LÉA glasses"",""special_condition"":null,""text_info"":""LEAG200KK"",""validity_end"":""2024-09-30T10:02:00.000Z"",""validity_start"":""2024-07-11T09:02:00.000Z""},{""claimable"":false,""currency"":""VND"",""discount"":15000,""discount_cap"":0,""discount_percentage"":0,""min_spend"":30000000000,""shop_vouncher"":""LÉA glasses"",""special_condition"":null,""text_info"":""LEAG300KK"",""validity_end"":""2024-09-30T10:03:00.000Z"",""validity_start"":""2024-07-11T09:03:00.000Z""},{""claimable"":false,""currency"":""VND"",""discount"":20000,""discount_cap"":0,""discount_percentage"":0,""min_spend"":40000000000,""shop_vouncher"":""LÉA glasses"",""special_condition"":null,""text_info"":""LEAG400KT"",""validity_end"":""2024-09-30T10:04:00.000Z"",""validity_start"":""2024-07-11T09:04:00.000Z""},{""claimable"":false,""currency"":""VND"",""discount"":25000,""discount_cap"":0,""discount_percentage"":0,""min_spend"":50000000000,""shop_vouncher"":""LÉA glasses"",""special_condition"":null,""text_info"":""LEAG25000"",""validity_end"":""2024-09-30T04:26:00.000Z"",""validity_start"":""2024-07-17T04:26:00.000Z""},{""claimable"":false,""currency"":""VND"",""discount"":35000,""discount_cap"":0,""discount_percentage"":0,""min_spend"":60000000000,""shop_vouncher"":""LÉA glasses"",""special_condition"":null,""text_info"":""LEAG35000"",""validity_end"":""2024-09-30T04:44:00.000Z"",""validity_start"":""2024-07-17T03:44:00.000Z""},{""claimable"":false,""currency"":""VND"",""discount"":45000,""discount_cap"":0,""discount_percentage"":0,""min_spend"":70000000000,""shop_vouncher"":""LÉA glasses"",""special_condition"":null,""text_info"":""LEAG45000"",""validity_end"":""2024-09-30T04:45:00.000Z"",""validity_start"":""2024-07-17T03:45:00.000Z""},{""claimable"":false,""currency"":""VND"",""discount"":55000,""discount_cap"":0,""discount_percentage"":0,""min_spend"":80000000000,""shop_vouncher"":""LÉA glasses"",""special_condition"":null,""text_info"":""LEAG55000"",""validity_end"":""2024-09-30T04:46:00.000Z"",""validity_start"":""2024-07-17T03:46:00.000Z""}]",,,null
https://shopee.cl/Globo-De-Fiesta-Puntos-De-Pegamento-100dots-gluedots-i.890178397.22502597550,22502597550,Globo De Fiesta Puntos De Pegamento 100dots gluedots,0,4.8,0,38000,38000,CLP,,0,"[""https://down-cl.img.susercontent.com/file/2d98cb9e3e82a6da06fb1fe77c7c2b60_tn"",""https://down-cl.img.susercontent.com/file/e86c55b7d056b63cd022e3b6f9715607_tn""]",null,bal███nar███.cl███,https://shopee.cl/balloonartvd.cl,"[""Hogar y Vida"",""Decoración para Fiestas"",""Otros""]","[{""name"":""Existencias"",""value"":""9106""}]","Bienvenido a mi tienda

Tamaño: Pegamento Puntos 190cm 100dots

Notas:

Debido a la diferencia entre diferentes monitores, es posible que las imágenes no reflejen el color real del artículo.

Compare los tamaños de detalle con los suyos, permita un error de 1-3 cm debido a la medición manual.",4.5,255,57,,Wed Oct 26 2022 04:53:01 GMT+0000 (Coordinated Universal Time),3,"[{""name"":""Color"",""variations"":[""1,3 cm de diámetro""]}]",https://shopee.cl,,100636,false,,"[{""name"":""model"",""value"":""1,3 cm de diámetro""}]",0,https://shopee.cl/Otros-cat.11070442.11070642.11071546,null,,,null
https://shopee.co.id/sepatu-wanita-mary-jane-gesper-pita-3-cm-i.15654233.27201995666?model_id=119182515403,27201995666,sepatu wanita mary jane gesper pita 3 cm,0,4.7,0,47999,47999,IDR,,0,"[""https://down-id.img.susercontent.com/file/id-11134207-7r992-lw7xa2j7m7iia3_tn"",""https://down-id.img.susercontent.com/file/id-11134207-7r98w-lw7xa2j7ksy225_tn"",""https://down-id.img.susercontent.com/file/id-11134207-7r98p-lw7xa2j7nm2yd7_tn"",""https://down-id.img.susercontent.com/file/id-11134207-7r98x-lw7xa2j7p0ne64_tn"",""https://down-id.img.susercontent.com/file/id-11134207-7r992-lw7xa2j7qf7u26_tn"",""https://down-id.img.susercontent.com/file/id-11134207-7r991-lw89eslg1qq55b_tn"",""https://down-id.img.susercontent.com/file/id-11134207-7r98t-lw89eslg35alfe_tn"",""https://down-id.img.susercontent.com/file/id-11134207-7r98z-lz9zicvl9ece3a_tn""]",null,adk███oes███,https://shopee.co.id/adkshoes.,"[""Sepatu Wanita"",""Sepatu Flat"",""Slip-On, Mules & Mary Janes""]","[{""name"":""Stok Diskon"",""value"":""97""},{""name"":""Stok Lain"",""value"":""1377""},{""name"":""Merek"",""value"":""-""},{""name"":""Negara Asal"",""value"":""Indonesia""},{""name"":""Tipe Ujung Sepatu"",""value"":""Ujung Lancip""},{""name"":""Dikirim Dari"",""value"":""KAB. BOGOR""}]","Sepatu wanita ini terbuat dari bahan sintetis super yang tahan lama dan mudah dibersihkan. Bahan sintetis super ini memiliki keuntungan tahan lama dan mudah dibersihkan. Anda tidak perlu khawatir jika sepatu ini terkena air atau kotoran karena Anda dapat membersihkannya dengan mudah. Kombinasi hiasan gesper dan pita cantik pada sepatu ini memberikan tampilan yang lebih menarik dan modis. Anda dapat mengenakan sepatu ini untuk berbagai kesempatan, baik formal maupun informal.

Tinggi sepatu 3 cm pada sepatu ini memberikan kenyamanan saat digunakan. Anda tidak perlu khawatir merasa lelah atau sakit kaki saat mengenakan sepatu ini dalam waktu yang lama. Sepatu ini cocok untuk Anda yang ingin tampil modis dan nyaman sekaligus. Dengan sepatu ini, Anda dapat tampil percaya diri dan nyaman sepanjang hari.

Dengan bahan sintetis super yang tahan lama dan mudah dibersihkan, sepatu ini cocok untuk Anda yang ingin memiliki sepatu yang awet dan mudah dirawat. Kombinasi hiasan gesper dan pita cantik pada sepatu ini memberikan tampilan yang lebih menarik dan modis. Tinggi sepatu 3 cm pada sepatu ini memberikan kenyamanan saat digunakan sehingga Anda dapat mengenakan sepatu ini dalam waktu yang lama tanpa merasa lelah atau sakit kaki. Sepatu ini cocok untuk Anda yang ingin tampil modis dan nyaman sekaligus.
",4.52,182,82,3.25 hours,Wed Jan 25 2017 08:30:24 GMT+0000 (Coordinated Universal Time),692254,"[{""name"":""Warna"",""variations"":[""Silver"",""Hitam"",""Maroon"",""Cream"",""Random warna""]},{""name"":""Ukuran"",""variations"":[""37"",""38"",""39"",""40"",""41""]}]",https://shopee.co.id,,100532,false,,"[{""name"":""model"",""value"":""Maroon,40""}]",0,"https://shopee.co.id/Slip-Ons,-Mary-Janes-Mules-cat.11042604.11042617",null,,,null
https://shopee.co.th/Anmum-%E0%B9%81%E0%B8%AD%E0%B8%99%E0%B8%A1%E0%B8%B1%E0%B8%A1-%E0%B8%A1%E0%B8%B2%E0%B9%80%E0%B8%97%E0%B8%AD%E0%B8%A3%E0%B9%8C%E0%B8%99%E0%B9%88%E0%B8%B2-%E0%B8%99%E0%B8%A1%E0%B8%81%E0%B8%A5%E0%B9%88%E0%B8%AD%E0%B8%87%E0%B8%A2%E0%B8%B9%E0%B9%80%E0%B8%AD%E0%B8%8A%E0%B8%97%E0%B8%B5%E0%B8%AA%E0%B8%B3%E0%B8%AB%E0%B8%A3%E0%B8%B1%E0%B8%9A%E0%B8%84%E0%B8%99%E0%B8%97%E0%B9%89%E0%B8%AD%E0%B8%87-%E0%B8%84%E0%B8%B8%E0%B8%93%E0%B9%81%E0%B8%A1%E0%B9%88%E0%B8%95%E0%B8%B1%E0%B9%89%E0%B8%87%E0%B8%84%E0%B8%A3%E0%B8%A3%E0%B8%A0%E0%B9%8C-%E0%B8%A3%E0%B8%AA%E0%B8%88%E0%B8%B7%E0%B8%94-%E0%B9%81%E0%B8%9E%E0%B9%87%E0%B8%84-12-(12-%E0%B8%81%E0%B8%A5%E0%B9%88%E0%B8%AD%E0%B8%87):%E0%B8%88%E0%B8%B7%E0%B8%94--%E0%B8%9B%E0%B8%A3%E0%B8%B4%E0%B8%A1%E0%B8%B2%E0%B8%93-180%E0%B8%A1%E0%B8%A5-i.125810160.9987019690,9987019690,Anmum แอนมัม มาเทอร์น่า นมกล่องยูเอชทีสำหรับคนท้อง คุณแม่ตั้งครรภ์ รสจืด แพ็ค 12 (12 กล่อง):จืด  ปริมาณ 180มล,0,4.8,0,220,220,THB,,0,"[""https://down-th.img.susercontent.com/file/th-11134207-23020-c2svjs3tsbnv29_tn"",""https://down-th.img.susercontent.com/file/291da19a2e2b383010dafac23597d57e_tn"",""https://down-th.img.susercontent.com/file/0120e02af625b09051bd989e4f924a0d_tn""]",null,Fon███ra ███ici█████████,https://shopee.co.th/fonterra_official_store,"[""แม่และเด็ก"",""ผลิตภัณฑ์ดูแลสุขภาพคุณแม่"",""นมสำหรับคุณแม่""]","[{""name"":""คลัง"",""value"":""323""},{""name"":""สินค้า"",""value"":""Anmum""},{""name"":""ส่งจาก"",""value"":""จังหวัดสมุทรปราการ""}]","""""""แอนมัม มาเทอร์น่า นมยูเอชทีสำหรับสตรีมีครรภ์และสตรีให้นมบุตร

ส่วนประกอบหลัก
น้ำนมโค นมผงขาดมันเนย บัตเตอร์มิลค์ผง วิตามินและเกลือแร่ ใยอาหารจากธรรมชาติ น้ำมันคาโนล่า น้ำมันถั่วเหลือง อิมัลซิไฟออร์ 
ข้อมูลสำหรับผู้แพ้อาหาร มีลซิตินจากถั่วเหลือง""
FDA 30-1-10244-1-0050

หมดอายุหลังจากวันผลิต 6 เดือน",4.88,189,97,1.06 hours,Mon Feb 11 2019 07:03:08 GMT+0000 (Coordinated Universal Time),169504,"[{""name"":""รส"",""variations"":[""จืด""]}]",https://shopee.co.th,Anmum,100632,false,,"[{""name"":""model"",""value"":""จืด""}]",0,https://shopee.co.th/%E0%B8%99%E0%B8%A1%E0%B8%AA%E0%B8%B3%E0%B8%AB%E0%B8%A3%E0%B8%B1%E0%B8%9A%E0%B8%84%E0%B8%B8%E0%B8%93%E0%B9%81%E0%B8%A1%E0%B9%88-cat.11044960.11045228.11046168,"[{""claimable"":false,""currency"":""THB"",""discount"":null,""discount_cap"":5000000,""discount_percentage"":12,""min_spend"":29900000,""shop_vouncher"":""Fonterra Official Store"",""special_condition"":null,""text_info"":""FONTNBYM9"",""validity_end"":""2024-09-30T16:59:59.000Z"",""validity_start"":""2024-08-31T17:00:00.000Z""}]",,,null
https://shopee.com.mx/summytei3-Disco-Reutilizable-Dise%C3%B1o-Plano-Copa-Menstrual-Con-Silicona-Esterilizadora-Extrafina-MX-i.408287881.25621011479,25621011479,summytei3 Disco Reutilizable Diseño Plano Copa Menstrual Con Silicona Esterilizadora Extrafina MX,0,0,0,8.155000000000000e+01,4.485000000000000e+01,MXN,,0,"[""https://down-mx.img.susercontent.com/file/sg-11134201-7rccw-ltc51m6unezr24_tn"",""https://down-mx.img.susercontent.com/file/sg-11134201-7rcen-ltc51noognjn97_tn"",""https://down-mx.img.susercontent.com/file/sg-11134201-7rcdq-ltc51oa1le4ia1_tn"",""https://down-mx.img.susercontent.com/file/sg-11134201-7rcf5-ltc51pcw0jm7cf_tn"",""https://down-mx.img.susercontent.com/file/sg-11134201-7rce5-ltc51rksrlvxc3_tn"",""https://down-mx.img.susercontent.com/file/sg-11134201-7rceb-ltc51t8qbwhx2f_tn"",""https://down-mx.img.susercontent.com/file/sg-11134201-7rcc9-ltc51ui8hb88b7_tn"",""https://down-mx.img.susercontent.com/file/sg-11134201-7rcf3-ltc51w79zz7l00_tn"",""https://down-mx.img.susercontent.com/file/sg-11134201-7rcbv-ltc51xmvwghf76_tn""]",null,sum███ei3███,https://shopee.com.mx/summytei3.mx,"[""Belleza"",""Otros""]","[{""name"":""Existencias"",""value"":""1000""}]","Caracteristicas:
 
Condición: 100% artículo nuevo
Color: como la imagen
Tipo de artículo: 1 copa menstrual.
Material: 100% silicona de grado
**Flat-Fit Copa Menstrual CupCup es la única copa reutilizable que se puede usar durante el sexo
Asuntos que requieren atención:
* Las copas menstruales deben esterilizarse antes de su uso, use la desinfección del esterilizador dedicado o la desinfección con agua hirviendo.
*Información De seguridad
La copa de ajuste plano no es un anticonceptivo y no protege contra enfermedades transmitidas sexualmente. Desconozca el uso y comuníquese con un profesional médico si experimenta algún dolor o molestia mientras usa la copa menstrual. Si tienes TSS no debes usar una copa menstrual.


No se recomienda utilizar este producto mujeres que no tengan experiencia sexual.
Sin reacciones alérgicas No moho ni infecciones del tracto urinario, se puede aplicar a todas las mujeres, pero se le permite usarlo con cuidado.

Por qué elegir copa menstrual?
Silicona de grado médico de alta calidad que se aplica ampliamente en productos como tetinas para bebés, catéteres, etc. Dado que es libre de tóxicos, seguro de usar y liberalizado desde ti.
Puede hacer que la sangre se corte por completo del aire, eliminar las bacterias ocurren en el aire, para prevenir el mal aliento, picar la alergia en la piel y prevenir las enfermedades del departamento de giroscópico, le permite experimentar el aliento seco y puro y Fresco sin precedentes.
Puede usar una taza durante 12 horas consecutivas. No se desliza hacia los lados, sin olor. Sin sensación de cuerpo extraño, reutilización reciclable 10 años.",4.61,67,57,,Mon Mar 22 2021 07:56:50 GMT+0000 (Coordinated Universal Time),50,"[{""variations"":[null]}]",https://shopee.com.mx,,100630,false,,"[{""name"":""model"",""value"":null}]",0,https://shopee.com.mx/Otros-cat.11056740.11056752.11056835,null,,,null
https://shopee.com.mx/Mammut-Jungle-Hats/exterior-aventura-Camping-senderismo-sombreros/hombre-mujer-monta%C3%B1a-sombreros/MAMMOTH-i.935957680.22571538119?model_id=137617502325,22571538119,Mammut Jungle Hats/exterior aventura Camping senderismo sombreros/hombre mujer montaña sombreros/MAMMOTH,0,0,0,1.519000000000000e+02,1.519000000000000e+02,MXN,,0,"[""https://down-mx.img.susercontent.com/file/id-11134207-7qul3-li94r5ix7y4wb3_tn"",""https://down-mx.img.susercontent.com/file/id-11134207-7qul7-li94r5ix9cpc1b_tn"",""https://down-mx.img.susercontent.com/file/id-11134207-7qul8-li94r5ixar9s23_tn"",""https://down-mx.img.susercontent.com/file/id-11134207-7qul5-li94r5ixc5u8e4_tn"",""https://down-mx.img.susercontent.com/file/id-11134207-7qul8-li95e0s07tkr99_tn""]",null,sec███chi███lot█████████,https://shopee.com.mx/Mammut-Jungle-Hats/exterior-aventura-Camping-senderismo-sombreros/hombre-mujer-monta%C3%B1a-sombreros/secondchildclothingzy.mx,"[""Deportes y Aire Libre"",""Accesorios para Deportiva y al Aire Libre"",""Sombreros para Deportes y al Aire Libre""]","[{""name"":""Existencias"",""value"":""6000""}]","Sombrero de montaña Bosque al aire libre Senderismo Bosque Camping Sombrero Correa, gorra de pesca Hombres Mujeres COSTUM DISEÑO GRATIS Calidad superior Distro
Costura rapih y fuerte, uso cómodo fresco y muy exclusivo.
Serigrafía impresa en relieve de materiales poliflexibles/TF fuertemente adhesivos flexibles y no se desvanecerán.

*Detalles Del producto:

- Tamaño 58-60cm
- Material de perforación de primera calidad
- Impresión de pantalla poliflexible/dtf
- Informal y de moda.
- Combina en hombres y niñas.
- Circunferencia del tamaño 15-100y


* Color disponible - 
- Negro
- Crema
- Ejército
- Gris
- Armada
- Rojo

* Compras FELIZ

Gracias",3.24,94,57,,Wed Jan 11 2023 08:10:25 GMT+0000 (Coordinated Universal Time),42,"[{""name"":""Color"",""variations"":[""Negro"",""Crema"",""Gris"",""Ejército"",""Azul marino"",""Sombrero liso negro""]},{""name"":""Tamaño"",""variations"":[""Todo TALLA""]}]",https://shopee.com.mx,,100637,false,,"[{""name"":""model"",""value"":""Negro,Todo TALLA""}]",0,https://shopee.com.mx/Accesorios-de-Ropa-Deportiva-cat.11058547.11058629.11059117,null,,,null
https://shopee.com.co/Pantalones-Para-Ni%C3%B1as-Bloomers-2024-Ropa-De-Verano-Ropa-Para-Ni%C3%B1os-Pantalones-Para-Mosquitos-Ni%C3%B1as-Delgadas-Tencel-Denim-Bordado-Jeans-Sueltos-i.1053749270.25174026360?model_id=226221869488,25174026360,Pantalones Para Niñas Bloomers 2024 Ropa De Verano Ropa Para Niños Pantalones Para Mosquitos Niñas Delgadas Tencel Denim Bordado Jeans Sueltos,0,0,0,150408,67836,COP,,0,"[""https://down-co.img.susercontent.com/file/sg-11134201-7rd4v-lu38ko6f7clf85_tn"",""https://down-co.img.susercontent.com/file/sg-11134201-7rd63-lu38kot6a27i28_tn"",""https://down-co.img.susercontent.com/file/sg-11134201-7rd6l-lu38kqnrklk996_tn"",""https://down-co.img.susercontent.com/file/sg-11134201-7rd69-lu38kroe301e92_tn"",""https://down-co.img.susercontent.com/file/sg-11134201-7rd5u-lu38ktfxi13ldf_tn"",""https://down-co.img.susercontent.com/file/sg-11134201-7rd6n-lu38kufg222x99_tn"",""https://down-co.img.susercontent.com/file/sg-11134201-7rd62-lu38kvydtnk229_tn"",""https://down-co.img.susercontent.com/file/sg-11134201-7rd4e-lu38kxsf513j09_tn"",""https://down-co.img.susercontent.com/file/sg-11134201-7rd6c-lu38kyx7hbto18_tn""]",null,lxz███025███co,https://shopee.com.co/lxz111025ar.co,"[""Moda para Bebés y Niños"",""Ropa de Niñas"",""Bottoms"",""Jeans""]","[{""name"":""Existencias"",""value"":""4986""},{""name"":""Género"",""value"":""Unisex""},{""name"":""Material"",""value"":""Algodón""},{""name"":""País de origen"",""value"":""<""},{""name"":""Patrón"",""value"":""<,],""},{""name"":""Cantidad"",""value"":""Cero""}]","Estilo: Todos los partidos
Nombre de la tela: mezclilla
Nivel de seguridad: Clase B
Longitud de los pantalones: Pantalones
Composición principal de la tela: fibra de poliéster (poliéster)
Contenido de la composición de la tela principal: 100%
Categoría de fuente:
Género aplicable: Mujer
Grupo de edad adecuado: niños medianos y pequeños (3 ~ 8 años, 100 ~ 140 cm)
Temporada adecuada: Verano
Estilo: Cubrepañal
Ya sea para abrir la entrepierna: No
Tecnología de la tela: Tratamiento suave
Patrón: Dibujos animados, Avatar, Letras
Disparo Real de la imagen: Tiro Real sin modelo
Ya sea en Stock: Sí
Temporada del año del mercado: verano de 2024
Elementos: Dibujos animados, Letras
Estándar de muestreo Aql: Ninguno
Cintura de los pantalones: Cintura media
Color: Bordado-Kulome, Bordado-Melodía
Altura delgada adecuada: 100 cm, 110 cm, 120 cm, 130 cm, 140 cm",0,259,57,,Tue Aug 15 2023 08:25:20 GMT+0000 (Coordinated Universal Time),2,"[{""name"":""Color"",""variations"":[""Bordado - Kulome"",""Bordado - Melodía""]},{""name"":""Tamaño"",""variations"":[""100cm"",""110cm"",""120cm"",""130cm"",""140cm""]}]",https://shopee.com.co,,100633,false,,"[{""name"":""model"",""value"":""Bordado - Melodía,120cm""}]",0,https://shopee.com.co/Pantalones-de-Ni%C3%B1a-cat.11069100.11069178.11069647,null,,,null
https://shopee.com.mx/%EF%B8%8F-sofiammarkete-V-Peine-ORIGINAL-De-Piojos-Al-Vac%C3%ADo-De-Eliminaci%C3%B3n-|-Recambio-De-Filtros-De-Captura-Filtro-De-El%C3%A9ctrico-Para-Comb-VComb-i.689691592.20446341955?model_id=164479263504,20446341955,️ sofiammarkete V Peine ORIGINAL De Piojos Al Vacío De Eliminación | Recambio De Filtros De Captura Filtro De Eléctrico Para-Comb VComb,0,1,0,3.609000000000000e+02,252.63,MXN,,0,"[""https://down-mx.img.susercontent.com/file/4d2596792642def535980cbf3ab49ee4_tn"",""https://down-mx.img.susercontent.com/file/8cf7f640a0f120980880bf9eced4820f_tn"",""https://down-mx.img.susercontent.com/file/35d67abffe7030c68304e3909e939b96_tn"",""https://down-mx.img.susercontent.com/file/d2ec547ed9b96d97d5bf33e747916734_tn""]",null,sof███mar███ewk██████,https://shopee.com.mx/sofiammarketewk.mx,"[""Belleza"",""Herramientas de Belleza"",""Herramientas para Cabello"",""Cepillos y Peines""]","[{""name"":""Existencias"",""value"":""198""}]","Bienvenido a la TIENDA sofiammarkete

El último peine antipulgas de la marca de peine en V garantiza que el ádavo sea redondo porque muchos circula en otras tiendas enchufes/triángulo de 3 enchufes/triángulos de la eliminación de piojos es el último producto sin usar productos químicos nocivos o champú de piojos especiales para eliminar el cabello El piojo además de que para el pelo también se puede utilizar para mascotas. Los productos se tomaron primero antes de que se entreguen y se confirmen para que funcionen correctamente (sin devolución/probación).

Captura Filtros de recarga PRICE PARA 3 BKS

Peine V Vacum Peine PRECIO PARA 1PCS





Original LICETEC LICETEC LICETEC LICETEC LICETEC CÓMODO



¡Feliz Comprar!
Gracias 💕💕",0,1,57,,Wed Feb 16 2022 06:31:35 GMT+0000 (Coordinated Universal Time),0,"[{""name"":""Variaciones"",""variations"":[""Filtro polar 3 piezas"",""Peine de piojos eléctrico""]}]",https://shopee.com.mx,,100630,false,,"[{""name"":""model"",""value"":""Peine de piojos eléctrico""}]",0,https://shopee.com.mx/Herramientas-para-Cabello-cat.11056740.11056746.11056801,null,,,null
