order_id,order_date,sku,quantity,selling_price,currency,order_status,discount
ORD-10001,2026-07-15,5344195287,3,2.199000000000000e+01,USD,Shipped,10%
ORD-10002,2026-07-15,5352569431,1,1.999000000000000e+01,USD,Completed,10%
ORD-10002,2026-07-15,546469522,2,1.499000000000000e+01,USD,Completed,
ORD-10002,2026-07-15,1560005587,2,4.658000000000000e+01,USD,Completed,
ORD-10003,2026-07-15,669112285,1,9.890000000000001e+00,USD,Completed,
ORD-10003,2026-07-15,3483895520,2,1.297000000000000e+01,USD,Completed,
ORD-10003,2026-07-15,5684704635,4,1.213000000000000e+01,USD,Completed,
ORD-10004,2026-07-15,5323625259,2,25,USD,Completed,
ORD-10004,2026-07-15,908201566,2,1.056000000000000e+01,USD,Completed,
ORD-10005,2026-07-15,676413174,2,6.970000000000000e+00,USD,Completed,
ORD-10005,2026-07-15,5045669548,2,2.999000000000000e+01,USD,Completed,
ORD-10005,2026-07-15,5316176929,4,9.980000000000000e+00,USD,Completed,
ORD-10006,2026-07-15,2637400158,4,2.399000000000000e+01,USD,Completed,10%
ORD-10006,2026-07-15,1856819911,2,6.290000000000000e+00,USD,Shipped,
ORD-10006,2026-07-15,957603867,3,1.499000000000000e+01,USD,Shipped,
ORD-10007,2026-07-15,5260887729,3,1.999000000000000e+01,USD,Shipped,
ORD-10007,2026-07-15,885092913,3,3.330000000000000e+01,USD,Shipped,
ORD-10007,2026-07-15,2968552747,2,9.630000000000001e+00,USD,Completed,10%
ORD-10008,2026-07-15,1331751223,4,1.388000000000000e+01,USD,Completed,
ORD-10008,2026-07-15,5443068156,3,1.499000000000000e+01,USD,Shipped,
ORD-10009,2026-07-15,2128773109,4,3.999000000000000e+01,USD,Shipped,
ORD-10009,2026-07-15,6126862324,4,3.497000000000000e+01,USD,Completed,
ORD-10009,2026-07-15,953950834,4,2.795000000000000e+01,USD,Completed,
ORD-10010,2026-07-15,259195843,2,2.995000000000000e+01,USD,Shipped,
ORD-10010,2026-07-15,5264765893,1,2.999000000000000e+01,USD,Shipped,
ORD-10011,2026-07-15,242303426,1,8.720000000000001e+00,USD,Completed,
ORD-10012,2026-07-15,859305074,3,1.969000000000000e+01,USD,Completed,
ORD-10013,2026-07-15,871349337,1,2.738000000000000e+01,USD,Completed,
ORD-10013,2026-07-15,102593173,4,1.980000000000000e+01,USD,Completed,
ORD-10013,2026-07-15,229653852,4,1.399000000000000e+01,USD,Shipped,10%
ORD-10014,2026-07-15,1774925941,2,6.998999999999999e+01,USD,Completed,
ORD-10014,2026-07-15,1897403279,1,1.189000000000000e+01,USD,Completed,
ORD-10015,2026-07-15,6494751477,1,1.499000000000000e+01,USD,Completed,
ORD-10015,2026-07-15,1543169305,2,1.299000000000000e+01,USD,Shipped,
ORD-10015,2026-07-15,1037166405,3,2.390000000000000e+01,USD,Completed,
ORD-10016,2026-07-15,5260887729,4,1.999000000000000e+01,USD,Completed,
ORD-10017,2026-07-15,5327761690,4,2.499000000000000e+01,USD,Shipped,10%
ORD-10017,2026-07-15,5209344136,1,2.999000000000000e+01,USD,Completed,
ORD-10017,2026-07-15,5292671987,3,1.762900000000000e+02,USD,Completed,
ORD-10018,2026-07-15,1615288442,4,1.499000000000000e+01,USD,Shipped,
ORD-10018,2026-07-15,5417683805,4,1.498000000000000e+01,USD,Completed,
ORD-10018,2026-07-15,6045904134,2,2.499000000000000e+01,USD,Completed,10%
ORD-10019,2026-07-15,293084792,1,44,USD,Completed,
ORD-10019,2026-07-15,265927683,1,1.799000000000000e+01,USD,Completed,
ORD-10020,2026-07-15,102593173,3,1.980000000000000e+01,USD,Completed,10%
ORD-10021,2026-07-15,283514640,1,1.899000000000000e+01,USD,Completed,
ORD-10021,2026-07-15,112580004,1,2.549000000000000e+01,USD,Completed,
ORD-10022,2026-07-15,730250943,2,1.144000000000000e+01,USD,Completed,10%
ORD-10022,2026-07-15,5502936471,3,1.499000000000000e+01,USD,Completed,
ORD-10023,2026-07-15,331094227,4,3.999000000000000e+01,USD,Completed,
ORD-10023,2026-07-15,1570467303,4,2.799000000000000e+01,USD,Completed,
ORD-10023,2026-07-15,141757585,1,1.499000000000000e+01,USD,Completed,
ORD-10024,2026-07-15,891036133,1,2.209000000000000e+01,USD,Shipped,
ORD-10025,2026-07-15,5661609857,1,3.591000000000000e+01,USD,Completed,
ORD-10025,2026-07-15,257806313,3,1.954000000000000e+01,USD,Completed,
ORD-10025,2026-07-15,5294092563,1,9.980000000000000e+00,USD,Completed,
ORD-10026,2026-07-15,1560005587,1,4.658000000000000e+01,USD,Completed,
ORD-10026,2026-07-15,3511393855,3,25,USD,Completed,
ORD-10026,2026-07-15,668480724,4,2.499000000000000e+01,USD,Completed,
ORD-10027,2026-07-15,5417683805,3,1.498000000000000e+01,USD,Completed,
ORD-10028,2026-07-15,753681550,3,1.560000000000000e+01,USD,Completed,10%
ORD-10029,2026-07-15,6013308220,2,3.324000000000000e+01,USD,Shipped,
ORD-10030,2026-07-15,5190064929,1,3.196000000000000e+01,USD,Completed,
ORD-10030,2026-07-15,1435754084,3,1.197000000000000e+01,USD,Completed,10%
ORD-10031,2026-07-15,264801526,4,2.249000000000000e+01,USD,Completed,
ORD-10031,2026-07-15,3808974443,4,4.980000000000000e+00,USD,Completed,10%
ORD-10031,2026-07-15,2968552747,1,9.630000000000001e+00,USD,Completed,10%
ORD-10032,2026-07-15,5352569431,2,1.999000000000000e+01,USD,Completed,
ORD-10032,2026-07-15,469036214,4,2.049900000000000e+02,USD,Completed,10%
ORD-10033,2026-07-15,1624985447,2,3.970000000000000e+00,USD,Completed,
ORD-10033,2026-07-15,5053396247,3,1.499000000000000e+01,USD,Completed,
ORD-10034,2026-07-15,1009224046,2,2.199000000000000e+01,USD,Completed,
ORD-10035,2026-07-15,1921006587,2,2.159000000000000e+01,USD,Completed,10%
ORD-10035,2026-07-15,5144555813,4,4.499000000000000e+01,USD,Shipped,
ORD-10035,2026-07-15,1331751223,4,1.388000000000000e+01,USD,Completed,
ORD-10036,2026-07-15,2716531748,1,1.998000000000000e+01,USD,Completed,
ORD-10036,2026-07-15,5291664103,4,1.383000000000000e+01,USD,Completed,
ORD-10036,2026-07-15,531529503,1,2.339000000000000e+01,USD,Completed,
ORD-10037,2026-07-15,362341632,1,9.990000000000000e+00,USD,Completed,10%
ORD-10037,2026-07-15,839659160,1,4.999000000000000e+01,USD,Completed,
ORD-10037,2026-07-15,3855217628,1,1.497000000000000e+01,USD,Completed,
ORD-10038,2026-07-15,362341632,3,9.990000000000000e+00,USD,Shipped,
ORD-10038,2026-07-15,974265277,3,1.116200000000000e+02,USD,Completed,
ORD-10038,2026-07-15,595025504,4,3.495000000000000e+01,USD,Completed,
ORD-10039,2026-07-15,5155961106,4,2.499000000000000e+01,USD,Completed,
ORD-10040,2026-07-15,669112285,2,9.890000000000001e+00,USD,Completed,
ORD-10041,2026-07-15,230846860,3,3.299000000000000e+01,USD,Shipped,
ORD-10042,2026-07-15,2010024322,4,8.880000000000001e+00,USD,Completed,
ORD-10042,2026-07-15,5353145797,3,1.079000000000000e+01,USD,Shipped,
ORD-10043,2026-07-15,693758408,3,1.709000000000000e+01,USD,Completed,
ORD-10043,2026-07-15,3423574153,2,1.166600000000000e+02,USD,Completed,
ORD-10044,2026-07-15,5439347407,4,5.699900000000000e+02,USD,Completed,
ORD-10044,2026-07-15,2503512087,1,1.080000000000000e+01,USD,Completed,
ORD-10044,2026-07-15,871530694,1,2.393000000000000e+01,USD,Completed,
ORD-10045,2026-07-15,261700925,3,6.930000000000000e+01,USD,Completed,
ORD-10045,2026-07-15,5043424192,2,1.799000000000000e+01,USD,Completed,
ORD-10046,2026-07-15,5658552152,4,1.499000000000000e+01,USD,Completed,
ORD-10046,2026-07-15,408608184,3,8.970000000000001e+00,USD,Completed,
ORD-10047,2026-07-15,2138573500,4,1.599000000000000e+01,USD,Shipped,
ORD-10047,2026-07-15,1341833689,1,1.499000000000000e+01,USD,Completed,
ORD-10047,2026-07-15,34203165,3,1.673000000000000e+01,USD,Completed,
ORD-10048,2026-07-15,28926816,3,7.940000000000000e+00,USD,Completed,
ORD-10048,2026-07-15,232510830,3,4.999000000000000e+01,USD,Completed,
ORD-10049,2026-07-15,2749504314,3,1.999000000000000e+01,USD,Completed,
ORD-10049,2026-07-15,1856819911,2,6.290000000000000e+00,USD,Completed,10%
ORD-10050,2026-07-15,5663974279,2,1.994000000000000e+01,USD,Completed,10%
ORD-10050,2026-07-15,2200709686,1,1.408000000000000e+02,USD,Completed,
ORD-10050,2026-07-15,5642502722,1,3.239000000000000e+01,USD,Completed,
ORD-10051,2026-07-15,5219131585,4,1.399000000000000e+01,USD,Completed,10%
ORD-10051,2026-07-15,6918363302,3,2.399000000000000e+01,USD,Shipped,
ORD-10052,2026-07-15,6126862324,2,3.497000000000000e+01,USD,Shipped,
ORD-10052,2026-07-15,10997171,2,1.012000000000000e+01,USD,Completed,
ORD-10052,2026-07-15,952556801,4,2.899000000000000e+01,USD,Completed,
ORD-10053,2026-07-15,5168273880,1,1.198000000000000e+01,USD,Shipped,
ORD-10053,2026-07-15,22374157,1,7.960000000000000e+00,USD,Completed,
ORD-10053,2026-07-15,5353145797,2,1.079000000000000e+01,USD,Shipped,
ORD-10054,2026-07-15,381553241,4,1.399000000000000e+01,USD,Shipped,
ORD-10054,2026-07-15,385780287,2,5.198000000000000e+01,USD,Shipped,
ORD-10054,2026-07-15,5753314187,3,1.999000000000000e+01,USD,Shipped,
ORD-10055,2026-07-15,242303426,4,8.720000000000001e+00,USD,Shipped,
ORD-10055,2026-07-15,3824041405,1,6.744000000000000e+01,USD,Completed,10%
ORD-10055,2026-07-15,2749504314,2,1.999000000000000e+01,USD,Completed,
ORD-10056,2026-07-15,864008591,3,1.495000000000000e+01,USD,Completed,10%
ORD-10056,2026-07-15,389782477,2,1.240000000000000e+00,USD,Completed,
ORD-10056,2026-07-15,1462273455,3,9.100000000000000e-01,USD,Completed,
ORD-10057,2026-07-15,886368088,1,5.940000000000000e+00,USD,Completed,
ORD-10058,2026-07-15,953950834,1,2.795000000000000e+01,USD,Completed,
ORD-10058,2026-07-15,10801127,4,1.980000000000000e+00,USD,Completed,
ORD-10058,2026-07-15,512420879,3,9.990000000000000e+00,USD,Completed,
ORD-10059,2026-07-15,5190064929,2,3.196000000000000e+01,USD,Shipped,
ORD-10059,2026-07-15,10294885,1,2.720000000000000e+00,USD,Completed,
ORD-10059,2026-07-15,1792864118,2,5.790000000000000e+00,USD,Completed,
ORD-10060,2026-07-15,3824041405,4,6.744000000000000e+01,USD,Shipped,
ORD-10060,2026-07-15,903463722,4,2.309000000000000e+01,USD,Completed,
ORD-10060,2026-07-15,2126911017,4,1.999000000000000e+01,USD,Shipped,
ORD-10061,2026-07-15,1160636802,3,2.799000000000000e+01,USD,Completed,
ORD-10061,2026-07-15,1184268274,4,9.869999999999999e+00,USD,Completed,10%
ORD-10062,2026-07-15,5242746669,2,8,USD,Completed,
ORD-10063,2026-07-15,5353145797,2,1.079000000000000e+01,USD,Completed,
ORD-10063,2026-07-15,287819116,4,2.629000000000000e+01,USD,Completed,
ORD-10064,2026-07-15,385780287,4,5.198000000000000e+01,USD,Completed,10%
ORD-10064,2026-07-15,2007589965,3,1.471990000000000e+03,USD,Completed,10%
ORD-10064,2026-07-15,141988874,2,5.850000000000000e+00,USD,Completed,
ORD-10065,2026-07-15,2544735639,1,3.199000000000000e+01,USD,Completed,10%
ORD-10065,2026-07-15,2503512087,3,1.080000000000000e+01,USD,Completed,10%
ORD-10066,2026-07-15,1974609871,4,1.495000000000000e+01,USD,Completed,
ORD-10067,2026-07-15,48812370,2,9.789999999999999e+00,USD,Shipped,
ORD-10067,2026-07-15,885092913,2,3.330000000000000e+01,USD,Completed,
ORD-10068,2026-07-15,1615288442,1,1.499000000000000e+01,USD,Completed,
ORD-10069,2026-07-15,6494751477,2,1.499000000000000e+01,USD,Completed,
ORD-10070,2026-07-15,1097677016,3,2.499000000000000e+01,USD,Completed,
ORD-10070,2026-07-15,34203165,4,1.673000000000000e+01,USD,Completed,
ORD-10071,2026-07-15,469036214,3,2.049900000000000e+02,USD,Shipped,
ORD-10071,2026-07-15,5327761690,2,2.499000000000000e+01,USD,Completed,
ORD-10071,2026-07-15,2716531748,4,1.998000000000000e+01,USD,Completed,
ORD-10072,2026-07-15,28926816,2,7.940000000000000e+00,USD,Completed,
ORD-10072,2026-07-15,2010024322,1,8.880000000000001e+00,USD,Completed,
ORD-10072,2026-07-15,229653852,4,1.399000000000000e+01,USD,Completed,
ORD-10073,2026-07-15,10294756,2,2,USD,Completed,
ORD-10073,2026-07-15,1997340049,4,2.399000000000000e+01,USD,Completed,
ORD-10074,2026-07-15,1921006587,2,2.159000000000000e+01,USD,Completed,
ORD-10074,2026-07-15,2844883584,2,2.494000000000000e+01,USD,Completed,
ORD-10075,2026-07-15,1997340049,2,2.399000000000000e+01,USD,Completed,
ORD-10076,2026-07-15,2113674813,2,1.168000000000000e+02,USD,Completed,
ORD-10076,2026-07-15,485354607,1,4.299000000000000e+01,USD,Completed,
ORD-10077,2026-07-15,871530694,2,2.393000000000000e+01,USD,Completed,
ORD-10077,2026-07-15,1017487270,2,2.999000000000000e+01,USD,Completed,
ORD-10077,2026-07-15,5168273880,2,1.198000000000000e+01,USD,Completed,
ORD-10078,2026-07-15,3440558193,1,2.198000000000000e+01,USD,Completed,
ORD-10079,2026-07-15,1543169305,1,1.299000000000000e+01,USD,Shipped,
ORD-10079,2026-07-15,1856819911,3,6.290000000000000e+00,USD,Completed,
ORD-10080,2026-07-15,5045669548,4,2.999000000000000e+01,USD,Completed,
ORD-10081,2026-07-15,299112609,2,3.995000000000000e+01,USD,Completed,
ORD-10082,2026-07-15,102593173,1,1.980000000000000e+01,USD,Completed,
ORD-10082,2026-07-15,1009224046,1,2.199000000000000e+01,USD,Shipped,
ORD-10083,2026-07-15,1974609871,3,1.495000000000000e+01,USD,Completed,
ORD-10084,2026-07-15,5273430664,4,16,USD,Completed,
ORD-10084,2026-07-15,33685485,3,1.119000000000000e+01,USD,Completed,
ORD-10084,2026-07-15,321811404,4,2.799000000000000e+01,USD,Shipped,
ORD-10085,2026-07-15,1649464157,1,1.799000000000000e+01,USD,Shipped,
ORD-10085,2026-07-15,261700925,3,6.930000000000000e+01,USD,Completed,
ORD-10086,2026-07-15,2747441586,2,2.999000000000000e+01,USD,Completed,
ORD-10087,2026-07-15,2503512087,1,1.080000000000000e+01,USD,Shipped,10%
ORD-10087,2026-07-15,753681550,4,1.560000000000000e+01,USD,Completed,
ORD-10088,2026-07-15,1184268274,4,9.869999999999999e+00,USD,Shipped,
ORD-10088,2026-07-15,173530386,2,2.290000000000000e+01,USD,Completed,10%
ORD-10088,2026-07-15,5344195287,3,2.199000000000000e+01,USD,Completed,10%
ORD-10089,2026-07-15,2010024322,1,8.880000000000001e+00,USD,Completed,
ORD-10090,2026-07-15,2097897368,4,3.597000000000000e+01,USD,Completed,
ORD-10091,2026-07-15,5264765893,3,2.999000000000000e+01,USD,Completed,
ORD-10091,2026-07-15,54973324,1,2.407000000000000e+01,USD,Completed,
ORD-10092,2026-07-15,5352569431,1,1.999000000000000e+01,USD,Completed,
ORD-10092,2026-07-15,3046604016,4,5.299000000000000e+01,USD,Completed,10%
ORD-10092,2026-07-15,546469522,4,1.499000000000000e+01,USD,Shipped,
ORD-10093,2026-07-15,321811404,4,2.799000000000000e+01,USD,Shipped,10%
ORD-10094,2026-07-15,5168273880,4,1.198000000000000e+01,USD,Completed,
ORD-10095,2026-07-15,389782477,2,1.240000000000000e+00,USD,Completed,
ORD-10095,2026-07-15,5352569431,3,1.999000000000000e+01,USD,Completed,
ORD-10096,2026-07-15,2002762091,1,2.999000000000000e+01,USD,Completed,
ORD-10096,2026-07-15,5352569431,1,1.999000000000000e+01,USD,Completed,
ORD-10096,2026-07-15,48812370,4,9.789999999999999e+00,USD,Shipped,
ORD-10097,2026-07-15,908201566,3,1.056000000000000e+01,USD,Shipped,
ORD-10098,2026-07-15,5260887729,4,1.999000000000000e+01,USD,Completed,
ORD-10098,2026-07-15,1336755092,3,1.499000000000000e+01,USD,Completed,
ORD-10098,2026-07-15,1560005587,3,4.658000000000000e+01,USD,Completed,10%
ORD-10099,2026-07-15,199440001,1,3.077000000000000e+01,USD,Completed,
ORD-10099,2026-07-15,1774083175,1,2.999000000000000e+01,USD,Completed,
ORD-10099,2026-07-15,5439347407,3,5.699900000000000e+02,USD,Shipped,
ORD-10100,2026-07-15,5242746669,3,8,USD,Completed,
ORD-10100,2026-07-15,5164703747,1,6.090000000000000e+00,USD,Completed,
ORD-10101,2026-07-15,744949530,4,1.799000000000000e+01,USD,Completed,
ORD-10101,2026-07-15,1997340049,2,2.399000000000000e+01,USD,Completed,
ORD-10102,2026-07-15,321811404,4,2.799000000000000e+01,USD,Completed,
ORD-10102,2026-07-15,871349337,3,2.738000000000000e+01,USD,Completed,
ORD-10102,2026-07-15,753681550,2,1.560000000000000e+01,USD,Shipped,10%
ORD-10103,2026-07-15,3808974443,3,4.980000000000000e+00,USD,Completed,
ORD-10103,2026-07-15,5264765893,3,2.999000000000000e+01,USD,Shipped,
ORD-10103,2026-07-15,3440558193,2,2.198000000000000e+01,USD,Completed,10%
ORD-10104,2026-07-15,3423574153,2,1.166600000000000e+02,USD,Completed,
ORD-10104,2026-07-15,3046604016,2,5.299000000000000e+01,USD,Completed,10%
ORD-10105,2026-07-15,1093743201,3,2.599000000000000e+01,USD,Shipped,
ORD-10105,2026-07-15,6045904134,4,2.499000000000000e+01,USD,Completed,
ORD-10106,2026-07-15,781490570,2,1.499000000000000e+01,USD,Completed,
ORD-10106,2026-07-15,693758408,3,1.709000000000000e+01,USD,Completed,
ORD-10106,2026-07-15,264801526,4,2.249000000000000e+01,USD,Completed,
ORD-10107,2026-07-15,5506488018,1,1.998000000000000e+01,USD,Completed,
ORD-10107,2026-07-15,1500372373,2,8,USD,Completed,
ORD-10107,2026-07-15,293084792,2,44,USD,Completed,
ORD-10108,2026-07-15,5439347407,4,5.699900000000000e+02,USD,Completed,
ORD-10109,2026-07-15,230846860,4,3.299000000000000e+01,USD,Completed,
ORD-10109,2026-07-15,2200709686,4,1.408000000000000e+02,USD,Completed,10%
ORD-10109,2026-07-15,321811404,1,2.799000000000000e+01,USD,Completed,
ORD-10110,2026-07-15,6045904134,1,2.499000000000000e+01,USD,Shipped,
ORD-10110,2026-07-15,5439347407,1,5.699900000000000e+02,USD,Completed,
ORD-10110,2026-07-15,5502936471,3,1.499000000000000e+01,USD,Shipped,
ORD-10111,2026-07-15,180450545,2,1.464000000000000e+02,USD,Completed,
ORD-10111,2026-07-15,802163708,3,2.482000000000000e+01,USD,Shipped,
ORD-10111,2026-07-15,161657830,3,4.999000000000000e+01,USD,Completed,
ORD-10112,2026-07-15,1974609871,3,1.495000000000000e+01,USD,Completed,
ORD-10113,2026-07-15,689096319,4,9.910000000000000e+00,USD,Completed,
ORD-10114,2026-07-15,1323968162,4,3.554000000000000e+01,USD,Completed,10%
ORD-10114,2026-07-15,5502936471,4,1.499000000000000e+01,USD,Completed,10%
ORD-10115,2026-07-15,908232424,4,3.698000000000000e+01,USD,Completed,
ORD-10116,2026-07-15,25997723,2,6.490000000000001e+01,USD,Completed,
ORD-10116,2026-07-15,5702032013,3,4.488000000000000e+01,USD,Shipped,
ORD-10116,2026-07-15,5397071399,1,1.299000000000000e+01,USD,Shipped,
ORD-10117,2026-07-15,839659160,1,4.999000000000000e+01,USD,Completed,
ORD-10117,2026-07-15,891036133,4,2.209000000000000e+01,USD,Shipped,
ORD-10118,2026-07-15,569572519,2,2.175000000000000e+01,USD,Completed,
ORD-10118,2026-07-15,744949530,2,1.799000000000000e+01,USD,Completed,10%
ORD-10119,2026-07-15,1825469871,4,1.699000000000000e+01,USD,Completed,
ORD-10119,2026-07-15,689096319,1,9.910000000000000e+00,USD,Shipped,
ORD-10120,2026-07-15,5443068156,3,1.499000000000000e+01,USD,Completed,
ORD-10121,2026-07-15,5663974279,4,1.994000000000000e+01,USD,Completed,
ORD-10121,2026-07-15,5150469476,1,6.399000000000000e+01,USD,Completed,
ORD-10121,2026-07-15,5316176929,3,9.980000000000000e+00,USD,Completed,
ORD-10122,2026-07-15,408608184,4,8.970000000000001e+00,USD,Completed,
ORD-10123,2026-07-15,832929384,2,2.795000000000000e+01,USD,Completed,
ORD-10123,2026-07-15,1435754084,2,1.197000000000000e+01,USD,Completed,
ORD-10123,2026-07-15,306465658,1,5.499000000000000e+01,USD,Completed,
ORD-10124,2026-07-15,331094227,1,3.999000000000000e+01,USD,Completed,
ORD-10124,2026-07-15,182579201,1,1.709000000000000e+01,USD,Shipped,
ORD-10124,2026-07-15,1995467623,3,2.399000000000000e+01,USD,Completed,
ORD-10125,2026-07-15,5182915849,1,1.998000000000000e+01,USD,Completed,
ORD-10126,2026-07-15,1426167428,4,1.599000000000000e+01,USD,Completed,
ORD-10126,2026-07-15,1560005587,3,4.658000000000000e+01,USD,Completed,10%
ORD-10127,2026-07-15,37684787,2,1.320000000000000e+01,USD,Shipped,
ORD-10127,2026-07-15,1997340049,2,2.399000000000000e+01,USD,Shipped,10%
ORD-10127,2026-07-15,10801127,2,1.980000000000000e+00,USD,Completed,
ORD-10128,2026-07-15,3922793394,2,1.124000000000000e+01,USD,Completed,
ORD-10128,2026-07-15,5397071399,3,1.299000000000000e+01,USD,Completed,
ORD-10129,2026-07-15,112580004,2,2.549000000000000e+01,USD,Shipped,
ORD-10130,2026-07-15,3876384696,1,6.998999999999999e+01,USD,Completed,10%
ORD-10130,2026-07-15,529767263,3,4.847000000000000e+01,USD,Completed,
ORD-10130,2026-07-15,354688867,2,3.299000000000000e+01,USD,Completed,
ORD-10131,2026-07-15,2017664333,1,99,USD,Completed,
ORD-10131,2026-07-15,3053955490,2,1.619000000000000e+01,USD,Completed,10%
ORD-10132,2026-07-15,348784401,2,2.249000000000000e+01,USD,Completed,
ORD-10133,2026-07-15,6045904134,3,2.499000000000000e+01,USD,Shipped,
ORD-10133,2026-07-15,1063134991,3,1.599000000000000e+01,USD,Shipped,
ORD-10133,2026-07-15,1774925941,2,6.998999999999999e+01,USD,Completed,
ORD-10134,2026-07-15,2785607950,2,9.269000000000000e+01,USD,Completed,
ORD-10134,2026-07-15,952556801,1,2.899000000000000e+01,USD,Completed,
ORD-10134,2026-07-15,6494751477,1,1.499000000000000e+01,USD,Completed,
ORD-10135,2026-07-15,34203165,2,1.673000000000000e+01,USD,Completed,
ORD-10136,2026-07-15,5184785010,1,2.299000000000000e+01,USD,Completed,
ORD-10136,2026-07-15,1897403279,2,1.189000000000000e+01,USD,Shipped,
ORD-10137,2026-07-15,896931395,4,1.529000000000000e+01,USD,Completed,
ORD-10137,2026-07-15,2503512087,1,1.080000000000000e+01,USD,Completed,
ORD-10137,2026-07-15,5506488018,2,1.998000000000000e+01,USD,Completed,
ORD-10138,2026-07-15,2007589965,4,1.471990000000000e+03,USD,Completed,
ORD-10138,2026-07-15,1774083175,2,2.999000000000000e+01,USD,Shipped,
ORD-10138,2026-07-15,3483895520,4,1.297000000000000e+01,USD,Completed,
ORD-10139,2026-07-15,264801526,4,2.249000000000000e+01,USD,Shipped,
ORD-10139,2026-07-15,299112609,3,3.995000000000000e+01,USD,Completed,
ORD-10139,2026-07-15,1097677016,3,2.499000000000000e+01,USD,Completed,
ORD-10140,2026-07-15,5327761690,4,2.499000000000000e+01,USD,Completed,
ORD-10140,2026-07-15,1226247035,1,1.988000000000000e+01,USD,Completed,
ORD-10140,2026-07-15,37684787,4,1.320000000000000e+01,USD,Completed,
ORD-10141,2026-07-15,5144555813,1,4.499000000000000e+01,USD,Shipped,10%
ORD-10141,2026-07-15,485354607,2,4.299000000000000e+01,USD,Completed,
ORD-10141,2026-07-15,5329337627,3,24,USD,Completed,
ORD-10142,2026-07-15,391028302,1,1.078000000000000e+01,USD,Completed,
ORD-10143,2026-07-15,1825469871,1,1.699000000000000e+01,USD,Completed,
ORD-10144,2026-07-15,896599636,1,2.719000000000000e+01,USD,Completed,
ORD-10144,2026-07-15,5182915849,2,1.998000000000000e+01,USD,Shipped,
ORD-10145,2026-07-15,173530386,3,2.290000000000000e+01,USD,Completed,
ORD-10145,2026-07-15,6838112687,3,2.920000000000000e+01,USD,Shipped,
ORD-10145,2026-07-15,1774083175,1,2.999000000000000e+01,USD,Completed,
ORD-10146,2026-07-15,3876384696,4,6.998999999999999e+01,USD,Shipped,
ORD-10146,2026-07-15,839659160,4,4.999000000000000e+01,USD,Completed,
ORD-10147,2026-07-15,944207748,3,3.899000000000000e+01,USD,Completed,
ORD-10148,2026-07-15,2126911017,2,1.999000000000000e+01,USD,Completed,
ORD-10148,2026-07-15,886368088,3,5.940000000000000e+00,USD,Completed,
ORD-10149,2026-07-15,389782477,3,1.240000000000000e+00,USD,Completed,10%
ORD-10149,2026-07-15,6126862324,4,3.497000000000000e+01,USD,Completed,
ORD-10149,2026-07-15,802163708,2,2.482000000000000e+01,USD,Shipped,
ORD-10150,2026-07-15,1560005587,1,4.658000000000000e+01,USD,Completed,
ORD-10150,2026-07-15,2716531748,4,1.998000000000000e+01,USD,Completed,
ORD-10150,2026-07-15,667101829,1,9.995000000000000e+01,USD,Completed,
ORD-10151,2026-07-15,242303426,1,8.720000000000001e+00,USD,Shipped,
ORD-10152,2026-07-15,689096319,3,9.910000000000000e+00,USD,Completed,
ORD-10153,2026-07-15,896931395,2,1.529000000000000e+01,USD,Completed,
ORD-10153,2026-07-15,588404711,2,8.909999999999999e+01,USD,Completed,
ORD-10153,2026-07-15,293084792,4,44,USD,Shipped,
ORD-10154,2026-07-15,293084792,1,44,USD,Completed,10%
ORD-10154,2026-07-15,5662896790,3,2.594000000000000e+01,USD,Completed,
ORD-10155,2026-07-15,293084792,1,44,USD,Completed,
ORD-10155,2026-07-15,182543171,3,4.860000000000000e+00,USD,Completed,
ORD-10155,2026-07-15,5753314187,4,1.999000000000000e+01,USD,Completed,
ORD-10156,2026-07-15,25997723,4,6.490000000000001e+01,USD,Completed,
ORD-10156,2026-07-15,781490570,3,1.499000000000000e+01,USD,Completed,
ORD-10156,2026-07-15,512420879,1,9.990000000000000e+00,USD,Completed,
ORD-10157,2026-07-15,952556801,3,2.899000000000000e+01,USD,Completed,10%
ORD-10158,2026-07-15,910055282,2,1.099000000000000e+01,USD,Completed,
ORD-10158,2026-07-15,173530386,4,2.290000000000000e+01,USD,Completed,
ORD-10159,2026-07-15,848798939,3,4.647000000000000e+01,USD,Completed,
ORD-10159,2026-07-15,100662878,2,2.199000000000000e+01,USD,Completed,
ORD-10159,2026-07-15,381632255,1,7.298999999999999e+01,USD,Completed,
ORD-10160,2026-07-15,54973324,2,2.407000000000000e+01,USD,Shipped,
ORD-10160,2026-07-15,2749504314,2,1.999000000000000e+01,USD,Completed,
ORD-10161,2026-07-15,1097677016,3,2.499000000000000e+01,USD,Shipped,
ORD-10162,2026-07-15,903463722,1,2.309000000000000e+01,USD,Completed,
ORD-10162,2026-07-15,886368088,1,5.940000000000000e+00,USD,Completed,
ORD-10163,2026-07-15,1766457787,4,5.790000000000000e+00,USD,Completed,10%
ORD-10163,2026-07-15,10308385,2,4.430000000000000e+00,USD,Completed,
ORD-10164,2026-07-15,5664556275,3,2.541000000000000e+01,USD,Completed,
ORD-10164,2026-07-15,6494751477,2,1.499000000000000e+01,USD,Completed,
ORD-10164,2026-07-15,1766457787,2,5.790000000000000e+00,USD,Shipped,
ORD-10165,2026-07-15,5045669548,4,2.999000000000000e+01,USD,Completed,
ORD-10166,2026-07-15,6013308220,1,3.324000000000000e+01,USD,Completed,
ORD-10166,2026-07-15,606223683,2,2.862000000000000e+01,USD,Completed,
ORD-10166,2026-07-15,871530694,3,2.393000000000000e+01,USD,Completed,
ORD-10167,2026-07-15,199440001,3,3.077000000000000e+01,USD,Shipped,
ORD-10167,2026-07-15,5292671987,4,1.762900000000000e+02,USD,Completed,
ORD-10168,2026-07-15,531529503,4,2.339000000000000e+01,USD,Completed,
ORD-10168,2026-07-15,886368088,3,5.940000000000000e+00,USD,Completed,
ORD-10169,2026-07-15,1184268274,4,9.869999999999999e+00,USD,Shipped,
ORD-10169,2026-07-15,5702032013,1,4.488000000000000e+01,USD,Completed,
ORD-10169,2026-07-15,945882097,2,1.975000000000000e+01,USD,Shipped,
ORD-10170,2026-07-15,102593173,1,1.980000000000000e+01,USD,Completed,
ORD-10171,2026-07-15,573614161,4,9.060000000000000e+00,USD,Completed,
ORD-10172,2026-07-15,389782477,3,1.240000000000000e+00,USD,Completed,
ORD-10172,2026-07-15,2747441586,1,2.999000000000000e+01,USD,Shipped,
ORD-10172,2026-07-15,3855217628,2,1.497000000000000e+01,USD,Completed,10%
ORD-10173,2026-07-15,1184654530,3,1.999000000000000e+01,USD,Completed,
ORD-10173,2026-07-15,5045669548,2,2.999000000000000e+01,USD,Completed,
ORD-10173,2026-07-15,2868760641,4,2.399000000000000e+01,USD,Completed,10%
ORD-10174,2026-07-15,5190064929,1,3.196000000000000e+01,USD,Shipped,
ORD-10174,2026-07-15,299112609,3,3.995000000000000e+01,USD,Completed,
ORD-10175,2026-07-15,455894581,3,2.999000000000000e+01,USD,Completed,
ORD-10175,2026-07-15,146144209,3,2.641000000000000e+01,USD,Completed,
ORD-10175,2026-07-15,2868760641,3,2.399000000000000e+01,USD,Completed,
ORD-10176,2026-07-15,5379906696,4,1.498000000000000e+01,USD,Completed,10%
ORD-10176,2026-07-15,229653852,2,1.399000000000000e+01,USD,Completed,10%
ORD-10176,2026-07-15,5053396247,4,1.499000000000000e+01,USD,Completed,
ORD-10177,2026-07-15,848798939,3,4.647000000000000e+01,USD,Completed,
ORD-10178,2026-07-15,512420879,3,9.990000000000000e+00,USD,Shipped,
ORD-10179,2026-07-15,1341833689,2,1.499000000000000e+01,USD,Completed,
ORD-10179,2026-07-15,6494751477,1,1.499000000000000e+01,USD,Completed,10%
ORD-10180,2026-07-15,5323625259,1,25,USD,Completed,
ORD-10180,2026-07-15,5168273880,3,1.198000000000000e+01,USD,Completed,
ORD-10181,2026-07-15,602315286,3,2.250000000000000e+01,USD,Completed,
ORD-10181,2026-07-15,5053396247,4,1.499000000000000e+01,USD,Completed,10%
ORD-10181,2026-07-15,1792864118,4,5.790000000000000e+00,USD,Completed,
ORD-10182,2026-07-15,885092913,1,3.330000000000000e+01,USD,Shipped,
ORD-10182,2026-07-15,2126911017,3,1.999000000000000e+01,USD,Completed,
ORD-10182,2026-07-15,6013308220,3,3.324000000000000e+01,USD,Completed,
ORD-10183,2026-07-15,1997340049,1,2.399000000000000e+01,USD,Completed,
ORD-10183,2026-07-15,370694829,4,2.495000000000000e+01,USD,Completed,
ORD-10184,2026-07-15,5150469476,4,6.399000000000000e+01,USD,Completed,
ORD-10184,2026-07-15,3813188391,4,1.999000000000000e+01,USD,Completed,
ORD-10184,2026-07-15,381632255,3,7.298999999999999e+01,USD,Completed,
ORD-10185,2026-07-15,2544735639,4,3.199000000000000e+01,USD,Completed,
ORD-10185,2026-07-15,230846860,3,3.299000000000000e+01,USD,Shipped,
ORD-10186,2026-07-15,5190064929,3,3.196000000000000e+01,USD,Completed,
ORD-10186,2026-07-15,952556801,4,2.899000000000000e+01,USD,Completed,
ORD-10186,2026-07-15,907847604,1,2.210000000000000e+01,USD,Completed,
ORD-10187,2026-07-15,5264765893,2,2.999000000000000e+01,USD,Completed,
ORD-10187,2026-07-15,1331751223,4,1.388000000000000e+01,USD,Completed,
ORD-10188,2026-07-15,5155961106,2,2.499000000000000e+01,USD,Completed,
ORD-10188,2026-07-15,2570740977,2,3.399000000000000e+01,USD,Completed,
ORD-10188,2026-07-15,1208578847,2,3.597000000000000e+01,USD,Completed,
ORD-10189,2026-07-15,753681550,4,1.560000000000000e+01,USD,Completed,
ORD-10190,2026-07-15,790957653,2,1.245000000000000e+01,USD,Completed,
ORD-10191,2026-07-15,1997340049,2,2.399000000000000e+01,USD,Completed,
ORD-10192,2026-07-15,5158180497,3,9.279999999999999e+00,USD,Completed,
ORD-10193,2026-07-15,668480724,1,2.499000000000000e+01,USD,Completed,
ORD-10193,2026-07-15,5053396247,1,1.499000000000000e+01,USD,Completed,
ORD-10193,2026-07-15,2138573500,3,1.599000000000000e+01,USD,Completed,10%
ORD-10194,2026-07-15,5502936471,2,1.499000000000000e+01,USD,Completed,
ORD-10194,2026-07-15,5144555813,4,4.499000000000000e+01,USD,Completed,
ORD-10195,2026-07-15,569572519,1,2.175000000000000e+01,USD,Shipped,10%
ORD-10195,2026-07-15,3824041405,3,6.744000000000000e+01,USD,Shipped,
ORD-10195,2026-07-15,3483895520,4,1.297000000000000e+01,USD,Completed,10%
ORD-10196,2026-07-15,5108346618,4,2.699900000000000e+02,USD,Completed,
ORD-10197,2026-07-15,573614161,2,9.060000000000000e+00,USD,Completed,
ORD-10197,2026-07-15,953950834,1,2.795000000000000e+01,USD,Completed,
ORD-10198,2026-07-15,54973324,1,2.407000000000000e+01,USD,Completed,
ORD-10199,2026-07-15,5809585615,1,1.595000000000000e+01,USD,Shipped,
ORD-10199,2026-07-15,3212008907,3,3,USD,Completed,
ORD-10199,2026-07-15,1774083175,4,2.999000000000000e+01,USD,Shipped,
ORD-10200,2026-07-15,5618790028,1,1.499000000000000e+01,USD,Completed,
ORD-10201,2026-07-15,5057611924,3,3.599000000000000e+01,USD,Shipped,
ORD-10201,2026-07-15,54973324,2,2.407000000000000e+01,USD,Completed,
ORD-10202,2026-07-15,1649464157,4,1.799000000000000e+01,USD,Completed,
ORD-10202,2026-07-15,5327761690,1,2.499000000000000e+01,USD,Completed,
ORD-10203,2026-07-15,1507001378,1,9.900000000000000e-01,USD,Completed,
ORD-10204,2026-07-15,10294756,3,2,USD,Shipped,
ORD-10205,2026-07-15,788450043,4,1.299000000000000e+01,USD,Shipped,
ORD-10205,2026-07-15,5260887729,2,1.999000000000000e+01,USD,Completed,
ORD-10205,2026-07-15,2007589965,2,1.471990000000000e+03,USD,Completed,
ORD-10206,2026-07-15,1921006587,2,2.159000000000000e+01,USD,Completed,10%
ORD-10207,2026-07-15,1792864118,4,5.790000000000000e+00,USD,Shipped,
ORD-10208,2026-07-15,887668036,3,4.139000000000000e+01,USD,Shipped,
ORD-10208,2026-07-15,871530694,1,2.393000000000000e+01,USD,Completed,
ORD-10209,2026-07-15,1184268274,1,9.869999999999999e+00,USD,Completed,10%
ORD-10210,2026-07-15,432928663,3,2.880000000000000e+01,USD,Completed,10%
ORD-10210,2026-07-15,2002762091,4,2.999000000000000e+01,USD,Completed,
ORD-10210,2026-07-15,5809585615,3,1.595000000000000e+01,USD,Shipped,
ORD-10211,2026-07-15,5291664103,1,1.383000000000000e+01,USD,Completed,
ORD-10211,2026-07-15,1426167428,1,1.599000000000000e+01,USD,Completed,10%
ORD-10211,2026-07-15,182579201,2,1.709000000000000e+01,USD,Completed,
ORD-10212,2026-07-15,2010024322,3,8.880000000000001e+00,USD,Completed,
ORD-10212,2026-07-15,2017664333,1,99,USD,Completed,
ORD-10212,2026-07-15,381553241,2,1.399000000000000e+01,USD,Completed,
ORD-10213,2026-07-15,730250943,3,1.144000000000000e+01,USD,Completed,
ORD-10213,2026-07-15,430528189,2,4.788000000000000e+01,USD,Completed,10%
ORD-10213,2026-07-15,257806313,3,1.954000000000000e+01,USD,Completed,10%
ORD-10214,2026-07-15,5439347407,2,5.699900000000000e+02,USD,Completed,
ORD-10214,2026-07-15,10294885,4,2.720000000000000e+00,USD,Completed,
ORD-10214,2026-07-15,2097897368,3,3.597000000000000e+01,USD,Completed,
ORD-10215,2026-07-15,179112912,3,4.186000000000000e+01,USD,Completed,
ORD-10216,2026-07-15,5219876777,1,6.130000000000000e+00,USD,Completed,
ORD-10216,2026-07-15,182579201,4,1.709000000000000e+01,USD,Completed,
ORD-10217,2026-07-15,606223683,3,2.862000000000000e+01,USD,Completed,10%
ORD-10217,2026-07-15,27230944,4,3.343000000000000e+01,USD,Shipped,
ORD-10218,2026-07-15,1017487270,4,2.999000000000000e+01,USD,Shipped,
ORD-10218,2026-07-15,689096319,1,9.910000000000000e+00,USD,Completed,
ORD-10218,2026-07-15,1615288442,3,1.499000000000000e+01,USD,Completed,
ORD-10219,2026-07-15,299112609,1,3.995000000000000e+01,USD,Completed,
ORD-10220,2026-07-15,1997340049,1,2.399000000000000e+01,USD,Completed,
ORD-10220,2026-07-15,27230944,4,3.343000000000000e+01,USD,Completed,
ORD-10221,2026-07-15,247655086,3,4.797000000000000e+01,USD,Shipped,
ORD-10222,2026-07-15,903463722,3,2.309000000000000e+01,USD,Completed,
ORD-10222,2026-07-15,802163708,2,2.482000000000000e+01,USD,Completed,
ORD-10223,2026-07-15,2716531748,1,1.998000000000000e+01,USD,Completed,10%
ORD-10223,2026-07-15,25997723,2,6.490000000000001e+01,USD,Completed,
ORD-10224,2026-07-15,730250943,4,1.144000000000000e+01,USD,Completed,
ORD-10224,2026-07-15,331094227,4,3.999000000000000e+01,USD,Shipped,10%
ORD-10224,2026-07-15,265927683,1,1.799000000000000e+01,USD,Completed,
ORD-10225,2026-07-15,146144209,4,2.641000000000000e+01,USD,Completed,
ORD-10225,2026-07-15,389782477,2,1.240000000000000e+00,USD,Completed,
ORD-10225,2026-07-15,182579201,1,1.709000000000000e+01,USD,Completed,
ORD-10226,2026-07-15,3046604016,1,5.299000000000000e+01,USD,Completed,
ORD-10226,2026-07-15,848798939,4,4.647000000000000e+01,USD,Shipped,
ORD-10227,2026-07-15,161657830,1,4.999000000000000e+01,USD,Completed,
ORD-10227,2026-07-15,907847604,4,2.210000000000000e+01,USD,Shipped,
ORD-10227,2026-07-15,615343705,2,2.767000000000000e+01,USD,Completed,
ORD-10228,2026-07-15,1231760315,2,1.999000000000000e+01,USD,Shipped,
ORD-10228,2026-07-15,33685485,1,1.119000000000000e+01,USD,Completed,
ORD-10228,2026-07-15,1624985447,3,3.970000000000000e+00,USD,Shipped,
ORD-10229,2026-07-15,2570740977,2,3.399000000000000e+01,USD,Completed,
ORD-10230,2026-07-15,848798939,4,4.647000000000000e+01,USD,Completed,10%
ORD-10230,2026-07-15,1462273455,3,9.100000000000000e-01,USD,Completed,
ORD-10231,2026-07-15,182543171,1,4.860000000000000e+00,USD,Completed,
ORD-10231,2026-07-15,28926816,4,7.940000000000000e+00,USD,Completed,10%
ORD-10231,2026-07-15,432928663,4,2.880000000000000e+01,USD,Completed,10%
ORD-10232,2026-07-15,5066959782,2,1.280000000000000e+01,USD,Completed,
ORD-10233,2026-07-15,839659160,3,4.999000000000000e+01,USD,Shipped,10%
ORD-10233,2026-07-15,891036133,1,2.209000000000000e+01,USD,Completed,
ORD-10233,2026-07-15,1231760315,4,1.999000000000000e+01,USD,Shipped,
ORD-10234,2026-07-15,887668036,2,4.139000000000000e+01,USD,Completed,
ORD-10234,2026-07-15,1009224046,3,2.199000000000000e+01,USD,Completed,
ORD-10235,2026-07-15,1722962454,4,1.035000000000000e+01,USD,Completed,10%
ORD-10236,2026-07-15,2138573500,4,1.599000000000000e+01,USD,Completed,
ORD-10236,2026-07-15,382394597,4,1.688000000000000e+01,USD,Completed,
ORD-10237,2026-07-15,1037166405,3,2.390000000000000e+01,USD,Completed,
ORD-10237,2026-07-15,3511393855,2,25,USD,Completed,10%
ORD-10237,2026-07-15,348784401,1,2.249000000000000e+01,USD,Completed,
ORD-10238,2026-07-15,34203165,2,1.673000000000000e+01,USD,Shipped,
ORD-10238,2026-07-15,5327761690,1,2.499000000000000e+01,USD,Shipped,
ORD-10238,2026-07-15,2007589965,3,1.471990000000000e+03,USD,Shipped,
ORD-10239,2026-07-15,1921006587,1,2.159000000000000e+01,USD,Completed,
ORD-10239,2026-07-15,1017487270,3,2.999000000000000e+01,USD,Completed,
ORD-10240,2026-07-15,569572519,1,2.175000000000000e+01,USD,Completed,
ORD-10241,2026-07-15,2363655537,4,4.950000000000000e+01,USD,Completed,
ORD-10241,2026-07-15,2544735639,4,3.199000000000000e+01,USD,Completed,
ORD-10242,2026-07-15,1624985447,3,3.970000000000000e+00,USD,Completed,
ORD-10242,2026-07-15,696459227,2,1.461000000000000e+01,USD,Completed,
ORD-10242,2026-07-15,430528189,3,4.788000000000000e+01,USD,Completed,10%
ORD-10243,2026-07-15,1997340049,2,2.399000000000000e+01,USD,Completed,
ORD-10243,2026-07-15,1897403279,1,1.189000000000000e+01,USD,Completed,
ORD-10244,2026-07-15,215916201,2,1.396000000000000e+01,USD,Completed,
ORD-10245,2026-07-15,391028302,2,1.078000000000000e+01,USD,Completed,
ORD-10245,2026-07-15,1093743201,2,2.599000000000000e+01,USD,Completed,
ORD-10246,2026-07-15,859305074,1,1.969000000000000e+01,USD,Completed,
ORD-10247,2026-07-15,1613734417,2,2.580000000000000e+01,USD,Completed,
ORD-10248,2026-07-15,5062553620,2,9.840000000000000e+00,USD,Completed,
ORD-10248,2026-07-15,5658552152,3,1.499000000000000e+01,USD,Completed,
ORD-10248,2026-07-15,10309083,2,8.990000000000000e+00,USD,Shipped,
ORD-10249,2026-07-15,5353145797,4,1.079000000000000e+01,USD,Shipped,
ORD-10249,2026-07-15,1160636802,2,2.799000000000000e+01,USD,Completed,
ORD-10249,2026-07-15,3922793394,4,1.124000000000000e+01,USD,Completed,
ORD-10250,2026-07-15,5439347407,4,5.699900000000000e+02,USD,Shipped,
ORD-10250,2026-07-15,5062553620,3,9.840000000000000e+00,USD,Completed,
ORD-10251,2026-07-15,602315286,4,2.250000000000000e+01,USD,Completed,
ORD-10251,2026-07-15,2200709686,1,1.408000000000000e+02,USD,Completed,
ORD-10251,2026-07-15,382394597,3,1.688000000000000e+01,USD,Completed,10%
ORD-10252,2026-07-15,606223683,3,2.862000000000000e+01,USD,Completed,
ORD-10252,2026-07-15,453089336,3,55,USD,Completed,
ORD-10252,2026-07-15,389782477,3,1.240000000000000e+00,USD,Shipped,
ORD-10253,2026-07-15,744949530,3,1.799000000000000e+01,USD,Completed,
ORD-10254,2026-07-15,393061304,3,2.868000000000000e+01,USD,Shipped,
ORD-10254,2026-07-15,1722962454,4,1.035000000000000e+01,USD,Completed,
ORD-10255,2026-07-15,2363655537,2,4.950000000000000e+01,USD,Shipped,10%
ORD-10255,2026-07-15,5540168677,3,2.999000000000000e+01,USD,Completed,
ORD-10255,2026-07-15,2002762091,1,2.999000000000000e+01,USD,Completed,10%
ORD-10256,2026-07-15,393061304,3,2.868000000000000e+01,USD,Completed,10%
ORD-10256,2026-07-15,2126911017,3,1.999000000000000e+01,USD,Completed,10%
ORD-10257,2026-07-15,2968552747,1,9.630000000000001e+00,USD,Completed,
ORD-10257,2026-07-15,920987081,3,3.795000000000000e+01,USD,Completed,10%
ORD-10257,2026-07-15,5108346618,1,2.699900000000000e+02,USD,Shipped,
ORD-10258,2026-07-15,908232424,1,3.698000000000000e+01,USD,Shipped,
ORD-10258,2026-07-15,393061304,2,2.868000000000000e+01,USD,Shipped,
ORD-10258,2026-07-15,952556801,4,2.899000000000000e+01,USD,Shipped,
ORD-10259,2026-07-15,10997171,4,1.012000000000000e+01,USD,Completed,10%
ORD-10259,2026-07-15,5439347407,3,5.699900000000000e+02,USD,Completed,10%
ORD-10260,2026-07-15,2113674813,1,1.168000000000000e+02,USD,Completed,
ORD-10260,2026-07-15,5768017984,1,6.660000000000000e+00,USD,Completed,
ORD-10260,2026-07-15,1570467303,4,2.799000000000000e+01,USD,Completed,10%
ORD-10261,2026-07-15,1160636802,3,2.799000000000000e+01,USD,Completed,
ORD-10261,2026-07-15,569572519,3,2.175000000000000e+01,USD,Completed,
ORD-10262,2026-07-15,1560005587,3,4.658000000000000e+01,USD,Completed,10%
ORD-10263,2026-07-15,871530694,3,2.393000000000000e+01,USD,Completed,
ORD-10264,2026-07-15,832929384,3,2.795000000000000e+01,USD,Completed,
ORD-10264,2026-07-15,2844883584,4,2.494000000000000e+01,USD,Completed,10%
ORD-10264,2026-07-15,5057611924,4,3.599000000000000e+01,USD,Completed,
ORD-10265,2026-07-15,46068414,2,1.613000000000000e+01,USD,Shipped,
ORD-10265,2026-07-15,430528189,4,4.788000000000000e+01,USD,Completed,10%
ORD-10266,2026-07-15,354688867,1,3.299000000000000e+01,USD,Completed,
ORD-10267,2026-07-15,2138573500,3,1.599000000000000e+01,USD,Completed,
ORD-10267,2026-07-15,5323625259,2,25,USD,Completed,
ORD-10268,2026-07-15,689096319,2,9.910000000000000e+00,USD,Shipped,
ORD-10269,2026-07-15,2716531748,2,1.998000000000000e+01,USD,Completed,
ORD-10269,2026-07-15,261700925,2,6.930000000000000e+01,USD,Completed,
ORD-10270,2026-07-15,3855217628,3,1.497000000000000e+01,USD,Completed,10%
ORD-10270,2026-07-15,393101003,3,1.986000000000000e+01,USD,Completed,
ORD-10270,2026-07-15,904020893,2,4.649000000000000e+01,USD,Completed,10%
ORD-10271,2026-07-15,1624985447,4,3.970000000000000e+00,USD,Completed,
ORD-10272,2026-07-15,2968552747,2,9.630000000000001e+00,USD,Completed,10%
ORD-10272,2026-07-15,944207748,3,3.899000000000000e+01,USD,Shipped,
ORD-10273,2026-07-15,781490570,4,1.499000000000000e+01,USD,Completed,
ORD-10274,2026-07-15,5440778555,1,1.030000000000000e+01,USD,Completed,
ORD-10275,2026-07-15,1774925941,3,6.998999999999999e+01,USD,Completed,10%
ORD-10275,2026-07-15,957603867,3,1.499000000000000e+01,USD,Completed,
ORD-10275,2026-07-15,1543169305,3,1.299000000000000e+01,USD,Completed,
ORD-10276,2026-07-15,891036133,2,2.209000000000000e+01,USD,Completed,
ORD-10276,2026-07-15,5242746669,3,8,USD,Completed,
ORD-10277,2026-07-15,435835263,3,9.990000000000000e+00,USD,Completed,10%
ORD-10277,2026-07-15,1204774750,1,6.898999999999999e+01,USD,Completed,
ORD-10277,2026-07-15,908201566,2,1.056000000000000e+01,USD,Completed,
ORD-10278,2026-07-16,25997723,1,6.490000000000001e+01,USD,Completed,
ORD-10278,2026-07-16,1017487270,1,2.999000000000000e+01,USD,Completed,
ORD-10279,2026-07-16,1507001378,2,9.900000000000000e-01,USD,Completed,
ORD-10279,2026-07-16,859305074,3,1.969000000000000e+01,USD,Shipped,
ORD-10280,2026-07-16,573614161,4,9.060000000000000e+00,USD,Completed,
ORD-10280,2026-07-16,2232013390,1,6.980000000000000e+00,USD,Completed,10%
ORD-10280,2026-07-16,6045904134,1,2.499000000000000e+01,USD,Completed,10%
ORD-10281,2026-07-16,615343705,2,2.767000000000000e+01,USD,Shipped,
ORD-10281,2026-07-16,2844883584,1,2.494000000000000e+01,USD,Shipped,
ORD-10282,2026-07-16,5045669548,3,2.999000000000000e+01,USD,Completed,10%
ORD-10282,2026-07-16,46068414,3,1.613000000000000e+01,USD,Completed,
ORD-10282,2026-07-16,802163708,3,2.482000000000000e+01,USD,Completed,10%
ORD-10283,2026-07-16,5155961106,1,2.499000000000000e+01,USD,Completed,
ORD-10283,2026-07-16,907847604,2,2.210000000000000e+01,USD,Shipped,
ORD-10284,2026-07-16,1570467303,1,2.799000000000000e+01,USD,Shipped,
ORD-10284,2026-07-16,1974609871,4,1.495000000000000e+01,USD,Completed,
ORD-10285,2026-07-16,920987081,1,3.795000000000000e+01,USD,Completed,
ORD-10285,2026-07-16,5118743904,2,2.899000000000000e+01,USD,Shipped,
ORD-10286,2026-07-16,5417683805,3,1.498000000000000e+01,USD,Completed,
ORD-10287,2026-07-16,5158180497,4,9.279999999999999e+00,USD,Completed,
ORD-10288,2026-07-16,848798939,4,4.647000000000000e+01,USD,Completed,10%
ORD-10289,2026-07-16,829098148,3,5.199000000000000e+01,USD,Completed,
ORD-10290,2026-07-16,5329337627,2,24,USD,Shipped,
ORD-10291,2026-07-16,469036214,3,2.049900000000000e+02,USD,Completed,
ORD-10292,2026-07-16,5118743904,2,2.899000000000000e+01,USD,Shipped,
ORD-10293,2026-07-16,5397071399,4,1.299000000000000e+01,USD,Completed,
ORD-10293,2026-07-16,10294756,2,2,USD,Completed,
ORD-10294,2026-07-16,1774083175,3,2.999000000000000e+01,USD,Completed,
ORD-10294,2026-07-16,5045669548,2,2.999000000000000e+01,USD,Completed,
ORD-10295,2026-07-16,430528189,2,4.788000000000000e+01,USD,Completed,
ORD-10296,2026-07-16,864008591,2,1.495000000000000e+01,USD,Completed,10%
ORD-10296,2026-07-16,5045669548,4,2.999000000000000e+01,USD,Completed,
ORD-10296,2026-07-16,5108346618,1,2.699900000000000e+02,USD,Completed,10%
ORD-10297,2026-07-16,5662896790,4,2.594000000000000e+01,USD,Completed,
ORD-10297,2026-07-16,2017664333,2,99,USD,Completed,
ORD-10297,2026-07-16,1722962454,4,1.035000000000000e+01,USD,Shipped,
ORD-10298,2026-07-16,362341632,2,9.990000000000000e+00,USD,Completed,
ORD-10299,2026-07-16,182579201,4,1.709000000000000e+01,USD,Completed,
ORD-10299,2026-07-16,321811404,1,2.799000000000000e+01,USD,Completed,
ORD-10300,2026-07-16,5702523237,1,1.599000000000000e+01,USD,Completed,
ORD-10300,2026-07-16,2002762091,3,2.999000000000000e+01,USD,Completed,
ORD-10300,2026-07-16,1766457787,3,5.790000000000000e+00,USD,Completed,
ORD-10301,2026-07-16,5144555813,2,4.499000000000000e+01,USD,Completed,
ORD-10302,2026-07-16,3588670272,2,1.599000000000000e+01,USD,Shipped,
ORD-10302,2026-07-16,1184654530,4,1.999000000000000e+01,USD,Shipped,
ORD-10303,2026-07-16,469036214,4,2.049900000000000e+02,USD,Completed,
ORD-10303,2026-07-16,5043424192,4,1.799000000000000e+01,USD,Completed,
ORD-10304,2026-07-16,6045904134,4,2.499000000000000e+01,USD,Completed,
ORD-10304,2026-07-16,382394597,2,1.688000000000000e+01,USD,Completed,
ORD-10304,2026-07-16,5205925876,3,1.922000000000000e+01,USD,Shipped,
ORD-10305,2026-07-16,5170388947,3,1.058000000000000e+01,USD,Completed,
ORD-10306,2026-07-16,790957653,4,1.245000000000000e+01,USD,Completed,10%
ORD-10307,2026-07-16,5273430664,1,16,USD,Shipped,
ORD-10308,2026-07-16,2503512087,3,1.080000000000000e+01,USD,Completed,
ORD-10308,2026-07-16,1097677016,3,2.499000000000000e+01,USD,Completed,
ORD-10308,2026-07-16,310097871,4,1.499000000000000e+01,USD,Shipped,
ORD-10309,2026-07-16,48812370,2,9.789999999999999e+00,USD,Completed,
ORD-10310,2026-07-16,6013308220,2,3.324000000000000e+01,USD,Completed,
ORD-10310,2026-07-16,602315286,2,2.250000000000000e+01,USD,Completed,
ORD-10310,2026-07-16,152355819,4,5.624000000000000e+01,USD,Shipped,
ORD-10311,2026-07-16,331094227,3,3.999000000000000e+01,USD,Completed,
ORD-10311,2026-07-16,5219131585,4,1.399000000000000e+01,USD,Shipped,
ORD-10312,2026-07-16,907847604,2,2.210000000000000e+01,USD,Shipped,10%
ORD-10312,2026-07-16,1624985447,2,3.970000000000000e+00,USD,Completed,
ORD-10312,2026-07-16,6918363302,3,2.399000000000000e+01,USD,Completed,
ORD-10313,2026-07-16,6126862324,1,3.497000000000000e+01,USD,Completed,
ORD-10313,2026-07-16,22374157,1,7.960000000000000e+00,USD,Completed,
ORD-10313,2026-07-16,886368088,3,5.940000000000000e+00,USD,Completed,
ORD-10314,2026-07-16,788450043,1,1.299000000000000e+01,USD,Completed,
ORD-10315,2026-07-16,3876384696,3,6.998999999999999e+01,USD,Shipped,
ORD-10315,2026-07-16,531529503,3,2.339000000000000e+01,USD,Shipped,
ORD-10315,2026-07-16,2363655537,4,4.950000000000000e+01,USD,Completed,
ORD-10316,2026-07-16,10801127,3,1.980000000000000e+00,USD,Completed,
ORD-10317,2026-07-16,1210385172,3,3.959000000000000e+01,USD,Completed,
ORD-10317,2026-07-16,6045904134,2,2.499000000000000e+01,USD,Completed,
ORD-10317,2026-07-16,6838112687,3,2.920000000000000e+01,USD,Shipped,
ORD-10318,2026-07-16,910055282,3,1.099000000000000e+01,USD,Completed,
ORD-10318,2026-07-16,28926816,3,7.940000000000000e+00,USD,Completed,
ORD-10319,2026-07-16,529767263,3,4.847000000000000e+01,USD,Shipped,
ORD-10319,2026-07-16,1613734417,2,2.580000000000000e+01,USD,Shipped,
ORD-10320,2026-07-16,839659160,2,4.999000000000000e+01,USD,Completed,
ORD-10320,2026-07-16,1267967836,4,8.698999999999999e+01,USD,Completed,
ORD-10320,2026-07-16,5353145797,2,1.079000000000000e+01,USD,Completed,
ORD-10321,2026-07-16,411359040,1,30,USD,Completed,
ORD-10321,2026-07-16,1204774750,2,6.898999999999999e+01,USD,Shipped,
ORD-10321,2026-07-16,3922793394,2,1.124000000000000e+01,USD,Shipped,
ORD-10322,2026-07-16,1766457787,1,5.790000000000000e+00,USD,Completed,
ORD-10322,2026-07-16,28926816,1,7.940000000000000e+00,USD,Shipped,
ORD-10322,2026-07-16,887668036,1,4.139000000000000e+01,USD,Completed,
ORD-10323,2026-07-16,669112285,3,9.890000000000001e+00,USD,Completed,
ORD-10323,2026-07-16,453089336,3,55,USD,Completed,
ORD-10323,2026-07-16,422458903,2,1.998000000000000e+01,USD,Completed,
ORD-10324,2026-07-16,435835263,4,9.990000000000000e+00,USD,Completed,
ORD-10324,2026-07-16,896599636,4,2.719000000000000e+01,USD,Completed,
ORD-10324,2026-07-16,945882097,3,1.975000000000000e+01,USD,Completed,
ORD-10325,2026-07-16,2834781358,4,2.399900000000000e+02,USD,Shipped,10%
ORD-10325,2026-07-16,381632255,2,7.298999999999999e+01,USD,Completed,10%
ORD-10326,2026-07-16,354688867,1,3.299000000000000e+01,USD,Completed,
ORD-10326,2026-07-16,802163708,4,2.482000000000000e+01,USD,Completed,
ORD-10327,2026-07-16,435835263,1,9.990000000000000e+00,USD,Completed,
ORD-10327,2026-07-16,802163708,3,2.482000000000000e+01,USD,Completed,
ORD-10328,2026-07-16,3440558193,3,2.198000000000000e+01,USD,Shipped,
ORD-10328,2026-07-16,957603867,2,1.499000000000000e+01,USD,Completed,
ORD-10328,2026-07-16,3808974443,2,4.980000000000000e+00,USD,Completed,
ORD-10329,2026-07-16,887668036,3,4.139000000000000e+01,USD,Completed,
ORD-10329,2026-07-16,370694829,3,2.495000000000000e+01,USD,Completed,
ORD-10330,2026-07-16,903463722,3,2.309000000000000e+01,USD,Completed,
ORD-10330,2026-07-16,2785607950,3,9.269000000000000e+01,USD,Completed,10%
ORD-10330,2026-07-16,5205925876,2,1.922000000000000e+01,USD,Completed,
ORD-10331,2026-07-16,381553241,3,1.399000000000000e+01,USD,Completed,
ORD-10331,2026-07-16,2002762091,1,2.999000000000000e+01,USD,Completed,
ORD-10332,2026-07-16,5144555813,3,4.499000000000000e+01,USD,Shipped,
ORD-10332,2026-07-16,904020893,1,4.649000000000000e+01,USD,Shipped,
ORD-10333,2026-07-16,5108346618,4,2.699900000000000e+02,USD,Completed,
ORD-10333,2026-07-16,595025504,1,3.495000000000000e+01,USD,Completed,
ORD-10333,2026-07-16,2128773109,3,3.999000000000000e+01,USD,Completed,10%
ORD-10334,2026-07-16,5618790028,4,1.499000000000000e+01,USD,Completed,
ORD-10334,2026-07-16,393061304,3,2.868000000000000e+01,USD,Completed,
ORD-10334,2026-07-16,5242746669,2,8,USD,Completed,10%
ORD-10335,2026-07-16,3560683924,2,3.990000000000000e+00,USD,Completed,
ORD-10335,2026-07-16,3402143185,4,3.280000000000000e+00,USD,Completed,
ORD-10336,2026-07-16,259195843,2,2.995000000000000e+01,USD,Completed,
ORD-10337,2026-07-16,215916201,1,1.396000000000000e+01,USD,Completed,10%
ORD-10337,2026-07-16,5344195287,1,2.199000000000000e+01,USD,Completed,
ORD-10337,2026-07-16,321811404,2,2.799000000000000e+01,USD,Completed,
ORD-10338,2026-07-16,871349337,1,2.738000000000000e+01,USD,Completed,
ORD-10338,2026-07-16,5158180497,4,9.279999999999999e+00,USD,Completed,
ORD-10339,2026-07-16,512420879,2,9.990000000000000e+00,USD,Completed,
ORD-10339,2026-07-16,944207748,1,3.899000000000000e+01,USD,Completed,
ORD-10340,2026-07-16,100662878,2,2.199000000000000e+01,USD,Completed,
ORD-10341,2026-07-16,10294756,1,2,USD,Completed,
ORD-10342,2026-07-16,5205925876,4,1.922000000000000e+01,USD,Completed,
ORD-10343,2026-07-16,1932369237,2,3.299000000000000e+01,USD,Completed,
ORD-10343,2026-07-16,215916201,1,1.396000000000000e+01,USD,Completed,
ORD-10343,2026-07-16,1974609871,3,1.495000000000000e+01,USD,Shipped,10%
ORD-10344,2026-07-16,5397071399,3,1.299000000000000e+01,USD,Completed,10%
ORD-10345,2026-07-16,886368088,1,5.940000000000000e+00,USD,Shipped,
ORD-10345,2026-07-16,555974352,2,3.605000000000000e+01,USD,Completed,
ORD-10345,2026-07-16,790957653,3,1.245000000000000e+01,USD,Completed,
ORD-10346,2026-07-16,46068414,4,1.613000000000000e+01,USD,Completed,
ORD-10346,2026-07-16,790957653,2,1.245000000000000e+01,USD,Completed,
ORD-10347,2026-07-16,5190064929,4,3.196000000000000e+01,USD,Shipped,
ORD-10348,2026-07-16,455894581,3,2.999000000000000e+01,USD,Shipped,
ORD-10348,2026-07-16,1063134991,2,1.599000000000000e+01,USD,Shipped,
ORD-10348,2026-07-16,588404711,4,8.909999999999999e+01,USD,Shipped,
ORD-10349,2026-07-16,1624985447,2,3.970000000000000e+00,USD,Completed,
ORD-10350,2026-07-16,839659160,1,4.999000000000000e+01,USD,Completed,
ORD-10351,2026-07-16,37684787,2,1.320000000000000e+01,USD,Completed,
ORD-10351,2026-07-16,5684704635,4,1.213000000000000e+01,USD,Completed,
ORD-10351,2026-07-16,606223683,1,2.862000000000000e+01,USD,Completed,10%
ORD-10352,2026-07-16,33685485,2,1.119000000000000e+01,USD,Completed,
ORD-10352,2026-07-16,182543171,3,4.860000000000000e+00,USD,Completed,
ORD-10352,2026-07-16,5663974279,1,1.994000000000000e+01,USD,Completed,
ORD-10353,2026-07-16,5144555813,2,4.499000000000000e+01,USD,Completed,
ORD-10354,2026-07-16,146144209,2,2.641000000000000e+01,USD,Completed,
ORD-10355,2026-07-16,1997340049,3,2.399000000000000e+01,USD,Shipped,
ORD-10356,2026-07-16,693758408,1,1.709000000000000e+01,USD,Completed,
ORD-10356,2026-07-16,5323625259,4,25,USD,Shipped,
ORD-10356,2026-07-16,3440558193,4,2.198000000000000e+01,USD,Completed,
ORD-10357,2026-07-16,573614161,2,9.060000000000000e+00,USD,Completed,
ORD-10358,2026-07-16,5663974279,2,1.994000000000000e+01,USD,Completed,
ORD-10358,2026-07-16,5066959782,1,1.280000000000000e+01,USD,Completed,10%
ORD-10358,2026-07-16,1336755092,2,1.499000000000000e+01,USD,Completed,
ORD-10359,2026-07-16,2747441586,4,2.999000000000000e+01,USD,Completed,
ORD-10360,2026-07-16,22374157,2,7.960000000000000e+00,USD,Completed,
ORD-10360,2026-07-16,229653852,3,1.399000000000000e+01,USD,Completed,
ORD-10360,2026-07-16,5702032013,2,4.488000000000000e+01,USD,Shipped,
ORD-10361,2026-07-16,265927683,4,1.799000000000000e+01,USD,Completed,
ORD-10361,2026-07-16,242303426,4,8.720000000000001e+00,USD,Completed,
ORD-10361,2026-07-16,381632255,4,7.298999999999999e+01,USD,Shipped,
ORD-10362,2026-07-16,788450043,1,1.299000000000000e+01,USD,Completed,10%
ORD-10363,2026-07-16,839659160,3,4.999000000000000e+01,USD,Shipped,
ORD-10363,2026-07-16,2868760641,2,2.399000000000000e+01,USD,Completed,
ORD-10364,2026-07-16,3511393855,4,25,USD,Completed,
ORD-10364,2026-07-16,891036133,4,2.209000000000000e+01,USD,Shipped,
ORD-10365,2026-07-16,2232013390,3,6.980000000000000e+00,USD,Completed,
ORD-10365,2026-07-16,264801526,4,2.249000000000000e+01,USD,Completed,
ORD-10366,2026-07-16,5292671987,3,1.762900000000000e+02,USD,Completed,
ORD-10366,2026-07-16,112580004,4,2.549000000000000e+01,USD,Shipped,
ORD-10366,2026-07-16,10294756,2,2,USD,Completed,
ORD-10367,2026-07-16,786691113,2,1.053000000000000e+01,USD,Completed,
ORD-10367,2026-07-16,299112609,3,3.995000000000000e+01,USD,Completed,
ORD-10368,2026-07-16,2232013390,1,6.980000000000000e+00,USD,Completed,10%
ORD-10369,2026-07-16,199440001,4,3.077000000000000e+01,USD,Shipped,
ORD-10369,2026-07-16,5053396247,4,1.499000000000000e+01,USD,Completed,10%
ORD-10370,2026-07-16,1359948905,3,3.277000000000000e+01,USD,Completed,
ORD-10370,2026-07-16,5264765893,3,2.999000000000000e+01,USD,Completed,
ORD-10370,2026-07-16,2097897368,3,3.597000000000000e+01,USD,Completed,10%
ORD-10371,2026-07-16,453089336,3,55,USD,Shipped,
ORD-10371,2026-07-16,10294756,4,2,USD,Completed,
ORD-10371,2026-07-16,667101829,4,9.995000000000000e+01,USD,Completed,
ORD-10372,2026-07-16,5684704635,4,1.213000000000000e+01,USD,Completed,
ORD-10372,2026-07-16,5702032013,1,4.488000000000000e+01,USD,Completed,10%
ORD-10372,2026-07-16,34203165,3,1.673000000000000e+01,USD,Completed,
ORD-10373,2026-07-16,668480724,3,2.499000000000000e+01,USD,Completed,
ORD-10373,2026-07-16,54973324,2,2.407000000000000e+01,USD,Completed,
ORD-10374,2026-07-16,5353145797,4,1.079000000000000e+01,USD,Completed,10%
ORD-10375,2026-07-16,141757585,2,1.499000000000000e+01,USD,Completed,
ORD-10375,2026-07-16,5642502722,4,3.239000000000000e+01,USD,Completed,
ORD-10375,2026-07-16,1184268274,4,9.869999999999999e+00,USD,Completed,
ORD-10376,2026-07-16,242303426,3,8.720000000000001e+00,USD,Shipped,
ORD-10377,2026-07-16,10294885,2,2.720000000000000e+00,USD,Completed,
ORD-10377,2026-07-16,1017487270,3,2.999000000000000e+01,USD,Completed,
ORD-10377,2026-07-16,5182915849,1,1.998000000000000e+01,USD,Completed,
ORD-10378,2026-07-16,5158180497,4,9.279999999999999e+00,USD,Completed,
ORD-10379,2026-07-16,5618790028,2,1.499000000000000e+01,USD,Completed,
ORD-10380,2026-07-16,5540168677,2,2.999000000000000e+01,USD,Shipped,
ORD-10380,2026-07-16,2113674813,4,1.168000000000000e+02,USD,Completed,
ORD-10380,2026-07-16,2010024322,1,8.880000000000001e+00,USD,Completed,10%
ORD-10381,2026-07-16,287819116,3,2.629000000000000e+01,USD,Completed,
ORD-10381,2026-07-16,3922793394,4,1.124000000000000e+01,USD,Shipped,
ORD-10381,2026-07-16,676413174,1,6.970000000000000e+00,USD,Completed,
ORD-10382,2026-07-16,887668036,4,4.139000000000000e+01,USD,Completed,
ORD-10382,2026-07-16,1435754084,2,1.197000000000000e+01,USD,Shipped,10%
ORD-10383,2026-07-16,1995467623,3,2.399000000000000e+01,USD,Completed,
ORD-10383,2026-07-16,2844883584,2,2.494000000000000e+01,USD,Completed,
ORD-10383,2026-07-16,1267967836,2,8.698999999999999e+01,USD,Completed,
ORD-10384,2026-07-16,381553241,3,1.399000000000000e+01,USD,Completed,
ORD-10385,2026-07-16,293084792,3,44,USD,Completed,
ORD-10385,2026-07-16,5045669548,4,2.999000000000000e+01,USD,Completed,
ORD-10385,2026-07-16,2785607950,4,9.269000000000000e+01,USD,Shipped,
ORD-10386,2026-07-16,1613734417,3,2.580000000000000e+01,USD,Completed,
ORD-10386,2026-07-16,189455189,3,7.298999999999999e+01,USD,Completed,
ORD-10387,2026-07-16,453089336,2,55,USD,Completed,
ORD-10387,2026-07-16,1359948905,4,3.277000000000000e+01,USD,Completed,
ORD-10387,2026-07-16,381632255,2,7.298999999999999e+01,USD,Completed,10%
ORD-10388,2026-07-16,393061304,3,2.868000000000000e+01,USD,Shipped,10%
ORD-10388,2026-07-16,306465658,3,5.499000000000000e+01,USD,Shipped,
ORD-10389,2026-07-16,10997171,4,1.012000000000000e+01,USD,Completed,
ORD-10390,2026-07-16,10294885,4,2.720000000000000e+00,USD,Shipped,
ORD-10390,2026-07-16,1184654530,4,1.999000000000000e+01,USD,Completed,
ORD-10391,2026-07-16,908232424,2,3.698000000000000e+01,USD,Completed,
ORD-10391,2026-07-16,381553241,4,1.399000000000000e+01,USD,Completed,
ORD-10392,2026-07-16,602748918,1,1.499000000000000e+01,USD,Completed,10%
ORD-10393,2026-07-16,1774925941,3,6.998999999999999e+01,USD,Completed,
ORD-10393,2026-07-16,903463722,2,2.309000000000000e+01,USD,Completed,
ORD-10394,2026-07-16,321811404,3,2.799000000000000e+01,USD,Completed,
ORD-10394,2026-07-16,1615288442,4,1.499000000000000e+01,USD,Completed,
ORD-10394,2026-07-16,1507001378,3,9.900000000000000e-01,USD,Completed,
ORD-10395,2026-07-16,781490570,3,1.499000000000000e+01,USD,Shipped,
ORD-10395,2026-07-16,2834781358,2,2.399900000000000e+02,USD,Completed,
ORD-10395,2026-07-16,3824041405,4,6.744000000000000e+01,USD,Completed,10%
ORD-10396,2026-07-16,1983309413,2,4.499000000000000e+01,USD,Shipped,
ORD-10396,2026-07-16,871530694,1,2.393000000000000e+01,USD,Completed,
ORD-10397,2026-07-16,667101829,1,9.995000000000000e+01,USD,Completed,
ORD-10397,2026-07-16,391028302,1,1.078000000000000e+01,USD,Completed,
ORD-10398,2026-07-16,1792864118,1,5.790000000000000e+00,USD,Shipped,
ORD-10399,2026-07-16,753681550,1,1.560000000000000e+01,USD,Shipped,10%
ORD-10399,2026-07-16,1331751223,3,1.388000000000000e+01,USD,Completed,
ORD-10400,2026-07-16,2834781358,3,2.399900000000000e+02,USD,Completed,
ORD-10400,2026-07-16,5658552152,1,1.499000000000000e+01,USD,Completed,
ORD-10400,2026-07-16,5366405121,1,1.299000000000000e+01,USD,Completed,
ORD-10401,2026-07-16,595025504,3,3.495000000000000e+01,USD,Completed,
ORD-10402,2026-07-16,569572519,2,2.175000000000000e+01,USD,Completed,
ORD-10402,2026-07-16,1435754084,3,1.197000000000000e+01,USD,Completed,
ORD-10403,2026-07-16,864008591,2,1.495000000000000e+01,USD,Completed,
ORD-10403,2026-07-16,1897403279,1,1.189000000000000e+01,USD,Shipped,
ORD-10404,2026-07-16,5118743904,4,2.899000000000000e+01,USD,Completed,
ORD-10405,2026-07-16,3423574153,1,1.166600000000000e+02,USD,Completed,
ORD-10405,2026-07-16,669112285,1,9.890000000000001e+00,USD,Completed,
ORD-10405,2026-07-16,5205925876,2,1.922000000000000e+01,USD,Completed,
ORD-10406,2026-07-16,1825469871,3,1.699000000000000e+01,USD,Completed,
ORD-10406,2026-07-16,141988874,2,5.850000000000000e+00,USD,Shipped,
ORD-10407,2026-07-16,321811404,2,2.799000000000000e+01,USD,Completed,10%
ORD-10408,2026-07-16,453089336,3,55,USD,Completed,
ORD-10409,2026-07-16,173530386,2,2.290000000000000e+01,USD,Completed,
ORD-10409,2026-07-16,2017664333,4,99,USD,Completed,
ORD-10410,2026-07-16,1204774750,2,6.898999999999999e+01,USD,Completed,
ORD-10410,2026-07-16,430528189,3,4.788000000000000e+01,USD,Completed,
ORD-10411,2026-07-16,1359948905,1,3.277000000000000e+01,USD,Completed,
ORD-10411,2026-07-16,5108346618,3,2.699900000000000e+02,USD,Completed,
ORD-10412,2026-07-16,5658552152,3,1.499000000000000e+01,USD,Completed,10%
ORD-10413,2026-07-16,3440558193,2,2.198000000000000e+01,USD,Completed,
ORD-10413,2026-07-16,430528189,4,4.788000000000000e+01,USD,Shipped,
ORD-10414,2026-07-16,362341632,1,9.990000000000000e+00,USD,Shipped,
ORD-10414,2026-07-16,887668036,3,4.139000000000000e+01,USD,Completed,10%
ORD-10414,2026-07-16,864008591,3,1.495000000000000e+01,USD,Completed,10%
ORD-10415,2026-07-16,310097871,3,1.499000000000000e+01,USD,Completed,
ORD-10416,2026-07-16,864008591,3,1.495000000000000e+01,USD,Completed,
ORD-10416,2026-07-16,1543169305,2,1.299000000000000e+01,USD,Completed,
ORD-10416,2026-07-16,369367315,3,2.999000000000000e+01,USD,Completed,
ORD-10417,2026-07-16,5295270812,1,3.549900000000000e+02,USD,Shipped,
ORD-10417,2026-07-16,602315286,3,2.250000000000000e+01,USD,Completed,
ORD-10418,2026-07-16,5664556275,4,2.541000000000000e+01,USD,Completed,
ORD-10418,2026-07-16,615343705,3,2.767000000000000e+01,USD,Completed,
ORD-10419,2026-07-16,944207748,1,3.899000000000000e+01,USD,Completed,
ORD-10419,2026-07-16,5108346618,1,2.699900000000000e+02,USD,Shipped,10%
ORD-10420,2026-07-16,180450545,4,1.464000000000000e+02,USD,Completed,
ORD-10420,2026-07-16,730250943,2,1.144000000000000e+01,USD,Completed,
ORD-10420,2026-07-16,618032539,1,1.299000000000000e+01,USD,Shipped,
ORD-10421,2026-07-16,790957653,4,1.245000000000000e+01,USD,Completed,
ORD-10421,2026-07-16,1323968162,1,3.554000000000000e+01,USD,Completed,
ORD-10421,2026-07-16,453089336,3,55,USD,Completed,10%
ORD-10422,2026-07-16,910055282,4,1.099000000000000e+01,USD,Shipped,10%
ORD-10423,2026-07-16,306465658,2,5.499000000000000e+01,USD,Completed,
ORD-10424,2026-07-16,3053955490,1,1.619000000000000e+01,USD,Completed,
ORD-10424,2026-07-16,33685485,3,1.119000000000000e+01,USD,Completed,
ORD-10424,2026-07-16,887668036,2,4.139000000000000e+01,USD,Shipped,10%
ORD-10425,2026-07-16,5768017984,4,6.660000000000000e+00,USD,Shipped,
ORD-10425,2026-07-16,920987081,2,3.795000000000000e+01,USD,Completed,
ORD-10425,2026-07-16,5184785010,4,2.299000000000000e+01,USD,Completed,
ORD-10426,2026-07-16,730250943,4,1.144000000000000e+01,USD,Completed,
ORD-10426,2026-07-16,1766457787,1,5.790000000000000e+00,USD,Completed,
ORD-10427,2026-07-16,5642502722,4,3.239000000000000e+01,USD,Completed,
ORD-10427,2026-07-16,146144209,2,2.641000000000000e+01,USD,Completed,
ORD-10428,2026-07-16,602315286,2,2.250000000000000e+01,USD,Completed,10%
ORD-10429,2026-07-16,1500372373,3,8,USD,Shipped,10%
ORD-10429,2026-07-16,1543169305,1,1.299000000000000e+01,USD,Completed,
ORD-10429,2026-07-16,5219131585,2,1.399000000000000e+01,USD,Completed,
ORD-10430,2026-07-16,2200709686,2,1.408000000000000e+02,USD,Completed,
ORD-10431,2026-07-16,2503512087,4,1.080000000000000e+01,USD,Completed,
ORD-10431,2026-07-16,393101003,1,1.986000000000000e+01,USD,Completed,
ORD-10431,2026-07-16,1435754084,3,1.197000000000000e+01,USD,Completed,
ORD-10432,2026-07-16,2007589965,3,1.471990000000000e+03,USD,Completed,10%
ORD-10433,2026-07-16,261700925,3,6.930000000000000e+01,USD,Completed,
ORD-10434,2026-07-16,33685485,1,1.119000000000000e+01,USD,Completed,
ORD-10435,2026-07-16,1764748346,2,1.598000000000000e+01,USD,Completed,
ORD-10435,2026-07-16,10309083,1,8.990000000000000e+00,USD,Completed,
ORD-10436,2026-07-16,37684787,4,1.320000000000000e+01,USD,Completed,
ORD-10437,2026-07-16,2232013390,3,6.980000000000000e+00,USD,Completed,
ORD-10438,2026-07-16,864008591,4,1.495000000000000e+01,USD,Shipped,
ORD-10438,2026-07-16,412531616,2,2.999000000000000e+01,USD,Shipped,
ORD-10438,2026-07-16,5190064929,4,3.196000000000000e+01,USD,Completed,10%
ORD-10439,2026-07-16,2232013390,2,6.980000000000000e+00,USD,Completed,
ORD-10440,2026-07-16,321811404,2,2.799000000000000e+01,USD,Shipped,
ORD-10440,2026-07-16,2363655537,3,4.950000000000000e+01,USD,Completed,
ORD-10440,2026-07-16,1426167428,3,1.599000000000000e+01,USD,Completed,
ORD-10441,2026-07-16,802163708,1,2.482000000000000e+01,USD,Completed,
ORD-10441,2026-07-16,2138573500,1,1.599000000000000e+01,USD,Shipped,
ORD-10441,2026-07-16,5502936471,1,1.499000000000000e+01,USD,Completed,10%
ORD-10442,2026-07-16,871530694,4,2.393000000000000e+01,USD,Completed,
ORD-10443,2026-07-16,5480667546,1,1.040000000000000e+01,USD,Completed,
ORD-10444,2026-07-16,5329337627,3,24,USD,Completed,
ORD-10445,2026-07-16,5658552152,3,1.499000000000000e+01,USD,Completed,
ORD-10446,2026-07-16,3046604016,4,5.299000000000000e+01,USD,Completed,
ORD-10447,2026-07-16,531529503,2,2.339000000000000e+01,USD,Completed,10%
ORD-10447,2026-07-16,696459227,1,1.461000000000000e+01,USD,Completed,
ORD-10447,2026-07-16,957603867,2,1.499000000000000e+01,USD,Completed,
ORD-10448,2026-07-16,802163708,3,2.482000000000000e+01,USD,Completed,
ORD-10448,2026-07-16,1995467623,3,2.399000000000000e+01,USD,Completed,
ORD-10449,2026-07-16,33685485,4,1.119000000000000e+01,USD,Completed,
ORD-10450,2026-07-16,512420879,4,9.990000000000000e+00,USD,Completed,
ORD-10451,2026-07-16,1649464157,4,1.799000000000000e+01,USD,Shipped,10%
ORD-10451,2026-07-16,2017664333,4,99,USD,Completed,
ORD-10451,2026-07-16,230846860,2,3.299000000000000e+01,USD,Completed,
ORD-10452,2026-07-16,389782477,1,1.240000000000000e+00,USD,Completed,
ORD-10452,2026-07-16,1226247035,2,1.988000000000000e+01,USD,Completed,
ORD-10453,2026-07-16,602315286,1,2.250000000000000e+01,USD,Shipped,
ORD-10453,2026-07-16,5045669548,4,2.999000000000000e+01,USD,Completed,
ORD-10453,2026-07-16,5443068156,2,1.499000000000000e+01,USD,Completed,
ORD-10454,2026-07-16,377862424,2,9.990000000000000e+00,USD,Shipped,
ORD-10454,2026-07-16,1995467623,2,2.399000000000000e+01,USD,Shipped,10%
ORD-10455,2026-07-16,102593173,3,1.980000000000000e+01,USD,Completed,
ORD-10455,2026-07-16,5684704635,2,1.213000000000000e+01,USD,Completed,
ORD-10455,2026-07-16,588404711,2,8.909999999999999e+01,USD,Completed,
ORD-10456,2026-07-16,180450545,1,1.464000000000000e+02,USD,Completed,
ORD-10456,2026-07-16,957603867,4,1.499000000000000e+01,USD,Shipped,
ORD-10456,2026-07-16,6494751477,4,1.499000000000000e+01,USD,Completed,
ORD-10457,2026-07-16,3560683924,1,3.990000000000000e+00,USD,Completed,
ORD-10457,2026-07-16,331094227,2,3.999000000000000e+01,USD,Completed,
ORD-10458,2026-07-16,161657830,4,4.999000000000000e+01,USD,Shipped,
ORD-10459,2026-07-16,5702032013,3,4.488000000000000e+01,USD,Completed,
ORD-10460,2026-07-16,5260887729,4,1.999000000000000e+01,USD,Completed,
ORD-10460,2026-07-16,310097871,1,1.499000000000000e+01,USD,Completed,
ORD-10460,2026-07-16,382394597,2,1.688000000000000e+01,USD,Completed,
ORD-10461,2026-07-16,1560005587,3,4.658000000000000e+01,USD,Completed,
ORD-10461,2026-07-16,2503512087,2,1.080000000000000e+01,USD,Completed,
ORD-10461,2026-07-16,2138573500,1,1.599000000000000e+01,USD,Completed,10%
ORD-10462,2026-07-16,2010024322,2,8.880000000000001e+00,USD,Completed,
ORD-10463,2026-07-16,10309083,1,8.990000000000000e+00,USD,Shipped,10%
ORD-10464,2026-07-16,5506488018,3,1.998000000000000e+01,USD,Completed,
ORD-10464,2026-07-16,602748918,2,1.499000000000000e+01,USD,Shipped,
ORD-10465,2026-07-16,3212008907,1,3,USD,Completed,
ORD-10465,2026-07-16,1722962454,1,1.035000000000000e+01,USD,Completed,
ORD-10465,2026-07-16,3402143185,1,3.280000000000000e+00,USD,Completed,
ORD-10466,2026-07-16,362341632,4,9.990000000000000e+00,USD,Completed,
ORD-10466,2026-07-16,5170388947,1,1.058000000000000e+01,USD,Shipped,
ORD-10466,2026-07-16,180450545,2,1.464000000000000e+02,USD,Completed,
ORD-10467,2026-07-16,788450043,3,1.299000000000000e+01,USD,Completed,
ORD-10467,2026-07-16,54973324,1,2.407000000000000e+01,USD,Shipped,
ORD-10467,2026-07-16,34203165,1,1.673000000000000e+01,USD,Completed,
ORD-10468,2026-07-16,689096319,4,9.910000000000000e+00,USD,Completed,
ORD-10468,2026-07-16,5506488018,3,1.998000000000000e+01,USD,Completed,
ORD-10468,2026-07-16,555974352,3,3.605000000000000e+01,USD,Completed,
ORD-10469,2026-07-16,5417683805,3,1.498000000000000e+01,USD,Completed,
ORD-10469,2026-07-16,5219131585,3,1.399000000000000e+01,USD,Completed,
ORD-10470,2026-07-16,382394597,4,1.688000000000000e+01,USD,Completed,
ORD-10470,2026-07-16,3402143185,1,3.280000000000000e+00,USD,Completed,10%
ORD-10470,2026-07-16,1435754084,3,1.197000000000000e+01,USD,Completed,
ORD-10471,2026-07-16,907847604,4,2.210000000000000e+01,USD,Completed,10%
ORD-10472,2026-07-16,102593173,2,1.980000000000000e+01,USD,Completed,10%
ORD-10472,2026-07-16,555974352,3,3.605000000000000e+01,USD,Completed,
ORD-10472,2026-07-16,5323625259,3,25,USD,Completed,
ORD-10473,2026-07-16,6045904134,4,2.499000000000000e+01,USD,Completed,
ORD-10473,2026-07-16,2138573500,4,1.599000000000000e+01,USD,Shipped,
ORD-10473,2026-07-16,5353145797,1,1.079000000000000e+01,USD,Completed,
ORD-10474,2026-07-16,693758408,4,1.709000000000000e+01,USD,Completed,
ORD-10474,2026-07-16,1649464157,4,1.799000000000000e+01,USD,Completed,
ORD-10475,2026-07-16,2017664333,2,99,USD,Completed,
ORD-10475,2026-07-16,904020893,2,4.649000000000000e+01,USD,Completed,
ORD-10476,2026-07-16,3511393855,1,25,USD,Completed,
ORD-10476,2026-07-16,1727244137,2,7.598999999999999e+01,USD,Shipped,
ORD-10477,2026-07-16,6126862324,3,3.497000000000000e+01,USD,Completed,
ORD-10477,2026-07-16,945882097,4,1.975000000000000e+01,USD,Completed,
ORD-10478,2026-07-16,1336755092,4,1.499000000000000e+01,USD,Shipped,
ORD-10479,2026-07-16,829098148,2,5.199000000000000e+01,USD,Completed,
ORD-10479,2026-07-16,141988874,1,5.850000000000000e+00,USD,Completed,
ORD-10480,2026-07-16,788450043,1,1.299000000000000e+01,USD,Completed,
ORD-10480,2026-07-16,1097677016,4,2.499000000000000e+01,USD,Shipped,
ORD-10481,2026-07-16,1974609871,1,1.495000000000000e+01,USD,Completed,
ORD-10481,2026-07-16,3440558193,3,2.198000000000000e+01,USD,Completed,10%
ORD-10482,2026-07-16,693758408,1,1.709000000000000e+01,USD,Completed,
ORD-10482,2026-07-16,48812370,4,9.789999999999999e+00,USD,Shipped,
ORD-10483,2026-07-16,331094227,2,3.999000000000000e+01,USD,Completed,
ORD-10483,2026-07-16,5353145797,4,1.079000000000000e+01,USD,Completed,
ORD-10483,2026-07-16,5658552152,4,1.499000000000000e+01,USD,Completed,
ORD-10484,2026-07-16,1017487270,1,2.999000000000000e+01,USD,Completed,
ORD-10484,2026-07-16,5353145797,2,1.079000000000000e+01,USD,Completed,
ORD-10484,2026-07-16,1208578847,4,3.597000000000000e+01,USD,Completed,
ORD-10485,2026-07-16,283514640,4,1.899000000000000e+01,USD,Shipped,
ORD-10485,2026-07-16,1210385172,2,3.959000000000000e+01,USD,Completed,
ORD-10485,2026-07-16,230846860,2,3.299000000000000e+01,USD,Completed,
ORD-10486,2026-07-16,3824041405,2,6.744000000000000e+01,USD,Completed,
ORD-10486,2026-07-16,393061304,3,2.868000000000000e+01,USD,Completed,
ORD-10487,2026-07-16,354688867,1,3.299000000000000e+01,USD,Completed,
ORD-10488,2026-07-16,3855217628,1,1.497000000000000e+01,USD,Completed,
ORD-10488,2026-07-16,1226247035,3,1.988000000000000e+01,USD,Completed,
ORD-10488,2026-07-16,3813188391,1,1.999000000000000e+01,USD,Completed,
ORD-10489,2026-07-16,1612728569,1,5.760000000000000e+01,USD,Completed,
ORD-10489,2026-07-16,146144209,1,2.641000000000000e+01,USD,Completed,
ORD-10489,2026-07-16,1435754084,3,1.197000000000000e+01,USD,Shipped,
ORD-10490,2026-07-16,790957653,1,1.245000000000000e+01,USD,Shipped,
ORD-10490,2026-07-16,5219876777,1,6.130000000000000e+00,USD,Shipped,
ORD-10491,2026-07-16,5273430664,2,16,USD,Completed,
ORD-10491,2026-07-16,1210385172,3,3.959000000000000e+01,USD,Shipped,
ORD-10492,2026-07-16,832929384,4,2.795000000000000e+01,USD,Completed,
ORD-10492,2026-07-16,2868760641,2,2.399000000000000e+01,USD,Shipped,
ORD-10493,2026-07-16,839659160,4,4.999000000000000e+01,USD,Completed,
ORD-10493,2026-07-16,669112285,2,9.890000000000001e+00,USD,Completed,
ORD-10494,2026-07-16,887668036,4,4.139000000000000e+01,USD,Shipped,
ORD-10494,2026-07-16,606223683,2,2.862000000000000e+01,USD,Completed,10%
ORD-10495,2026-07-16,5661609857,2,3.591000000000000e+01,USD,Completed,
ORD-10496,2026-07-16,408608184,1,8.970000000000001e+00,USD,Completed,
ORD-10496,2026-07-16,786691113,4,1.053000000000000e+01,USD,Completed,
ORD-10497,2026-07-16,5329337627,2,24,USD,Completed,
ORD-10497,2026-07-16,141988874,3,5.850000000000000e+00,USD,Completed,
ORD-10498,2026-07-16,953950834,3,2.795000000000000e+01,USD,Completed,
ORD-10498,2026-07-16,2010024322,3,8.880000000000001e+00,USD,Completed,
ORD-10499,2026-07-16,5262717138,2,2.597000000000000e+01,USD,Completed,
ORD-10500,2026-07-16,3483895520,3,1.297000000000000e+01,USD,Completed,
ORD-10501,2026-07-16,602748918,4,1.499000000000000e+01,USD,Completed,
ORD-10501,2026-07-16,385780287,3,5.198000000000000e+01,USD,Completed,
ORD-10502,2026-07-16,182579201,3,1.709000000000000e+01,USD,Completed,
ORD-10503,2026-07-16,786691113,1,1.053000000000000e+01,USD,Completed,
ORD-10503,2026-07-16,1932369237,4,3.299000000000000e+01,USD,Completed,
ORD-10503,2026-07-16,1921006587,3,2.159000000000000e+01,USD,Shipped,
ORD-10504,2026-07-16,182543171,2,4.860000000000000e+00,USD,Completed,10%
ORD-10505,2026-07-16,781490570,3,1.499000000000000e+01,USD,Completed,
ORD-10505,2026-07-16,668480724,2,2.499000000000000e+01,USD,Completed,
ORD-10505,2026-07-16,871349337,4,2.738000000000000e+01,USD,Completed,
ORD-10506,2026-07-16,945882097,2,1.975000000000000e+01,USD,Shipped,
ORD-10506,2026-07-16,5323625259,4,25,USD,Shipped,
ORD-10507,2026-07-16,802163708,4,2.482000000000000e+01,USD,Shipped,
ORD-10507,2026-07-16,5118743904,1,2.899000000000000e+01,USD,Completed,
ORD-10507,2026-07-16,751510659,3,9.940000000000000e+00,USD,Completed,
ORD-10508,2026-07-16,5440778555,3,1.030000000000000e+01,USD,Completed,10%
ORD-10509,2026-07-16,299112609,4,3.995000000000000e+01,USD,Completed,
ORD-10510,2026-07-16,10309083,4,8.990000000000000e+00,USD,Completed,
ORD-10510,2026-07-16,1570467303,4,2.799000000000000e+01,USD,Completed,
ORD-10511,2026-07-16,354688867,2,3.299000000000000e+01,USD,Completed,
ORD-10511,2026-07-16,10294885,1,2.720000000000000e+00,USD,Completed,
ORD-10512,2026-07-16,908232424,2,3.698000000000000e+01,USD,Shipped,
ORD-10512,2026-07-16,5190064929,4,3.196000000000000e+01,USD,Shipped,
ORD-10512,2026-07-16,5158180497,4,9.279999999999999e+00,USD,Shipped,
ORD-10513,2026-07-16,2128773109,3,3.999000000000000e+01,USD,Completed,
ORD-10513,2026-07-16,5664556275,3,2.541000000000000e+01,USD,Shipped,10%
ORD-10514,2026-07-16,377862424,3,9.990000000000000e+00,USD,Shipped,
ORD-10514,2026-07-16,28926816,3,7.940000000000000e+00,USD,Completed,
ORD-10514,2026-07-16,247655086,1,4.797000000000000e+01,USD,Completed,10%
ORD-10515,2026-07-16,781490570,2,1.499000000000000e+01,USD,Completed,
ORD-10515,2026-07-16,10294885,3,2.720000000000000e+00,USD,Shipped,
ORD-10515,2026-07-16,546469522,2,1.499000000000000e+01,USD,Completed,
ORD-10516,2026-07-16,257806313,4,1.954000000000000e+01,USD,Completed,
ORD-10516,2026-07-16,5118743904,2,2.899000000000000e+01,USD,Completed,
ORD-10516,2026-07-16,126699313,4,1.820000000000000e+00,USD,Completed,
ORD-10517,2026-07-16,2785607950,1,9.269000000000000e+01,USD,Shipped,
ORD-10518,2026-07-16,864008591,4,1.495000000000000e+01,USD,Completed,
ORD-10518,2026-07-16,1009224046,1,2.199000000000000e+01,USD,Completed,
ORD-10518,2026-07-16,5753314187,2,1.999000000000000e+01,USD,Completed,
ORD-10519,2026-07-16,790957653,1,1.245000000000000e+01,USD,Shipped,
ORD-10519,2026-07-16,602748918,4,1.499000000000000e+01,USD,Completed,
ORD-10520,2026-07-16,6045904134,4,2.499000000000000e+01,USD,Completed,
ORD-10521,2026-07-17,3876384696,4,6.998999999999999e+01,USD,Shipped,
ORD-10522,2026-07-17,573614161,2,9.060000000000000e+00,USD,Completed,
ORD-10522,2026-07-17,2113674813,3,1.168000000000000e+02,USD,Completed,
ORD-10522,2026-07-17,2570740977,3,3.399000000000000e+01,USD,Completed,
ORD-10523,2026-07-17,10309083,2,8.990000000000000e+00,USD,Completed,10%
ORD-10523,2026-07-17,903463722,2,2.309000000000000e+01,USD,Completed,
ORD-10523,2026-07-17,102593173,1,1.980000000000000e+01,USD,Completed,
ORD-10524,2026-07-17,5702523237,3,1.599000000000000e+01,USD,Completed,
ORD-10525,2026-07-17,2138573500,4,1.599000000000000e+01,USD,Completed,
ORD-10525,2026-07-17,1184654530,3,1.999000000000000e+01,USD,Completed,
ORD-10525,2026-07-17,22374157,1,7.960000000000000e+00,USD,Shipped,
ORD-10526,2026-07-17,5062553620,4,9.840000000000000e+00,USD,Completed,
ORD-10526,2026-07-17,2503512087,1,1.080000000000000e+01,USD,Shipped,10%
ORD-10526,2026-07-17,5205925876,1,1.922000000000000e+01,USD,Completed,
ORD-10527,2026-07-17,5062553620,3,9.840000000000000e+00,USD,Completed,
ORD-10528,2026-07-17,871530694,1,2.393000000000000e+01,USD,Completed,10%
ORD-10528,2026-07-17,2868760641,3,2.399000000000000e+01,USD,Completed,
ORD-10528,2026-07-17,10801127,4,1.980000000000000e+00,USD,Completed,
ORD-10529,2026-07-17,48812370,1,9.789999999999999e+00,USD,Completed,
ORD-10529,2026-07-17,3808974443,3,4.980000000000000e+00,USD,Completed,
ORD-10530,2026-07-17,1017487270,2,2.999000000000000e+01,USD,Shipped,
ORD-10530,2026-07-17,2785607950,4,9.269000000000000e+01,USD,Shipped,
ORD-10530,2026-07-17,141757585,4,1.499000000000000e+01,USD,Completed,
ORD-10531,2026-07-17,1341833689,1,1.499000000000000e+01,USD,Completed,
ORD-10531,2026-07-17,6013308220,2,3.324000000000000e+01,USD,Completed,
ORD-10532,2026-07-17,1624985447,3,3.970000000000000e+00,USD,Completed,
ORD-10532,2026-07-17,573614161,2,9.060000000000000e+00,USD,Completed,
ORD-10533,2026-07-17,6126862324,3,3.497000000000000e+01,USD,Completed,
ORD-10534,2026-07-17,696459227,3,1.461000000000000e+01,USD,Completed,
ORD-10534,2026-07-17,1897403279,2,1.189000000000000e+01,USD,Completed,10%
ORD-10534,2026-07-17,5353145797,1,1.079000000000000e+01,USD,Completed,
ORD-10535,2026-07-17,5642502722,3,3.239000000000000e+01,USD,Completed,
ORD-10535,2026-07-17,1983309413,3,4.499000000000000e+01,USD,Completed,
ORD-10535,2026-07-17,161657830,4,4.999000000000000e+01,USD,Completed,
ORD-10536,2026-07-17,2126911017,1,1.999000000000000e+01,USD,Completed,
ORD-10536,2026-07-17,1341833689,3,1.499000000000000e+01,USD,Shipped,
ORD-10537,2026-07-17,2363655537,4,4.950000000000000e+01,USD,Completed,
ORD-10537,2026-07-17,2010024322,1,8.880000000000001e+00,USD,Completed,
ORD-10538,2026-07-17,2363655537,1,4.950000000000000e+01,USD,Shipped,
ORD-10538,2026-07-17,2126911017,4,1.999000000000000e+01,USD,Completed,
ORD-10538,2026-07-17,1727244137,2,7.598999999999999e+01,USD,Completed,10%
ORD-10539,2026-07-17,944207748,1,3.899000000000000e+01,USD,Completed,
ORD-10539,2026-07-17,5150469476,2,6.399000000000000e+01,USD,Completed,
ORD-10540,2026-07-17,952556801,3,2.899000000000000e+01,USD,Shipped,
ORD-10540,2026-07-17,790957653,4,1.245000000000000e+01,USD,Completed,
ORD-10541,2026-07-17,1226940529,2,3.210000000000000e+00,USD,Completed,
ORD-10542,2026-07-17,102593173,2,1.980000000000000e+01,USD,Completed,10%
ORD-10543,2026-07-17,264801526,4,2.249000000000000e+01,USD,Completed,
ORD-10544,2026-07-17,3813188391,4,1.999000000000000e+01,USD,Completed,
ORD-10544,2026-07-17,5184785010,4,2.299000000000000e+01,USD,Completed,10%
ORD-10545,2026-07-17,2126911017,1,1.999000000000000e+01,USD,Shipped,
ORD-10546,2026-07-17,5144555813,2,4.499000000000000e+01,USD,Shipped,
ORD-10546,2026-07-17,5702523237,1,1.599000000000000e+01,USD,Shipped,
ORD-10546,2026-07-17,781490570,2,1.499000000000000e+01,USD,Completed,
ORD-10547,2026-07-17,1560005587,4,4.658000000000000e+01,USD,Completed,
ORD-10547,2026-07-17,5144555813,2,4.499000000000000e+01,USD,Completed,
ORD-10547,2026-07-17,5618790028,2,1.499000000000000e+01,USD,Shipped,
ORD-10548,2026-07-17,546469522,3,1.499000000000000e+01,USD,Completed,
ORD-10549,2026-07-17,385780287,1,5.198000000000000e+01,USD,Completed,
ORD-10550,2026-07-17,182543171,3,4.860000000000000e+00,USD,Completed,
ORD-10551,2026-07-17,141757585,3,1.499000000000000e+01,USD,Completed,
ORD-10552,2026-07-17,27230944,4,3.343000000000000e+01,USD,Completed,
ORD-10552,2026-07-17,5658552152,2,1.499000000000000e+01,USD,Completed,
ORD-10552,2026-07-17,362341632,1,9.990000000000000e+00,USD,Completed,
ORD-10553,2026-07-17,974265277,3,1.116200000000000e+02,USD,Shipped,
ORD-10553,2026-07-17,5506488018,4,1.998000000000000e+01,USD,Completed,10%
ORD-10553,2026-07-17,668480724,4,2.499000000000000e+01,USD,Completed,
ORD-10554,2026-07-17,920987081,4,3.795000000000000e+01,USD,Completed,10%
ORD-10554,2026-07-17,573614161,3,9.060000000000000e+00,USD,Completed,
ORD-10554,2026-07-17,5440778555,1,1.030000000000000e+01,USD,Completed,
ORD-10555,2026-07-17,242303426,2,8.720000000000001e+00,USD,Completed,
ORD-10555,2026-07-17,5294092563,4,9.980000000000000e+00,USD,Completed,
ORD-10556,2026-07-17,2010024322,1,8.880000000000001e+00,USD,Shipped,
ORD-10556,2026-07-17,310097871,2,1.499000000000000e+01,USD,Completed,
ORD-10557,2026-07-17,2868760641,2,2.399000000000000e+01,USD,Shipped,
ORD-10557,2026-07-17,3440558193,1,2.198000000000000e+01,USD,Completed,
ORD-10557,2026-07-17,5480667546,1,1.040000000000000e+01,USD,Completed,
ORD-10558,2026-07-17,5205925876,3,1.922000000000000e+01,USD,Completed,
ORD-10558,2026-07-17,6494751477,1,1.499000000000000e+01,USD,Shipped,
ORD-10558,2026-07-17,373855792,4,2.296000000000000e+01,USD,Completed,
ORD-10559,2026-07-17,146144209,1,2.641000000000000e+01,USD,Completed,10%
ORD-10559,2026-07-17,310097871,2,1.499000000000000e+01,USD,Completed,
ORD-10559,2026-07-17,618032539,4,1.299000000000000e+01,USD,Completed,
ORD-10560,2026-07-17,786691113,2,1.053000000000000e+01,USD,Shipped,
ORD-10560,2026-07-17,529767263,2,4.847000000000000e+01,USD,Completed,
ORD-10561,2026-07-17,1727244137,3,7.598999999999999e+01,USD,Completed,
ORD-10561,2026-07-17,242303426,1,8.720000000000001e+00,USD,Completed,
ORD-10562,2026-07-17,10801127,2,1.980000000000000e+00,USD,Completed,
ORD-10562,2026-07-17,6838112687,4,2.920000000000000e+01,USD,Completed,
ORD-10563,2026-07-17,891036133,1,2.209000000000000e+01,USD,Shipped,
ORD-10564,2026-07-17,152355819,4,5.624000000000000e+01,USD,Completed,
ORD-10564,2026-07-17,5168273880,4,1.198000000000000e+01,USD,Shipped,
ORD-10565,2026-07-17,595025504,4,3.495000000000000e+01,USD,Completed,
ORD-10565,2026-07-17,5768017984,4,6.660000000000000e+00,USD,Completed,10%
ORD-10566,2026-07-17,242303426,4,8.720000000000001e+00,USD,Completed,
ORD-10567,2026-07-17,5439347407,2,5.699900000000000e+02,USD,Completed,
ORD-10567,2026-07-17,5043424192,3,1.799000000000000e+01,USD,Completed,
ORD-10568,2026-07-17,569572519,1,2.175000000000000e+01,USD,Completed,
ORD-10568,2026-07-17,5043424192,3,1.799000000000000e+01,USD,Completed,
ORD-10568,2026-07-17,5768017984,2,6.660000000000000e+00,USD,Completed,
ORD-10569,2026-07-17,5164703747,3,6.090000000000000e+00,USD,Shipped,
ORD-10570,2026-07-17,1613734417,2,2.580000000000000e+01,USD,Completed,10%
ORD-10570,2026-07-17,1997340049,2,2.399000000000000e+01,USD,Shipped,
ORD-10571,2026-07-17,230846860,3,3.299000000000000e+01,USD,Shipped,
ORD-10571,2026-07-17,618032539,3,1.299000000000000e+01,USD,Shipped,
ORD-10571,2026-07-17,141757585,1,1.499000000000000e+01,USD,Completed,
ORD-10572,2026-07-17,669112285,2,9.890000000000001e+00,USD,Completed,
ORD-10573,2026-07-17,871530694,3,2.393000000000000e+01,USD,Completed,
ORD-10573,2026-07-17,1624985447,3,3.970000000000000e+00,USD,Completed,
ORD-10573,2026-07-17,3053955490,3,1.619000000000000e+01,USD,Completed,
ORD-10574,2026-07-17,5702032013,1,4.488000000000000e+01,USD,Completed,
ORD-10574,2026-07-17,259195843,4,2.995000000000000e+01,USD,Completed,
ORD-10574,2026-07-17,2834781358,3,2.399900000000000e+02,USD,Shipped,
ORD-10575,2026-07-17,102593173,2,1.980000000000000e+01,USD,Completed,
ORD-10575,2026-07-17,3813188391,4,1.999000000000000e+01,USD,Completed,
ORD-10575,2026-07-17,1226940529,2,3.210000000000000e+00,USD,Completed,
ORD-10576,2026-07-17,6013308220,3,3.324000000000000e+01,USD,Completed,
ORD-10576,2026-07-17,5379906696,2,1.498000000000000e+01,USD,Completed,
ORD-10576,2026-07-17,1995467623,3,2.399000000000000e+01,USD,Completed,10%
ORD-10577,2026-07-17,430528189,3,4.788000000000000e+01,USD,Completed,
ORD-10578,2026-07-17,2200709686,1,1.408000000000000e+02,USD,Completed,
ORD-10578,2026-07-17,885092913,3,3.330000000000000e+01,USD,Completed,10%
ORD-10579,2026-07-17,54973324,1,2.407000000000000e+01,USD,Completed,
ORD-10580,2026-07-17,1921006587,1,2.159000000000000e+01,USD,Shipped,
ORD-10580,2026-07-17,1543169305,3,1.299000000000000e+01,USD,Completed,10%
ORD-10580,2026-07-17,5295270812,4,3.549900000000000e+02,USD,Completed,
ORD-10581,2026-07-17,618032539,1,1.299000000000000e+01,USD,Completed,10%
ORD-10581,2026-07-17,455894581,2,2.999000000000000e+01,USD,Completed,10%
ORD-10582,2026-07-17,2844883584,1,2.494000000000000e+01,USD,Shipped,10%
ORD-10582,2026-07-17,1612728569,2,5.760000000000000e+01,USD,Completed,
ORD-10583,2026-07-17,393101003,1,1.986000000000000e+01,USD,Completed,10%
ORD-10583,2026-07-17,100662878,3,2.199000000000000e+01,USD,Completed,
ORD-10584,2026-07-17,1231760315,2,1.999000000000000e+01,USD,Completed,
ORD-10584,2026-07-17,3876384696,1,6.998999999999999e+01,USD,Completed,
ORD-10585,2026-07-17,381553241,4,1.399000000000000e+01,USD,Completed,
ORD-10585,2026-07-17,1226247035,3,1.988000000000000e+01,USD,Completed,10%
ORD-10586,2026-07-17,1974609871,4,1.495000000000000e+01,USD,Completed,
ORD-10587,2026-07-17,1097677016,2,2.499000000000000e+01,USD,Completed,10%
ORD-10588,2026-07-17,5768017984,2,6.660000000000000e+00,USD,Completed,
ORD-10588,2026-07-17,389782477,1,1.240000000000000e+00,USD,Completed,
ORD-10589,2026-07-17,668480724,4,2.499000000000000e+01,USD,Completed,10%
ORD-10589,2026-07-17,2968552747,4,9.630000000000001e+00,USD,Completed,
ORD-10589,2026-07-17,3876384696,3,6.998999999999999e+01,USD,Completed,
ORD-10590,2026-07-17,753681550,3,1.560000000000000e+01,USD,Completed,
ORD-10590,2026-07-17,199440001,3,3.077000000000000e+01,USD,Shipped,
ORD-10591,2026-07-17,2968552747,3,9.630000000000001e+00,USD,Completed,
ORD-10591,2026-07-17,5118743904,3,2.899000000000000e+01,USD,Shipped,
ORD-10592,2026-07-17,1009224046,3,2.199000000000000e+01,USD,Completed,10%
ORD-10593,2026-07-17,5540168677,1,2.999000000000000e+01,USD,Completed,10%
ORD-10594,2026-07-17,25997723,1,6.490000000000001e+01,USD,Completed,
ORD-10595,2026-07-17,6494751477,3,1.499000000000000e+01,USD,Completed,
ORD-10595,2026-07-17,1093743201,1,2.599000000000000e+01,USD,Completed,
ORD-10595,2026-07-17,1063134991,1,1.599000000000000e+01,USD,Shipped,
ORD-10596,2026-07-17,5768017984,1,6.660000000000000e+00,USD,Shipped,10%
ORD-10596,2026-07-17,6918363302,4,2.399000000000000e+01,USD,Completed,
ORD-10596,2026-07-17,1764748346,1,1.598000000000000e+01,USD,Completed,
ORD-10597,2026-07-17,385780287,1,5.198000000000000e+01,USD,Completed,
ORD-10597,2026-07-17,5642502722,3,3.239000000000000e+01,USD,Completed,
ORD-10597,2026-07-17,1226940529,3,3.210000000000000e+00,USD,Completed,10%
ORD-10598,2026-07-17,5260887729,1,1.999000000000000e+01,USD,Completed,
ORD-10598,2026-07-17,259195843,1,2.995000000000000e+01,USD,Completed,
ORD-10599,2026-07-17,529767263,3,4.847000000000000e+01,USD,Completed,
ORD-10600,2026-07-17,2544735639,3,3.199000000000000e+01,USD,Completed,
ORD-10600,2026-07-17,369367315,2,2.999000000000000e+01,USD,Completed,
ORD-10601,2026-07-17,1093743201,1,2.599000000000000e+01,USD,Completed,
ORD-10601,2026-07-17,455894581,4,2.999000000000000e+01,USD,Completed,
ORD-10602,2026-07-17,283514640,2,1.899000000000000e+01,USD,Shipped,
ORD-10602,2026-07-17,5443068156,4,1.499000000000000e+01,USD,Completed,
ORD-10603,2026-07-17,5440778555,3,1.030000000000000e+01,USD,Completed,
ORD-10604,2026-07-17,602748918,2,1.499000000000000e+01,USD,Completed,
ORD-10604,2026-07-17,431812530,4,1.998000000000000e+01,USD,Completed,10%
ORD-10605,2026-07-17,1017487270,1,2.999000000000000e+01,USD,Completed,
ORD-10606,2026-07-17,3824041405,4,6.744000000000000e+01,USD,Completed,
ORD-10607,2026-07-17,953950834,3,2.795000000000000e+01,USD,Shipped,
ORD-10607,2026-07-17,5205925876,4,1.922000000000000e+01,USD,Completed,
ORD-10607,2026-07-17,1063134991,1,1.599000000000000e+01,USD,Completed,
ORD-10608,2026-07-17,753681550,4,1.560000000000000e+01,USD,Completed,
ORD-10608,2026-07-17,3855217628,2,1.497000000000000e+01,USD,Completed,
ORD-10609,2026-07-17,839659160,2,4.999000000000000e+01,USD,Completed,
ORD-10609,2026-07-17,5344195287,4,2.199000000000000e+01,USD,Completed,
ORD-10610,2026-07-17,182579201,4,1.709000000000000e+01,USD,Completed,
ORD-10610,2026-07-17,2017664333,4,99,USD,Shipped,
ORD-10611,2026-07-17,1764748346,1,1.598000000000000e+01,USD,Shipped,
ORD-10612,2026-07-17,257806313,2,1.954000000000000e+01,USD,Completed,
ORD-10612,2026-07-17,1613734417,1,2.580000000000000e+01,USD,Completed,
ORD-10612,2026-07-17,1766457787,3,5.790000000000000e+00,USD,Shipped,10%
ORD-10613,2026-07-17,2138573500,1,1.599000000000000e+01,USD,Completed,
ORD-10613,2026-07-17,5045669548,1,2.999000000000000e+01,USD,Shipped,
ORD-10613,2026-07-17,3053955490,1,1.619000000000000e+01,USD,Shipped,10%
ORD-10614,2026-07-17,377862424,3,9.990000000000000e+00,USD,Shipped,
ORD-10614,2026-07-17,602748918,4,1.499000000000000e+01,USD,Completed,
ORD-10615,2026-07-17,146144209,2,2.641000000000000e+01,USD,Completed,
ORD-10615,2026-07-17,555974352,2,3.605000000000000e+01,USD,Completed,10%
ORD-10616,2026-07-17,382394597,4,1.688000000000000e+01,USD,Completed,10%
ORD-10616,2026-07-17,1560005587,1,4.658000000000000e+01,USD,Completed,
ORD-10617,2026-07-17,391028302,4,1.078000000000000e+01,USD,Completed,
ORD-10617,2026-07-17,5440778555,1,1.030000000000000e+01,USD,Completed,
ORD-10617,2026-07-17,5170388947,3,1.058000000000000e+01,USD,Completed,
ORD-10618,2026-07-17,1323968162,3,3.554000000000000e+01,USD,Completed,
ORD-10618,2026-07-17,28926816,4,7.940000000000000e+00,USD,Completed,
ORD-10618,2026-07-17,5292671987,1,1.762900000000000e+02,USD,Completed,10%
ORD-10619,2026-07-17,257806313,3,1.954000000000000e+01,USD,Completed,10%
ORD-10620,2026-07-17,102593173,3,1.980000000000000e+01,USD,Completed,
ORD-10620,2026-07-17,3402143185,4,3.280000000000000e+00,USD,Completed,
ORD-10621,2026-07-17,1997340049,1,2.399000000000000e+01,USD,Completed,
ORD-10621,2026-07-17,602315286,3,2.250000000000000e+01,USD,Completed,
ORD-10621,2026-07-17,411359040,1,30,USD,Completed,
ORD-10622,2026-07-17,229653852,3,1.399000000000000e+01,USD,Completed,10%
ORD-10623,2026-07-17,1727244137,4,7.598999999999999e+01,USD,Shipped,
ORD-10624,2026-07-17,10294885,4,2.720000000000000e+00,USD,Completed,
ORD-10625,2026-07-17,920987081,1,3.795000000000000e+01,USD,Completed,
ORD-10625,2026-07-17,5168273880,1,1.198000000000000e+01,USD,Shipped,
ORD-10626,2026-07-17,1331751223,1,1.388000000000000e+01,USD,Completed,
ORD-10626,2026-07-17,5753314187,2,1.999000000000000e+01,USD,Shipped,
ORD-10626,2026-07-17,3483895520,4,1.297000000000000e+01,USD,Completed,
ORD-10627,2026-07-17,189455189,3,7.298999999999999e+01,USD,Completed,10%
ORD-10627,2026-07-17,430528189,2,4.788000000000000e+01,USD,Completed,
ORD-10628,2026-07-17,46068414,4,1.613000000000000e+01,USD,Shipped,
ORD-10628,2026-07-17,5260887729,3,1.999000000000000e+01,USD,Completed,
ORD-10629,2026-07-17,5295270812,3,3.549900000000000e+02,USD,Completed,10%
ORD-10629,2026-07-17,1017487270,4,2.999000000000000e+01,USD,Completed,
ORD-10629,2026-07-17,832929384,3,2.795000000000000e+01,USD,Completed,
ORD-10630,2026-07-17,126699313,3,1.820000000000000e+00,USD,Completed,
ORD-10630,2026-07-17,27230944,1,3.343000000000000e+01,USD,Completed,
ORD-10631,2026-07-17,602315286,2,2.250000000000000e+01,USD,Completed,
ORD-10631,2026-07-17,5184785010,4,2.299000000000000e+01,USD,Shipped,
ORD-10632,2026-07-17,907847604,1,2.210000000000000e+01,USD,Completed,
ORD-10632,2026-07-17,126699313,1,1.820000000000000e+00,USD,Completed,
ORD-10633,2026-07-17,945882097,3,1.975000000000000e+01,USD,Completed,10%
ORD-10633,2026-07-17,173530386,3,2.290000000000000e+01,USD,Shipped,
ORD-10633,2026-07-17,1560005587,1,4.658000000000000e+01,USD,Completed,10%
ORD-10634,2026-07-17,848798939,3,4.647000000000000e+01,USD,Shipped,
ORD-10634,2026-07-17,6045904134,1,2.499000000000000e+01,USD,Completed,
ORD-10634,2026-07-17,2747441586,3,2.999000000000000e+01,USD,Completed,
ORD-10635,2026-07-17,1017487270,1,2.999000000000000e+01,USD,Completed,
ORD-10636,2026-07-17,2017664333,4,99,USD,Completed,10%
ORD-10636,2026-07-17,5702523237,3,1.599000000000000e+01,USD,Completed,
ORD-10637,2026-07-17,5260887729,2,1.999000000000000e+01,USD,Completed,10%
ORD-10637,2026-07-17,152355819,4,5.624000000000000e+01,USD,Completed,
ORD-10637,2026-07-17,1570467303,4,2.799000000000000e+01,USD,Completed,
ORD-10638,2026-07-17,1204774750,1,6.898999999999999e+01,USD,Completed,
ORD-10638,2026-07-17,1932369237,2,3.299000000000000e+01,USD,Shipped,
ORD-10638,2026-07-17,10997171,2,1.012000000000000e+01,USD,Completed,
ORD-10639,2026-07-17,10997171,3,1.012000000000000e+01,USD,Completed,
ORD-10640,2026-07-17,871530694,1,2.393000000000000e+01,USD,Completed,
ORD-10640,2026-07-17,422458903,4,1.998000000000000e+01,USD,Completed,
ORD-10641,2026-07-17,1543169305,2,1.299000000000000e+01,USD,Completed,
ORD-10642,2026-07-17,5292671987,2,1.762900000000000e+02,USD,Completed,
ORD-10642,2026-07-17,381553241,2,1.399000000000000e+01,USD,Shipped,
ORD-10642,2026-07-17,1331751223,3,1.388000000000000e+01,USD,Shipped,10%
ORD-10643,2026-07-17,5043424192,1,1.799000000000000e+01,USD,Completed,
ORD-10644,2026-07-17,1323968162,2,3.554000000000000e+01,USD,Completed,
ORD-10645,2026-07-17,261700925,1,6.930000000000000e+01,USD,Completed,
ORD-10646,2026-07-17,10309083,3,8.990000000000000e+00,USD,Completed,
ORD-10646,2026-07-17,2010024322,4,8.880000000000001e+00,USD,Completed,
ORD-10647,2026-07-17,5379906696,2,1.498000000000000e+01,USD,Completed,
ORD-10648,2026-07-17,27230944,3,3.343000000000000e+01,USD,Completed,10%
ORD-10649,2026-07-17,1462273455,1,9.100000000000000e-01,USD,Completed,10%
ORD-10649,2026-07-17,2363655537,2,4.950000000000000e+01,USD,Shipped,
ORD-10649,2026-07-17,5768017984,4,6.660000000000000e+00,USD,Shipped,
ORD-10650,2026-07-17,3440558193,3,2.198000000000000e+01,USD,Completed,10%
ORD-10650,2026-07-17,431812530,3,1.998000000000000e+01,USD,Completed,
ORD-10651,2026-07-17,1184268274,4,9.869999999999999e+00,USD,Completed,
ORD-10652,2026-07-17,33685485,4,1.119000000000000e+01,USD,Completed,10%
ORD-10653,2026-07-17,5158180497,4,9.279999999999999e+00,USD,Completed,
ORD-10653,2026-07-17,676413174,1,6.970000000000000e+00,USD,Shipped,10%
ORD-10654,2026-07-17,6918363302,3,2.399000000000000e+01,USD,Shipped,10%
ORD-10655,2026-07-17,2138573500,2,1.599000000000000e+01,USD,Shipped,
ORD-10656,2026-07-17,1727244137,4,7.598999999999999e+01,USD,Completed,10%
ORD-10657,2026-07-17,1267967836,3,8.698999999999999e+01,USD,Completed,
ORD-10657,2026-07-17,100662878,2,2.199000000000000e+01,USD,Completed,
ORD-10657,2026-07-17,602315286,4,2.250000000000000e+01,USD,Completed,
ORD-10658,2026-07-17,1728596655,4,1.398000000000000e+01,USD,Completed,
ORD-10658,2026-07-17,1097677016,1,2.499000000000000e+01,USD,Shipped,10%
ORD-10658,2026-07-17,907847604,3,2.210000000000000e+01,USD,Completed,10%
ORD-10659,2026-07-17,1063134991,1,1.599000000000000e+01,USD,Completed,
ORD-10659,2026-07-17,2844883584,3,2.494000000000000e+01,USD,Completed,
ORD-10660,2026-07-17,455894581,4,2.999000000000000e+01,USD,Completed,
ORD-10660,2026-07-17,802163708,1,2.482000000000000e+01,USD,Completed,
ORD-10660,2026-07-17,864008591,2,1.495000000000000e+01,USD,Completed,
ORD-10661,2026-07-17,1543169305,1,1.299000000000000e+01,USD,Shipped,
ORD-10661,2026-07-17,1063134991,3,1.599000000000000e+01,USD,Completed,
ORD-10662,2026-07-17,891036133,4,2.209000000000000e+01,USD,Completed,
ORD-10663,2026-07-17,5155961106,1,2.499000000000000e+01,USD,Shipped,
ORD-10663,2026-07-17,10997171,3,1.012000000000000e+01,USD,Completed,
ORD-10663,2026-07-17,3046604016,2,5.299000000000000e+01,USD,Completed,
ORD-10664,2026-07-17,1792864118,3,5.790000000000000e+00,USD,Completed,
ORD-10665,2026-07-17,689096319,3,9.910000000000000e+00,USD,Completed,
ORD-10665,2026-07-17,2868760641,3,2.399000000000000e+01,USD,Completed,
ORD-10665,2026-07-17,5664556275,2,2.541000000000000e+01,USD,Completed,
ORD-10666,2026-07-17,6126862324,4,3.497000000000000e+01,USD,Completed,
ORD-10666,2026-07-17,1722962454,3,1.035000000000000e+01,USD,Completed,
ORD-10666,2026-07-17,910055282,1,1.099000000000000e+01,USD,Shipped,10%
ORD-10667,2026-07-17,751510659,1,9.940000000000000e+00,USD,Completed,
ORD-10667,2026-07-17,348784401,4,2.249000000000000e+01,USD,Completed,
ORD-10668,2026-07-17,2834781358,2,2.399900000000000e+02,USD,Completed,
ORD-10668,2026-07-17,102593173,3,1.980000000000000e+01,USD,Shipped,
ORD-10668,2026-07-17,602315286,4,2.250000000000000e+01,USD,Completed,
ORD-10669,2026-07-17,2002762091,1,2.999000000000000e+01,USD,Completed,10%
ORD-10670,2026-07-17,1226940529,1,3.210000000000000e+00,USD,Shipped,
ORD-10671,2026-07-17,189455189,1,7.298999999999999e+01,USD,Completed,
ORD-10672,2026-07-17,668480724,4,2.499000000000000e+01,USD,Completed,10%
ORD-10672,2026-07-17,385780287,2,5.198000000000000e+01,USD,Completed,
ORD-10672,2026-07-17,5118743904,3,2.899000000000000e+01,USD,Shipped,
ORD-10673,2026-07-17,1184654530,3,1.999000000000000e+01,USD,Completed,
ORD-10673,2026-07-17,957603867,1,1.499000000000000e+01,USD,Shipped,
ORD-10673,2026-07-17,411359040,4,30,USD,Completed,
ORD-10674,2026-07-17,896931395,1,1.529000000000000e+01,USD,Completed,
ORD-10674,2026-07-17,393101003,3,1.986000000000000e+01,USD,Completed,
ORD-10674,2026-07-17,1336755092,1,1.499000000000000e+01,USD,Completed,
ORD-10675,2026-07-17,871530694,4,2.393000000000000e+01,USD,Completed,
ORD-10675,2026-07-17,1997340049,1,2.399000000000000e+01,USD,Completed,
ORD-10676,2026-07-17,751510659,2,9.940000000000000e+00,USD,Completed,
ORD-10676,2026-07-17,261700925,1,6.930000000000000e+01,USD,Completed,
ORD-10677,2026-07-17,5702523237,3,1.599000000000000e+01,USD,Completed,
ORD-10677,2026-07-17,1500372373,1,8,USD,Completed,
ORD-10677,2026-07-17,2007589965,1,1.471990000000000e+03,USD,Shipped,
ORD-10678,2026-07-17,1426167428,2,1.599000000000000e+01,USD,Completed,10%
ORD-10678,2026-07-17,408608184,1,8.970000000000001e+00,USD,Shipped,
ORD-10679,2026-07-17,1435754084,1,1.197000000000000e+01,USD,Completed,
ORD-10680,2026-07-17,3212008907,3,3,USD,Completed,
ORD-10680,2026-07-17,904020893,1,4.649000000000000e+01,USD,Completed,
ORD-10681,2026-07-17,412531616,3,2.999000000000000e+01,USD,Completed,10%
ORD-10681,2026-07-17,1226940529,1,3.210000000000000e+00,USD,Completed,
ORD-10682,2026-07-17,5045669548,4,2.999000000000000e+01,USD,Completed,
ORD-10683,2026-07-17,2544735639,4,3.199000000000000e+01,USD,Shipped,
ORD-10683,2026-07-17,354688867,2,3.299000000000000e+01,USD,Completed,
ORD-10684,2026-07-17,1063134991,2,1.599000000000000e+01,USD,Shipped,
ORD-10685,2026-07-17,5397071399,1,1.299000000000000e+01,USD,Shipped,
ORD-10686,2026-07-17,555974352,3,3.605000000000000e+01,USD,Completed,
ORD-10686,2026-07-17,2570740977,3,3.399000000000000e+01,USD,Completed,
ORD-10686,2026-07-17,5618790028,1,1.499000000000000e+01,USD,Completed,
ORD-10687,2026-07-17,1160636802,3,2.799000000000000e+01,USD,Shipped,
ORD-10687,2026-07-17,215916201,3,1.396000000000000e+01,USD,Completed,
ORD-10687,2026-07-17,321811404,4,2.799000000000000e+01,USD,Completed,
ORD-10688,2026-07-17,2232013390,4,6.980000000000000e+00,USD,Completed,
ORD-10688,2026-07-17,1825469871,3,1.699000000000000e+01,USD,Shipped,
ORD-10688,2026-07-17,3212008907,3,3,USD,Completed,
ORD-10689,2026-07-17,1231760315,1,1.999000000000000e+01,USD,Completed,
ORD-10689,2026-07-17,5170388947,1,1.058000000000000e+01,USD,Completed,
ORD-10689,2026-07-17,2010024322,2,8.880000000000001e+00,USD,Completed,
ORD-10690,2026-07-17,5184785010,2,2.299000000000000e+01,USD,Completed,
ORD-10691,2026-07-17,215916201,1,1.396000000000000e+01,USD,Completed,
ORD-10691,2026-07-17,6918363302,3,2.399000000000000e+01,USD,Completed,
ORD-10691,2026-07-17,788450043,2,1.299000000000000e+01,USD,Shipped,
ORD-10692,2026-07-17,5661609857,4,3.591000000000000e+01,USD,Completed,
ORD-10693,2026-07-17,432928663,1,2.880000000000000e+01,USD,Completed,
ORD-10694,2026-07-17,5205925876,4,1.922000000000000e+01,USD,Completed,10%
ORD-10694,2026-07-17,247655086,2,4.797000000000000e+01,USD,Completed,
ORD-10695,2026-07-17,3855217628,2,1.497000000000000e+01,USD,Completed,
ORD-10696,2026-07-17,22374157,1,7.960000000000000e+00,USD,Completed,10%
ORD-10697,2026-07-17,5164703747,3,6.090000000000000e+00,USD,Shipped,
ORD-10697,2026-07-17,5043424192,4,1.799000000000000e+01,USD,Completed,
ORD-10698,2026-07-18,1722962454,3,1.035000000000000e+01,USD,Shipped,
ORD-10698,2026-07-18,3511393855,3,25,USD,Completed,
ORD-10698,2026-07-18,871530694,4,2.393000000000000e+01,USD,Completed,
ORD-10699,2026-07-18,1727244137,1,7.598999999999999e+01,USD,Completed,
ORD-10700,2026-07-18,261700925,4,6.930000000000000e+01,USD,Completed,
ORD-10700,2026-07-18,1017487270,3,2.999000000000000e+01,USD,Shipped,
ORD-10700,2026-07-18,859305074,1,1.969000000000000e+01,USD,Completed,10%
ORD-10701,2026-07-18,199440001,2,3.077000000000000e+01,USD,Completed,
ORD-10702,2026-07-18,321811404,3,2.799000000000000e+01,USD,Completed,
ORD-10703,2026-07-18,5043424192,4,1.799000000000000e+01,USD,Completed,
ORD-10703,2026-07-18,1063134991,4,1.599000000000000e+01,USD,Completed,
ORD-10703,2026-07-18,5344195287,1,2.199000000000000e+01,USD,Completed,
ORD-10704,2026-07-18,595025504,1,3.495000000000000e+01,USD,Completed,
ORD-10705,2026-07-18,431812530,4,1.998000000000000e+01,USD,Completed,10%
ORD-10705,2026-07-18,3560683924,1,3.990000000000000e+00,USD,Shipped,
ORD-10706,2026-07-18,1722962454,3,1.035000000000000e+01,USD,Completed,
ORD-10707,2026-07-18,5480667546,4,1.040000000000000e+01,USD,Completed,
ORD-10707,2026-07-18,730250943,2,1.144000000000000e+01,USD,Shipped,
ORD-10707,2026-07-18,788450043,2,1.299000000000000e+01,USD,Completed,
ORD-10708,2026-07-18,1204774750,1,6.898999999999999e+01,USD,Shipped,
ORD-10709,2026-07-18,485354607,2,4.299000000000000e+01,USD,Shipped,10%
ORD-10710,2026-07-18,908232424,2,3.698000000000000e+01,USD,Completed,10%
ORD-10710,2026-07-18,945882097,4,1.975000000000000e+01,USD,Completed,
ORD-10711,2026-07-18,5316176929,4,9.980000000000000e+00,USD,Completed,
ORD-10711,2026-07-18,1624985447,3,3.970000000000000e+00,USD,Completed,
ORD-10711,2026-07-18,832929384,4,2.795000000000000e+01,USD,Completed,
ORD-10712,2026-07-18,199440001,1,3.077000000000000e+01,USD,Completed,
ORD-10713,2026-07-18,435835263,4,9.990000000000000e+00,USD,Shipped,10%
ORD-10714,2026-07-18,3855217628,1,1.497000000000000e+01,USD,Completed,
ORD-10714,2026-07-18,1774083175,3,2.999000000000000e+01,USD,Completed,
ORD-10715,2026-07-18,5219131585,3,1.399000000000000e+01,USD,Completed,
ORD-10715,2026-07-18,1323968162,4,3.554000000000000e+01,USD,Completed,
ORD-10715,2026-07-18,512420879,1,9.990000000000000e+00,USD,Completed,
ORD-10716,2026-07-18,1727244137,3,7.598999999999999e+01,USD,Completed,
ORD-10717,2026-07-18,676413174,2,6.970000000000000e+00,USD,Completed,10%
ORD-10717,2026-07-18,3808974443,3,4.980000000000000e+00,USD,Completed,
ORD-10717,2026-07-18,1063134991,4,1.599000000000000e+01,USD,Completed,
ORD-10718,2026-07-18,161657830,3,4.999000000000000e+01,USD,Completed,10%
ORD-10718,2026-07-18,37684787,3,1.320000000000000e+01,USD,Completed,10%
ORD-10719,2026-07-18,46068414,1,1.613000000000000e+01,USD,Completed,
ORD-10720,2026-07-18,908201566,3,1.056000000000000e+01,USD,Completed,
ORD-10720,2026-07-18,22374157,2,7.960000000000000e+00,USD,Completed,
ORD-10720,2026-07-18,5219876777,3,6.130000000000000e+00,USD,Shipped,
ORD-10721,2026-07-18,5417683805,3,1.498000000000000e+01,USD,Completed,10%
ORD-10721,2026-07-18,2968552747,3,9.630000000000001e+00,USD,Completed,
ORD-10722,2026-07-18,5440778555,3,1.030000000000000e+01,USD,Completed,
ORD-10722,2026-07-18,3483895520,1,1.297000000000000e+01,USD,Completed,10%
ORD-10722,2026-07-18,1624985447,3,3.970000000000000e+00,USD,Completed,
ORD-10723,2026-07-18,957603867,1,1.499000000000000e+01,USD,Completed,10%
ORD-10723,2026-07-18,5329337627,1,24,USD,Shipped,
ORD-10724,2026-07-18,871530694,1,2.393000000000000e+01,USD,Shipped,
ORD-10724,2026-07-18,945882097,1,1.975000000000000e+01,USD,Completed,
ORD-10724,2026-07-18,864008591,1,1.495000000000000e+01,USD,Completed,
ORD-10725,2026-07-18,146144209,3,2.641000000000000e+01,USD,Completed,
ORD-10725,2026-07-18,28926816,2,7.940000000000000e+00,USD,Completed,10%
ORD-10725,2026-07-18,2785607950,2,9.269000000000000e+01,USD,Completed,10%
ORD-10726,2026-07-18,1792864118,1,5.790000000000000e+00,USD,Completed,
ORD-10726,2026-07-18,5353145797,3,1.079000000000000e+01,USD,Completed,
ORD-10727,2026-07-18,5057611924,2,3.599000000000000e+01,USD,Completed,
ORD-10728,2026-07-18,1613734417,4,2.580000000000000e+01,USD,Completed,
ORD-10728,2026-07-18,485354607,4,4.299000000000000e+01,USD,Completed,
ORD-10729,2026-07-18,944207748,2,3.899000000000000e+01,USD,Completed,10%
ORD-10730,2026-07-18,100662878,3,2.199000000000000e+01,USD,Completed,
ORD-10730,2026-07-18,152355819,3,5.624000000000000e+01,USD,Completed,10%
ORD-10731,2026-07-18,5379906696,2,1.498000000000000e+01,USD,Completed,
ORD-10731,2026-07-18,110779998,4,2.999000000000000e+01,USD,Completed,10%
ORD-10732,2026-07-18,1426167428,4,1.599000000000000e+01,USD,Shipped,
ORD-10732,2026-07-18,110779998,4,2.999000000000000e+01,USD,Shipped,10%
ORD-10732,2026-07-18,6838112687,2,2.920000000000000e+01,USD,Completed,
ORD-10733,2026-07-18,1624985447,3,3.970000000000000e+00,USD,Completed,10%
ORD-10733,2026-07-18,257806313,3,1.954000000000000e+01,USD,Completed,
ORD-10734,2026-07-18,885092913,1,3.330000000000000e+01,USD,Completed,
ORD-10735,2026-07-18,199440001,3,3.077000000000000e+01,USD,Completed,10%
ORD-10735,2026-07-18,5443068156,4,1.499000000000000e+01,USD,Completed,
ORD-10736,2026-07-18,3813188391,1,1.999000000000000e+01,USD,Shipped,10%
ORD-10737,2026-07-18,331094227,4,3.999000000000000e+01,USD,Shipped,10%
ORD-10738,2026-07-18,5043424192,1,1.799000000000000e+01,USD,Shipped,
ORD-10739,2026-07-18,6013308220,2,3.324000000000000e+01,USD,Completed,
ORD-10740,2026-07-18,5184785010,4,2.299000000000000e+01,USD,Completed,
ORD-10741,2026-07-18,1995467623,3,2.399000000000000e+01,USD,Completed,
ORD-10741,2026-07-18,33685485,1,1.119000000000000e+01,USD,Completed,
ORD-10742,2026-07-18,48812370,3,9.789999999999999e+00,USD,Completed,
ORD-10742,2026-07-18,1766457787,4,5.790000000000000e+00,USD,Shipped,
ORD-10743,2026-07-18,5480667546,3,1.040000000000000e+01,USD,Completed,
ORD-10743,2026-07-18,1774083175,2,2.999000000000000e+01,USD,Completed,
ORD-10744,2026-07-18,283514640,2,1.899000000000000e+01,USD,Completed,
ORD-10744,2026-07-18,34203165,4,1.673000000000000e+01,USD,Completed,10%
ORD-10745,2026-07-18,546469522,4,1.499000000000000e+01,USD,Shipped,
ORD-10746,2026-07-18,5440778555,2,1.030000000000000e+01,USD,Completed,
ORD-10746,2026-07-18,689096319,2,9.910000000000000e+00,USD,Completed,10%
ORD-10746,2026-07-18,5417683805,4,1.498000000000000e+01,USD,Completed,
ORD-10747,2026-07-18,753681550,1,1.560000000000000e+01,USD,Completed,
ORD-10747,2026-07-18,408608184,3,8.970000000000001e+00,USD,Completed,
ORD-10748,2026-07-18,1825469871,1,1.699000000000000e+01,USD,Completed,
ORD-10749,2026-07-18,2570740977,2,3.399000000000000e+01,USD,Shipped,
ORD-10749,2026-07-18,5262717138,1,2.597000000000000e+01,USD,Shipped,
ORD-10749,2026-07-18,1267967836,3,8.698999999999999e+01,USD,Completed,
ORD-10750,2026-07-18,953950834,3,2.795000000000000e+01,USD,Completed,
ORD-10750,2026-07-18,412531616,2,2.999000000000000e+01,USD,Completed,
ORD-10750,2026-07-18,3824041405,1,6.744000000000000e+01,USD,Completed,
ORD-10751,2026-07-18,1974609871,4,1.495000000000000e+01,USD,Completed,10%
ORD-10751,2026-07-18,2580740549,2,1.062000000000000e+01,USD,Completed,10%
ORD-10751,2026-07-18,230846860,3,3.299000000000000e+01,USD,Completed,
ORD-10752,2026-07-18,5379906696,4,1.498000000000000e+01,USD,Completed,10%
ORD-10752,2026-07-18,1543169305,4,1.299000000000000e+01,USD,Shipped,10%
ORD-10753,2026-07-18,179112912,1,4.186000000000000e+01,USD,Shipped,
ORD-10753,2026-07-18,3813188391,3,1.999000000000000e+01,USD,Completed,
ORD-10754,2026-07-18,431812530,4,1.998000000000000e+01,USD,Completed,
ORD-10754,2026-07-18,667101829,3,9.995000000000000e+01,USD,Completed,
ORD-10755,2026-07-18,1615288442,1,1.499000000000000e+01,USD,Completed,
ORD-10755,2026-07-18,348784401,2,2.249000000000000e+01,USD,Completed,10%
ORD-10755,2026-07-18,602748918,2,1.499000000000000e+01,USD,Completed,
ORD-10756,2026-07-18,161657830,3,4.999000000000000e+01,USD,Completed,
ORD-10756,2026-07-18,5108346618,3,2.699900000000000e+02,USD,Completed,
ORD-10756,2026-07-18,389782477,2,1.240000000000000e+00,USD,Shipped,
ORD-10757,2026-07-18,689096319,3,9.910000000000000e+00,USD,Completed,
ORD-10757,2026-07-18,1615288442,3,1.499000000000000e+01,USD,Completed,
ORD-10758,2026-07-18,5658552152,4,1.499000000000000e+01,USD,Shipped,
ORD-10758,2026-07-18,17245067,2,123,USD,Completed,
ORD-10758,2026-07-18,5506488018,3,1.998000000000000e+01,USD,Completed,10%
ORD-10759,2026-07-18,2544735639,3,3.199000000000000e+01,USD,Completed,
ORD-10760,2026-07-18,293084792,1,44,USD,Completed,
ORD-10760,2026-07-18,751510659,1,9.940000000000000e+00,USD,Completed,10%
ORD-10761,2026-07-18,1336755092,2,1.499000000000000e+01,USD,Completed,
ORD-10762,2026-07-18,5809585615,1,1.595000000000000e+01,USD,Completed,10%
ORD-10763,2026-07-18,5702523237,2,1.599000000000000e+01,USD,Completed,
ORD-10763,2026-07-18,1184268274,3,9.869999999999999e+00,USD,Completed,
ORD-10763,2026-07-18,1560005587,3,4.658000000000000e+01,USD,Completed,
ORD-10764,2026-07-18,3402143185,3,3.280000000000000e+00,USD,Completed,
ORD-10765,2026-07-18,3483895520,2,1.297000000000000e+01,USD,Shipped,
ORD-10765,2026-07-18,25997723,4,6.490000000000001e+01,USD,Shipped,
ORD-10765,2026-07-18,48812370,4,9.789999999999999e+00,USD,Completed,10%
ORD-10766,2026-07-18,179112912,2,4.186000000000000e+01,USD,Completed,10%
ORD-10766,2026-07-18,2580740549,1,1.062000000000000e+01,USD,Completed,
ORD-10766,2026-07-18,573614161,4,9.060000000000000e+00,USD,Completed,
ORD-10767,2026-07-18,5209344136,3,2.999000000000000e+01,USD,Completed,
ORD-10767,2026-07-18,602315286,2,2.250000000000000e+01,USD,Completed,
ORD-10767,2026-07-18,393061304,4,2.868000000000000e+01,USD,Shipped,
ORD-10768,2026-07-18,5540168677,3,2.999000000000000e+01,USD,Completed,
ORD-10768,2026-07-18,287819116,1,2.629000000000000e+01,USD,Completed,
ORD-10768,2026-07-18,2844883584,4,2.494000000000000e+01,USD,Completed,
ORD-10769,2026-07-18,5108346618,2,2.699900000000000e+02,USD,Completed,
ORD-10769,2026-07-18,393061304,1,2.868000000000000e+01,USD,Completed,
ORD-10770,2026-07-18,102593173,2,1.980000000000000e+01,USD,Completed,10%
ORD-10771,2026-07-18,555974352,3,3.605000000000000e+01,USD,Completed,
ORD-10771,2026-07-18,46068414,3,1.613000000000000e+01,USD,Completed,10%
ORD-10771,2026-07-18,1160636802,2,2.799000000000000e+01,USD,Completed,
ORD-10772,2026-07-18,5053396247,4,1.499000000000000e+01,USD,Completed,
ORD-10772,2026-07-18,3053955490,3,1.619000000000000e+01,USD,Completed,
ORD-10772,2026-07-18,265927683,1,1.799000000000000e+01,USD,Completed,10%
ORD-10773,2026-07-18,5661609857,3,3.591000000000000e+01,USD,Completed,
ORD-10774,2026-07-18,1017487270,3,2.999000000000000e+01,USD,Completed,10%
ORD-10774,2026-07-18,1435754084,4,1.197000000000000e+01,USD,Completed,
ORD-10775,2026-07-18,33685485,4,1.119000000000000e+01,USD,Shipped,
ORD-10776,2026-07-18,257806313,4,1.954000000000000e+01,USD,Completed,
ORD-10776,2026-07-18,1727244137,4,7.598999999999999e+01,USD,Completed,
ORD-10777,2026-07-18,5323625259,1,25,USD,Completed,
ORD-10777,2026-07-18,859305074,1,1.969000000000000e+01,USD,Completed,
ORD-10777,2026-07-18,1204774750,1,6.898999999999999e+01,USD,Completed,10%
ORD-10778,2026-07-18,1323968162,2,3.554000000000000e+01,USD,Completed,
ORD-10778,2026-07-18,2716531748,4,1.998000000000000e+01,USD,Shipped,
ORD-10778,2026-07-18,5168273880,3,1.198000000000000e+01,USD,Completed,
ORD-10779,2026-07-18,1184654530,3,1.999000000000000e+01,USD,Shipped,
ORD-10779,2026-07-18,2010024322,1,8.880000000000001e+00,USD,Completed,
ORD-10779,2026-07-18,945882097,2,1.975000000000000e+01,USD,Completed,10%
ORD-10780,2026-07-18,781490570,4,1.499000000000000e+01,USD,Completed,
ORD-10781,2026-07-18,3560683924,1,3.990000000000000e+00,USD,Completed,
ORD-10781,2026-07-18,2113674813,4,1.168000000000000e+02,USD,Shipped,10%
ORD-10782,2026-07-18,5158180497,1,9.279999999999999e+00,USD,Completed,
ORD-10783,2026-07-18,618032539,3,1.299000000000000e+01,USD,Completed,
ORD-10784,2026-07-18,199440001,4,3.077000000000000e+01,USD,Shipped,
ORD-10785,2026-07-18,100662878,3,2.199000000000000e+01,USD,Completed,
ORD-10786,2026-07-18,1974609871,1,1.495000000000000e+01,USD,Shipped,
ORD-10787,2026-07-18,411359040,2,30,USD,Completed,
ORD-10787,2026-07-18,896931395,1,1.529000000000000e+01,USD,Completed,
ORD-10788,2026-07-18,693758408,3,1.709000000000000e+01,USD,Completed,
ORD-10788,2026-07-18,5658552152,3,1.499000000000000e+01,USD,Completed,10%
ORD-10789,2026-07-18,5164703747,2,6.090000000000000e+00,USD,Completed,
ORD-10789,2026-07-18,455894581,3,2.999000000000000e+01,USD,Completed,
ORD-10789,2026-07-18,2128773109,1,3.999000000000000e+01,USD,Completed,
ORD-10790,2026-07-18,3588670272,4,1.599000000000000e+01,USD,Shipped,
ORD-10791,2026-07-18,1210385172,3,3.959000000000000e+01,USD,Completed,
ORD-10791,2026-07-18,1063134991,4,1.599000000000000e+01,USD,Completed,
ORD-10791,2026-07-18,904020893,1,4.649000000000000e+01,USD,Shipped,10%
ORD-10792,2026-07-18,2128773109,3,3.999000000000000e+01,USD,Completed,10%
ORD-10793,2026-07-18,1624985447,1,3.970000000000000e+00,USD,Completed,
ORD-10793,2026-07-18,265927683,4,1.799000000000000e+01,USD,Completed,
ORD-10793,2026-07-18,1037166405,4,2.390000000000000e+01,USD,Completed,
ORD-10794,2026-07-18,453089336,2,55,USD,Completed,
ORD-10794,2026-07-18,5664556275,4,2.541000000000000e+01,USD,Shipped,
ORD-10795,2026-07-18,5662896790,1,2.594000000000000e+01,USD,Completed,
ORD-10796,2026-07-18,469036214,2,2.049900000000000e+02,USD,Shipped,10%
ORD-10796,2026-07-18,5768017984,4,6.660000000000000e+00,USD,Shipped,
ORD-10797,2026-07-18,382394597,4,1.688000000000000e+01,USD,Completed,10%
ORD-10798,2026-07-18,100662878,3,2.199000000000000e+01,USD,Completed,10%
ORD-10798,2026-07-18,3808974443,1,4.980000000000000e+00,USD,Shipped,
ORD-10798,2026-07-18,1184268274,1,9.869999999999999e+00,USD,Completed,
ORD-10799,2026-07-18,555974352,3,3.605000000000000e+01,USD,Completed,
ORD-10799,2026-07-18,469036214,4,2.049900000000000e+02,USD,Shipped,
ORD-10800,2026-07-18,908232424,2,3.698000000000000e+01,USD,Completed,
ORD-10801,2026-07-18,5155961106,3,2.499000000000000e+01,USD,Shipped,
ORD-10801,2026-07-18,3588670272,2,1.599000000000000e+01,USD,Completed,
ORD-10801,2026-07-18,5417683805,3,1.498000000000000e+01,USD,Completed,
ORD-10802,2026-07-18,5291664103,3,1.383000000000000e+01,USD,Completed,
ORD-10802,2026-07-18,422458903,4,1.998000000000000e+01,USD,Completed,
ORD-10803,2026-07-18,3402143185,4,3.280000000000000e+00,USD,Completed,
ORD-10803,2026-07-18,1210385172,1,3.959000000000000e+01,USD,Completed,
ORD-10803,2026-07-18,389782477,1,1.240000000000000e+00,USD,Completed,
ORD-10804,2026-07-18,864008591,4,1.495000000000000e+01,USD,Completed,
ORD-10804,2026-07-18,110779998,2,2.999000000000000e+01,USD,Completed,
ORD-10805,2026-07-18,839659160,1,4.999000000000000e+01,USD,Shipped,10%
ORD-10805,2026-07-18,5066959782,3,1.280000000000000e+01,USD,Completed,
ORD-10805,2026-07-18,5662896790,1,2.594000000000000e+01,USD,Completed,
ORD-10806,2026-07-18,668480724,2,2.499000000000000e+01,USD,Completed,10%
ORD-10807,2026-07-18,887668036,3,4.139000000000000e+01,USD,Completed,
ORD-10807,2026-07-18,5264765893,1,2.999000000000000e+01,USD,Completed,10%
ORD-10808,2026-07-18,5702032013,1,4.488000000000000e+01,USD,Completed,
ORD-10808,2026-07-18,512420879,3,9.990000000000000e+00,USD,Shipped,
ORD-10808,2026-07-18,1184268274,4,9.869999999999999e+00,USD,Shipped,
ORD-10809,2026-07-18,588404711,1,8.909999999999999e+01,USD,Completed,
ORD-10810,2026-07-18,1932369237,4,3.299000000000000e+01,USD,Completed,
ORD-10810,2026-07-18,3053955490,4,1.619000000000000e+01,USD,Completed,
ORD-10810,2026-07-18,179112912,3,4.186000000000000e+01,USD,Completed,
ORD-10811,2026-07-18,3402143185,1,3.280000000000000e+00,USD,Completed,
ORD-10811,2026-07-18,1543169305,1,1.299000000000000e+01,USD,Completed,10%
ORD-10811,2026-07-18,1932369237,4,3.299000000000000e+01,USD,Completed,
ORD-10812,2026-07-18,2968552747,2,9.630000000000001e+00,USD,Completed,
ORD-10813,2026-07-18,5182915849,1,1.998000000000000e+01,USD,Completed,10%
ORD-10814,2026-07-18,896931395,3,1.529000000000000e+01,USD,Completed,
ORD-10815,2026-07-18,5702032013,4,4.488000000000000e+01,USD,Completed,
ORD-10815,2026-07-18,730250943,3,1.144000000000000e+01,USD,Shipped,10%
ORD-10816,2026-07-18,1507001378,2,9.900000000000000e-01,USD,Completed,
ORD-10816,2026-07-18,180450545,4,1.464000000000000e+02,USD,Completed,
ORD-10817,2026-07-18,2968552747,2,9.630000000000001e+00,USD,Completed,
ORD-10817,2026-07-18,3402143185,2,3.280000000000000e+00,USD,Completed,
ORD-10818,2026-07-18,287819116,1,2.629000000000000e+01,USD,Completed,
ORD-10819,2026-07-18,1613734417,4,2.580000000000000e+01,USD,Completed,
ORD-10820,2026-07-18,595025504,2,3.495000000000000e+01,USD,Completed,10%
ORD-10820,2026-07-18,529767263,3,4.847000000000000e+01,USD,Completed,
ORD-10821,2026-07-18,555974352,1,3.605000000000000e+01,USD,Shipped,
ORD-10821,2026-07-18,5043424192,2,1.799000000000000e+01,USD,Completed,
ORD-10822,2026-07-18,5057611924,1,3.599000000000000e+01,USD,Completed,
ORD-10823,2026-07-18,369367315,3,2.999000000000000e+01,USD,Completed,
ORD-10823,2026-07-18,5663974279,2,1.994000000000000e+01,USD,Completed,
ORD-10824,2026-07-18,5066959782,3,1.280000000000000e+01,USD,Completed,
ORD-10825,2026-07-18,180450545,3,1.464000000000000e+02,USD,Completed,
ORD-10825,2026-07-18,1921006587,4,2.159000000000000e+01,USD,Completed,10%
ORD-10825,2026-07-18,3440558193,3,2.198000000000000e+01,USD,Completed,
ORD-10826,2026-07-18,886368088,2,5.940000000000000e+00,USD,Completed,
ORD-10826,2026-07-18,2844883584,2,2.494000000000000e+01,USD,Completed,
ORD-10826,2026-07-18,1267967836,4,8.698999999999999e+01,USD,Completed,
ORD-10827,2026-07-18,5327761690,2,2.499000000000000e+01,USD,Completed,
ORD-10828,2026-07-18,1507001378,4,9.900000000000000e-01,USD,Shipped,
ORD-10828,2026-07-18,5170388947,4,1.058000000000000e+01,USD,Shipped,
ORD-10829,2026-07-18,179112912,2,4.186000000000000e+01,USD,Completed,
ORD-10830,2026-07-18,3808974443,3,4.980000000000000e+00,USD,Completed,
ORD-10831,2026-07-18,781490570,1,1.499000000000000e+01,USD,Completed,
ORD-10831,2026-07-18,6918363302,2,2.399000000000000e+01,USD,Shipped,
ORD-10832,2026-07-18,389782477,1,1.240000000000000e+00,USD,Completed,
ORD-10832,2026-07-18,412531616,4,2.999000000000000e+01,USD,Completed,10%
ORD-10832,2026-07-18,2749504314,1,1.999000000000000e+01,USD,Completed,
ORD-10833,2026-07-18,17245067,1,123,USD,Completed,
ORD-10833,2026-07-18,5664556275,2,2.541000000000000e+01,USD,Shipped,
ORD-10833,2026-07-18,3402143185,1,3.280000000000000e+00,USD,Completed,
ORD-10834,2026-07-18,5663974279,4,1.994000000000000e+01,USD,Completed,
ORD-10835,2026-07-18,5264765893,2,2.999000000000000e+01,USD,Completed,
ORD-10835,2026-07-18,5062553620,1,9.840000000000000e+00,USD,Shipped,
ORD-10835,2026-07-18,512420879,4,9.990000000000000e+00,USD,Shipped,
ORD-10836,2026-07-18,886368088,1,5.940000000000000e+00,USD,Completed,
ORD-10836,2026-07-18,348784401,3,2.249000000000000e+01,USD,Shipped,10%
ORD-10837,2026-07-18,531529503,2,2.339000000000000e+01,USD,Completed,
ORD-10838,2026-07-18,5664556275,2,2.541000000000000e+01,USD,Shipped,
ORD-10839,2026-07-18,1722962454,4,1.035000000000000e+01,USD,Shipped,
ORD-10839,2026-07-18,615343705,3,2.767000000000000e+01,USD,Completed,
ORD-10839,2026-07-18,306465658,4,5.499000000000000e+01,USD,Shipped,
ORD-10840,2026-07-18,5164703747,3,6.090000000000000e+00,USD,Completed,
ORD-10840,2026-07-18,5260887729,2,1.999000000000000e+01,USD,Shipped,
ORD-10840,2026-07-18,354688867,4,3.299000000000000e+01,USD,Shipped,
ORD-10841,2026-07-18,10294756,3,2,USD,Shipped,
ORD-10841,2026-07-18,839659160,4,4.999000000000000e+01,USD,Completed,
ORD-10842,2026-07-18,141988874,2,5.850000000000000e+00,USD,Completed,
ORD-10843,2026-07-18,5291664103,3,1.383000000000000e+01,USD,Shipped,10%
ORD-10843,2026-07-18,790957653,2,1.245000000000000e+01,USD,Completed,
ORD-10843,2026-07-18,37684787,4,1.320000000000000e+01,USD,Completed,
ORD-10844,2026-07-18,54973324,3,2.407000000000000e+01,USD,Completed,
ORD-10844,2026-07-18,5443068156,4,1.499000000000000e+01,USD,Completed,
ORD-10845,2026-07-18,2097897368,1,3.597000000000000e+01,USD,Completed,
ORD-10845,2026-07-18,2007589965,1,1.471990000000000e+03,USD,Completed,10%
ORD-10846,2026-07-18,512420879,2,9.990000000000000e+00,USD,Shipped,
ORD-10846,2026-07-18,393061304,2,2.868000000000000e+01,USD,Shipped,
ORD-10846,2026-07-18,1974609871,4,1.495000000000000e+01,USD,Shipped,
ORD-10847,2026-07-18,1825469871,3,1.699000000000000e+01,USD,Completed,
ORD-10847,2026-07-18,382394597,1,1.688000000000000e+01,USD,Completed,
ORD-10847,2026-07-18,430528189,1,4.788000000000000e+01,USD,Completed,
ORD-10848,2026-07-18,903463722,3,2.309000000000000e+01,USD,Shipped,
ORD-10848,2026-07-18,5062553620,1,9.840000000000000e+00,USD,Completed,
ORD-10848,2026-07-18,10308385,3,4.430000000000000e+00,USD,Completed,
ORD-10849,2026-07-18,10801127,2,1.980000000000000e+00,USD,Completed,10%
ORD-10849,2026-07-18,6918363302,2,2.399000000000000e+01,USD,Completed,
ORD-10850,2026-07-18,453089336,3,55,USD,Completed,
ORD-10850,2026-07-18,3511393855,4,25,USD,Completed,
ORD-10850,2026-07-18,588404711,4,8.909999999999999e+01,USD,Shipped,10%
ORD-10851,2026-07-18,2544735639,1,3.199000000000000e+01,USD,Completed,
ORD-10851,2026-07-18,5264765893,3,2.999000000000000e+01,USD,Completed,
ORD-10852,2026-07-18,5661609857,2,3.591000000000000e+01,USD,Completed,
ORD-10852,2026-07-18,6013308220,1,3.324000000000000e+01,USD,Completed,
ORD-10853,2026-07-18,602315286,4,2.250000000000000e+01,USD,Completed,
ORD-10853,2026-07-18,1184654530,3,1.999000000000000e+01,USD,Shipped,10%
ORD-10854,2026-07-18,974265277,1,1.116200000000000e+02,USD,Completed,10%
ORD-10854,2026-07-18,5664556275,1,2.541000000000000e+01,USD,Shipped,
ORD-10854,2026-07-18,293084792,3,44,USD,Shipped,
ORD-10855,2026-07-18,5684704635,4,1.213000000000000e+01,USD,Completed,
ORD-10856,2026-07-18,3876384696,2,6.998999999999999e+01,USD,Shipped,
ORD-10856,2026-07-18,588404711,2,8.909999999999999e+01,USD,Completed,
ORD-10857,2026-07-18,230846860,3,3.299000000000000e+01,USD,Shipped,
ORD-10857,2026-07-18,974265277,4,1.116200000000000e+02,USD,Completed,
ORD-10858,2026-07-18,469036214,4,2.049900000000000e+02,USD,Completed,
ORD-10859,2026-07-18,182543171,2,4.860000000000000e+00,USD,Shipped,
ORD-10860,2026-07-18,1426167428,4,1.599000000000000e+01,USD,Completed,10%
ORD-10860,2026-07-18,1543169305,3,1.299000000000000e+01,USD,Completed,
ORD-10861,2026-07-18,5150469476,2,6.399000000000000e+01,USD,Completed,
ORD-10861,2026-07-18,573614161,3,9.060000000000000e+00,USD,Completed,
ORD-10861,2026-07-18,100662878,4,2.199000000000000e+01,USD,Completed,
ORD-10862,2026-07-18,112580004,2,2.549000000000000e+01,USD,Completed,
ORD-10862,2026-07-18,602315286,2,2.250000000000000e+01,USD,Completed,
ORD-10863,2026-07-18,110779998,4,2.999000000000000e+01,USD,Completed,
ORD-10864,2026-07-18,182579201,2,1.709000000000000e+01,USD,Shipped,
ORD-10864,2026-07-18,146144209,3,2.641000000000000e+01,USD,Shipped,
ORD-10865,2026-07-18,100662878,2,2.199000000000000e+01,USD,Completed,
ORD-10865,2026-07-18,1208578847,4,3.597000000000000e+01,USD,Completed,
ORD-10865,2026-07-18,1774083175,2,2.999000000000000e+01,USD,Completed,
ORD-10866,2026-07-18,908201566,2,1.056000000000000e+01,USD,Completed,
ORD-10866,2026-07-18,781490570,3,1.499000000000000e+01,USD,Shipped,
ORD-10867,2026-07-18,5768017984,1,6.660000000000000e+00,USD,Completed,
ORD-10867,2026-07-18,2637400158,3,2.399000000000000e+01,USD,Shipped,
ORD-10867,2026-07-18,382394597,3,1.688000000000000e+01,USD,Completed,
ORD-10868,2026-07-18,6918363302,1,2.399000000000000e+01,USD,Shipped,
ORD-10868,2026-07-18,2200709686,2,1.408000000000000e+02,USD,Completed,
ORD-10868,2026-07-18,182543171,4,4.860000000000000e+00,USD,Completed,
ORD-10869,2026-07-18,952556801,2,2.899000000000000e+01,USD,Completed,10%
ORD-10869,2026-07-18,5440778555,2,1.030000000000000e+01,USD,Completed,
ORD-10870,2026-07-18,1825469871,3,1.699000000000000e+01,USD,Shipped,
ORD-10870,2026-07-18,5327761690,4,2.499000000000000e+01,USD,Shipped,
ORD-10870,2026-07-18,393101003,4,1.986000000000000e+01,USD,Shipped,
ORD-10871,2026-07-18,261700925,4,6.930000000000000e+01,USD,Completed,
ORD-10871,2026-07-18,2017664333,2,99,USD,Completed,10%
ORD-10871,2026-07-18,891036133,4,2.209000000000000e+01,USD,Completed,
ORD-10872,2026-07-18,141757585,2,1.499000000000000e+01,USD,Shipped,
ORD-10872,2026-07-18,5045669548,2,2.999000000000000e+01,USD,Completed,10%
ORD-10873,2026-07-18,5658552152,4,1.499000000000000e+01,USD,Completed,10%
ORD-10873,2026-07-18,393061304,4,2.868000000000000e+01,USD,Completed,
ORD-10874,2026-07-18,5662896790,3,2.594000000000000e+01,USD,Completed,
ORD-10874,2026-07-18,2749504314,1,1.999000000000000e+01,USD,Completed,
ORD-10875,2026-07-18,1543169305,2,1.299000000000000e+01,USD,Completed,10%
ORD-10875,2026-07-18,2785607950,3,9.269000000000000e+01,USD,Completed,
ORD-10875,2026-07-18,6494751477,4,1.499000000000000e+01,USD,Shipped,
ORD-10876,2026-07-18,3560683924,1,3.990000000000000e+00,USD,Shipped,
ORD-10877,2026-07-18,5502936471,4,1.499000000000000e+01,USD,Shipped,
ORD-10878,2026-07-18,1184268274,2,9.869999999999999e+00,USD,Completed,10%
ORD-10878,2026-07-18,1231760315,3,1.999000000000000e+01,USD,Completed,
ORD-10879,2026-07-18,381632255,3,7.298999999999999e+01,USD,Completed,
ORD-10879,2026-07-18,3423574153,1,1.166600000000000e+02,USD,Completed,
ORD-10879,2026-07-18,3440558193,3,2.198000000000000e+01,USD,Completed,10%
ORD-10880,2026-07-18,5066959782,4,1.280000000000000e+01,USD,Completed,10%
ORD-10880,2026-07-18,5658552152,1,1.499000000000000e+01,USD,Completed,
ORD-10880,2026-07-18,569572519,2,2.175000000000000e+01,USD,Completed,
ORD-10881,2026-07-18,247655086,4,4.797000000000000e+01,USD,Shipped,
ORD-10881,2026-07-18,265927683,1,1.799000000000000e+01,USD,Completed,
ORD-10882,2026-07-18,1426167428,2,1.599000000000000e+01,USD,Shipped,
ORD-10882,2026-07-18,430528189,3,4.788000000000000e+01,USD,Completed,
ORD-10883,2026-07-18,5262717138,3,2.597000000000000e+01,USD,Completed,
ORD-10883,2026-07-18,408608184,4,8.970000000000001e+00,USD,Completed,
ORD-10884,2026-07-18,5439347407,1,5.699900000000000e+02,USD,Shipped,10%
ORD-10884,2026-07-18,5684704635,3,1.213000000000000e+01,USD,Completed,
ORD-10885,2026-07-18,412531616,2,2.999000000000000e+01,USD,Completed,
ORD-10885,2026-07-18,10997171,1,1.012000000000000e+01,USD,Completed,
ORD-10886,2026-07-18,6013308220,4,3.324000000000000e+01,USD,Shipped,
ORD-10886,2026-07-18,1184654530,1,1.999000000000000e+01,USD,Completed,
ORD-10887,2026-07-18,3212008907,3,3,USD,Completed,
ORD-10887,2026-07-18,829098148,2,5.199000000000000e+01,USD,Completed,
ORD-10888,2026-07-18,6838112687,2,2.920000000000000e+01,USD,Completed,10%
ORD-10889,2026-07-18,696459227,3,1.461000000000000e+01,USD,Completed,
ORD-10889,2026-07-18,1921006587,4,2.159000000000000e+01,USD,Completed,
ORD-10890,2026-07-18,2544735639,4,3.199000000000000e+01,USD,Completed,
ORD-10890,2026-07-18,588404711,1,8.909999999999999e+01,USD,Completed,10%
ORD-10891,2026-07-18,618032539,2,1.299000000000000e+01,USD,Completed,
ORD-10891,2026-07-18,555974352,3,3.605000000000000e+01,USD,Completed,
ORD-10892,2026-07-18,5684704635,3,1.213000000000000e+01,USD,Completed,
ORD-10892,2026-07-18,199440001,3,3.077000000000000e+01,USD,Shipped,
ORD-10893,2026-07-18,5661609857,1,3.591000000000000e+01,USD,Completed,
ORD-10894,2026-07-18,5661609857,1,3.591000000000000e+01,USD,Completed,10%
ORD-10895,2026-07-18,3824041405,4,6.744000000000000e+01,USD,Completed,
ORD-10895,2026-07-18,1184654530,4,1.999000000000000e+01,USD,Completed,
ORD-10896,2026-07-18,100662878,1,2.199000000000000e+01,USD,Completed,10%
ORD-10896,2026-07-18,1208578847,4,3.597000000000000e+01,USD,Completed,
ORD-10897,2026-07-18,48812370,2,9.789999999999999e+00,USD,Completed,
ORD-10897,2026-07-18,676413174,1,6.970000000000000e+00,USD,Completed,
ORD-10898,2026-07-18,1331751223,2,1.388000000000000e+01,USD,Completed,
ORD-10899,2026-07-18,430528189,1,4.788000000000000e+01,USD,Completed,
ORD-10899,2026-07-18,146144209,4,2.641000000000000e+01,USD,Completed,
ORD-10900,2026-07-18,1009224046,1,2.199000000000000e+01,USD,Shipped,
ORD-10900,2026-07-18,3560683924,3,3.990000000000000e+00,USD,Completed,
ORD-10901,2026-07-18,377862424,4,9.990000000000000e+00,USD,Completed,
ORD-10901,2026-07-18,247655086,4,4.797000000000000e+01,USD,Shipped,
ORD-10902,2026-07-18,595025504,4,3.495000000000000e+01,USD,Completed,
ORD-10902,2026-07-18,602748918,1,1.499000000000000e+01,USD,Shipped,
ORD-10903,2026-07-18,5480667546,1,1.040000000000000e+01,USD,Completed,
ORD-10904,2026-07-18,3560683924,2,3.990000000000000e+00,USD,Shipped,
ORD-10904,2026-07-18,2126911017,1,1.999000000000000e+01,USD,Completed,
ORD-10904,2026-07-18,5184785010,2,2.299000000000000e+01,USD,Completed,
ORD-10905,2026-07-18,891036133,3,2.209000000000000e+01,USD,Completed,
ORD-10905,2026-07-18,885092913,2,3.330000000000000e+01,USD,Completed,
ORD-10906,2026-07-18,453089336,4,55,USD,Shipped,10%
ORD-10906,2026-07-18,27230944,1,3.343000000000000e+01,USD,Completed,
ORD-10907,2026-07-18,573614161,4,9.060000000000000e+00,USD,Completed,
ORD-10907,2026-07-18,945882097,1,1.975000000000000e+01,USD,Completed,
ORD-10908,2026-07-18,2097897368,2,3.597000000000000e+01,USD,Completed,
ORD-10908,2026-07-18,1774925941,3,6.998999999999999e+01,USD,Shipped,
ORD-10909,2026-07-18,5443068156,1,1.499000000000000e+01,USD,Completed,
ORD-10909,2026-07-18,896931395,1,1.529000000000000e+01,USD,Shipped,
ORD-10909,2026-07-18,945882097,2,1.975000000000000e+01,USD,Completed,
ORD-10910,2026-07-18,2834781358,1,2.399900000000000e+02,USD,Completed,
ORD-10910,2026-07-18,102593173,3,1.980000000000000e+01,USD,Shipped,
ORD-10910,2026-07-18,5327761690,1,2.499000000000000e+01,USD,Completed,
ORD-10911,2026-07-18,5164703747,2,6.090000000000000e+00,USD,Completed,
ORD-10912,2026-07-18,1336755092,4,1.499000000000000e+01,USD,Shipped,
ORD-10912,2026-07-18,257806313,3,1.954000000000000e+01,USD,Completed,
ORD-10912,2026-07-18,5209344136,4,2.999000000000000e+01,USD,Completed,
ORD-10913,2026-07-18,5043424192,1,1.799000000000000e+01,USD,Completed,
ORD-10914,2026-07-18,5366405121,4,1.299000000000000e+01,USD,Completed,
ORD-10914,2026-07-18,5323625259,1,25,USD,Completed,
ORD-10915,2026-07-18,126699313,3,1.820000000000000e+00,USD,Completed,
ORD-10916,2026-07-18,945882097,1,1.975000000000000e+01,USD,Completed,10%
ORD-10916,2026-07-18,5663974279,1,1.994000000000000e+01,USD,Completed,
ORD-10916,2026-07-18,2747441586,2,2.999000000000000e+01,USD,Completed,10%
ORD-10917,2026-07-18,588404711,3,8.909999999999999e+01,USD,Shipped,
ORD-10918,2026-07-18,161657830,1,4.999000000000000e+01,USD,Completed,
ORD-10918,2026-07-18,141988874,1,5.850000000000000e+00,USD,Completed,10%
ORD-10918,2026-07-18,5182915849,2,1.998000000000000e+01,USD,Completed,
ORD-10919,2026-07-18,5316176929,2,9.980000000000000e+00,USD,Completed,
ORD-10919,2026-07-18,1921006587,1,2.159000000000000e+01,USD,Completed,
ORD-10920,2026-07-18,2747441586,3,2.999000000000000e+01,USD,Shipped,
ORD-10920,2026-07-18,1766457787,4,5.790000000000000e+00,USD,Completed,
ORD-10921,2026-07-18,2232013390,2,6.980000000000000e+00,USD,Shipped,
ORD-10921,2026-07-18,199440001,4,3.077000000000000e+01,USD,Shipped,
ORD-10921,2026-07-18,5443068156,3,1.499000000000000e+01,USD,Shipped,10%
ORD-10922,2026-07-18,1983309413,4,4.499000000000000e+01,USD,Shipped,
ORD-10922,2026-07-18,146144209,4,2.641000000000000e+01,USD,Completed,
ORD-10923,2026-07-18,408608184,3,8.970000000000001e+00,USD,Completed,
ORD-10923,2026-07-18,1615288442,4,1.499000000000000e+01,USD,Completed,10%
ORD-10924,2026-07-18,1341833689,2,1.499000000000000e+01,USD,Completed,10%
ORD-10924,2026-07-18,886368088,3,5.940000000000000e+00,USD,Completed,
ORD-10924,2026-07-18,1037166405,2,2.390000000000000e+01,USD,Completed,
ORD-10925,2026-07-18,907847604,3,2.210000000000000e+01,USD,Completed,
ORD-10925,2026-07-18,588404711,4,8.909999999999999e+01,USD,Shipped,
ORD-10926,2026-07-18,110779998,2,2.999000000000000e+01,USD,Completed,
ORD-10926,2026-07-18,5219876777,1,6.130000000000000e+00,USD,Completed,
ORD-10927,2026-07-18,2200709686,3,1.408000000000000e+02,USD,Completed,
ORD-10927,2026-07-18,46068414,1,1.613000000000000e+01,USD,Completed,
ORD-10928,2026-07-18,22374157,4,7.960000000000000e+00,USD,Shipped,
ORD-10928,2026-07-18,5658552152,2,1.499000000000000e+01,USD,Shipped,
ORD-10929,2026-07-18,1500372373,3,8,USD,Completed,10%
ORD-10930,2026-07-18,3876384696,1,6.998999999999999e+01,USD,Completed,
ORD-10930,2026-07-18,232510830,4,4.999000000000000e+01,USD,Shipped,
ORD-10930,2026-07-18,753681550,2,1.560000000000000e+01,USD,Completed,
ORD-10931,2026-07-18,6918363302,4,2.399000000000000e+01,USD,Completed,
ORD-10931,2026-07-18,5502936471,1,1.499000000000000e+01,USD,Completed,
ORD-10931,2026-07-18,3402143185,1,3.280000000000000e+00,USD,Completed,
ORD-10932,2026-07-18,48812370,3,9.789999999999999e+00,USD,Shipped,
ORD-10933,2026-07-18,2868760641,1,2.399000000000000e+01,USD,Completed,10%
ORD-10934,2026-07-18,1097677016,3,2.499000000000000e+01,USD,Completed,10%
ORD-10934,2026-07-18,2834781358,1,2.399900000000000e+02,USD,Completed,
ORD-10935,2026-07-18,247655086,4,4.797000000000000e+01,USD,Completed,
ORD-10936,2026-07-18,5352569431,4,1.999000000000000e+01,USD,Completed,
ORD-10937,2026-07-18,3808974443,3,4.980000000000000e+00,USD,Shipped,
ORD-10937,2026-07-18,5057611924,2,3.599000000000000e+01,USD,Shipped,
ORD-10937,2026-07-18,5809585615,3,1.595000000000000e+01,USD,Completed,
ORD-10938,2026-07-18,5506488018,3,1.998000000000000e+01,USD,Completed,
ORD-10938,2026-07-18,2363655537,3,4.950000000000000e+01,USD,Completed,
ORD-10939,2026-07-18,5439347407,3,5.699900000000000e+02,USD,Completed,10%
ORD-10939,2026-07-18,5053396247,1,1.499000000000000e+01,USD,Completed,
ORD-10940,2026-07-18,370694829,1,2.495000000000000e+01,USD,Completed,
ORD-10941,2026-07-18,5502936471,4,1.499000000000000e+01,USD,Shipped,
ORD-10942,2026-07-18,199440001,2,3.077000000000000e+01,USD,Completed,
ORD-10943,2026-07-18,46068414,1,1.613000000000000e+01,USD,Completed,
ORD-10943,2026-07-18,1160636802,3,2.799000000000000e+01,USD,Completed,10%
ORD-10944,2026-07-18,102593173,3,1.980000000000000e+01,USD,Completed,
ORD-10944,2026-07-18,110779998,2,2.999000000000000e+01,USD,Completed,
ORD-10945,2026-07-18,3922793394,4,1.124000000000000e+01,USD,Shipped,10%
ORD-10945,2026-07-18,306465658,2,5.499000000000000e+01,USD,Shipped,
ORD-10946,2026-07-18,110779998,4,2.999000000000000e+01,USD,Completed,
ORD-10947,2026-07-18,485354607,1,4.299000000000000e+01,USD,Completed,
ORD-10947,2026-07-18,1570467303,4,2.799000000000000e+01,USD,Completed,10%
ORD-10947,2026-07-18,5164703747,4,6.090000000000000e+00,USD,Completed,10%
ORD-10948,2026-07-18,2747441586,4,2.999000000000000e+01,USD,Completed,
ORD-10948,2026-07-18,1435754084,2,1.197000000000000e+01,USD,Completed,
ORD-10949,2026-07-18,1649464157,4,1.799000000000000e+01,USD,Completed,
ORD-10949,2026-07-18,1792864118,1,5.790000000000000e+00,USD,Completed,
ORD-10950,2026-07-18,27230944,3,3.343000000000000e+01,USD,Completed,
ORD-10951,2026-07-18,46068414,2,1.613000000000000e+01,USD,Shipped,
ORD-10951,2026-07-18,2544735639,3,3.199000000000000e+01,USD,Completed,
ORD-10951,2026-07-18,229653852,1,1.399000000000000e+01,USD,Completed,
ORD-10952,2026-07-18,230846860,4,3.299000000000000e+01,USD,Shipped,
ORD-10952,2026-07-18,5753314187,2,1.999000000000000e+01,USD,Completed,
ORD-10952,2026-07-18,751510659,2,9.940000000000000e+00,USD,Completed,
ORD-10953,2026-07-18,903463722,4,2.309000000000000e+01,USD,Completed,
ORD-10953,2026-07-18,1722962454,3,1.035000000000000e+01,USD,Completed,10%
ORD-10954,2026-07-18,100662878,2,2.199000000000000e+01,USD,Completed,
ORD-10955,2026-07-18,3876384696,2,6.998999999999999e+01,USD,Completed,
ORD-10956,2026-07-18,788450043,4,1.299000000000000e+01,USD,Completed,
ORD-10957,2026-07-18,886368088,2,5.940000000000000e+00,USD,Completed,10%
ORD-10957,2026-07-18,5480667546,1,1.040000000000000e+01,USD,Completed,
ORD-10957,2026-07-18,1037166405,2,2.390000000000000e+01,USD,Completed,10%
ORD-10958,2026-07-18,1615288442,2,1.499000000000000e+01,USD,Completed,
ORD-10958,2026-07-18,669112285,1,9.890000000000001e+00,USD,Completed,
ORD-10959,2026-07-18,602748918,2,1.499000000000000e+01,USD,Completed,
ORD-10959,2026-07-18,751510659,1,9.940000000000000e+00,USD,Completed,10%
ORD-10959,2026-07-18,377862424,3,9.990000000000000e+00,USD,Shipped,
ORD-10960,2026-07-18,5329337627,4,24,USD,Completed,
ORD-10960,2026-07-18,2785607950,4,9.269000000000000e+01,USD,Shipped,
ORD-10960,2026-07-18,829098148,2,5.199000000000000e+01,USD,Completed,
ORD-10961,2026-07-18,5684704635,3,1.213000000000000e+01,USD,Completed,
ORD-10962,2026-07-18,5702032013,1,4.488000000000000e+01,USD,Completed,
ORD-10962,2026-07-18,904020893,1,4.649000000000000e+01,USD,Completed,10%
ORD-10963,2026-07-18,232510830,1,4.999000000000000e+01,USD,Completed,
ORD-10963,2026-07-18,5768017984,2,6.660000000000000e+00,USD,Completed,
ORD-10963,2026-07-18,10294756,4,2,USD,Completed,
ORD-10964,2026-07-18,5168273880,4,1.198000000000000e+01,USD,Shipped,
ORD-10964,2026-07-18,5205925876,3,1.922000000000000e+01,USD,Completed,10%
ORD-10964,2026-07-18,5443068156,4,1.499000000000000e+01,USD,Completed,
ORD-10965,2026-07-18,1764748346,4,1.598000000000000e+01,USD,Completed,
ORD-10965,2026-07-18,730250943,4,1.144000000000000e+01,USD,Completed,
ORD-10966,2026-07-18,422458903,3,1.998000000000000e+01,USD,Shipped,10%
ORD-10966,2026-07-18,5684704635,3,1.213000000000000e+01,USD,Completed,
ORD-10966,2026-07-18,5344195287,3,2.199000000000000e+01,USD,Shipped,
ORD-10967,2026-07-18,2010024322,2,8.880000000000001e+00,USD,Shipped,10%
ORD-10967,2026-07-18,5397071399,3,1.299000000000000e+01,USD,Shipped,
ORD-10967,2026-07-18,588404711,1,8.909999999999999e+01,USD,Completed,
ORD-10968,2026-07-18,529767263,3,4.847000000000000e+01,USD,Completed,
ORD-10969,2026-07-18,2097897368,1,3.597000000000000e+01,USD,Completed,10%
ORD-10970,2026-07-18,5150469476,4,6.399000000000000e+01,USD,Completed,
ORD-10970,2026-07-18,573614161,4,9.060000000000000e+00,USD,Completed,
ORD-10971,2026-07-18,848798939,1,4.647000000000000e+01,USD,Completed,10%
ORD-10971,2026-07-18,381553241,2,1.399000000000000e+01,USD,Completed,
ORD-10972,2026-07-18,189455189,3,7.298999999999999e+01,USD,Completed,
ORD-10973,2026-07-18,512420879,2,9.990000000000000e+00,USD,Completed,
ORD-10973,2026-07-18,373855792,2,2.296000000000000e+01,USD,Completed,
ORD-10974,2026-07-18,555974352,2,3.605000000000000e+01,USD,Completed,
ORD-10974,2026-07-18,3046604016,1,5.299000000000000e+01,USD,Completed,
ORD-10975,2026-07-19,5809585615,1,1.595000000000000e+01,USD,Completed,
ORD-10975,2026-07-19,5273430664,4,16,USD,Shipped,
ORD-10975,2026-07-19,1507001378,4,9.900000000000000e-01,USD,Completed,
ORD-10976,2026-07-19,2580740549,3,1.062000000000000e+01,USD,Shipped,10%
ORD-10976,2026-07-19,5291664103,4,1.383000000000000e+01,USD,Completed,
ORD-10976,2026-07-19,781490570,3,1.499000000000000e+01,USD,Completed,10%
ORD-10977,2026-07-19,102593173,2,1.980000000000000e+01,USD,Shipped,
ORD-10978,2026-07-19,689096319,2,9.910000000000000e+00,USD,Shipped,
ORD-10978,2026-07-19,242303426,4,8.720000000000001e+00,USD,Completed,10%
ORD-10979,2026-07-19,389782477,1,1.240000000000000e+00,USD,Completed,
ORD-10979,2026-07-19,3588670272,4,1.599000000000000e+01,USD,Completed,
ORD-10979,2026-07-19,2138573500,3,1.599000000000000e+01,USD,Completed,
ORD-10980,2026-07-19,1722962454,3,1.035000000000000e+01,USD,Completed,
ORD-10980,2026-07-19,1160636802,4,2.799000000000000e+01,USD,Completed,
ORD-10980,2026-07-19,1184268274,2,9.869999999999999e+00,USD,Completed,
ORD-10981,2026-07-19,2716531748,4,1.998000000000000e+01,USD,Completed,
ORD-10981,2026-07-19,676413174,3,6.970000000000000e+00,USD,Shipped,
ORD-10982,2026-07-19,391028302,1,1.078000000000000e+01,USD,Completed,
ORD-10983,2026-07-19,531529503,2,2.339000000000000e+01,USD,Completed,
ORD-10983,2026-07-19,27230944,1,3.343000000000000e+01,USD,Completed,
ORD-10984,2026-07-19,896931395,2,1.529000000000000e+01,USD,Completed,
ORD-10985,2026-07-19,179112912,3,4.186000000000000e+01,USD,Completed,
ORD-10986,2026-07-19,5663974279,3,1.994000000000000e+01,USD,Shipped,
ORD-10986,2026-07-19,904020893,1,4.649000000000000e+01,USD,Shipped,
ORD-10986,2026-07-19,6126862324,2,3.497000000000000e+01,USD,Completed,
ORD-10987,2026-07-19,5439347407,3,5.699900000000000e+02,USD,Completed,
ORD-10987,2026-07-19,1359948905,3,3.277000000000000e+01,USD,Completed,
ORD-10987,2026-07-19,5443068156,1,1.499000000000000e+01,USD,Shipped,
ORD-10988,2026-07-19,3053955490,2,1.619000000000000e+01,USD,Completed,
ORD-10989,2026-07-19,54973324,1,2.407000000000000e+01,USD,Shipped,
ORD-10989,2026-07-19,5264765893,3,2.999000000000000e+01,USD,Completed,
ORD-10989,2026-07-19,5753314187,2,1.999000000000000e+01,USD,Completed,
ORD-10990,2026-07-19,215916201,1,1.396000000000000e+01,USD,Completed,
ORD-10991,2026-07-19,377862424,2,9.990000000000000e+00,USD,Completed,
ORD-10992,2026-07-19,5753314187,1,1.999000000000000e+01,USD,Completed,
ORD-10993,2026-07-19,435835263,1,9.990000000000000e+00,USD,Completed,
ORD-10994,2026-07-19,1764748346,1,1.598000000000000e+01,USD,Shipped,
ORD-10994,2026-07-19,6494751477,3,1.499000000000000e+01,USD,Completed,
ORD-10995,2026-07-19,381632255,1,7.298999999999999e+01,USD,Completed,
ORD-10995,2026-07-19,232510830,1,4.999000000000000e+01,USD,Completed,
ORD-10996,2026-07-19,230846860,1,3.299000000000000e+01,USD,Shipped,
ORD-10996,2026-07-19,5184785010,2,2.299000000000000e+01,USD,Completed,
ORD-10996,2026-07-19,531529503,4,2.339000000000000e+01,USD,Completed,
ORD-10997,2026-07-19,5158180497,2,9.279999999999999e+00,USD,Completed,
ORD-10997,2026-07-19,1560005587,3,4.658000000000000e+01,USD,Shipped,10%
ORD-10998,2026-07-19,896599636,1,2.719000000000000e+01,USD,Completed,
ORD-10998,2026-07-19,786691113,4,1.053000000000000e+01,USD,Completed,10%
ORD-10998,2026-07-19,1435754084,4,1.197000000000000e+01,USD,Completed,
ORD-10999,2026-07-19,182579201,2,1.709000000000000e+01,USD,Completed,
ORD-10999,2026-07-19,54973324,3,2.407000000000000e+01,USD,Completed,
ORD-11000,2026-07-19,2097897368,3,3.597000000000000e+01,USD,Completed,
ORD-11000,2026-07-19,588404711,1,8.909999999999999e+01,USD,Shipped,
ORD-11001,2026-07-19,1184654530,2,1.999000000000000e+01,USD,Completed,
ORD-11001,2026-07-19,2868760641,3,2.399000000000000e+01,USD,Completed,
ORD-11001,2026-07-19,5809585615,3,1.595000000000000e+01,USD,Shipped,
ORD-11002,2026-07-19,265927683,1,1.799000000000000e+01,USD,Completed,
ORD-11003,2026-07-19,5502936471,1,1.499000000000000e+01,USD,Completed,
ORD-11004,2026-07-19,10294885,1,2.720000000000000e+00,USD,Completed,10%
ORD-11004,2026-07-19,1226940529,1,3.210000000000000e+00,USD,Completed,
ORD-11005,2026-07-19,5344195287,2,2.199000000000000e+01,USD,Completed,
ORD-11006,2026-07-19,2232013390,1,6.980000000000000e+00,USD,Shipped,
ORD-11006,2026-07-19,5417683805,4,1.498000000000000e+01,USD,Shipped,
ORD-11006,2026-07-19,385780287,1,5.198000000000000e+01,USD,Completed,
ORD-11007,2026-07-19,729322559,2,24,USD,Completed,
ORD-11008,2026-07-19,2200709686,4,1.408000000000000e+02,USD,Shipped,
ORD-11008,2026-07-19,6494751477,2,1.499000000000000e+01,USD,Completed,
ORD-11009,2026-07-19,5219876777,2,6.130000000000000e+00,USD,Shipped,
ORD-11009,2026-07-19,5662896790,2,2.594000000000000e+01,USD,Shipped,
ORD-11010,2026-07-19,112580004,2,2.549000000000000e+01,USD,Completed,
ORD-11010,2026-07-19,321811404,3,2.799000000000000e+01,USD,Completed,
ORD-11011,2026-07-19,676413174,3,6.970000000000000e+00,USD,Completed,10%
ORD-11012,2026-07-19,5164703747,3,6.090000000000000e+00,USD,Completed,
ORD-11012,2026-07-19,1184268274,3,9.869999999999999e+00,USD,Shipped,
ORD-11013,2026-07-19,945882097,4,1.975000000000000e+01,USD,Completed,
ORD-11014,2026-07-19,5057611924,1,3.599000000000000e+01,USD,Completed,
ORD-11015,2026-07-19,1728596655,4,1.398000000000000e+01,USD,Completed,
ORD-11015,2026-07-19,945882097,3,1.975000000000000e+01,USD,Shipped,
ORD-11016,2026-07-19,1560005587,4,4.658000000000000e+01,USD,Completed,
ORD-11016,2026-07-19,5502936471,3,1.499000000000000e+01,USD,Completed,
ORD-11017,2026-07-19,1426167428,4,1.599000000000000e+01,USD,Completed,
ORD-11017,2026-07-19,5316176929,4,9.980000000000000e+00,USD,Completed,
ORD-11018,2026-07-19,389782477,1,1.240000000000000e+00,USD,Completed,10%
ORD-11019,2026-07-19,829098148,3,5.199000000000000e+01,USD,Completed,10%
ORD-11019,2026-07-19,229653852,2,1.399000000000000e+01,USD,Completed,
ORD-11020,2026-07-19,5480667546,4,1.040000000000000e+01,USD,Completed,
ORD-11021,2026-07-19,5439347407,4,5.699900000000000e+02,USD,Completed,
ORD-11022,2026-07-19,5329337627,1,24,USD,Shipped,
ORD-11022,2026-07-19,3423574153,4,1.166600000000000e+02,USD,Completed,
ORD-11022,2026-07-19,5260887729,3,1.999000000000000e+01,USD,Completed,
ORD-11023,2026-07-19,885092913,1,3.330000000000000e+01,USD,Completed,
ORD-11023,2026-07-19,431812530,1,1.998000000000000e+01,USD,Completed,
ORD-11024,2026-07-19,6013308220,4,3.324000000000000e+01,USD,Completed,
ORD-11024,2026-07-19,3402143185,4,3.280000000000000e+00,USD,Completed,
ORD-11025,2026-07-19,5323625259,1,25,USD,Completed,
ORD-11026,2026-07-19,17245067,1,123,USD,Completed,10%
ORD-11027,2026-07-19,3402143185,1,3.280000000000000e+00,USD,Shipped,10%
ORD-11027,2026-07-19,422458903,2,1.998000000000000e+01,USD,Completed,
ORD-11028,2026-07-19,179112912,1,4.186000000000000e+01,USD,Completed,
ORD-11029,2026-07-19,615343705,3,2.767000000000000e+01,USD,Completed,
ORD-11030,2026-07-19,161657830,4,4.999000000000000e+01,USD,Completed,
ORD-11031,2026-07-19,512420879,1,9.990000000000000e+00,USD,Completed,
ORD-11031,2026-07-19,871530694,2,2.393000000000000e+01,USD,Completed,
ORD-11031,2026-07-19,259195843,3,2.995000000000000e+01,USD,Completed,
ORD-11032,2026-07-19,1649464157,1,1.799000000000000e+01,USD,Completed,
ORD-11033,2026-07-19,422458903,1,1.998000000000000e+01,USD,Completed,
ORD-11034,2026-07-19,261700925,4,6.930000000000000e+01,USD,Completed,
ORD-11034,2026-07-19,1774925941,4,6.998999999999999e+01,USD,Completed,10%
ORD-11035,2026-07-19,602748918,1,1.499000000000000e+01,USD,Completed,
ORD-11035,2026-07-19,1543169305,3,1.299000000000000e+01,USD,Completed,
ORD-11036,2026-07-19,5753314187,3,1.999000000000000e+01,USD,Completed,
ORD-11036,2026-07-19,885092913,1,3.330000000000000e+01,USD,Completed,
ORD-11036,2026-07-19,2097897368,2,3.597000000000000e+01,USD,Completed,10%
ORD-11037,2026-07-19,546469522,1,1.499000000000000e+01,USD,Completed,
ORD-11037,2026-07-19,27230944,4,3.343000000000000e+01,USD,Completed,
ORD-11038,2026-07-19,265927683,2,1.799000000000000e+01,USD,Completed,
ORD-11038,2026-07-19,904020893,2,4.649000000000000e+01,USD,Completed,
ORD-11038,2026-07-19,1974609871,2,1.495000000000000e+01,USD,Completed,10%
ORD-11039,2026-07-19,667101829,3,9.995000000000000e+01,USD,Completed,
ORD-11039,2026-07-19,411359040,2,30,USD,Completed,
ORD-11040,2026-07-19,1097677016,2,2.499000000000000e+01,USD,Completed,
ORD-11041,2026-07-19,786691113,1,1.053000000000000e+01,USD,Completed,
ORD-11042,2026-07-19,1097677016,1,2.499000000000000e+01,USD,Completed,
ORD-11042,2026-07-19,5663974279,1,1.994000000000000e+01,USD,Completed,10%
ORD-11042,2026-07-19,469036214,4,2.049900000000000e+02,USD,Completed,10%
ORD-11043,2026-07-19,173530386,1,2.290000000000000e+01,USD,Completed,
ORD-11043,2026-07-19,1426167428,3,1.599000000000000e+01,USD,Completed,
ORD-11044,2026-07-19,618032539,4,1.299000000000000e+01,USD,Shipped,10%
ORD-11044,2026-07-19,126699313,4,1.820000000000000e+00,USD,Shipped,
ORD-11044,2026-07-19,2570740977,4,3.399000000000000e+01,USD,Completed,
ORD-11045,2026-07-19,389782477,3,1.240000000000000e+00,USD,Completed,
ORD-11046,2026-07-19,259195843,1,2.995000000000000e+01,USD,Completed,
ORD-11047,2026-07-19,391028302,1,1.078000000000000e+01,USD,Completed,
ORD-11047,2026-07-19,2017664333,2,99,USD,Shipped,
ORD-11048,2026-07-19,2868760641,1,2.399000000000000e+01,USD,Completed,
ORD-11048,2026-07-19,34203165,1,1.673000000000000e+01,USD,Completed,
ORD-11048,2026-07-19,5768017984,2,6.660000000000000e+00,USD,Completed,
ORD-11049,2026-07-19,37684787,2,1.320000000000000e+01,USD,Completed,10%
ORD-11049,2026-07-19,1336755092,1,1.499000000000000e+01,USD,Completed,
ORD-11050,2026-07-19,3808974443,3,4.980000000000000e+00,USD,Completed,
ORD-11050,2026-07-19,422458903,2,1.998000000000000e+01,USD,Completed,
ORD-11051,2026-07-19,781490570,3,1.499000000000000e+01,USD,Completed,
ORD-11052,2026-07-19,952556801,2,2.899000000000000e+01,USD,Completed,
ORD-11052,2026-07-19,1995467623,1,2.399000000000000e+01,USD,Completed,
ORD-11053,2026-07-19,180450545,1,1.464000000000000e+02,USD,Completed,
ORD-11054,2026-07-19,373855792,1,2.296000000000000e+01,USD,Completed,
ORD-11054,2026-07-19,422458903,1,1.998000000000000e+01,USD,Completed,
ORD-11054,2026-07-19,189455189,1,7.298999999999999e+01,USD,Completed,
ORD-11055,2026-07-19,2844883584,2,2.494000000000000e+01,USD,Completed,
ORD-11056,2026-07-19,5262717138,1,2.597000000000000e+01,USD,Completed,
ORD-11056,2026-07-19,5273430664,1,16,USD,Completed,
ORD-11057,2026-07-19,362341632,1,9.990000000000000e+00,USD,Completed,10%
ORD-11057,2026-07-19,668480724,3,2.499000000000000e+01,USD,Completed,
ORD-11058,2026-07-19,5397071399,2,1.299000000000000e+01,USD,Shipped,
ORD-11058,2026-07-19,2002762091,3,2.999000000000000e+01,USD,Shipped,
ORD-11059,2026-07-19,412531616,3,2.999000000000000e+01,USD,Completed,
ORD-11060,2026-07-19,5658552152,1,1.499000000000000e+01,USD,Completed,
ORD-11060,2026-07-19,152355819,1,5.624000000000000e+01,USD,Shipped,
ORD-11061,2026-07-19,230846860,4,3.299000000000000e+01,USD,Completed,10%
ORD-11061,2026-07-19,2017664333,1,99,USD,Completed,
ORD-11062,2026-07-19,5053396247,2,1.499000000000000e+01,USD,Completed,
ORD-11062,2026-07-19,1009224046,4,2.199000000000000e+01,USD,Completed,
ORD-11063,2026-07-19,602748918,4,1.499000000000000e+01,USD,Completed,10%
ORD-11063,2026-07-19,1856819911,1,6.290000000000000e+00,USD,Shipped,
ORD-11063,2026-07-19,887668036,2,4.139000000000000e+01,USD,Shipped,
ORD-11064,2026-07-19,265927683,1,1.799000000000000e+01,USD,Completed,10%
ORD-11064,2026-07-19,431812530,1,1.998000000000000e+01,USD,Shipped,
ORD-11065,2026-07-19,173530386,2,2.290000000000000e+01,USD,Shipped,
ORD-11065,2026-07-19,859305074,1,1.969000000000000e+01,USD,Completed,
ORD-11065,2026-07-19,6126862324,4,3.497000000000000e+01,USD,Completed,
ORD-11066,2026-07-19,331094227,1,3.999000000000000e+01,USD,Completed,
ORD-11066,2026-07-19,5658552152,4,1.499000000000000e+01,USD,Completed,
ORD-11067,2026-07-19,790957653,4,1.245000000000000e+01,USD,Completed,
ORD-11067,2026-07-19,287819116,3,2.629000000000000e+01,USD,Completed,10%
ORD-11068,2026-07-19,34203165,4,1.673000000000000e+01,USD,Completed,
ORD-11068,2026-07-19,1184654530,1,1.999000000000000e+01,USD,Completed,
ORD-11068,2026-07-19,1204774750,1,6.898999999999999e+01,USD,Completed,
ORD-11069,2026-07-19,615343705,3,2.767000000000000e+01,USD,Completed,
ORD-11069,2026-07-19,382394597,2,1.688000000000000e+01,USD,Completed,
ORD-11069,2026-07-19,3808974443,1,4.980000000000000e+00,USD,Completed,10%
ORD-11070,2026-07-19,2007589965,1,1.471990000000000e+03,USD,Shipped,
ORD-11070,2026-07-19,1995467623,2,2.399000000000000e+01,USD,Completed,
ORD-11070,2026-07-19,1774083175,4,2.999000000000000e+01,USD,Completed,
ORD-11071,2026-07-19,10801127,4,1.980000000000000e+00,USD,Completed,
ORD-11071,2026-07-19,5366405121,4,1.299000000000000e+01,USD,Completed,
ORD-11072,2026-07-19,5053396247,4,1.499000000000000e+01,USD,Completed,
ORD-11072,2026-07-19,182543171,1,4.860000000000000e+00,USD,Completed,
ORD-11072,2026-07-19,152355819,2,5.624000000000000e+01,USD,Completed,
ORD-11073,2026-07-19,1997340049,1,2.399000000000000e+01,USD,Shipped,10%
ORD-11073,2026-07-19,422458903,4,1.998000000000000e+01,USD,Shipped,
ORD-11074,2026-07-19,531529503,1,2.339000000000000e+01,USD,Completed,
ORD-11074,2026-07-19,1336755092,1,1.499000000000000e+01,USD,Completed,10%
ORD-11074,2026-07-19,1932369237,4,3.299000000000000e+01,USD,Shipped,
ORD-11075,2026-07-19,2007589965,2,1.471990000000000e+03,USD,Shipped,10%
ORD-11075,2026-07-19,907847604,2,2.210000000000000e+01,USD,Completed,
ORD-11075,2026-07-19,829098148,2,5.199000000000000e+01,USD,Completed,
ORD-11076,2026-07-19,5642502722,4,3.239000000000000e+01,USD,Completed,10%
ORD-11076,2026-07-19,744949530,4,1.799000000000000e+01,USD,Completed,
ORD-11077,2026-07-19,896931395,4,1.529000000000000e+01,USD,Completed,
ORD-11077,2026-07-19,832929384,3,2.795000000000000e+01,USD,Completed,10%
ORD-11078,2026-07-19,618032539,2,1.299000000000000e+01,USD,Completed,
ORD-11078,2026-07-19,1063134991,2,1.599000000000000e+01,USD,Shipped,
ORD-11078,2026-07-19,432928663,2,2.880000000000000e+01,USD,Completed,
ORD-11079,2026-07-19,5045669548,3,2.999000000000000e+01,USD,Completed,10%
ORD-11079,2026-07-19,3046604016,2,5.299000000000000e+01,USD,Completed,10%
ORD-11080,2026-07-19,179112912,4,4.186000000000000e+01,USD,Completed,
ORD-11080,2026-07-19,1097677016,1,2.499000000000000e+01,USD,Completed,
ORD-11081,2026-07-19,2007589965,1,1.471990000000000e+03,USD,Shipped,10%
ORD-11081,2026-07-19,54973324,4,2.407000000000000e+01,USD,Completed,10%
ORD-11081,2026-07-19,5209344136,4,2.999000000000000e+01,USD,Completed,
ORD-11082,2026-07-19,199440001,3,3.077000000000000e+01,USD,Completed,10%
ORD-11082,2026-07-19,408608184,1,8.970000000000001e+00,USD,Completed,10%
ORD-11083,2026-07-19,2010024322,3,8.880000000000001e+00,USD,Shipped,
ORD-11083,2026-07-19,1093743201,2,2.599000000000000e+01,USD,Completed,
ORD-11084,2026-07-19,871530694,1,2.393000000000000e+01,USD,Completed,
ORD-11084,2026-07-19,257806313,3,1.954000000000000e+01,USD,Completed,10%
ORD-11085,2026-07-19,1210385172,2,3.959000000000000e+01,USD,Completed,
ORD-11086,2026-07-19,896599636,4,2.719000000000000e+01,USD,Completed,
ORD-11086,2026-07-19,5045669548,2,2.999000000000000e+01,USD,Completed,
ORD-11087,2026-07-19,1613734417,4,2.580000000000000e+01,USD,Completed,
ORD-11087,2026-07-19,3212008907,1,3,USD,Completed,
ORD-11087,2026-07-19,369367315,2,2.999000000000000e+01,USD,Completed,
ORD-11088,2026-07-19,293084792,4,44,USD,Completed,
ORD-11088,2026-07-19,6013308220,3,3.324000000000000e+01,USD,Completed,
ORD-11089,2026-07-19,382394597,4,1.688000000000000e+01,USD,Completed,
ORD-11089,2026-07-19,588404711,2,8.909999999999999e+01,USD,Completed,
ORD-11089,2026-07-19,3046604016,2,5.299000000000000e+01,USD,Completed,
ORD-11090,2026-07-19,887668036,3,4.139000000000000e+01,USD,Completed,
ORD-11090,2026-07-19,5753314187,1,1.999000000000000e+01,USD,Completed,
ORD-11090,2026-07-19,1500372373,1,8,USD,Completed,
ORD-11091,2026-07-19,28926816,3,7.940000000000000e+00,USD,Shipped,
ORD-11091,2026-07-19,3440558193,1,2.198000000000000e+01,USD,Completed,10%
ORD-11091,2026-07-19,5292671987,1,1.762900000000000e+02,USD,Completed,
ORD-11092,2026-07-19,5753314187,2,1.999000000000000e+01,USD,Completed,10%
ORD-11093,2026-07-19,1825469871,2,1.699000000000000e+01,USD,Shipped,
ORD-11093,2026-07-19,781490570,3,1.499000000000000e+01,USD,Completed,10%
ORD-11094,2026-07-19,3824041405,1,6.744000000000000e+01,USD,Completed,
ORD-11094,2026-07-19,908201566,1,1.056000000000000e+01,USD,Shipped,
ORD-11094,2026-07-19,5264765893,4,2.999000000000000e+01,USD,Shipped,
ORD-11095,2026-07-19,904020893,2,4.649000000000000e+01,USD,Completed,10%
ORD-11095,2026-07-19,5540168677,3,2.999000000000000e+01,USD,Completed,
ORD-11096,2026-07-19,100662878,1,2.199000000000000e+01,USD,Completed,
ORD-11097,2026-07-19,34203165,3,1.673000000000000e+01,USD,Completed,
ORD-11097,2026-07-19,1097677016,3,2.499000000000000e+01,USD,Completed,
ORD-11097,2026-07-19,555974352,4,3.605000000000000e+01,USD,Completed,
ORD-11098,2026-07-19,5366405121,4,1.299000000000000e+01,USD,Completed,
ORD-11098,2026-07-19,781490570,4,1.499000000000000e+01,USD,Completed,
ORD-11098,2026-07-19,34203165,1,1.673000000000000e+01,USD,Completed,
ORD-11099,2026-07-19,455894581,1,2.999000000000000e+01,USD,Completed,
ORD-11100,2026-07-19,1184268274,2,9.869999999999999e+00,USD,Completed,
ORD-11100,2026-07-19,2113674813,3,1.168000000000000e+02,USD,Completed,
ORD-11101,2026-07-19,232510830,3,4.999000000000000e+01,USD,Completed,
ORD-11102,2026-07-19,381632255,3,7.298999999999999e+01,USD,Completed,
ORD-11102,2026-07-19,199440001,2,3.077000000000000e+01,USD,Completed,
ORD-11102,2026-07-19,261700925,3,6.930000000000000e+01,USD,Completed,10%
ORD-11103,2026-07-19,393101003,2,1.986000000000000e+01,USD,Completed,
ORD-11104,2026-07-19,179112912,4,4.186000000000000e+01,USD,Shipped,
ORD-11104,2026-07-19,5323625259,4,25,USD,Shipped,
ORD-11105,2026-07-19,1037166405,4,2.390000000000000e+01,USD,Completed,
ORD-11106,2026-07-19,5150469476,4,6.399000000000000e+01,USD,Shipped,
ORD-11106,2026-07-19,788450043,1,1.299000000000000e+01,USD,Completed,
ORD-11107,2026-07-19,2363655537,1,4.950000000000000e+01,USD,Shipped,10%
ORD-11107,2026-07-19,5168273880,4,1.198000000000000e+01,USD,Completed,
ORD-11108,2026-07-19,5366405121,4,1.299000000000000e+01,USD,Completed,
ORD-11108,2026-07-19,33685485,1,1.119000000000000e+01,USD,Completed,
ORD-11108,2026-07-19,5182915849,4,1.998000000000000e+01,USD,Shipped,
ORD-11109,2026-07-19,412531616,1,2.999000000000000e+01,USD,Shipped,
ORD-11109,2026-07-19,839659160,1,4.999000000000000e+01,USD,Completed,
ORD-11110,2026-07-19,667101829,3,9.995000000000000e+01,USD,Completed,
ORD-11110,2026-07-19,3808974443,3,4.980000000000000e+00,USD,Completed,
ORD-11110,2026-07-19,602315286,1,2.250000000000000e+01,USD,Completed,
ORD-11111,2026-07-19,10294885,4,2.720000000000000e+00,USD,Completed,
ORD-11111,2026-07-19,5502936471,3,1.499000000000000e+01,USD,Completed,
ORD-11111,2026-07-19,1649464157,1,1.799000000000000e+01,USD,Completed,
ORD-11112,2026-07-19,606223683,3,2.862000000000000e+01,USD,Completed,
ORD-11112,2026-07-19,141988874,4,5.850000000000000e+00,USD,Completed,
ORD-11113,2026-07-19,5150469476,2,6.399000000000000e+01,USD,Completed,
ORD-11114,2026-07-19,5768017984,4,6.660000000000000e+00,USD,Completed,
ORD-11114,2026-07-19,1063134991,4,1.599000000000000e+01,USD,Completed,
ORD-11114,2026-07-19,3588670272,2,1.599000000000000e+01,USD,Completed,10%
ORD-11115,2026-07-19,6494751477,2,1.499000000000000e+01,USD,Completed,
ORD-11116,2026-07-19,412531616,4,2.999000000000000e+01,USD,Completed,
ORD-11116,2026-07-19,555974352,3,3.605000000000000e+01,USD,Completed,
ORD-11117,2026-07-19,2844883584,1,2.494000000000000e+01,USD,Completed,
ORD-11117,2026-07-19,264801526,4,2.249000000000000e+01,USD,Shipped,10%
ORD-11118,2026-07-19,5155961106,1,2.499000000000000e+01,USD,Completed,
ORD-11118,2026-07-19,2716531748,2,1.998000000000000e+01,USD,Shipped,
ORD-11119,2026-07-19,6838112687,2,2.920000000000000e+01,USD,Completed,
ORD-11120,2026-07-19,864008591,3,1.495000000000000e+01,USD,Completed,
ORD-11121,2026-07-19,54973324,2,2.407000000000000e+01,USD,Completed,
ORD-11121,2026-07-19,2968552747,2,9.630000000000001e+00,USD,Completed,
ORD-11121,2026-07-19,5344195287,3,2.199000000000000e+01,USD,Completed,
ORD-11122,2026-07-19,10308385,4,4.430000000000000e+00,USD,Shipped,
ORD-11123,2026-07-19,257806313,4,1.954000000000000e+01,USD,Completed,
ORD-11123,2026-07-19,781490570,4,1.499000000000000e+01,USD,Shipped,
ORD-11123,2026-07-19,2113674813,2,1.168000000000000e+02,USD,Completed,
ORD-11124,2026-07-19,469036214,2,2.049900000000000e+02,USD,Shipped,
ORD-11125,2026-07-19,2200709686,4,1.408000000000000e+02,USD,Completed,
ORD-11126,2026-07-19,5260887729,4,1.999000000000000e+01,USD,Completed,
ORD-11127,2026-07-19,753681550,3,1.560000000000000e+01,USD,Completed,
ORD-11127,2026-07-19,5753314187,2,1.999000000000000e+01,USD,Completed,
ORD-11127,2026-07-19,904020893,3,4.649000000000000e+01,USD,Completed,
ORD-11128,2026-07-19,871530694,3,2.393000000000000e+01,USD,Completed,
ORD-11129,2026-07-19,3588670272,1,1.599000000000000e+01,USD,Shipped,
ORD-11129,2026-07-19,3212008907,3,3,USD,Shipped,
ORD-11130,2026-07-19,696459227,2,1.461000000000000e+01,USD,Completed,
ORD-11130,2026-07-19,3511393855,3,25,USD,Completed,
ORD-11131,2026-07-19,2580740549,3,1.062000000000000e+01,USD,Shipped,
ORD-11131,2026-07-19,5295270812,2,3.549900000000000e+02,USD,Shipped,10%
ORD-11132,2026-07-19,2844883584,1,2.494000000000000e+01,USD,Completed,
ORD-11132,2026-07-19,310097871,4,1.499000000000000e+01,USD,Completed,10%
ORD-11132,2026-07-19,5057611924,1,3.599000000000000e+01,USD,Shipped,
ORD-11133,2026-07-19,864008591,4,1.495000000000000e+01,USD,Shipped,10%
ORD-11133,2026-07-19,1341833689,1,1.499000000000000e+01,USD,Shipped,
ORD-11134,2026-07-19,885092913,2,3.330000000000000e+01,USD,Completed,
ORD-11134,2026-07-19,5164703747,3,6.090000000000000e+00,USD,Completed,
ORD-11134,2026-07-19,1208578847,4,3.597000000000000e+01,USD,Completed,
ORD-11135,2026-07-19,247655086,3,4.797000000000000e+01,USD,Shipped,10%
ORD-11136,2026-07-19,6918363302,4,2.399000000000000e+01,USD,Completed,
ORD-11136,2026-07-19,891036133,3,2.209000000000000e+01,USD,Completed,
ORD-11136,2026-07-19,5327761690,2,2.499000000000000e+01,USD,Shipped,
ORD-11137,2026-07-19,48812370,3,9.789999999999999e+00,USD,Completed,
ORD-11137,2026-07-19,435835263,2,9.990000000000000e+00,USD,Completed,
ORD-11138,2026-07-19,1766457787,2,5.790000000000000e+00,USD,Completed,
ORD-11139,2026-07-19,381553241,1,1.399000000000000e+01,USD,Completed,
ORD-11140,2026-07-19,751510659,1,9.940000000000000e+00,USD,Shipped,
ORD-11140,2026-07-19,5353145797,1,1.079000000000000e+01,USD,Shipped,
ORD-11141,2026-07-19,5209344136,2,2.999000000000000e+01,USD,Completed,
ORD-11141,2026-07-19,5219876777,1,6.130000000000000e+00,USD,Completed,
ORD-11141,2026-07-19,5658552152,3,1.499000000000000e+01,USD,Completed,
ORD-11142,2026-07-19,5702523237,3,1.599000000000000e+01,USD,Completed,
ORD-11142,2026-07-19,2126911017,2,1.999000000000000e+01,USD,Completed,
ORD-11142,2026-07-19,100662878,2,2.199000000000000e+01,USD,Completed,
ORD-11143,2026-07-19,896931395,4,1.529000000000000e+01,USD,Shipped,
ORD-11143,2026-07-19,1336755092,3,1.499000000000000e+01,USD,Completed,10%
ORD-11143,2026-07-19,6126862324,2,3.497000000000000e+01,USD,Completed,
ORD-11144,2026-07-19,5344195287,3,2.199000000000000e+01,USD,Completed,
ORD-11144,2026-07-19,199440001,4,3.077000000000000e+01,USD,Shipped,
ORD-11145,2026-07-19,283514640,3,1.899000000000000e+01,USD,Completed,
ORD-11146,2026-07-19,485354607,2,4.299000000000000e+01,USD,Completed,
ORD-11146,2026-07-19,1974609871,2,1.495000000000000e+01,USD,Completed,
ORD-11147,2026-07-19,1727244137,1,7.598999999999999e+01,USD,Completed,
ORD-11147,2026-07-19,182543171,3,4.860000000000000e+00,USD,Completed,
ORD-11148,2026-07-19,2834781358,2,2.399900000000000e+02,USD,Completed,
ORD-11149,2026-07-19,2544735639,2,3.199000000000000e+01,USD,Completed,
ORD-11149,2026-07-19,5329337627,3,24,USD,Shipped,
ORD-11150,2026-07-19,1017487270,4,2.999000000000000e+01,USD,Shipped,
ORD-11150,2026-07-19,6126862324,2,3.497000000000000e+01,USD,Completed,
ORD-11150,2026-07-19,864008591,2,1.495000000000000e+01,USD,Shipped,
ORD-11151,2026-07-19,179112912,3,4.186000000000000e+01,USD,Completed,
ORD-11152,2026-07-19,5702523237,4,1.599000000000000e+01,USD,Completed,
ORD-11152,2026-07-19,5664556275,4,2.541000000000000e+01,USD,Shipped,
ORD-11152,2026-07-19,1336755092,3,1.499000000000000e+01,USD,Completed,
ORD-11153,2026-07-19,408608184,2,8.970000000000001e+00,USD,Completed,
ORD-11154,2026-07-19,6013308220,4,3.324000000000000e+01,USD,Shipped,
ORD-11154,2026-07-19,381553241,1,1.399000000000000e+01,USD,Completed,
ORD-11155,2026-07-19,1426167428,1,1.599000000000000e+01,USD,Completed,
ORD-11156,2026-07-19,696459227,4,1.461000000000000e+01,USD,Completed,10%
ORD-11156,2026-07-19,112580004,2,2.549000000000000e+01,USD,Completed,
ORD-11156,2026-07-19,321811404,1,2.799000000000000e+01,USD,Completed,
ORD-11157,2026-07-20,1336755092,1,1.499000000000000e+01,USD,Completed,
ORD-11158,2026-07-20,602315286,4,2.250000000000000e+01,USD,Shipped,
ORD-11158,2026-07-20,2007589965,4,1.471990000000000e+03,USD,Completed,10%
ORD-11158,2026-07-20,910055282,2,1.099000000000000e+01,USD,Completed,
ORD-11159,2026-07-20,1341833689,3,1.499000000000000e+01,USD,Completed,
ORD-11159,2026-07-20,696459227,1,1.461000000000000e+01,USD,Completed,10%
ORD-11160,2026-07-20,2128773109,1,3.999000000000000e+01,USD,Completed,
ORD-11160,2026-07-20,5262717138,1,2.597000000000000e+01,USD,Shipped,
ORD-11160,2026-07-20,10801127,4,1.980000000000000e+00,USD,Completed,
ORD-11161,2026-07-20,904020893,3,4.649000000000000e+01,USD,Completed,10%
ORD-11161,2026-07-20,5155961106,4,2.499000000000000e+01,USD,Shipped,
ORD-11161,2026-07-20,5205925876,2,1.922000000000000e+01,USD,Shipped,
ORD-11162,2026-07-20,27230944,1,3.343000000000000e+01,USD,Completed,
ORD-11163,2026-07-20,1774083175,1,2.999000000000000e+01,USD,Completed,
ORD-11164,2026-07-20,453089336,3,55,USD,Completed,
ORD-11164,2026-07-20,2570740977,3,3.399000000000000e+01,USD,Completed,10%
ORD-11164,2026-07-20,1560005587,1,4.658000000000000e+01,USD,Completed,
ORD-11165,2026-07-20,1615288442,1,1.499000000000000e+01,USD,Completed,
ORD-11165,2026-07-20,5618790028,1,1.499000000000000e+01,USD,Completed,10%
ORD-11166,2026-07-20,5439347407,4,5.699900000000000e+02,USD,Shipped,10%
ORD-11167,2026-07-20,5273430664,3,16,USD,Completed,
ORD-11168,2026-07-20,5353145797,1,1.079000000000000e+01,USD,Shipped,10%
ORD-11169,2026-07-20,5323625259,4,25,USD,Completed,
ORD-11169,2026-07-20,1426167428,4,1.599000000000000e+01,USD,Shipped,
ORD-11170,2026-07-20,2126911017,3,1.999000000000000e+01,USD,Completed,
ORD-11171,2026-07-20,953950834,4,2.795000000000000e+01,USD,Completed,
ORD-11172,2026-07-20,299112609,3,3.995000000000000e+01,USD,Shipped,
ORD-11172,2026-07-20,5043424192,2,1.799000000000000e+01,USD,Completed,
ORD-11173,2026-07-20,1722962454,1,1.035000000000000e+01,USD,Shipped,
ORD-11173,2026-07-20,3511393855,3,25,USD,Shipped,
ORD-11174,2026-07-20,1570467303,1,2.799000000000000e+01,USD,Completed,
ORD-11174,2026-07-20,54973324,4,2.407000000000000e+01,USD,Completed,
ORD-11174,2026-07-20,5219876777,3,6.130000000000000e+00,USD,Completed,
ORD-11175,2026-07-20,3053955490,2,1.619000000000000e+01,USD,Completed,
ORD-11176,2026-07-20,6045904134,4,2.499000000000000e+01,USD,Completed,
ORD-11177,2026-07-20,1009224046,2,2.199000000000000e+01,USD,Completed,
ORD-11177,2026-07-20,5062553620,1,9.840000000000000e+00,USD,Shipped,
ORD-11178,2026-07-20,588404711,3,8.909999999999999e+01,USD,Completed,
ORD-11178,2026-07-20,354688867,2,3.299000000000000e+01,USD,Completed,
ORD-11179,2026-07-20,1184654530,1,1.999000000000000e+01,USD,Completed,
ORD-11180,2026-07-20,422458903,2,1.998000000000000e+01,USD,Shipped,
ORD-11180,2026-07-20,2113674813,2,1.168000000000000e+02,USD,Completed,
ORD-11180,2026-07-20,1624985447,2,3.970000000000000e+00,USD,Shipped,10%
ORD-11181,2026-07-20,832929384,4,2.795000000000000e+01,USD,Shipped,
ORD-11181,2026-07-20,393101003,3,1.986000000000000e+01,USD,Completed,
ORD-11182,2026-07-20,1612728569,4,5.760000000000000e+01,USD,Completed,
ORD-11183,2026-07-20,1017487270,2,2.999000000000000e+01,USD,Completed,
ORD-11183,2026-07-20,790957653,2,1.245000000000000e+01,USD,Shipped,
ORD-11184,2026-07-20,5144555813,4,4.499000000000000e+01,USD,Completed,
ORD-11185,2026-07-20,1997340049,2,2.399000000000000e+01,USD,Completed,
ORD-11185,2026-07-20,46068414,3,1.613000000000000e+01,USD,Shipped,
ORD-11186,2026-07-20,1560005587,4,4.658000000000000e+01,USD,Shipped,10%
ORD-11187,2026-07-20,431812530,2,1.998000000000000e+01,USD,Completed,
ORD-11187,2026-07-20,259195843,3,2.995000000000000e+01,USD,Completed,
ORD-11188,2026-07-20,257806313,2,1.954000000000000e+01,USD,Completed,
ORD-11189,2026-07-20,5144555813,4,4.499000000000000e+01,USD,Shipped,
ORD-11190,2026-07-20,259195843,1,2.995000000000000e+01,USD,Completed,10%
ORD-11191,2026-07-20,786691113,2,1.053000000000000e+01,USD,Completed,
ORD-11192,2026-07-20,141757585,1,1.499000000000000e+01,USD,Shipped,
ORD-11192,2026-07-20,391028302,2,1.078000000000000e+01,USD,Completed,
ORD-11193,2026-07-20,3855217628,3,1.497000000000000e+01,USD,Completed,
ORD-11194,2026-07-20,2363655537,2,4.950000000000000e+01,USD,Completed,10%
ORD-11194,2026-07-20,5506488018,4,1.998000000000000e+01,USD,Completed,
ORD-11194,2026-07-20,1160636802,2,2.799000000000000e+01,USD,Completed,
ORD-11195,2026-07-20,5053396247,2,1.499000000000000e+01,USD,Completed,10%
ORD-11195,2026-07-20,5658552152,1,1.499000000000000e+01,USD,Completed,
ORD-11196,2026-07-20,5642502722,2,3.239000000000000e+01,USD,Completed,10%
ORD-11196,2026-07-20,887668036,1,4.139000000000000e+01,USD,Shipped,
ORD-11197,2026-07-20,199440001,4,3.077000000000000e+01,USD,Shipped,
ORD-11197,2026-07-20,1037166405,3,2.390000000000000e+01,USD,Completed,
ORD-11197,2026-07-20,265927683,1,1.799000000000000e+01,USD,Completed,
ORD-11198,2026-07-20,146144209,1,2.641000000000000e+01,USD,Completed,
ORD-11199,2026-07-20,871530694,1,2.393000000000000e+01,USD,Completed,
ORD-11199,2026-07-20,5043424192,2,1.799000000000000e+01,USD,Completed,
ORD-11200,2026-07-20,5664556275,3,2.541000000000000e+01,USD,Completed,10%
ORD-11201,2026-07-20,696459227,4,1.461000000000000e+01,USD,Shipped,
ORD-11202,2026-07-20,299112609,4,3.995000000000000e+01,USD,Completed,
ORD-11202,2026-07-20,6838112687,3,2.920000000000000e+01,USD,Shipped,
ORD-11202,2026-07-20,5184785010,1,2.299000000000000e+01,USD,Completed,
ORD-11203,2026-07-20,1983309413,3,4.499000000000000e+01,USD,Completed,10%
ORD-11203,2026-07-20,1613734417,1,2.580000000000000e+01,USD,Completed,
ORD-11203,2026-07-20,920987081,3,3.795000000000000e+01,USD,Completed,
ORD-11204,2026-07-20,5316176929,3,9.980000000000000e+00,USD,Completed,
ORD-11204,2026-07-20,3423574153,1,1.166600000000000e+02,USD,Completed,10%
ORD-11204,2026-07-20,1774925941,4,6.998999999999999e+01,USD,Shipped,
ORD-11205,2026-07-20,389782477,3,1.240000000000000e+00,USD,Completed,
ORD-11206,2026-07-20,283514640,1,1.899000000000000e+01,USD,Completed,
ORD-11206,2026-07-20,5327761690,1,2.499000000000000e+01,USD,Completed,
ORD-11206,2026-07-20,2128773109,2,3.999000000000000e+01,USD,Completed,
ORD-11207,2026-07-20,146144209,3,2.641000000000000e+01,USD,Completed,
ORD-11207,2026-07-20,5658552152,4,1.499000000000000e+01,USD,Shipped,
ORD-11208,2026-07-20,802163708,3,2.482000000000000e+01,USD,Completed,10%
ORD-11209,2026-07-20,864008591,4,1.495000000000000e+01,USD,Shipped,10%
ORD-11209,2026-07-20,781490570,2,1.499000000000000e+01,USD,Shipped,
ORD-11209,2026-07-20,1184654530,1,1.999000000000000e+01,USD,Completed,
ORD-11210,2026-07-20,5205925876,2,1.922000000000000e+01,USD,Shipped,
ORD-11210,2026-07-20,1226940529,2,3.210000000000000e+00,USD,Completed,
ORD-11210,2026-07-20,5045669548,1,2.999000000000000e+01,USD,Completed,10%
ORD-11211,2026-07-20,126699313,3,1.820000000000000e+00,USD,Completed,
ORD-11212,2026-07-20,22374157,1,7.960000000000000e+00,USD,Completed,
ORD-11213,2026-07-20,1462273455,2,9.100000000000000e-01,USD,Completed,
ORD-11213,2026-07-20,10997171,3,1.012000000000000e+01,USD,Completed,
ORD-11213,2026-07-20,431812530,3,1.998000000000000e+01,USD,Completed,10%
ORD-11214,2026-07-20,676413174,3,6.970000000000000e+00,USD,Completed,
ORD-11215,2026-07-20,5144555813,2,4.499000000000000e+01,USD,Completed,
ORD-11215,2026-07-20,180450545,4,1.464000000000000e+02,USD,Completed,
ORD-11215,2026-07-20,247655086,4,4.797000000000000e+01,USD,Completed,
ORD-11216,2026-07-20,27230944,3,3.343000000000000e+01,USD,Completed,
ORD-11216,2026-07-20,5053396247,4,1.499000000000000e+01,USD,Completed,
ORD-11216,2026-07-20,2749504314,3,1.999000000000000e+01,USD,Shipped,
ORD-11217,2026-07-20,6838112687,1,2.920000000000000e+01,USD,Completed,
ORD-11217,2026-07-20,2200709686,2,1.408000000000000e+02,USD,Completed,
ORD-11218,2026-07-20,37684787,1,1.320000000000000e+01,USD,Completed,
ORD-11218,2026-07-20,265927683,4,1.799000000000000e+01,USD,Completed,
ORD-11219,2026-07-20,10308385,2,4.430000000000000e+00,USD,Completed,10%
ORD-11219,2026-07-20,5219131585,4,1.399000000000000e+01,USD,Completed,
ORD-11220,2026-07-20,5184785010,4,2.299000000000000e+01,USD,Completed,
ORD-11220,2026-07-20,5045669548,2,2.999000000000000e+01,USD,Completed,
ORD-11220,2026-07-20,5618790028,3,1.499000000000000e+01,USD,Completed,
ORD-11221,2026-07-20,1037166405,1,2.390000000000000e+01,USD,Completed,
ORD-11222,2026-07-20,1613734417,2,2.580000000000000e+01,USD,Shipped,
ORD-11223,2026-07-20,5316176929,3,9.980000000000000e+00,USD,Completed,
ORD-11223,2026-07-20,952556801,3,2.899000000000000e+01,USD,Completed,
ORD-11223,2026-07-20,261700925,4,6.930000000000000e+01,USD,Completed,10%
ORD-11224,2026-07-20,453089336,1,55,USD,Completed,
ORD-11224,2026-07-20,1063134991,3,1.599000000000000e+01,USD,Completed,
ORD-11224,2026-07-20,435835263,2,9.990000000000000e+00,USD,Shipped,
ORD-11225,2026-07-20,1774925941,1,6.998999999999999e+01,USD,Shipped,
ORD-11225,2026-07-20,5184785010,2,2.299000000000000e+01,USD,Completed,
ORD-11225,2026-07-20,859305074,4,1.969000000000000e+01,USD,Completed,
ORD-11226,2026-07-20,431812530,2,1.998000000000000e+01,USD,Completed,
ORD-11226,2026-07-20,1093743201,2,2.599000000000000e+01,USD,Shipped,
ORD-11227,2026-07-20,182543171,4,4.860000000000000e+00,USD,Completed,
ORD-11228,2026-07-20,864008591,2,1.495000000000000e+01,USD,Shipped,
ORD-11228,2026-07-20,3511393855,3,25,USD,Completed,
ORD-11228,2026-07-20,5323625259,2,25,USD,Completed,10%
ORD-11229,2026-07-20,257806313,4,1.954000000000000e+01,USD,Completed,
ORD-11229,2026-07-20,5045669548,2,2.999000000000000e+01,USD,Completed,
ORD-11229,2026-07-20,370694829,4,2.495000000000000e+01,USD,Completed,10%
ORD-11230,2026-07-20,5702523237,2,1.599000000000000e+01,USD,Completed,
ORD-11230,2026-07-20,182543171,3,4.860000000000000e+00,USD,Completed,
ORD-11231,2026-07-20,3511393855,3,25,USD,Completed,
ORD-11231,2026-07-20,615343705,4,2.767000000000000e+01,USD,Completed,
ORD-11231,2026-07-20,5291664103,1,1.383000000000000e+01,USD,Completed,10%
ORD-11232,2026-07-20,802163708,1,2.482000000000000e+01,USD,Shipped,
ORD-11232,2026-07-20,293084792,2,44,USD,Completed,
ORD-11232,2026-07-20,829098148,3,5.199000000000000e+01,USD,Completed,
ORD-11233,2026-07-20,1764748346,4,1.598000000000000e+01,USD,Shipped,
ORD-11233,2026-07-20,110779998,4,2.999000000000000e+01,USD,Completed,
ORD-11233,2026-07-20,37684787,2,1.320000000000000e+01,USD,Completed,
ORD-11234,2026-07-20,1997340049,3,2.399000000000000e+01,USD,Completed,
ORD-11235,2026-07-20,180450545,2,1.464000000000000e+02,USD,Completed,
ORD-11235,2026-07-20,891036133,4,2.209000000000000e+01,USD,Completed,
ORD-11235,2026-07-20,287819116,4,2.629000000000000e+01,USD,Shipped,
ORD-11236,2026-07-20,247655086,1,4.797000000000000e+01,USD,Completed,10%
ORD-11236,2026-07-20,1728596655,1,1.398000000000000e+01,USD,Completed,
ORD-11236,2026-07-20,5158180497,3,9.279999999999999e+00,USD,Completed,
ORD-11237,2026-07-20,3046604016,3,5.299000000000000e+01,USD,Shipped,
ORD-11238,2026-07-20,5809585615,2,1.595000000000000e+01,USD,Shipped,
ORD-11238,2026-07-20,5144555813,3,4.499000000000000e+01,USD,Completed,
ORD-11238,2026-07-20,5295270812,1,3.549900000000000e+02,USD,Completed,
ORD-11239,2026-07-20,1897403279,1,1.189000000000000e+01,USD,Shipped,
ORD-11239,2026-07-20,5702032013,2,4.488000000000000e+01,USD,Completed,
ORD-11239,2026-07-20,871349337,3,2.738000000000000e+01,USD,Completed,10%
ORD-11240,2026-07-20,693758408,2,1.709000000000000e+01,USD,Shipped,
ORD-11241,2026-07-20,485354607,1,4.299000000000000e+01,USD,Completed,
ORD-11242,2026-07-20,5327761690,4,2.499000000000000e+01,USD,Shipped,10%
ORD-11243,2026-07-20,2126911017,4,1.999000000000000e+01,USD,Completed,
ORD-11243,2026-07-20,887668036,3,4.139000000000000e+01,USD,Completed,
ORD-11243,2026-07-20,393101003,2,1.986000000000000e+01,USD,Completed,10%
ORD-11244,2026-07-20,287819116,1,2.629000000000000e+01,USD,Completed,
ORD-11244,2026-07-20,1323968162,1,3.554000000000000e+01,USD,Shipped,
ORD-11245,2026-07-20,112580004,3,2.549000000000000e+01,USD,Completed,
ORD-11245,2026-07-20,2138573500,2,1.599000000000000e+01,USD,Completed,
ORD-11245,2026-07-20,381632255,1,7.298999999999999e+01,USD,Shipped,
ORD-11246,2026-07-20,2749504314,2,1.999000000000000e+01,USD,Completed,
ORD-11247,2026-07-20,6045904134,3,2.499000000000000e+01,USD,Completed,
ORD-11247,2026-07-20,37684787,2,1.320000000000000e+01,USD,Completed,
ORD-11248,2026-07-20,5480667546,4,1.040000000000000e+01,USD,Completed,
ORD-11248,2026-07-20,1722962454,2,1.035000000000000e+01,USD,Completed,
ORD-11249,2026-07-20,306465658,2,5.499000000000000e+01,USD,Shipped,10%
ORD-11249,2026-07-20,744949530,3,1.799000000000000e+01,USD,Completed,
ORD-11250,2026-07-20,512420879,2,9.990000000000000e+00,USD,Completed,10%
ORD-11251,2026-07-20,10801127,3,1.980000000000000e+00,USD,Completed,
ORD-11251,2026-07-20,753681550,2,1.560000000000000e+01,USD,Completed,
ORD-11252,2026-07-20,6013308220,2,3.324000000000000e+01,USD,Completed,
ORD-11252,2026-07-20,907847604,2,2.210000000000000e+01,USD,Shipped,
ORD-11253,2026-07-20,1160636802,2,2.799000000000000e+01,USD,Completed,
ORD-11253,2026-07-20,1323968162,4,3.554000000000000e+01,USD,Completed,
ORD-11253,2026-07-20,331094227,1,3.999000000000000e+01,USD,Completed,
ORD-11254,2026-07-20,182543171,4,4.860000000000000e+00,USD,Completed,
ORD-11254,2026-07-20,5144555813,2,4.499000000000000e+01,USD,Completed,
ORD-11255,2026-07-20,161657830,3,4.999000000000000e+01,USD,Shipped,
ORD-11256,2026-07-20,10308385,3,4.430000000000000e+00,USD,Shipped,
ORD-11256,2026-07-20,2232013390,4,6.980000000000000e+00,USD,Completed,
ORD-11256,2026-07-20,1331751223,4,1.388000000000000e+01,USD,Completed,
ORD-11257,2026-07-20,6126862324,2,3.497000000000000e+01,USD,Completed,
ORD-11257,2026-07-20,287819116,2,2.629000000000000e+01,USD,Completed,
ORD-11257,2026-07-20,5155961106,3,2.499000000000000e+01,USD,Shipped,
ORD-11258,2026-07-20,1231760315,3,1.999000000000000e+01,USD,Completed,
ORD-11258,2026-07-20,1649464157,4,1.799000000000000e+01,USD,Shipped,
ORD-11258,2026-07-20,2113674813,1,1.168000000000000e+02,USD,Completed,
ORD-11259,2026-07-20,2503512087,4,1.080000000000000e+01,USD,Shipped,
ORD-11260,2026-07-20,5264765893,1,2.999000000000000e+01,USD,Completed,10%
ORD-11260,2026-07-20,5327761690,3,2.499000000000000e+01,USD,Shipped,
ORD-11261,2026-07-20,1825469871,1,1.699000000000000e+01,USD,Completed,
ORD-11261,2026-07-20,569572519,1,2.175000000000000e+01,USD,Completed,
ORD-11261,2026-07-20,1226247035,1,1.988000000000000e+01,USD,Completed,10%
ORD-11262,2026-07-20,887668036,3,4.139000000000000e+01,USD,Completed,
ORD-11262,2026-07-20,944207748,2,3.899000000000000e+01,USD,Completed,
ORD-11262,2026-07-20,173530386,4,2.290000000000000e+01,USD,Completed,
ORD-11263,2026-07-20,3824041405,3,6.744000000000000e+01,USD,Completed,
ORD-11263,2026-07-20,10309083,4,8.990000000000000e+00,USD,Completed,
ORD-11264,2026-07-20,1359948905,3,3.277000000000000e+01,USD,Completed,
ORD-11265,2026-07-20,529767263,2,4.847000000000000e+01,USD,Completed,
ORD-11266,2026-07-20,1792864118,3,5.790000000000000e+00,USD,Completed,10%
ORD-11266,2026-07-20,790957653,4,1.245000000000000e+01,USD,Completed,
ORD-11266,2026-07-20,2097897368,2,3.597000000000000e+01,USD,Completed,
ORD-11267,2026-07-20,283514640,1,1.899000000000000e+01,USD,Completed,
ORD-11267,2026-07-20,5260887729,4,1.999000000000000e+01,USD,Completed,
ORD-11268,2026-07-20,453089336,4,55,USD,Shipped,
ORD-11269,2026-07-20,230846860,1,3.299000000000000e+01,USD,Completed,
ORD-11269,2026-07-20,5291664103,3,1.383000000000000e+01,USD,Completed,
ORD-11269,2026-07-20,1323968162,2,3.554000000000000e+01,USD,Completed,
ORD-11270,2026-07-20,885092913,4,3.330000000000000e+01,USD,Completed,10%
ORD-11270,2026-07-20,944207748,2,3.899000000000000e+01,USD,Completed,
ORD-11271,2026-07-20,891036133,3,2.209000000000000e+01,USD,Completed,10%
ORD-11271,2026-07-20,10997171,2,1.012000000000000e+01,USD,Completed,
ORD-11272,2026-07-20,3440558193,4,2.198000000000000e+01,USD,Completed,
ORD-11272,2026-07-20,232510830,3,4.999000000000000e+01,USD,Completed,
ORD-11273,2026-07-20,161657830,1,4.999000000000000e+01,USD,Completed,
ORD-11273,2026-07-20,1462273455,2,9.100000000000000e-01,USD,Completed,
ORD-11274,2026-07-20,5182915849,1,1.998000000000000e+01,USD,Completed,
ORD-11274,2026-07-20,381553241,1,1.399000000000000e+01,USD,Completed,
ORD-11274,2026-07-20,5809585615,4,1.595000000000000e+01,USD,Completed,10%
ORD-11275,2026-07-20,3483895520,1,1.297000000000000e+01,USD,Completed,
ORD-11275,2026-07-20,22374157,1,7.960000000000000e+00,USD,Completed,
ORD-11275,2026-07-20,1500372373,1,8,USD,Completed,
ORD-11276,2026-07-20,1570467303,4,2.799000000000000e+01,USD,Completed,
ORD-11277,2026-07-20,2232013390,4,6.980000000000000e+00,USD,Completed,
ORD-11277,2026-07-20,373855792,3,2.296000000000000e+01,USD,Completed,
ORD-11277,2026-07-20,2128773109,2,3.999000000000000e+01,USD,Completed,
ORD-11278,2026-07-20,693758408,4,1.709000000000000e+01,USD,Completed,
ORD-11279,2026-07-20,5295270812,1,3.549900000000000e+02,USD,Shipped,
ORD-11279,2026-07-20,2128773109,4,3.999000000000000e+01,USD,Completed,
ORD-11279,2026-07-20,2716531748,3,1.998000000000000e+01,USD,Completed,
ORD-11280,2026-07-20,2637400158,3,2.399000000000000e+01,USD,Completed,
ORD-11281,2026-07-20,242303426,3,8.720000000000001e+00,USD,Completed,
ORD-11281,2026-07-20,5043424192,4,1.799000000000000e+01,USD,Completed,10%
ORD-11281,2026-07-20,2785607950,3,9.269000000000000e+01,USD,Completed,
ORD-11282,2026-07-20,5702032013,2,4.488000000000000e+01,USD,Completed,10%
ORD-11282,2026-07-20,453089336,4,55,USD,Completed,
ORD-11283,2026-07-20,974265277,4,1.116200000000000e+02,USD,Shipped,
ORD-11283,2026-07-20,1184268274,3,9.869999999999999e+00,USD,Completed,
ORD-11283,2026-07-20,1974609871,3,1.495000000000000e+01,USD,Completed,10%
ORD-11284,2026-07-20,5417683805,1,1.498000000000000e+01,USD,Completed,
ORD-11284,2026-07-20,5205925876,4,1.922000000000000e+01,USD,Shipped,
ORD-11284,2026-07-20,1093743201,4,2.599000000000000e+01,USD,Completed,
ORD-11285,2026-07-20,5155961106,3,2.499000000000000e+01,USD,Completed,
ORD-11285,2026-07-20,2166765925,4,1.975000000000000e+01,USD,Shipped,
ORD-11285,2026-07-20,2747441586,1,2.999000000000000e+01,USD,Completed,
ORD-11286,2026-07-20,1226940529,4,3.210000000000000e+00,USD,Shipped,
ORD-11287,2026-07-20,1624985447,4,3.970000000000000e+00,USD,Completed,
ORD-11287,2026-07-20,859305074,2,1.969000000000000e+01,USD,Completed,
ORD-11288,2026-07-20,199440001,2,3.077000000000000e+01,USD,Shipped,
ORD-11288,2026-07-20,485354607,3,4.299000000000000e+01,USD,Completed,10%
ORD-11289,2026-07-20,393061304,4,2.868000000000000e+01,USD,Completed,
ORD-11290,2026-07-20,891036133,4,2.209000000000000e+01,USD,Completed,
ORD-11291,2026-07-20,1615288442,4,1.499000000000000e+01,USD,Shipped,
ORD-11291,2026-07-20,293084792,4,44,USD,Completed,
ORD-11291,2026-07-20,871349337,4,2.738000000000000e+01,USD,Shipped,
ORD-11292,2026-07-20,5618790028,2,1.499000000000000e+01,USD,Completed,
ORD-11292,2026-07-20,864008591,3,1.495000000000000e+01,USD,Shipped,
ORD-11293,2026-07-20,5184785010,4,2.299000000000000e+01,USD,Completed,
ORD-11293,2026-07-20,1226247035,2,1.988000000000000e+01,USD,Completed,
ORD-11294,2026-07-20,393101003,4,1.986000000000000e+01,USD,Completed,
ORD-11294,2026-07-20,6045904134,4,2.499000000000000e+01,USD,Completed,
ORD-11294,2026-07-20,5439347407,1,5.699900000000000e+02,USD,Shipped,
ORD-11295,2026-07-20,5480667546,2,1.040000000000000e+01,USD,Completed,
ORD-11296,2026-07-20,1974609871,2,1.495000000000000e+01,USD,Completed,
ORD-11297,2026-07-20,1341833689,2,1.499000000000000e+01,USD,Completed,
ORD-11298,2026-07-20,2747441586,2,2.999000000000000e+01,USD,Completed,
ORD-11299,2026-07-20,3813188391,3,1.999000000000000e+01,USD,Completed,10%
ORD-11299,2026-07-20,37684787,3,1.320000000000000e+01,USD,Shipped,
ORD-11299,2026-07-20,27230944,4,3.343000000000000e+01,USD,Completed,10%
ORD-11300,2026-07-20,5219876777,1,6.130000000000000e+00,USD,Shipped,
ORD-11300,2026-07-20,469036214,1,2.049900000000000e+02,USD,Completed,
ORD-11300,2026-07-20,5768017984,3,6.660000000000000e+00,USD,Completed,
ORD-11301,2026-07-20,1500372373,4,8,USD,Completed,10%
ORD-11301,2026-07-20,5144555813,2,4.499000000000000e+01,USD,Completed,
ORD-11302,2026-07-20,871349337,1,2.738000000000000e+01,USD,Completed,
ORD-11303,2026-07-20,5043424192,2,1.799000000000000e+01,USD,Shipped,
ORD-11303,2026-07-20,381553241,4,1.399000000000000e+01,USD,Completed,
ORD-11303,2026-07-20,896599636,1,2.719000000000000e+01,USD,Completed,
ORD-11304,2026-07-20,152355819,3,5.624000000000000e+01,USD,Completed,
ORD-11305,2026-07-20,5753314187,1,1.999000000000000e+01,USD,Completed,
ORD-11305,2026-07-20,1500372373,1,8,USD,Completed,10%
ORD-11306,2026-07-20,173530386,2,2.290000000000000e+01,USD,Completed,
ORD-11306,2026-07-20,432928663,1,2.880000000000000e+01,USD,Completed,
ORD-11307,2026-07-20,602315286,4,2.250000000000000e+01,USD,Shipped,
ORD-11307,2026-07-20,34203165,3,1.673000000000000e+01,USD,Completed,
ORD-11307,2026-07-20,1995467623,4,2.399000000000000e+01,USD,Shipped,
ORD-11308,2026-07-20,265927683,1,1.799000000000000e+01,USD,Completed,
ORD-11308,2026-07-20,382394597,4,1.688000000000000e+01,USD,Shipped,
ORD-11309,2026-07-20,348784401,3,2.249000000000000e+01,USD,Completed,
ORD-11309,2026-07-20,110779998,1,2.999000000000000e+01,USD,Completed,
ORD-11310,2026-07-20,46068414,2,1.613000000000000e+01,USD,Shipped,
ORD-11311,2026-07-20,5502936471,2,1.499000000000000e+01,USD,Completed,
ORD-11311,2026-07-20,5158180497,2,9.279999999999999e+00,USD,Completed,10%
ORD-11312,2026-07-20,230846860,1,3.299000000000000e+01,USD,Shipped,
ORD-11313,2026-07-20,751510659,3,9.940000000000000e+00,USD,Completed,
ORD-11313,2026-07-20,689096319,1,9.910000000000000e+00,USD,Completed,10%
ORD-11314,2026-07-20,1208578847,1,3.597000000000000e+01,USD,Completed,
ORD-11314,2026-07-20,1774925941,1,6.998999999999999e+01,USD,Completed,
ORD-11315,2026-07-20,908232424,3,3.698000000000000e+01,USD,Shipped,
ORD-11316,2026-07-20,6045904134,1,2.499000000000000e+01,USD,Completed,
ORD-11317,2026-07-20,455894581,4,2.999000000000000e+01,USD,Completed,
ORD-11317,2026-07-20,5184785010,4,2.299000000000000e+01,USD,Completed,
ORD-11317,2026-07-20,362341632,4,9.990000000000000e+00,USD,Completed,
ORD-11318,2026-07-20,1792864118,1,5.790000000000000e+00,USD,Completed,
ORD-11318,2026-07-20,2968552747,1,9.630000000000001e+00,USD,Completed,
ORD-11318,2026-07-20,871349337,1,2.738000000000000e+01,USD,Completed,
ORD-11319,2026-07-20,891036133,4,2.209000000000000e+01,USD,Completed,10%
ORD-11320,2026-07-20,5043424192,4,1.799000000000000e+01,USD,Completed,
ORD-11320,2026-07-20,952556801,2,2.899000000000000e+01,USD,Completed,
ORD-11321,2026-07-20,751510659,2,9.940000000000000e+00,USD,Completed,
ORD-11322,2026-07-20,5184785010,4,2.299000000000000e+01,USD,Completed,
ORD-11322,2026-07-20,2580740549,2,1.062000000000000e+01,USD,Completed,
ORD-11323,2026-07-20,952556801,3,2.899000000000000e+01,USD,Completed,
ORD-11323,2026-07-20,2968552747,3,9.630000000000001e+00,USD,Completed,
ORD-11323,2026-07-20,1336755092,1,1.499000000000000e+01,USD,Completed,
ORD-11324,2026-07-20,974265277,4,1.116200000000000e+02,USD,Completed,10%
ORD-11324,2026-07-20,5768017984,2,6.660000000000000e+00,USD,Completed,
ORD-11325,2026-07-20,370694829,2,2.495000000000000e+01,USD,Shipped,
ORD-11325,2026-07-20,1426167428,3,1.599000000000000e+01,USD,Completed,
ORD-11326,2026-07-20,5316176929,4,9.980000000000000e+00,USD,Completed,
ORD-11327,2026-07-20,944207748,4,3.899000000000000e+01,USD,Shipped,
ORD-11327,2026-07-20,5292671987,2,1.762900000000000e+02,USD,Completed,
ORD-11328,2026-07-20,512420879,2,9.990000000000000e+00,USD,Completed,
ORD-11328,2026-07-20,1226940529,4,3.210000000000000e+00,USD,Completed,
ORD-11328,2026-07-20,411359040,3,30,USD,Shipped,10%
ORD-11329,2026-07-20,5440778555,2,1.030000000000000e+01,USD,Completed,
ORD-11329,2026-07-20,5190064929,1,3.196000000000000e+01,USD,Completed,10%
ORD-11329,2026-07-20,152355819,1,5.624000000000000e+01,USD,Completed,10%
ORD-11330,2026-07-20,331094227,4,3.999000000000000e+01,USD,Completed,
ORD-11331,2026-07-20,5618790028,3,1.499000000000000e+01,USD,Completed,
ORD-11331,2026-07-20,5506488018,4,1.998000000000000e+01,USD,Completed,
ORD-11332,2026-07-20,46068414,4,1.613000000000000e+01,USD,Completed,
ORD-11332,2026-07-20,1500372373,4,8,USD,Completed,
ORD-11333,2026-07-20,2834781358,4,2.399900000000000e+02,USD,Completed,
ORD-11333,2026-07-20,1097677016,4,2.499000000000000e+01,USD,Completed,
ORD-11333,2026-07-20,5184785010,4,2.299000000000000e+01,USD,Completed,10%
ORD-11334,2026-07-20,2200709686,3,1.408000000000000e+02,USD,Shipped,
ORD-11335,2026-07-20,3808974443,1,4.980000000000000e+00,USD,Completed,
ORD-11335,2026-07-20,247655086,4,4.797000000000000e+01,USD,Completed,10%
ORD-11336,2026-07-20,411359040,3,30,USD,Completed,
ORD-11336,2026-07-20,2637400158,4,2.399000000000000e+01,USD,Completed,
ORD-11337,2026-07-20,2544735639,4,3.199000000000000e+01,USD,Completed,
ORD-11338,2026-07-20,781490570,1,1.499000000000000e+01,USD,Completed,
ORD-11338,2026-07-20,5209344136,1,2.999000000000000e+01,USD,Shipped,
ORD-11339,2026-07-20,5219131585,1,1.399000000000000e+01,USD,Completed,
ORD-11339,2026-07-20,859305074,2,1.969000000000000e+01,USD,Shipped,
ORD-11340,2026-07-20,602315286,1,2.250000000000000e+01,USD,Completed,10%
ORD-11340,2026-07-20,110779998,2,2.999000000000000e+01,USD,Completed,10%
ORD-11340,2026-07-20,180450545,1,1.464000000000000e+02,USD,Completed,
ORD-11341,2026-07-20,2844883584,2,2.494000000000000e+01,USD,Completed,10%
ORD-11341,2026-07-20,952556801,2,2.899000000000000e+01,USD,Completed,
ORD-11341,2026-07-20,261700925,3,6.930000000000000e+01,USD,Completed,
ORD-11342,2026-07-20,839659160,2,4.999000000000000e+01,USD,Completed,
ORD-11342,2026-07-20,1204774750,4,6.898999999999999e+01,USD,Completed,
ORD-11342,2026-07-20,531529503,1,2.339000000000000e+01,USD,Completed,
ORD-11343,2026-07-20,588404711,3,8.909999999999999e+01,USD,Completed,10%
ORD-11343,2026-07-20,422458903,3,1.998000000000000e+01,USD,Shipped,
ORD-11343,2026-07-20,28926816,1,7.940000000000000e+00,USD,Completed,
ORD-11344,2026-07-20,5768017984,4,6.660000000000000e+00,USD,Completed,
ORD-11344,2026-07-20,5417683805,4,1.498000000000000e+01,USD,Completed,
ORD-11344,2026-07-20,5344195287,2,2.199000000000000e+01,USD,Completed,
ORD-11345,2026-07-20,1226247035,1,1.988000000000000e+01,USD,Completed,
ORD-11345,2026-07-20,5540168677,4,2.999000000000000e+01,USD,Shipped,
ORD-11345,2026-07-20,5182915849,3,1.998000000000000e+01,USD,Completed,
ORD-11346,2026-07-20,676413174,3,6.970000000000000e+00,USD,Shipped,
ORD-11347,2026-07-20,348784401,4,2.249000000000000e+01,USD,Completed,
ORD-11348,2026-07-20,1426167428,2,1.599000000000000e+01,USD,Completed,10%
ORD-11348,2026-07-20,1037166405,3,2.390000000000000e+01,USD,Completed,
ORD-11348,2026-07-20,3560683924,3,3.990000000000000e+00,USD,Completed,
ORD-11349,2026-07-20,373855792,4,2.296000000000000e+01,USD,Completed,
ORD-11350,2026-07-20,5295270812,4,3.549900000000000e+02,USD,Completed,
ORD-11350,2026-07-20,373855792,3,2.296000000000000e+01,USD,Shipped,
ORD-11351,2026-07-20,802163708,2,2.482000000000000e+01,USD,Completed,10%
ORD-11351,2026-07-20,1323968162,4,3.554000000000000e+01,USD,Completed,10%
ORD-11352,2026-07-20,5260887729,3,1.999000000000000e+01,USD,Completed,
ORD-11352,2026-07-20,408608184,4,8.970000000000001e+00,USD,Shipped,
ORD-11353,2026-07-20,126699313,1,1.820000000000000e+00,USD,Completed,
ORD-11354,2026-07-20,2785607950,3,9.269000000000000e+01,USD,Completed,
ORD-11354,2026-07-20,287819116,1,2.629000000000000e+01,USD,Completed,
ORD-11354,2026-07-20,2128773109,1,3.999000000000000e+01,USD,Completed,
ORD-11355,2026-07-20,10801127,1,1.980000000000000e+00,USD,Completed,
ORD-11355,2026-07-20,5057611924,2,3.599000000000000e+01,USD,Completed,
ORD-11355,2026-07-20,1764748346,1,1.598000000000000e+01,USD,Completed,10%
ORD-11356,2026-07-20,5242746669,4,8,USD,Completed,
ORD-11357,2026-07-20,555974352,2,3.605000000000000e+01,USD,Completed,
ORD-11358,2026-07-20,2007589965,2,1.471990000000000e+03,USD,Completed,
ORD-11358,2026-07-20,1323968162,2,3.554000000000000e+01,USD,Completed,
ORD-11359,2026-07-20,48812370,3,9.789999999999999e+00,USD,Completed,
ORD-11360,2026-07-20,5379906696,2,1.498000000000000e+01,USD,Completed,
ORD-11361,2026-07-20,455894581,4,2.999000000000000e+01,USD,Shipped,
ORD-11362,2026-07-20,864008591,1,1.495000000000000e+01,USD,Completed,
ORD-11363,2026-07-20,689096319,3,9.910000000000000e+00,USD,Completed,
ORD-11363,2026-07-20,5182915849,3,1.998000000000000e+01,USD,Completed,
ORD-11364,2026-07-20,3876384696,4,6.998999999999999e+01,USD,Completed,
ORD-11364,2026-07-20,110779998,4,2.999000000000000e+01,USD,Completed,
ORD-11364,2026-07-20,5190064929,2,3.196000000000000e+01,USD,Completed,
ORD-11365,2026-07-20,1543169305,3,1.299000000000000e+01,USD,Completed,
ORD-11365,2026-07-20,5184785010,1,2.299000000000000e+01,USD,Completed,
ORD-11366,2026-07-20,25997723,4,6.490000000000001e+01,USD,Completed,
ORD-11367,2026-07-20,112580004,3,2.549000000000000e+01,USD,Completed,
ORD-11367,2026-07-20,126699313,1,1.820000000000000e+00,USD,Completed,
ORD-11367,2026-07-20,5352569431,3,1.999000000000000e+01,USD,Completed,
ORD-11368,2026-07-20,3922793394,2,1.124000000000000e+01,USD,Completed,
ORD-11368,2026-07-20,3046604016,4,5.299000000000000e+01,USD,Completed,10%
ORD-11369,2026-07-20,896931395,4,1.529000000000000e+01,USD,Completed,
ORD-11369,2026-07-20,3922793394,4,1.124000000000000e+01,USD,Completed,
ORD-11370,2026-07-20,1226940529,2,3.210000000000000e+00,USD,Completed,10%
ORD-11370,2026-07-20,10997171,4,1.012000000000000e+01,USD,Completed,
ORD-11371,2026-07-20,261700925,1,6.930000000000000e+01,USD,Completed,
ORD-11371,2026-07-20,369367315,1,2.999000000000000e+01,USD,Shipped,
ORD-11372,2026-07-20,667101829,2,9.995000000000000e+01,USD,Completed,10%
ORD-11373,2026-07-20,1231760315,4,1.999000000000000e+01,USD,Completed,
ORD-11373,2026-07-20,606223683,4,2.862000000000000e+01,USD,Completed,
ORD-11373,2026-07-20,5292671987,2,1.762900000000000e+02,USD,Completed,
ORD-11374,2026-07-20,369367315,2,2.999000000000000e+01,USD,Completed,
ORD-11374,2026-07-20,871530694,1,2.393000000000000e+01,USD,Completed,
ORD-11374,2026-07-20,945882097,4,1.975000000000000e+01,USD,Shipped,10%
ORD-11375,2026-07-20,1323968162,4,3.554000000000000e+01,USD,Completed,
ORD-11376,2026-07-20,1336755092,4,1.499000000000000e+01,USD,Completed,
ORD-11377,2026-07-20,310097871,3,1.499000000000000e+01,USD,Completed,10%
ORD-11377,2026-07-20,232510830,2,4.999000000000000e+01,USD,Completed,
ORD-11377,2026-07-20,5219131585,4,1.399000000000000e+01,USD,Shipped,
ORD-11378,2026-07-20,1017487270,1,2.999000000000000e+01,USD,Completed,
ORD-11378,2026-07-20,896931395,3,1.529000000000000e+01,USD,Completed,
ORD-11378,2026-07-20,6494751477,1,1.499000000000000e+01,USD,Completed,
ORD-11379,2026-07-20,5260887729,1,1.999000000000000e+01,USD,Completed,
ORD-11380,2026-07-20,2126911017,3,1.999000000000000e+01,USD,Completed,
ORD-11381,2026-07-20,944207748,3,3.899000000000000e+01,USD,Completed,
ORD-11381,2026-07-20,287819116,3,2.629000000000000e+01,USD,Completed,
ORD-11382,2026-07-20,377862424,2,9.990000000000000e+00,USD,Completed,10%
ORD-11382,2026-07-20,1184654530,3,1.999000000000000e+01,USD,Completed,
ORD-11382,2026-07-20,393061304,2,2.868000000000000e+01,USD,Completed,
ORD-11383,2026-07-20,6918363302,1,2.399000000000000e+01,USD,Shipped,
ORD-11384,2026-07-20,729322559,3,24,USD,Shipped,
ORD-11384,2026-07-20,259195843,4,2.995000000000000e+01,USD,Completed,
ORD-11384,2026-07-20,48812370,3,9.789999999999999e+00,USD,Completed,
ORD-11385,2026-07-20,5066959782,4,1.280000000000000e+01,USD,Completed,10%
ORD-11386,2026-07-20,5397071399,3,1.299000000000000e+01,USD,Completed,
ORD-11387,2026-07-20,3440558193,4,2.198000000000000e+01,USD,Completed,
ORD-11387,2026-07-20,230846860,4,3.299000000000000e+01,USD,Completed,
ORD-11387,2026-07-20,2363655537,2,4.950000000000000e+01,USD,Completed,
ORD-11388,2026-07-20,1774083175,3,2.999000000000000e+01,USD,Completed,
ORD-11388,2026-07-20,422458903,3,1.998000000000000e+01,USD,Shipped,
ORD-11389,2026-07-20,377862424,2,9.990000000000000e+00,USD,Completed,
ORD-11389,2026-07-20,945882097,1,1.975000000000000e+01,USD,Completed,
ORD-11389,2026-07-20,10997171,4,1.012000000000000e+01,USD,Completed,
ORD-11390,2026-07-20,28926816,2,7.940000000000000e+00,USD,Completed,
ORD-11391,2026-07-20,5053396247,2,1.499000000000000e+01,USD,Shipped,
ORD-11391,2026-07-20,555974352,3,3.605000000000000e+01,USD,Completed,
ORD-11391,2026-07-20,615343705,3,2.767000000000000e+01,USD,Completed,
ORD-11392,2026-07-20,10294885,2,2.720000000000000e+00,USD,Completed,
ORD-11393,2026-07-20,606223683,2,2.862000000000000e+01,USD,Completed,
ORD-11394,2026-07-20,215916201,4,1.396000000000000e+01,USD,Completed,
ORD-11394,2026-07-20,321811404,3,2.799000000000000e+01,USD,Shipped,10%
ORD-11395,2026-07-20,920987081,3,3.795000000000000e+01,USD,Shipped,
ORD-11395,2026-07-20,5190064929,4,3.196000000000000e+01,USD,Completed,
ORD-11395,2026-07-20,10294885,1,2.720000000000000e+00,USD,Completed,
ORD-11396,2026-07-20,283514640,1,1.899000000000000e+01,USD,Shipped,
ORD-11396,2026-07-20,5045669548,2,2.999000000000000e+01,USD,Completed,
ORD-11397,2026-07-20,753681550,1,1.560000000000000e+01,USD,Completed,
ORD-11398,2026-07-20,179112912,4,4.186000000000000e+01,USD,Shipped,
ORD-11398,2026-07-20,5664556275,2,2.541000000000000e+01,USD,Completed,
ORD-11398,2026-07-20,1570467303,4,2.799000000000000e+01,USD,Completed,10%
ORD-11399,2026-07-20,696459227,2,1.461000000000000e+01,USD,Completed,
ORD-11399,2026-07-20,2017664333,4,99,USD,Completed,
ORD-11399,2026-07-20,786691113,1,1.053000000000000e+01,USD,Completed,
ORD-11400,2026-07-20,546469522,3,1.499000000000000e+01,USD,Completed,
ORD-11400,2026-07-20,5209344136,1,2.999000000000000e+01,USD,Completed,
ORD-11401,2026-07-20,3212008907,2,3,USD,Completed,
ORD-11401,2026-07-20,5168273880,2,1.198000000000000e+01,USD,Completed,10%
ORD-11401,2026-07-20,1037166405,4,2.390000000000000e+01,USD,Completed,
ORD-11402,2026-07-20,1226247035,4,1.988000000000000e+01,USD,Completed,
ORD-11402,2026-07-20,1856819911,1,6.290000000000000e+00,USD,Completed,
ORD-11402,2026-07-20,891036133,4,2.209000000000000e+01,USD,Shipped,
ORD-11403,2026-07-20,615343705,4,2.767000000000000e+01,USD,Completed,10%
ORD-11403,2026-07-20,1507001378,2,9.900000000000000e-01,USD,Shipped,
ORD-11404,2026-07-20,5753314187,4,1.999000000000000e+01,USD,Shipped,
ORD-11404,2026-07-20,391028302,2,1.078000000000000e+01,USD,Completed,
ORD-11405,2026-07-20,891036133,1,2.209000000000000e+01,USD,Completed,
ORD-11405,2026-07-20,2544735639,1,3.199000000000000e+01,USD,Shipped,
ORD-11405,2026-07-20,5205925876,1,1.922000000000000e+01,USD,Completed,
ORD-11406,2026-07-20,1204774750,3,6.898999999999999e+01,USD,Shipped,
ORD-11406,2026-07-20,920987081,4,3.795000000000000e+01,USD,Completed,10%
ORD-11407,2026-07-20,1426167428,2,1.599000000000000e+01,USD,Completed,
ORD-11407,2026-07-20,5661609857,4,3.591000000000000e+01,USD,Shipped,
ORD-11408,2026-07-20,945882097,1,1.975000000000000e+01,USD,Completed,10%
ORD-11409,2026-07-20,5443068156,3,1.499000000000000e+01,USD,Completed,
ORD-11409,2026-07-20,247655086,1,4.797000000000000e+01,USD,Shipped,
ORD-11409,2026-07-20,903463722,2,2.309000000000000e+01,USD,Shipped,
ORD-11410,2026-07-20,453089336,2,55,USD,Shipped,
ORD-11410,2026-07-20,910055282,4,1.099000000000000e+01,USD,Completed,
ORD-11411,2026-07-20,5190064929,2,3.196000000000000e+01,USD,Shipped,
ORD-11411,2026-07-20,1462273455,4,9.100000000000000e-01,USD,Completed,
ORD-11412,2026-07-20,112580004,2,2.549000000000000e+01,USD,Completed,
ORD-11413,2026-07-20,3876384696,1,6.998999999999999e+01,USD,Shipped,
ORD-11413,2026-07-20,5158180497,3,9.279999999999999e+00,USD,Completed,
ORD-11414,2026-07-20,2232013390,2,6.980000000000000e+00,USD,Completed,10%
ORD-11414,2026-07-20,37684787,2,1.320000000000000e+01,USD,Completed,10%
ORD-11415,2026-07-20,5264765893,4,2.999000000000000e+01,USD,Completed,
ORD-11415,2026-07-20,33685485,3,1.119000000000000e+01,USD,Shipped,
ORD-11415,2026-07-20,369367315,4,2.999000000000000e+01,USD,Completed,
ORD-11416,2026-07-20,2637400158,4,2.399000000000000e+01,USD,Completed,
ORD-11416,2026-07-20,5480667546,2,1.040000000000000e+01,USD,Completed,10%
ORD-11416,2026-07-20,5170388947,3,1.058000000000000e+01,USD,Completed,
ORD-11417,2026-07-20,6494751477,1,1.499000000000000e+01,USD,Completed,
ORD-11417,2026-07-20,887668036,1,4.139000000000000e+01,USD,Shipped,
ORD-11418,2026-07-20,2968552747,4,9.630000000000001e+00,USD,Completed,
ORD-11418,2026-07-20,5702523237,4,1.599000000000000e+01,USD,Shipped,
ORD-11419,2026-07-20,3588670272,3,1.599000000000000e+01,USD,Shipped,
ORD-11420,2026-07-20,5053396247,4,1.499000000000000e+01,USD,Completed,10%
ORD-11420,2026-07-20,299112609,3,3.995000000000000e+01,USD,Completed,
ORD-11421,2026-07-20,573614161,3,9.060000000000000e+00,USD,Completed,
ORD-11421,2026-07-20,389782477,1,1.240000000000000e+00,USD,Completed,
ORD-11421,2026-07-20,790957653,1,1.245000000000000e+01,USD,Completed,
ORD-11422,2026-07-20,1267967836,4,8.698999999999999e+01,USD,Completed,
ORD-11423,2026-07-20,945882097,1,1.975000000000000e+01,USD,Completed,
ORD-11424,2026-07-20,871349337,1,2.738000000000000e+01,USD,Completed,10%
ORD-11425,2026-07-20,408608184,4,8.970000000000001e+00,USD,Completed,
ORD-11425,2026-07-20,141988874,1,5.850000000000000e+00,USD,Completed,
ORD-11426,2026-07-20,5397071399,4,1.299000000000000e+01,USD,Completed,
ORD-11426,2026-07-20,602315286,3,2.250000000000000e+01,USD,Completed,
ORD-11427,2026-07-20,5295270812,4,3.549900000000000e+02,USD,Completed,
ORD-11428,2026-07-20,2363655537,2,4.950000000000000e+01,USD,Completed,
ORD-11428,2026-07-20,5440778555,1,1.030000000000000e+01,USD,Completed,
ORD-11429,2026-07-20,141757585,1,1.499000000000000e+01,USD,Shipped,10%
ORD-11429,2026-07-20,689096319,2,9.910000000000000e+00,USD,Shipped,
ORD-11430,2026-07-20,3511393855,3,25,USD,Completed,
ORD-11431,2026-07-20,5043424192,1,1.799000000000000e+01,USD,Shipped,
ORD-11431,2026-07-20,555974352,4,3.605000000000000e+01,USD,Shipped,
ORD-11431,2026-07-20,182579201,4,1.709000000000000e+01,USD,Completed,
ORD-11432,2026-07-20,859305074,2,1.969000000000000e+01,USD,Completed,
ORD-11432,2026-07-20,5443068156,4,1.499000000000000e+01,USD,Shipped,
ORD-11432,2026-07-20,512420879,2,9.990000000000000e+00,USD,Shipped,
ORD-11433,2026-07-20,306465658,1,5.499000000000000e+01,USD,Shipped,
ORD-11433,2026-07-20,2166765925,3,1.975000000000000e+01,USD,Completed,
ORD-11433,2026-07-20,1856819911,3,6.290000000000000e+00,USD,Completed,
ORD-11434,2026-07-20,5327761690,3,2.499000000000000e+01,USD,Completed,
ORD-11435,2026-07-20,891036133,1,2.209000000000000e+01,USD,Completed,
ORD-11436,2026-07-20,17245067,3,123,USD,Completed,
ORD-11437,2026-07-20,2126911017,1,1.999000000000000e+01,USD,Completed,
ORD-11437,2026-07-20,5366405121,1,1.299000000000000e+01,USD,Shipped,
ORD-11438,2026-07-20,453089336,4,55,USD,Completed,
ORD-11438,2026-07-20,1897403279,4,1.189000000000000e+01,USD,Completed,
ORD-11439,2026-07-20,110779998,2,2.999000000000000e+01,USD,Completed,
ORD-11439,2026-07-20,5397071399,1,1.299000000000000e+01,USD,Completed,10%
ORD-11439,2026-07-20,974265277,1,1.116200000000000e+02,USD,Completed,
ORD-11440,2026-07-20,2637400158,3,2.399000000000000e+01,USD,Shipped,
ORD-11440,2026-07-20,412531616,2,2.999000000000000e+01,USD,Completed,
ORD-11440,2026-07-20,5663974279,4,1.994000000000000e+01,USD,Completed,
ORD-11441,2026-07-20,2968552747,1,9.630000000000001e+00,USD,Completed,
ORD-11441,2026-07-20,173530386,1,2.290000000000000e+01,USD,Completed,
ORD-11441,2026-07-20,5664556275,4,2.541000000000000e+01,USD,Completed,
ORD-11442,2026-07-20,2113674813,2,1.168000000000000e+02,USD,Completed,10%
ORD-11442,2026-07-20,2200709686,1,1.408000000000000e+02,USD,Completed,
ORD-11443,2026-07-20,5043424192,2,1.799000000000000e+01,USD,Completed,
ORD-11444,2026-07-20,5144555813,1,4.499000000000000e+01,USD,Completed,
ORD-11445,2026-07-20,422458903,3,1.998000000000000e+01,USD,Completed,10%
ORD-11445,2026-07-20,1462273455,3,9.100000000000000e-01,USD,Completed,
ORD-11446,2026-07-20,5618790028,2,1.499000000000000e+01,USD,Completed,10%
ORD-11447,2026-07-20,230846860,3,3.299000000000000e+01,USD,Shipped,
ORD-11447,2026-07-20,1727244137,1,7.598999999999999e+01,USD,Shipped,10%
ORD-11447,2026-07-20,896599636,4,2.719000000000000e+01,USD,Completed,
ORD-11448,2026-07-20,242303426,2,8.720000000000001e+00,USD,Completed,
ORD-11448,2026-07-20,1983309413,2,4.499000000000000e+01,USD,Completed,
ORD-11448,2026-07-20,5502936471,4,1.499000000000000e+01,USD,Completed,
ORD-11449,2026-07-20,229653852,4,1.399000000000000e+01,USD,Completed,
ORD-11449,2026-07-20,10294885,4,2.720000000000000e+00,USD,Completed,
ORD-11449,2026-07-20,848798939,2,4.647000000000000e+01,USD,Completed,
ORD-11450,2026-07-21,1017487270,4,2.999000000000000e+01,USD,Completed,
ORD-11450,2026-07-21,3511393855,2,25,USD,Completed,
ORD-11451,2026-07-21,2747441586,3,2.999000000000000e+01,USD,Completed,
ORD-11451,2026-07-21,348784401,4,2.249000000000000e+01,USD,Completed,10%
ORD-11451,2026-07-21,25997723,3,6.490000000000001e+01,USD,Completed,
ORD-11452,2026-07-21,5506488018,1,1.998000000000000e+01,USD,Completed,
ORD-11452,2026-07-21,1231760315,3,1.999000000000000e+01,USD,Completed,
ORD-11452,2026-07-21,5480667546,3,1.040000000000000e+01,USD,Completed,
ORD-11453,2026-07-21,5352569431,4,1.999000000000000e+01,USD,Shipped,
ORD-11453,2026-07-21,173530386,4,2.290000000000000e+01,USD,Completed,
ORD-11453,2026-07-21,381553241,1,1.399000000000000e+01,USD,Completed,
ORD-11454,2026-07-21,2747441586,2,2.999000000000000e+01,USD,Completed,
ORD-11455,2026-07-21,469036214,2,2.049900000000000e+02,USD,Completed,
ORD-11455,2026-07-21,3588670272,1,1.599000000000000e+01,USD,Completed,
ORD-11455,2026-07-21,1037166405,1,2.390000000000000e+01,USD,Completed,
ORD-11456,2026-07-21,389782477,3,1.240000000000000e+00,USD,Completed,
ORD-11456,2026-07-21,3212008907,3,3,USD,Completed,10%
ORD-11456,2026-07-21,920987081,3,3.795000000000000e+01,USD,Completed,10%
ORD-11457,2026-07-21,377862424,4,9.990000000000000e+00,USD,Completed,
ORD-11457,2026-07-21,389782477,4,1.240000000000000e+00,USD,Completed,
ORD-11457,2026-07-21,2166765925,1,1.975000000000000e+01,USD,Completed,10%
ORD-11458,2026-07-21,10309083,1,8.990000000000000e+00,USD,Completed,10%
ORD-11458,2026-07-21,10801127,3,1.980000000000000e+00,USD,Completed,
ORD-11459,2026-07-21,802163708,4,2.482000000000000e+01,USD,Completed,
ORD-11459,2026-07-21,362341632,3,9.990000000000000e+00,USD,Completed,
ORD-11460,2026-07-21,5379906696,4,1.498000000000000e+01,USD,Completed,
ORD-11460,2026-07-21,839659160,2,4.999000000000000e+01,USD,Completed,
ORD-11461,2026-07-21,6045904134,1,2.499000000000000e+01,USD,Completed,10%
ORD-11462,2026-07-21,348784401,1,2.249000000000000e+01,USD,Completed,
ORD-11462,2026-07-21,1727244137,1,7.598999999999999e+01,USD,Completed,
ORD-11462,2026-07-21,1017487270,1,2.999000000000000e+01,USD,Completed,
ORD-11463,2026-07-21,6126862324,3,3.497000000000000e+01,USD,Completed,
ORD-11463,2026-07-21,10309083,1,8.990000000000000e+00,USD,Completed,10%
ORD-11463,2026-07-21,751510659,1,9.940000000000000e+00,USD,Shipped,
ORD-11464,2026-07-21,676413174,3,6.970000000000000e+00,USD,Completed,
ORD-11464,2026-07-21,1160636802,1,2.799000000000000e+01,USD,Completed,
ORD-11465,2026-07-21,2747441586,2,2.999000000000000e+01,USD,Completed,10%
ORD-11465,2026-07-21,259195843,4,2.995000000000000e+01,USD,Completed,
ORD-11466,2026-07-21,1204774750,2,6.898999999999999e+01,USD,Completed,
ORD-11466,2026-07-21,908201566,1,1.056000000000000e+01,USD,Completed,
ORD-11466,2026-07-21,10294756,1,2,USD,Shipped,10%
ORD-11467,2026-07-21,1341833689,4,1.499000000000000e+01,USD,Shipped,10%
ORD-11467,2026-07-21,790957653,2,1.245000000000000e+01,USD,Completed,
ORD-11467,2026-07-21,215916201,1,1.396000000000000e+01,USD,Completed,
ORD-11468,2026-07-21,435835263,1,9.990000000000000e+00,USD,Completed,
ORD-11468,2026-07-21,5540168677,4,2.999000000000000e+01,USD,Completed,
ORD-11468,2026-07-21,354688867,3,3.299000000000000e+01,USD,Completed,
ORD-11469,2026-07-21,744949530,3,1.799000000000000e+01,USD,Shipped,
ORD-11469,2026-07-21,1995467623,2,2.399000000000000e+01,USD,Completed,
ORD-11469,2026-07-21,669112285,1,9.890000000000001e+00,USD,Completed,
ORD-11470,2026-07-21,2968552747,4,9.630000000000001e+00,USD,Completed,
ORD-11471,2026-07-21,22374157,1,7.960000000000000e+00,USD,Completed,
ORD-11471,2026-07-21,5264765893,1,2.999000000000000e+01,USD,Completed,
ORD-11472,2026-07-21,1435754084,4,1.197000000000000e+01,USD,Completed,
ORD-11472,2026-07-21,1995467623,3,2.399000000000000e+01,USD,Completed,
ORD-11472,2026-07-21,102593173,2,1.980000000000000e+01,USD,Completed,
ORD-11473,2026-07-21,953950834,3,2.795000000000000e+01,USD,Completed,
ORD-11474,2026-07-21,5184785010,2,2.299000000000000e+01,USD,Completed,10%
ORD-11474,2026-07-21,1160636802,2,2.799000000000000e+01,USD,Completed,
ORD-11474,2026-07-21,3560683924,4,3.990000000000000e+00,USD,Shipped,
ORD-11475,2026-07-21,2002762091,2,2.999000000000000e+01,USD,Completed,
ORD-11475,2026-07-21,5291664103,4,1.383000000000000e+01,USD,Completed,
ORD-11476,2026-07-21,5043424192,2,1.799000000000000e+01,USD,Completed,
ORD-11476,2026-07-21,3922793394,3,1.124000000000000e+01,USD,Shipped,
ORD-11477,2026-07-21,1997340049,4,2.399000000000000e+01,USD,Shipped,
ORD-11478,2026-07-21,910055282,4,1.099000000000000e+01,USD,Shipped,
ORD-11478,2026-07-21,5164703747,2,6.090000000000000e+00,USD,Shipped,
ORD-11479,2026-07-21,2113674813,4,1.168000000000000e+02,USD,Shipped,
ORD-11480,2026-07-21,5663974279,1,1.994000000000000e+01,USD,Completed,
ORD-11481,2026-07-21,907847604,2,2.210000000000000e+01,USD,Shipped,
ORD-11482,2026-07-21,908201566,2,1.056000000000000e+01,USD,Shipped,
ORD-11482,2026-07-21,382394597,1,1.688000000000000e+01,USD,Completed,
ORD-11483,2026-07-21,182543171,1,4.860000000000000e+00,USD,Completed,10%
ORD-11483,2026-07-21,5540168677,4,2.999000000000000e+01,USD,Completed,
ORD-11484,2026-07-21,287819116,3,2.629000000000000e+01,USD,Shipped,10%
ORD-11485,2026-07-21,904020893,2,4.649000000000000e+01,USD,Shipped,
ORD-11486,2026-07-21,310097871,4,1.499000000000000e+01,USD,Shipped,
ORD-11487,2026-07-21,2017664333,4,99,USD,Completed,
ORD-11488,2026-07-21,5702523237,3,1.599000000000000e+01,USD,Completed,
ORD-11488,2026-07-21,588404711,2,8.909999999999999e+01,USD,Completed,10%
ORD-11488,2026-07-21,215916201,2,1.396000000000000e+01,USD,Completed,
ORD-11489,2026-07-21,161657830,1,4.999000000000000e+01,USD,Shipped,
ORD-11489,2026-07-21,1774925941,1,6.998999999999999e+01,USD,Shipped,
ORD-11489,2026-07-21,182543171,3,4.860000000000000e+00,USD,Completed,
ORD-11490,2026-07-21,5768017984,2,6.660000000000000e+00,USD,Completed,
ORD-11490,2026-07-21,1037166405,4,2.390000000000000e+01,USD,Shipped,10%
ORD-11490,2026-07-21,2749504314,3,1.999000000000000e+01,USD,Completed,
ORD-11491,2026-07-21,321811404,2,2.799000000000000e+01,USD,Completed,
ORD-11491,2026-07-21,28926816,3,7.940000000000000e+00,USD,Completed,10%
ORD-11491,2026-07-21,141757585,1,1.499000000000000e+01,USD,Completed,
ORD-11492,2026-07-21,5397071399,3,1.299000000000000e+01,USD,Shipped,
ORD-11493,2026-07-21,5753314187,3,1.999000000000000e+01,USD,Completed,
ORD-11493,2026-07-21,377862424,2,9.990000000000000e+00,USD,Shipped,
ORD-11494,2026-07-21,287819116,2,2.629000000000000e+01,USD,Completed,10%
ORD-11494,2026-07-21,5260887729,1,1.999000000000000e+01,USD,Completed,
ORD-11495,2026-07-21,3511393855,1,25,USD,Completed,10%
ORD-11495,2026-07-21,615343705,4,2.767000000000000e+01,USD,Completed,
ORD-11496,2026-07-21,2716531748,2,1.998000000000000e+01,USD,Completed,10%
ORD-11496,2026-07-21,2007589965,4,1.471990000000000e+03,USD,Completed,
ORD-11496,2026-07-21,161657830,1,4.999000000000000e+01,USD,Completed,10%
ORD-11497,2026-07-21,896599636,3,2.719000000000000e+01,USD,Completed,
ORD-11498,2026-07-21,1727244137,1,7.598999999999999e+01,USD,Completed,10%
ORD-11498,2026-07-21,2637400158,4,2.399000000000000e+01,USD,Completed,
ORD-11498,2026-07-21,6494751477,4,1.499000000000000e+01,USD,Shipped,
ORD-11499,2026-07-21,112580004,3,2.549000000000000e+01,USD,Completed,
ORD-11500,2026-07-21,676413174,4,6.970000000000000e+00,USD,Shipped,10%
ORD-11501,2026-07-21,753681550,3,1.560000000000000e+01,USD,Completed,
ORD-11501,2026-07-21,33685485,4,1.119000000000000e+01,USD,Completed,10%
ORD-11502,2026-07-21,957603867,4,1.499000000000000e+01,USD,Completed,
ORD-11502,2026-07-21,3824041405,1,6.744000000000000e+01,USD,Shipped,10%
ORD-11503,2026-07-21,5417683805,4,1.498000000000000e+01,USD,Completed,
ORD-11504,2026-07-21,903463722,4,2.309000000000000e+01,USD,Shipped,
ORD-11505,2026-07-21,182579201,4,1.709000000000000e+01,USD,Completed,
ORD-11505,2026-07-21,1063134991,4,1.599000000000000e+01,USD,Completed,
ORD-11506,2026-07-21,1462273455,1,9.100000000000000e-01,USD,Completed,10%
ORD-11506,2026-07-21,5768017984,3,6.660000000000000e+00,USD,Completed,
ORD-11506,2026-07-21,2097897368,3,3.597000000000000e+01,USD,Completed,
ORD-11507,2026-07-21,3808974443,3,4.980000000000000e+00,USD,Completed,
ORD-11507,2026-07-21,5144555813,3,4.499000000000000e+01,USD,Completed,
ORD-11508,2026-07-21,215916201,4,1.396000000000000e+01,USD,Completed,
ORD-11508,2026-07-21,903463722,2,2.309000000000000e+01,USD,Shipped,
ORD-11509,2026-07-21,33685485,1,1.119000000000000e+01,USD,Completed,
ORD-11510,2026-07-21,1897403279,1,1.189000000000000e+01,USD,Completed,
ORD-11511,2026-07-21,2785607950,4,9.269000000000000e+01,USD,Completed,
ORD-11511,2026-07-21,152355819,1,5.624000000000000e+01,USD,Completed,
ORD-11511,2026-07-21,141757585,4,1.499000000000000e+01,USD,Completed,
ORD-11512,2026-07-21,1341833689,3,1.499000000000000e+01,USD,Completed,10%
ORD-11512,2026-07-21,5702523237,1,1.599000000000000e+01,USD,Shipped,
ORD-11512,2026-07-21,5353145797,2,1.079000000000000e+01,USD,Completed,10%
ORD-11513,2026-07-21,5353145797,1,1.079000000000000e+01,USD,Completed,10%
ORD-11513,2026-07-21,10997171,4,1.012000000000000e+01,USD,Completed,
ORD-11513,2026-07-21,2010024322,1,8.880000000000001e+00,USD,Completed,
ORD-11514,2026-07-21,606223683,4,2.862000000000000e+01,USD,Completed,
ORD-11514,2026-07-21,3588670272,2,1.599000000000000e+01,USD,Completed,
ORD-11515,2026-07-21,182579201,4,1.709000000000000e+01,USD,Completed,
ORD-11515,2026-07-21,189455189,3,7.298999999999999e+01,USD,Completed,
ORD-11516,2026-07-21,2580740549,1,1.062000000000000e+01,USD,Completed,
ORD-11516,2026-07-21,5219131585,2,1.399000000000000e+01,USD,Completed,
ORD-11517,2026-07-21,693758408,4,1.709000000000000e+01,USD,Completed,
ORD-11517,2026-07-21,5439347407,3,5.699900000000000e+02,USD,Completed,
ORD-11517,2026-07-21,5242746669,4,8,USD,Completed,
ORD-11518,2026-07-21,257806313,1,1.954000000000000e+01,USD,Completed,
ORD-11518,2026-07-21,974265277,3,1.116200000000000e+02,USD,Shipped,
ORD-11518,2026-07-21,141757585,1,1.499000000000000e+01,USD,Completed,
ORD-11519,2026-07-21,903463722,4,2.309000000000000e+01,USD,Completed,
ORD-11519,2026-07-21,864008591,3,1.495000000000000e+01,USD,Completed,
ORD-11519,2026-07-21,1774925941,2,6.998999999999999e+01,USD,Completed,
ORD-11520,2026-07-21,257806313,4,1.954000000000000e+01,USD,Shipped,
ORD-11521,2026-07-21,1649464157,2,1.799000000000000e+01,USD,Completed,
ORD-11522,2026-07-21,5158180497,4,9.279999999999999e+00,USD,Completed,
ORD-11523,2026-07-21,242303426,4,8.720000000000001e+00,USD,Shipped,
ORD-11523,2026-07-21,5439347407,3,5.699900000000000e+02,USD,Completed,
ORD-11523,2026-07-21,5768017984,4,6.660000000000000e+00,USD,Completed,
ORD-11524,2026-07-21,2128773109,4,3.999000000000000e+01,USD,Completed,
ORD-11524,2026-07-21,689096319,3,9.910000000000000e+00,USD,Completed,10%
ORD-11524,2026-07-21,22374157,2,7.960000000000000e+00,USD,Completed,
ORD-11525,2026-07-21,3440558193,2,2.198000000000000e+01,USD,Completed,
ORD-11525,2026-07-21,5184785010,1,2.299000000000000e+01,USD,Completed,10%
ORD-11526,2026-07-21,5260887729,3,1.999000000000000e+01,USD,Completed,
ORD-11527,2026-07-21,393061304,3,2.868000000000000e+01,USD,Completed,
ORD-11528,2026-07-21,10801127,1,1.980000000000000e+00,USD,Completed,
ORD-11528,2026-07-21,2570740977,4,3.399000000000000e+01,USD,Completed,
ORD-11528,2026-07-21,5316176929,2,9.980000000000000e+00,USD,Completed,
ORD-11529,2026-07-21,3483895520,4,1.297000000000000e+01,USD,Completed,
ORD-11530,2026-07-21,1921006587,4,2.159000000000000e+01,USD,Shipped,
ORD-11531,2026-07-21,786691113,2,1.053000000000000e+01,USD,Completed,
ORD-11532,2026-07-21,3876384696,3,6.998999999999999e+01,USD,Completed,10%
ORD-11532,2026-07-21,595025504,1,3.495000000000000e+01,USD,Completed,
ORD-11532,2026-07-21,389782477,3,1.240000000000000e+00,USD,Completed,
ORD-11533,2026-07-21,3824041405,2,6.744000000000000e+01,USD,Completed,
ORD-11533,2026-07-21,5043424192,2,1.799000000000000e+01,USD,Completed,
ORD-11534,2026-07-21,1009224046,2,2.199000000000000e+01,USD,Completed,
ORD-11534,2026-07-21,1825469871,2,1.699000000000000e+01,USD,Completed,
ORD-11534,2026-07-21,910055282,3,1.099000000000000e+01,USD,Completed,
ORD-11535,2026-07-21,2097897368,2,3.597000000000000e+01,USD,Completed,10%
ORD-11535,2026-07-21,199440001,1,3.077000000000000e+01,USD,Completed,
ORD-11535,2026-07-21,2716531748,2,1.998000000000000e+01,USD,Shipped,
ORD-11536,2026-07-21,348784401,2,2.249000000000000e+01,USD,Completed,
ORD-11536,2026-07-21,1331751223,4,1.388000000000000e+01,USD,Completed,
ORD-11537,2026-07-21,595025504,2,3.495000000000000e+01,USD,Shipped,
ORD-11537,2026-07-21,689096319,3,9.910000000000000e+00,USD,Completed,
ORD-11538,2026-07-21,3212008907,4,3,USD,Completed,
ORD-11538,2026-07-21,832929384,3,2.795000000000000e+01,USD,Shipped,
ORD-11539,2026-07-21,904020893,1,4.649000000000000e+01,USD,Completed,
ORD-11540,2026-07-21,5379906696,1,1.498000000000000e+01,USD,Completed,
ORD-11540,2026-07-21,1208578847,1,3.597000000000000e+01,USD,Shipped,10%
ORD-11541,2026-07-21,10997171,4,1.012000000000000e+01,USD,Completed,
ORD-11541,2026-07-21,848798939,1,4.647000000000000e+01,USD,Shipped,
ORD-11541,2026-07-21,321811404,2,2.799000000000000e+01,USD,Completed,
ORD-11542,2026-07-21,1825469871,1,1.699000000000000e+01,USD,Completed,10%
ORD-11543,2026-07-21,3402143185,3,3.280000000000000e+00,USD,Completed,10%
ORD-11543,2026-07-21,3483895520,1,1.297000000000000e+01,USD,Shipped,
ORD-11543,2026-07-21,1231760315,1,1.999000000000000e+01,USD,Completed,10%
ORD-11544,2026-07-21,730250943,4,1.144000000000000e+01,USD,Shipped,
ORD-11544,2026-07-21,1856819911,1,6.290000000000000e+00,USD,Completed,
ORD-11545,2026-07-21,1226940529,2,3.210000000000000e+00,USD,Shipped,10%
ORD-11545,2026-07-21,5242746669,4,8,USD,Shipped,
ORD-11546,2026-07-21,5642502722,1,3.239000000000000e+01,USD,Shipped,
ORD-11546,2026-07-21,28926816,3,7.940000000000000e+00,USD,Completed,
ORD-11546,2026-07-21,2503512087,4,1.080000000000000e+01,USD,Completed,
ORD-11547,2026-07-21,871349337,4,2.738000000000000e+01,USD,Completed,
ORD-11547,2026-07-21,5684704635,3,1.213000000000000e+01,USD,Completed,10%
ORD-11548,2026-07-21,5219876777,2,6.130000000000000e+00,USD,Completed,
ORD-11548,2026-07-21,348784401,1,2.249000000000000e+01,USD,Shipped,
ORD-11548,2026-07-21,5327761690,4,2.499000000000000e+01,USD,Completed,
ORD-11549,2026-07-21,3813188391,4,1.999000000000000e+01,USD,Shipped,
ORD-11549,2026-07-21,5168273880,3,1.198000000000000e+01,USD,Completed,
ORD-11549,2026-07-21,1612728569,3,5.760000000000000e+01,USD,Completed,
ORD-11550,2026-07-21,829098148,3,5.199000000000000e+01,USD,Completed,
ORD-11550,2026-07-21,230846860,3,3.299000000000000e+01,USD,Completed,
ORD-11551,2026-07-21,102593173,1,1.980000000000000e+01,USD,Completed,
ORD-11551,2026-07-21,247655086,3,4.797000000000000e+01,USD,Shipped,
ORD-11552,2026-07-21,22374157,2,7.960000000000000e+00,USD,Completed,
ORD-11552,2026-07-21,126699313,4,1.820000000000000e+00,USD,Completed,
ORD-11553,2026-07-21,1507001378,2,9.900000000000000e-01,USD,Completed,
ORD-11553,2026-07-21,588404711,1,8.909999999999999e+01,USD,Completed,
ORD-11553,2026-07-21,5158180497,4,9.279999999999999e+00,USD,Completed,10%
ORD-11554,2026-07-21,3560683924,2,3.990000000000000e+00,USD,Completed,
ORD-11555,2026-07-21,1560005587,2,4.658000000000000e+01,USD,Completed,
ORD-11555,2026-07-21,5440778555,1,1.030000000000000e+01,USD,Completed,
ORD-11556,2026-07-21,887668036,2,4.139000000000000e+01,USD,Completed,
ORD-11557,2026-07-21,1341833689,2,1.499000000000000e+01,USD,Completed,
ORD-11558,2026-07-21,391028302,3,1.078000000000000e+01,USD,Completed,
ORD-11558,2026-07-21,3813188391,4,1.999000000000000e+01,USD,Completed,
ORD-11558,2026-07-21,54973324,4,2.407000000000000e+01,USD,Completed,
ORD-11559,2026-07-21,6494751477,3,1.499000000000000e+01,USD,Completed,
ORD-11560,2026-07-21,871349337,2,2.738000000000000e+01,USD,Completed,
ORD-11560,2026-07-21,10294885,4,2.720000000000000e+00,USD,Shipped,10%
ORD-11561,2026-07-21,5158180497,4,9.279999999999999e+00,USD,Completed,
ORD-11562,2026-07-21,2010024322,1,8.880000000000001e+00,USD,Completed,
ORD-11563,2026-07-21,385780287,2,5.198000000000000e+01,USD,Completed,
ORD-11563,2026-07-21,5295270812,1,3.549900000000000e+02,USD,Completed,
ORD-11564,2026-07-21,110779998,3,2.999000000000000e+01,USD,Completed,
ORD-11564,2026-07-21,5294092563,4,9.980000000000000e+00,USD,Shipped,
ORD-11564,2026-07-21,5702523237,1,1.599000000000000e+01,USD,Completed,
ORD-11565,2026-07-21,1017487270,1,2.999000000000000e+01,USD,Completed,
ORD-11565,2026-07-21,6838112687,4,2.920000000000000e+01,USD,Shipped,
ORD-11565,2026-07-21,5329337627,4,24,USD,Shipped,
ORD-11566,2026-07-21,5260887729,4,1.999000000000000e+01,USD,Completed,
ORD-11566,2026-07-21,10997171,4,1.012000000000000e+01,USD,Shipped,10%
ORD-11567,2026-07-21,1570467303,2,2.799000000000000e+01,USD,Shipped,
ORD-11568,2026-07-21,261700925,4,6.930000000000000e+01,USD,Shipped,10%
ORD-11569,2026-07-21,152355819,4,5.624000000000000e+01,USD,Completed,
ORD-11569,2026-07-21,615343705,1,2.767000000000000e+01,USD,Completed,
ORD-11570,2026-07-21,730250943,3,1.144000000000000e+01,USD,Completed,
ORD-11570,2026-07-21,1426167428,1,1.599000000000000e+01,USD,Completed,
ORD-11571,2026-07-21,382394597,2,1.688000000000000e+01,USD,Completed,
ORD-11572,2026-07-21,3046604016,4,5.299000000000000e+01,USD,Shipped,
ORD-11572,2026-07-21,242303426,2,8.720000000000001e+00,USD,Completed,
ORD-11573,2026-07-21,920987081,2,3.795000000000000e+01,USD,Shipped,
ORD-11573,2026-07-21,832929384,3,2.795000000000000e+01,USD,Completed,
ORD-11574,2026-07-21,829098148,2,5.199000000000000e+01,USD,Completed,
ORD-11574,2026-07-21,1231760315,4,1.999000000000000e+01,USD,Shipped,
ORD-11575,2026-07-21,944207748,3,3.899000000000000e+01,USD,Completed,
ORD-11576,2026-07-21,529767263,2,4.847000000000000e+01,USD,Completed,
ORD-11577,2026-07-21,5506488018,2,1.998000000000000e+01,USD,Completed,10%
ORD-11577,2026-07-21,1009224046,1,2.199000000000000e+01,USD,Shipped,
ORD-11578,2026-07-21,1825469871,1,1.699000000000000e+01,USD,Completed,
ORD-11578,2026-07-21,146144209,1,2.641000000000000e+01,USD,Completed,10%
ORD-11578,2026-07-21,141757585,2,1.499000000000000e+01,USD,Completed,
ORD-11579,2026-07-21,5658552152,2,1.499000000000000e+01,USD,Completed,
ORD-11580,2026-07-21,189455189,1,7.298999999999999e+01,USD,Completed,10%
ORD-11581,2026-07-21,2232013390,2,6.980000000000000e+00,USD,Completed,
ORD-11582,2026-07-21,531529503,1,2.339000000000000e+01,USD,Completed,
ORD-11583,2026-07-21,668480724,3,2.499000000000000e+01,USD,Completed,
ORD-11584,2026-07-21,5443068156,2,1.499000000000000e+01,USD,Completed,
ORD-11584,2026-07-21,669112285,1,9.890000000000001e+00,USD,Completed,
ORD-11585,2026-07-21,871349337,4,2.738000000000000e+01,USD,Completed,
ORD-11585,2026-07-21,3922793394,1,1.124000000000000e+01,USD,Shipped,
ORD-11585,2026-07-21,896931395,3,1.529000000000000e+01,USD,Completed,
ORD-11586,2026-07-21,10997171,2,1.012000000000000e+01,USD,Completed,
ORD-11587,2026-07-21,189455189,3,7.298999999999999e+01,USD,Completed,10%
ORD-11587,2026-07-21,264801526,2,2.249000000000000e+01,USD,Completed,
ORD-11587,2026-07-21,2834781358,2,2.399900000000000e+02,USD,Shipped,
ORD-11588,2026-07-21,453089336,1,55,USD,Completed,
ORD-11588,2026-07-21,1323968162,3,3.554000000000000e+01,USD,Completed,
ORD-11589,2026-07-21,5417683805,4,1.498000000000000e+01,USD,Completed,
ORD-11590,2026-07-21,141757585,2,1.499000000000000e+01,USD,Completed,
ORD-11591,2026-07-21,6918363302,2,2.399000000000000e+01,USD,Completed,
ORD-11592,2026-07-21,1560005587,4,4.658000000000000e+01,USD,Shipped,
ORD-11592,2026-07-21,5219876777,4,6.130000000000000e+00,USD,Completed,
ORD-11593,2026-07-21,5291664103,1,1.383000000000000e+01,USD,Completed,
ORD-11593,2026-07-21,910055282,4,1.099000000000000e+01,USD,Completed,
ORD-11593,2026-07-21,1204774750,1,6.898999999999999e+01,USD,Completed,
ORD-11594,2026-07-21,864008591,2,1.495000000000000e+01,USD,Completed,
ORD-11594,2026-07-21,2503512087,3,1.080000000000000e+01,USD,Completed,
ORD-11594,2026-07-21,904020893,3,4.649000000000000e+01,USD,Completed,
ORD-11595,2026-07-21,2868760641,1,2.399000000000000e+01,USD,Shipped,
ORD-11595,2026-07-21,2097897368,3,3.597000000000000e+01,USD,Completed,
ORD-11595,2026-07-21,5661609857,3,3.591000000000000e+01,USD,Shipped,
ORD-11596,2026-07-21,829098148,1,5.199000000000000e+01,USD,Completed,
ORD-11596,2026-07-21,215916201,3,1.396000000000000e+01,USD,Completed,
ORD-11596,2026-07-21,1184268274,1,9.869999999999999e+00,USD,Shipped,
ORD-11597,2026-07-21,886368088,3,5.940000000000000e+00,USD,Shipped,
ORD-11598,2026-07-21,5158180497,2,9.279999999999999e+00,USD,Completed,
ORD-11599,2026-07-21,46068414,2,1.613000000000000e+01,USD,Shipped,
ORD-11600,2026-07-21,5260887729,2,1.999000000000000e+01,USD,Shipped,
ORD-11600,2026-07-21,2097897368,1,3.597000000000000e+01,USD,Completed,
ORD-11601,2026-07-21,2637400158,4,2.399000000000000e+01,USD,Completed,
ORD-11602,2026-07-21,676413174,2,6.970000000000000e+00,USD,Completed,10%
ORD-11602,2026-07-21,5182915849,1,1.998000000000000e+01,USD,Completed,
ORD-11602,2026-07-21,832929384,3,2.795000000000000e+01,USD,Shipped,
ORD-11603,2026-07-21,1856819911,3,6.290000000000000e+00,USD,Completed,
ORD-11603,2026-07-21,455894581,4,2.999000000000000e+01,USD,Completed,
ORD-11604,2026-07-21,2747441586,3,2.999000000000000e+01,USD,Completed,
ORD-11604,2026-07-21,381553241,4,1.399000000000000e+01,USD,Completed,
ORD-11605,2026-07-21,242303426,2,8.720000000000001e+00,USD,Completed,
ORD-11605,2026-07-21,1825469871,4,1.699000000000000e+01,USD,Completed,
ORD-11606,2026-07-21,10294885,4,2.720000000000000e+00,USD,Completed,
ORD-11606,2026-07-21,232510830,4,4.999000000000000e+01,USD,Completed,
ORD-11607,2026-07-21,1825469871,2,1.699000000000000e+01,USD,Completed,
ORD-11607,2026-07-21,569572519,3,2.175000000000000e+01,USD,Completed,10%
ORD-11607,2026-07-21,3053955490,3,1.619000000000000e+01,USD,Completed,
ORD-11608,2026-07-21,412531616,4,2.999000000000000e+01,USD,Completed,
ORD-11609,2026-07-21,667101829,3,9.995000000000000e+01,USD,Completed,
ORD-11610,2026-07-21,555974352,1,3.605000000000000e+01,USD,Completed,10%
ORD-11610,2026-07-21,393101003,3,1.986000000000000e+01,USD,Completed,
ORD-11610,2026-07-21,5502936471,2,1.499000000000000e+01,USD,Completed,
ORD-11611,2026-07-21,6013308220,2,3.324000000000000e+01,USD,Shipped,
ORD-11611,2026-07-21,1037166405,2,2.390000000000000e+01,USD,Completed,
ORD-11612,2026-07-21,2747441586,1,2.999000000000000e+01,USD,Completed,
ORD-11612,2026-07-21,1507001378,4,9.900000000000000e-01,USD,Completed,
ORD-11612,2026-07-21,3855217628,4,1.497000000000000e+01,USD,Completed,
ORD-11613,2026-07-21,891036133,1,2.209000000000000e+01,USD,Completed,10%
ORD-11613,2026-07-21,3876384696,3,6.998999999999999e+01,USD,Completed,
ORD-11614,2026-07-21,1231760315,3,1.999000000000000e+01,USD,Completed,
ORD-11614,2026-07-21,529767263,3,4.847000000000000e+01,USD,Completed,
ORD-11615,2026-07-21,1727244137,3,7.598999999999999e+01,USD,Completed,
ORD-11616,2026-07-21,2002762091,1,2.999000000000000e+01,USD,Shipped,
ORD-11616,2026-07-21,5642502722,1,3.239000000000000e+01,USD,Completed,
ORD-11616,2026-07-21,907847604,3,2.210000000000000e+01,USD,Completed,
ORD-11617,2026-07-21,3922793394,1,1.124000000000000e+01,USD,Shipped,10%
ORD-11618,2026-07-21,1507001378,3,9.900000000000000e-01,USD,Shipped,
ORD-11618,2026-07-21,848798939,3,4.647000000000000e+01,USD,Completed,
ORD-11618,2026-07-21,5291664103,1,1.383000000000000e+01,USD,Completed,
ORD-11619,2026-07-21,907847604,3,2.210000000000000e+01,USD,Completed,
ORD-11619,2026-07-21,2785607950,1,9.269000000000000e+01,USD,Completed,
ORD-11620,2026-07-21,10308385,3,4.430000000000000e+00,USD,Completed,
ORD-11620,2026-07-21,1226940529,2,3.210000000000000e+00,USD,Completed,
ORD-11620,2026-07-21,259195843,2,2.995000000000000e+01,USD,Completed,
ORD-11621,2026-07-21,180450545,3,1.464000000000000e+02,USD,Shipped,
ORD-11622,2026-07-21,141757585,4,1.499000000000000e+01,USD,Completed,
ORD-11622,2026-07-21,215916201,2,1.396000000000000e+01,USD,Completed,
ORD-11622,2026-07-21,1097677016,3,2.499000000000000e+01,USD,Completed,
ORD-11623,2026-07-21,321811404,2,2.799000000000000e+01,USD,Completed,
ORD-11623,2026-07-21,5209344136,4,2.999000000000000e+01,USD,Shipped,
ORD-11623,2026-07-21,469036214,1,2.049900000000000e+02,USD,Completed,
ORD-11624,2026-07-21,1204774750,2,6.898999999999999e+01,USD,Completed,
ORD-11624,2026-07-21,5168273880,1,1.198000000000000e+01,USD,Completed,
ORD-11625,2026-07-21,46068414,4,1.613000000000000e+01,USD,Completed,
ORD-11626,2026-07-21,5205925876,2,1.922000000000000e+01,USD,Completed,
ORD-11626,2026-07-21,531529503,2,2.339000000000000e+01,USD,Completed,
ORD-11626,2026-07-21,34203165,3,1.673000000000000e+01,USD,Completed,
ORD-11627,2026-07-21,5684704635,3,1.213000000000000e+01,USD,Completed,
ORD-11628,2026-07-21,1612728569,1,5.760000000000000e+01,USD,Completed,
ORD-11629,2026-07-21,265927683,4,1.799000000000000e+01,USD,Completed,
ORD-11629,2026-07-21,27230944,1,3.343000000000000e+01,USD,Completed,10%
ORD-11629,2026-07-21,5295270812,2,3.549900000000000e+02,USD,Completed,
ORD-11630,2026-07-21,2128773109,2,3.999000000000000e+01,USD,Shipped,
ORD-11631,2026-07-21,381553241,3,1.399000000000000e+01,USD,Completed,
ORD-11631,2026-07-21,1774083175,4,2.999000000000000e+01,USD,Completed,
ORD-11631,2026-07-21,2785607950,3,9.269000000000000e+01,USD,Completed,
ORD-11632,2026-07-21,17245067,2,123,USD,Shipped,
ORD-11633,2026-07-21,730250943,1,1.144000000000000e+01,USD,Shipped,
ORD-11634,2026-07-21,2716531748,4,1.998000000000000e+01,USD,Completed,
ORD-11635,2026-07-21,920987081,3,3.795000000000000e+01,USD,Completed,
ORD-11636,2026-07-21,10308385,3,4.430000000000000e+00,USD,Completed,10%
ORD-11636,2026-07-21,974265277,2,1.116200000000000e+02,USD,Completed,
ORD-11636,2026-07-21,595025504,2,3.495000000000000e+01,USD,Completed,
ORD-11637,2026-07-21,5209344136,1,2.999000000000000e+01,USD,Completed,
ORD-11638,2026-07-21,3824041405,1,6.744000000000000e+01,USD,Completed,
ORD-11638,2026-07-21,2138573500,1,1.599000000000000e+01,USD,Completed,
ORD-11638,2026-07-21,696459227,2,1.461000000000000e+01,USD,Completed,
ORD-11639,2026-07-21,2747441586,1,2.999000000000000e+01,USD,Completed,
ORD-11639,2026-07-21,393101003,4,1.986000000000000e+01,USD,Completed,
ORD-11639,2026-07-21,5260887729,3,1.999000000000000e+01,USD,Completed,
ORD-11640,2026-07-21,431812530,3,1.998000000000000e+01,USD,Completed,10%
ORD-11641,2026-07-21,790957653,2,1.245000000000000e+01,USD,Completed,
ORD-11641,2026-07-21,215916201,1,1.396000000000000e+01,USD,Completed,10%
ORD-11641,2026-07-21,430528189,3,4.788000000000000e+01,USD,Completed,
ORD-11642,2026-07-21,385780287,1,5.198000000000000e+01,USD,Shipped,
ORD-11642,2026-07-21,453089336,3,55,USD,Completed,
ORD-11643,2026-07-21,5066959782,1,1.280000000000000e+01,USD,Completed,
ORD-11643,2026-07-21,729322559,2,24,USD,Shipped,10%
ORD-11643,2026-07-21,5502936471,2,1.499000000000000e+01,USD,Completed,10%
ORD-11644,2026-07-21,606223683,1,2.862000000000000e+01,USD,Completed,
ORD-11644,2026-07-21,907847604,3,2.210000000000000e+01,USD,Completed,
ORD-11644,2026-07-21,247655086,2,4.797000000000000e+01,USD,Completed,
ORD-11645,2026-07-21,453089336,3,55,USD,Completed,
ORD-11645,2026-07-21,602315286,1,2.250000000000000e+01,USD,Completed,
ORD-11646,2026-07-21,182543171,3,4.860000000000000e+00,USD,Shipped,
ORD-11647,2026-07-21,689096319,3,9.910000000000000e+00,USD,Completed,10%
ORD-11647,2026-07-21,753681550,1,1.560000000000000e+01,USD,Shipped,
ORD-11648,2026-07-21,283514640,1,1.899000000000000e+01,USD,Completed,10%
ORD-11649,2026-07-21,1037166405,4,2.390000000000000e+01,USD,Completed,
ORD-11649,2026-07-21,896931395,1,1.529000000000000e+01,USD,Shipped,
ORD-11650,2026-07-21,864008591,4,1.495000000000000e+01,USD,Completed,
ORD-11650,2026-07-21,385780287,3,5.198000000000000e+01,USD,Completed,
ORD-11651,2026-07-21,17245067,4,123,USD,Shipped,
ORD-11651,2026-07-21,839659160,4,4.999000000000000e+01,USD,Completed,
ORD-11652,2026-07-21,848798939,2,4.647000000000000e+01,USD,Shipped,
ORD-11652,2026-07-21,1097677016,2,2.499000000000000e+01,USD,Completed,
ORD-11652,2026-07-21,1856819911,2,6.290000000000000e+00,USD,Completed,
ORD-11653,2026-07-21,348784401,1,2.249000000000000e+01,USD,Completed,
ORD-11654,2026-07-21,1184654530,3,1.999000000000000e+01,USD,Shipped,
ORD-11655,2026-07-21,22374157,4,7.960000000000000e+00,USD,Completed,
ORD-11655,2026-07-21,896599636,2,2.719000000000000e+01,USD,Completed,
ORD-11655,2026-07-21,5327761690,3,2.499000000000000e+01,USD,Shipped,
ORD-11656,2026-07-21,2002762091,3,2.999000000000000e+01,USD,Completed,
ORD-11656,2026-07-21,606223683,3,2.862000000000000e+01,USD,Completed,
ORD-11657,2026-07-21,2007589965,1,1.471990000000000e+03,USD,Completed,
ORD-11657,2026-07-21,1426167428,2,1.599000000000000e+01,USD,Completed,
ORD-11658,2026-07-21,781490570,2,1.499000000000000e+01,USD,Completed,
ORD-11659,2026-07-21,1359948905,2,3.277000000000000e+01,USD,Completed,
ORD-11660,2026-07-21,5260887729,2,1.999000000000000e+01,USD,Completed,
ORD-11661,2026-07-21,229653852,1,1.399000000000000e+01,USD,Completed,10%
ORD-11662,2026-07-21,5205925876,4,1.922000000000000e+01,USD,Completed,
ORD-11663,2026-07-21,3808974443,1,4.980000000000000e+00,USD,Shipped,
ORD-11663,2026-07-21,321811404,1,2.799000000000000e+01,USD,Shipped,10%
ORD-11664,2026-07-21,242303426,4,8.720000000000001e+00,USD,Shipped,
ORD-11665,2026-07-21,1570467303,4,2.799000000000000e+01,USD,Completed,
ORD-11665,2026-07-21,34203165,1,1.673000000000000e+01,USD,Completed,
ORD-11665,2026-07-21,1500372373,4,8,USD,Completed,
ORD-11666,2026-07-21,2844883584,1,2.494000000000000e+01,USD,Completed,
ORD-11666,2026-07-21,693758408,3,1.709000000000000e+01,USD,Shipped,
ORD-11666,2026-07-21,5366405121,1,1.299000000000000e+01,USD,Completed,10%
ORD-11667,2026-07-21,381632255,2,7.298999999999999e+01,USD,Completed,
ORD-11667,2026-07-21,2570740977,4,3.399000000000000e+01,USD,Completed,
ORD-11667,2026-07-21,408608184,1,8.970000000000001e+00,USD,Shipped,
ORD-11668,2026-07-21,1009224046,3,2.199000000000000e+01,USD,Shipped,
ORD-11669,2026-07-21,5662896790,2,2.594000000000000e+01,USD,Shipped,
ORD-11669,2026-07-21,3212008907,1,3,USD,Completed,
ORD-11670,2026-07-21,3922793394,3,1.124000000000000e+01,USD,Completed,
ORD-11670,2026-07-21,5663974279,1,1.994000000000000e+01,USD,Completed,
ORD-11670,2026-07-21,602748918,3,1.499000000000000e+01,USD,Shipped,
ORD-11671,2026-07-21,2580740549,4,1.062000000000000e+01,USD,Completed,
ORD-11671,2026-07-21,161657830,4,4.999000000000000e+01,USD,Completed,
ORD-11671,2026-07-21,2126911017,2,1.999000000000000e+01,USD,Completed,
ORD-11672,2026-07-21,5205925876,2,1.922000000000000e+01,USD,Completed,
ORD-11672,2026-07-21,618032539,2,1.299000000000000e+01,USD,Shipped,
ORD-11672,2026-07-21,373855792,2,2.296000000000000e+01,USD,Completed,
ORD-11673,2026-07-21,5164703747,4,6.090000000000000e+00,USD,Completed,
ORD-11673,2026-07-21,5066959782,3,1.280000000000000e+01,USD,Completed,
ORD-11673,2026-07-21,669112285,3,9.890000000000001e+00,USD,Shipped,
ORD-11674,2026-07-21,6838112687,2,2.920000000000000e+01,USD,Completed,
ORD-11674,2026-07-21,781490570,4,1.499000000000000e+01,USD,Completed,
ORD-11674,2026-07-21,6494751477,2,1.499000000000000e+01,USD,Completed,
ORD-11675,2026-07-21,321811404,3,2.799000000000000e+01,USD,Completed,
ORD-11675,2026-07-21,3588670272,2,1.599000000000000e+01,USD,Shipped,
ORD-11675,2026-07-21,2126911017,1,1.999000000000000e+01,USD,Completed,
ORD-11676,2026-07-21,753681550,3,1.560000000000000e+01,USD,Completed,10%
ORD-11676,2026-07-21,5262717138,2,2.597000000000000e+01,USD,Completed,
ORD-11677,2026-07-21,615343705,2,2.767000000000000e+01,USD,Completed,
ORD-11677,2026-07-21,5292671987,4,1.762900000000000e+02,USD,Completed,
ORD-11678,2026-07-21,1341833689,2,1.499000000000000e+01,USD,Shipped,
ORD-11678,2026-07-21,6494751477,3,1.499000000000000e+01,USD,Completed,
ORD-11678,2026-07-21,1792864118,3,5.790000000000000e+00,USD,Completed,
ORD-11679,2026-07-21,1500372373,1,8,USD,Shipped,
ORD-11679,2026-07-21,5209344136,3,2.999000000000000e+01,USD,Completed,
ORD-11679,2026-07-21,676413174,2,6.970000000000000e+00,USD,Completed,
ORD-11680,2026-07-22,5264765893,1,2.999000000000000e+01,USD,Completed,
ORD-11681,2026-07-22,5753314187,2,1.999000000000000e+01,USD,Completed,
ORD-11681,2026-07-22,2580740549,3,1.062000000000000e+01,USD,Completed,
ORD-11682,2026-07-22,1983309413,1,4.499000000000000e+01,USD,Completed,
ORD-11682,2026-07-22,408608184,4,8.970000000000001e+00,USD,Completed,
ORD-11682,2026-07-22,229653852,1,1.399000000000000e+01,USD,Completed,
ORD-11683,2026-07-22,3922793394,1,1.124000000000000e+01,USD,Completed,
ORD-11684,2026-07-22,152355819,3,5.624000000000000e+01,USD,Completed,
ORD-11685,2026-07-22,1204774750,4,6.898999999999999e+01,USD,Completed,
ORD-11685,2026-07-22,247655086,3,4.797000000000000e+01,USD,Completed,
ORD-11686,2026-07-22,5397071399,2,1.299000000000000e+01,USD,Completed,
ORD-11686,2026-07-22,287819116,1,2.629000000000000e+01,USD,Completed,
ORD-11687,2026-07-22,283514640,4,1.899000000000000e+01,USD,Completed,
ORD-11687,2026-07-22,5379906696,4,1.498000000000000e+01,USD,Shipped,
ORD-11688,2026-07-22,529767263,4,4.847000000000000e+01,USD,Shipped,
ORD-11688,2026-07-22,382394597,1,1.688000000000000e+01,USD,Completed,10%
ORD-11688,2026-07-22,261700925,3,6.930000000000000e+01,USD,Completed,
ORD-11689,2026-07-22,569572519,2,2.175000000000000e+01,USD,Completed,
ORD-11690,2026-07-22,1267967836,1,8.698999999999999e+01,USD,Shipped,10%
ORD-11690,2026-07-22,1543169305,1,1.299000000000000e+01,USD,Completed,10%
ORD-11691,2026-07-22,2232013390,1,6.980000000000000e+00,USD,Completed,
ORD-11691,2026-07-22,422458903,1,1.998000000000000e+01,USD,Completed,
ORD-11691,2026-07-22,802163708,4,2.482000000000000e+01,USD,Completed,
ORD-11692,2026-07-22,2968552747,3,9.630000000000001e+00,USD,Completed,
ORD-11692,2026-07-22,6013308220,4,3.324000000000000e+01,USD,Completed,
ORD-11693,2026-07-22,54973324,3,2.407000000000000e+01,USD,Completed,
ORD-11694,2026-07-22,618032539,2,1.299000000000000e+01,USD,Shipped,
ORD-11694,2026-07-22,354688867,1,3.299000000000000e+01,USD,Completed,
ORD-11695,2026-07-22,1336755092,3,1.499000000000000e+01,USD,Completed,10%
ORD-11695,2026-07-22,6013308220,2,3.324000000000000e+01,USD,Shipped,
ORD-11696,2026-07-22,5292671987,3,1.762900000000000e+02,USD,Completed,10%
ORD-11697,2026-07-22,1331751223,4,1.388000000000000e+01,USD,Shipped,
ORD-11697,2026-07-22,5440778555,1,1.030000000000000e+01,USD,Completed,
ORD-11697,2026-07-22,215916201,1,1.396000000000000e+01,USD,Shipped,
ORD-11698,2026-07-22,5118743904,1,2.899000000000000e+01,USD,Completed,
ORD-11699,2026-07-22,1204774750,4,6.898999999999999e+01,USD,Completed,
ORD-11699,2026-07-22,3402143185,4,3.280000000000000e+00,USD,Shipped,
ORD-11700,2026-07-22,1226940529,2,3.210000000000000e+00,USD,Completed,
ORD-11700,2026-07-22,5053396247,3,1.499000000000000e+01,USD,Shipped,
ORD-11700,2026-07-22,354688867,3,3.299000000000000e+01,USD,Completed,
ORD-11701,2026-07-22,5323625259,4,25,USD,Completed,
ORD-11701,2026-07-22,667101829,3,9.995000000000000e+01,USD,Completed,
ORD-11702,2026-07-22,1097677016,2,2.499000000000000e+01,USD,Completed,
ORD-11702,2026-07-22,152355819,2,5.624000000000000e+01,USD,Completed,
ORD-11702,2026-07-22,529767263,1,4.847000000000000e+01,USD,Shipped,10%
ORD-11703,2026-07-22,729322559,1,24,USD,Shipped,10%
ORD-11704,2026-07-22,546469522,3,1.499000000000000e+01,USD,Shipped,
ORD-11704,2026-07-22,730250943,4,1.144000000000000e+01,USD,Completed,
ORD-11704,2026-07-22,381632255,3,7.298999999999999e+01,USD,Completed,
ORD-11705,2026-07-22,453089336,1,55,USD,Shipped,
ORD-11705,2026-07-22,5702523237,2,1.599000000000000e+01,USD,Shipped,
ORD-11705,2026-07-22,5190064929,4,3.196000000000000e+01,USD,Completed,
ORD-11706,2026-07-22,2126911017,1,1.999000000000000e+01,USD,Completed,
ORD-11706,2026-07-22,2503512087,3,1.080000000000000e+01,USD,Completed,
ORD-11706,2026-07-22,696459227,2,1.461000000000000e+01,USD,Completed,
ORD-11707,2026-07-22,602748918,2,1.499000000000000e+01,USD,Shipped,
ORD-11707,2026-07-22,146144209,3,2.641000000000000e+01,USD,Completed,
ORD-11708,2026-07-22,141757585,3,1.499000000000000e+01,USD,Completed,
ORD-11709,2026-07-22,485354607,4,4.299000000000000e+01,USD,Shipped,
ORD-11709,2026-07-22,1774925941,2,6.998999999999999e+01,USD,Completed,
ORD-11709,2026-07-22,2113674813,2,1.168000000000000e+02,USD,Shipped,
ORD-11710,2026-07-22,5184785010,1,2.299000000000000e+01,USD,Completed,
ORD-11710,2026-07-22,1897403279,4,1.189000000000000e+01,USD,Completed,
ORD-11711,2026-07-22,1560005587,2,4.658000000000000e+01,USD,Completed,
ORD-11711,2026-07-22,5158180497,3,9.279999999999999e+00,USD,Completed,10%
ORD-11712,2026-07-22,3588670272,2,1.599000000000000e+01,USD,Completed,
ORD-11712,2026-07-22,408608184,2,8.970000000000001e+00,USD,Completed,
ORD-11713,2026-07-22,887668036,3,4.139000000000000e+01,USD,Completed,10%
ORD-11714,2026-07-22,1009224046,4,2.199000000000000e+01,USD,Completed,
ORD-11714,2026-07-22,2363655537,2,4.950000000000000e+01,USD,Completed,
ORD-11715,2026-07-22,10308385,4,4.430000000000000e+00,USD,Completed,
ORD-11715,2026-07-22,369367315,4,2.999000000000000e+01,USD,Shipped,10%
ORD-11716,2026-07-22,896931395,3,1.529000000000000e+01,USD,Completed,
ORD-11716,2026-07-22,1722962454,3,1.035000000000000e+01,USD,Shipped,
ORD-11717,2026-07-22,100662878,3,2.199000000000000e+01,USD,Shipped,
ORD-11718,2026-07-22,5045669548,1,2.999000000000000e+01,USD,Completed,
ORD-11719,2026-07-22,5344195287,4,2.199000000000000e+01,USD,Completed,
ORD-11719,2026-07-22,2844883584,1,2.494000000000000e+01,USD,Completed,
ORD-11719,2026-07-22,945882097,2,1.975000000000000e+01,USD,Completed,
ORD-11720,2026-07-22,5663974279,1,1.994000000000000e+01,USD,Completed,
ORD-11720,2026-07-22,910055282,2,1.099000000000000e+01,USD,Completed,
ORD-11721,2026-07-22,1093743201,2,2.599000000000000e+01,USD,Completed,
ORD-11721,2026-07-22,283514640,1,1.899000000000000e+01,USD,Completed,
ORD-11721,2026-07-22,1792864118,2,5.790000000000000e+00,USD,Shipped,
ORD-11722,2026-07-22,5397071399,4,1.299000000000000e+01,USD,Completed,
ORD-11722,2026-07-22,321811404,1,2.799000000000000e+01,USD,Completed,
ORD-11723,2026-07-22,618032539,1,1.299000000000000e+01,USD,Completed,
ORD-11723,2026-07-22,5663974279,3,1.994000000000000e+01,USD,Shipped,
ORD-11724,2026-07-22,310097871,4,1.499000000000000e+01,USD,Completed,
ORD-11725,2026-07-22,1063134991,1,1.599000000000000e+01,USD,Completed,
ORD-11726,2026-07-22,54973324,4,2.407000000000000e+01,USD,Completed,
ORD-11726,2026-07-22,469036214,1,2.049900000000000e+02,USD,Completed,
ORD-11727,2026-07-22,5057611924,3,3.599000000000000e+01,USD,Completed,
ORD-11728,2026-07-22,908201566,1,1.056000000000000e+01,USD,Shipped,10%
ORD-11728,2026-07-22,953950834,2,2.795000000000000e+01,USD,Completed,
ORD-11729,2026-07-22,573614161,2,9.060000000000000e+00,USD,Completed,10%
ORD-11729,2026-07-22,1543169305,2,1.299000000000000e+01,USD,Shipped,
ORD-11729,2026-07-22,1774925941,3,6.998999999999999e+01,USD,Shipped,
ORD-11730,2026-07-22,615343705,1,2.767000000000000e+01,USD,Completed,
ORD-11730,2026-07-22,34203165,1,1.673000000000000e+01,USD,Completed,
ORD-11731,2026-07-22,189455189,3,7.298999999999999e+01,USD,Completed,
ORD-11732,2026-07-22,1792864118,4,5.790000000000000e+00,USD,Completed,
ORD-11733,2026-07-22,5062553620,3,9.840000000000000e+00,USD,Completed,
ORD-11733,2026-07-22,1613734417,4,2.580000000000000e+01,USD,Shipped,
ORD-11734,2026-07-22,173530386,4,2.290000000000000e+01,USD,Completed,
ORD-11735,2026-07-22,744949530,2,1.799000000000000e+01,USD,Completed,10%
ORD-11735,2026-07-22,1774083175,2,2.999000000000000e+01,USD,Shipped,
ORD-11735,2026-07-22,903463722,4,2.309000000000000e+01,USD,Completed,
ORD-11736,2026-07-22,602315286,4,2.250000000000000e+01,USD,Completed,
ORD-11736,2026-07-22,1359948905,1,3.277000000000000e+01,USD,Completed,
ORD-11737,2026-07-22,1856819911,4,6.290000000000000e+00,USD,Shipped,
ORD-11737,2026-07-22,3046604016,3,5.299000000000000e+01,USD,Completed,
ORD-11738,2026-07-22,667101829,4,9.995000000000000e+01,USD,Completed,
ORD-11738,2026-07-22,786691113,4,1.053000000000000e+01,USD,Completed,
ORD-11739,2026-07-22,832929384,3,2.795000000000000e+01,USD,Completed,
ORD-11739,2026-07-22,1331751223,2,1.388000000000000e+01,USD,Completed,
ORD-11740,2026-07-22,5260887729,4,1.999000000000000e+01,USD,Completed,
ORD-11740,2026-07-22,1921006587,1,2.159000000000000e+01,USD,Completed,
ORD-11741,2026-07-22,1063134991,4,1.599000000000000e+01,USD,Completed,
ORD-11741,2026-07-22,3808974443,4,4.980000000000000e+00,USD,Completed,
ORD-11742,2026-07-22,3212008907,2,3,USD,Completed,
ORD-11742,2026-07-22,469036214,1,2.049900000000000e+02,USD,Completed,10%
ORD-11742,2026-07-22,6126862324,2,3.497000000000000e+01,USD,Completed,
ORD-11743,2026-07-22,152355819,4,5.624000000000000e+01,USD,Completed,
ORD-11744,2026-07-22,908201566,1,1.056000000000000e+01,USD,Completed,
ORD-11745,2026-07-22,693758408,3,1.709000000000000e+01,USD,Shipped,
ORD-11746,2026-07-22,2113674813,2,1.168000000000000e+02,USD,Completed,
ORD-11747,2026-07-22,259195843,3,2.995000000000000e+01,USD,Completed,
ORD-11747,2026-07-22,5379906696,1,1.498000000000000e+01,USD,Completed,
ORD-11748,2026-07-22,753681550,1,1.560000000000000e+01,USD,Completed,
ORD-11748,2026-07-22,247655086,3,4.797000000000000e+01,USD,Completed,
ORD-11749,2026-07-22,1160636802,1,2.799000000000000e+01,USD,Shipped,
ORD-11749,2026-07-22,848798939,2,4.647000000000000e+01,USD,Completed,10%
ORD-11750,2026-07-22,5144555813,4,4.499000000000000e+01,USD,Completed,
ORD-11750,2026-07-22,411359040,2,30,USD,Completed,10%
ORD-11750,2026-07-22,602748918,4,1.499000000000000e+01,USD,Completed,
ORD-11751,2026-07-22,10294756,2,2,USD,Completed,10%
ORD-11751,2026-07-22,110779998,3,2.999000000000000e+01,USD,Completed,
ORD-11751,2026-07-22,1792864118,4,5.790000000000000e+00,USD,Completed,
ORD-11752,2026-07-22,953950834,1,2.795000000000000e+01,USD,Completed,
ORD-11753,2026-07-22,215916201,1,1.396000000000000e+01,USD,Completed,
ORD-11753,2026-07-22,1774083175,2,2.999000000000000e+01,USD,Shipped,10%
ORD-11753,2026-07-22,676413174,2,6.970000000000000e+00,USD,Completed,
ORD-11754,2026-07-22,5502936471,3,1.499000000000000e+01,USD,Completed,
ORD-11755,2026-07-22,3560683924,3,3.990000000000000e+00,USD,Completed,10%
ORD-11755,2026-07-22,33685485,4,1.119000000000000e+01,USD,Shipped,10%
ORD-11755,2026-07-22,1507001378,3,9.900000000000000e-01,USD,Completed,
ORD-11756,2026-07-22,5291664103,1,1.383000000000000e+01,USD,Completed,10%
ORD-11756,2026-07-22,1063134991,1,1.599000000000000e+01,USD,Completed,
ORD-11757,2026-07-22,910055282,3,1.099000000000000e+01,USD,Completed,
ORD-11757,2026-07-22,2097897368,2,3.597000000000000e+01,USD,Completed,
ORD-11757,2026-07-22,2749504314,2,1.999000000000000e+01,USD,Shipped,
ORD-11758,2026-07-22,377862424,1,9.990000000000000e+00,USD,Shipped,10%
ORD-11758,2026-07-22,529767263,2,4.847000000000000e+01,USD,Completed,
ORD-11759,2026-07-22,1649464157,1,1.799000000000000e+01,USD,Shipped,
ORD-11760,2026-07-22,1995467623,2,2.399000000000000e+01,USD,Shipped,
ORD-11760,2026-07-22,2126911017,1,1.999000000000000e+01,USD,Completed,
ORD-11761,2026-07-22,110779998,4,2.999000000000000e+01,USD,Completed,
ORD-11761,2026-07-22,1435754084,2,1.197000000000000e+01,USD,Completed,
ORD-11762,2026-07-22,5209344136,2,2.999000000000000e+01,USD,Completed,10%
ORD-11762,2026-07-22,1722962454,4,1.035000000000000e+01,USD,Completed,
ORD-11763,2026-07-22,5353145797,1,1.079000000000000e+01,USD,Completed,
ORD-11763,2026-07-22,1097677016,1,2.499000000000000e+01,USD,Completed,
ORD-11763,2026-07-22,3876384696,4,6.998999999999999e+01,USD,Completed,
ORD-11764,2026-07-22,5184785010,4,2.299000000000000e+01,USD,Shipped,
ORD-11765,2026-07-22,5702032013,4,4.488000000000000e+01,USD,Completed,
ORD-11765,2026-07-22,377862424,3,9.990000000000000e+00,USD,Completed,
ORD-11765,2026-07-22,422458903,3,1.998000000000000e+01,USD,Completed,
ORD-11766,2026-07-22,435835263,3,9.990000000000000e+00,USD,Completed,
ORD-11766,2026-07-22,5066959782,3,1.280000000000000e+01,USD,Shipped,10%
ORD-11766,2026-07-22,5057611924,3,3.599000000000000e+01,USD,Completed,
ORD-11767,2026-07-22,1426167428,4,1.599000000000000e+01,USD,Completed,10%
ORD-11767,2026-07-22,391028302,1,1.078000000000000e+01,USD,Shipped,10%
ORD-11768,2026-07-22,354688867,4,3.299000000000000e+01,USD,Shipped,
ORD-11769,2026-07-22,10294756,1,2,USD,Completed,
ORD-11769,2026-07-22,1766457787,4,5.790000000000000e+00,USD,Completed,10%
ORD-11769,2026-07-22,5273430664,2,16,USD,Completed,10%
ORD-11770,2026-07-22,1728596655,2,1.398000000000000e+01,USD,Completed,
ORD-11771,2026-07-22,348784401,3,2.249000000000000e+01,USD,Completed,
ORD-11771,2026-07-22,871349337,5,2.738000000000000e+01,USD,Completed,
ORD-11771,2026-07-22,2749504314,3,1.999000000000000e+01,USD,Completed,
ORD-11772,2026-07-22,903463722,4,2.309000000000000e+01,USD,Shipped,
ORD-11772,2026-07-22,1226247035,4,1.988000000000000e+01,USD,Shipped,
ORD-11773,2026-07-22,141988874,2,5.850000000000000e+00,USD,Completed,
ORD-11773,2026-07-22,1208578847,1,3.597000000000000e+01,USD,Completed,
ORD-11774,2026-07-22,25997723,2,6.490000000000001e+01,USD,Completed,
ORD-11775,2026-07-22,126699313,3,1.820000000000000e+00,USD,Completed,10%
ORD-11775,2026-07-22,910055282,1,1.099000000000000e+01,USD,Completed,
ORD-11776,2026-07-22,5327761690,4,2.499000000000000e+01,USD,Shipped,
ORD-11776,2026-07-22,3824041405,2,6.744000000000000e+01,USD,Shipped,
ORD-11777,2026-07-22,2363655537,2,4.950000000000000e+01,USD,Completed,
ORD-11777,2026-07-22,1613734417,1,2.580000000000000e+01,USD,Completed,
ORD-11777,2026-07-22,6013308220,1,3.324000000000000e+01,USD,Completed,
ORD-11778,2026-07-22,1615288442,1,1.499000000000000e+01,USD,Completed,10%
ORD-11778,2026-07-22,3423574153,3,1.166600000000000e+02,USD,Completed,
ORD-11779,2026-07-22,786691113,4,1.053000000000000e+01,USD,Completed,10%
ORD-11779,2026-07-22,1226940529,3,3.210000000000000e+00,USD,Completed,
ORD-11779,2026-07-22,2166765925,1,1.975000000000000e+01,USD,Completed,
ORD-11780,2026-07-22,102593173,1,1.980000000000000e+01,USD,Completed,
ORD-11780,2026-07-22,110779998,3,2.999000000000000e+01,USD,Shipped,
ORD-11780,2026-07-22,908232424,1,3.698000000000000e+01,USD,Shipped,
ORD-11781,2026-07-22,802163708,3,2.482000000000000e+01,USD,Completed,
ORD-11782,2026-07-22,1825469871,4,1.699000000000000e+01,USD,Completed,
ORD-11783,2026-07-22,5219876777,1,6.130000000000000e+00,USD,Completed,
ORD-11783,2026-07-22,430528189,4,4.788000000000000e+01,USD,Completed,10%
ORD-11783,2026-07-22,5344195287,1,2.199000000000000e+01,USD,Completed,
ORD-11784,2026-07-22,2113674813,1,1.168000000000000e+02,USD,Completed,
ORD-11784,2026-07-22,5642502722,1,3.239000000000000e+01,USD,Completed,10%
ORD-11785,2026-07-22,669112285,3,9.890000000000001e+00,USD,Completed,
ORD-11785,2026-07-22,28926816,2,7.940000000000000e+00,USD,Completed,
ORD-11785,2026-07-22,6918363302,4,2.399000000000000e+01,USD,Completed,10%
ORD-11786,2026-07-22,1727244137,3,7.598999999999999e+01,USD,Completed,
ORD-11786,2026-07-22,2232013390,3,6.980000000000000e+00,USD,Completed,
ORD-11786,2026-07-22,788450043,2,1.299000000000000e+01,USD,Completed,10%
ORD-11787,2026-07-22,259195843,2,2.995000000000000e+01,USD,Completed,
ORD-11787,2026-07-22,953950834,2,2.795000000000000e+01,USD,Completed,
ORD-11788,2026-07-22,668480724,3,2.499000000000000e+01,USD,Completed,
ORD-11788,2026-07-22,261700925,2,6.930000000000000e+01,USD,Shipped,
ORD-11788,2026-07-22,485354607,2,4.299000000000000e+01,USD,Completed,
ORD-11789,2026-07-22,432928663,1,2.880000000000000e+01,USD,Completed,
ORD-11789,2026-07-22,5184785010,4,2.299000000000000e+01,USD,Completed,10%
ORD-11790,2026-07-22,5262717138,3,2.597000000000000e+01,USD,Completed,
ORD-11790,2026-07-22,331094227,4,3.999000000000000e+01,USD,Completed,10%
ORD-11790,2026-07-22,2166765925,4,1.975000000000000e+01,USD,Completed,
ORD-11791,2026-07-22,1856819911,4,6.290000000000000e+00,USD,Completed,
ORD-11792,2026-07-22,391028302,3,1.078000000000000e+01,USD,Completed,10%
ORD-11793,2026-07-22,2232013390,3,6.980000000000000e+00,USD,Completed,
ORD-11793,2026-07-22,1570467303,3,2.799000000000000e+01,USD,Completed,
ORD-11794,2026-07-22,2363655537,1,4.950000000000000e+01,USD,Completed,
ORD-11794,2026-07-22,1462273455,2,9.100000000000000e-01,USD,Completed,
ORD-11794,2026-07-22,283514640,2,1.899000000000000e+01,USD,Completed,
ORD-11795,2026-07-22,864008591,2,1.495000000000000e+01,USD,Completed,
ORD-11796,2026-07-22,152355819,3,5.624000000000000e+01,USD,Completed,
ORD-11796,2026-07-22,5684704635,2,1.213000000000000e+01,USD,Completed,
ORD-11797,2026-07-22,391028302,1,1.078000000000000e+01,USD,Completed,
ORD-11797,2026-07-22,2363655537,2,4.950000000000000e+01,USD,Completed,
ORD-11798,2026-07-22,48812370,3,9.789999999999999e+00,USD,Completed,10%
ORD-11798,2026-07-22,2007589965,1,1.471990000000000e+03,USD,Completed,
ORD-11799,2026-07-22,1507001378,3,9.900000000000000e-01,USD,Completed,10%
ORD-11800,2026-07-22,22374157,4,7.960000000000000e+00,USD,Completed,
ORD-11801,2026-07-22,529767263,3,4.847000000000000e+01,USD,Completed,
ORD-11802,2026-07-22,10294756,2,2,USD,Completed,10%
ORD-11802,2026-07-22,2785607950,4,9.269000000000000e+01,USD,Completed,
ORD-11802,2026-07-22,5664556275,4,2.541000000000000e+01,USD,Completed,10%
ORD-11803,2026-07-22,729322559,3,24,USD,Completed,
ORD-11803,2026-07-22,179112912,3,4.186000000000000e+01,USD,Completed,
ORD-11803,2026-07-22,391028302,4,1.078000000000000e+01,USD,Completed,10%
ORD-11804,2026-07-22,1722962454,2,1.035000000000000e+01,USD,Completed,
ORD-11804,2026-07-22,693758408,1,1.709000000000000e+01,USD,Completed,
ORD-11804,2026-07-22,751510659,3,9.940000000000000e+00,USD,Completed,
ORD-11805,2026-07-22,430528189,3,4.788000000000000e+01,USD,Shipped,
ORD-11805,2026-07-22,3511393855,1,25,USD,Shipped,
ORD-11806,2026-07-22,3808974443,4,4.980000000000000e+00,USD,Completed,
ORD-11806,2026-07-22,595025504,3,3.495000000000000e+01,USD,Completed,
ORD-11806,2026-07-22,102593173,3,1.980000000000000e+01,USD,Completed,
ORD-11807,2026-07-22,46068414,1,1.613000000000000e+01,USD,Completed,
ORD-11807,2026-07-22,5352569431,1,1.999000000000000e+01,USD,Completed,
ORD-11808,2026-07-22,1093743201,3,2.599000000000000e+01,USD,Completed,
ORD-11809,2026-07-22,1792864118,1,5.790000000000000e+00,USD,Completed,
ORD-11809,2026-07-22,1921006587,4,2.159000000000000e+01,USD,Completed,
ORD-11810,2026-07-22,871530694,3,2.393000000000000e+01,USD,Shipped,
ORD-11811,2026-07-22,22374157,3,7.960000000000000e+00,USD,Completed,
ORD-11812,2026-07-22,1017487270,3,2.999000000000000e+01,USD,Completed,
ORD-11812,2026-07-22,46068414,2,1.613000000000000e+01,USD,Completed,
ORD-11812,2026-07-22,381632255,2,7.298999999999999e+01,USD,Completed,
ORD-11813,2026-07-22,5155961106,2,2.499000000000000e+01,USD,Completed,
ORD-11813,2026-07-22,2785607950,4,9.269000000000000e+01,USD,Shipped,
ORD-11814,2026-07-22,469036214,1,2.049900000000000e+02,USD,Completed,10%
ORD-11815,2026-07-22,2868760641,2,2.399000000000000e+01,USD,Completed,
ORD-11815,2026-07-22,5768017984,4,6.660000000000000e+00,USD,Completed,
ORD-11815,2026-07-22,744949530,1,1.799000000000000e+01,USD,Completed,
ORD-11816,2026-07-22,411359040,3,30,USD,Completed,
ORD-11817,2026-07-22,369367315,2,2.999000000000000e+01,USD,Shipped,
ORD-11818,2026-07-22,5190064929,4,3.196000000000000e+01,USD,Completed,
ORD-11819,2026-07-22,5439347407,2,5.699900000000000e+02,USD,Completed,10%
ORD-11820,2026-07-22,348784401,3,2.249000000000000e+01,USD,Completed,
ORD-11820,2026-07-22,1336755092,2,1.499000000000000e+01,USD,Shipped,
ORD-11821,2026-07-22,555974352,4,3.605000000000000e+01,USD,Completed,
ORD-11821,2026-07-22,370694829,4,2.495000000000000e+01,USD,Completed,
ORD-11822,2026-07-22,618032539,2,1.299000000000000e+01,USD,Completed,
ORD-11822,2026-07-22,180450545,4,1.464000000000000e+02,USD,Completed,
ORD-11822,2026-07-22,668480724,4,2.499000000000000e+01,USD,Completed,
ORD-11823,2026-07-22,370694829,3,2.495000000000000e+01,USD,Completed,
ORD-11823,2026-07-22,1774083175,3,2.999000000000000e+01,USD,Shipped,
ORD-11823,2026-07-22,848798939,1,4.647000000000000e+01,USD,Completed,
ORD-11824,2026-07-22,28926816,1,7.940000000000000e+00,USD,Completed,
ORD-11824,2026-07-22,10801127,3,1.980000000000000e+00,USD,Completed,
ORD-11824,2026-07-22,531529503,1,2.339000000000000e+01,USD,Completed,
ORD-11825,2026-07-22,5043424192,4,1.799000000000000e+01,USD,Completed,
ORD-11825,2026-07-22,10309083,1,8.990000000000000e+00,USD,Shipped,
ORD-11826,2026-07-22,1336755092,2,1.499000000000000e+01,USD,Completed,
ORD-11826,2026-07-22,126699313,4,1.820000000000000e+00,USD,Completed,
ORD-11827,2026-07-22,485354607,4,4.299000000000000e+01,USD,Completed,10%
ORD-11827,2026-07-22,385780287,1,5.198000000000000e+01,USD,Shipped,
ORD-11827,2026-07-22,48812370,1,9.789999999999999e+00,USD,Completed,
ORD-11828,2026-07-22,1995467623,3,2.399000000000000e+01,USD,Shipped,
ORD-11828,2026-07-22,2126911017,3,1.999000000000000e+01,USD,Completed,10%
ORD-11829,2026-07-22,3053955490,3,1.619000000000000e+01,USD,Shipped,
ORD-11829,2026-07-22,102593173,4,1.980000000000000e+01,USD,Completed,
ORD-11829,2026-07-22,2968552747,1,9.630000000000001e+00,USD,Completed,
ORD-11830,2026-07-22,1009224046,4,2.199000000000000e+01,USD,Shipped,
ORD-11831,2026-07-22,3808974443,1,4.980000000000000e+00,USD,Completed,
ORD-11831,2026-07-22,3922793394,2,1.124000000000000e+01,USD,Completed,10%
ORD-11832,2026-07-22,957603867,4,1.499000000000000e+01,USD,Completed,
ORD-11832,2026-07-22,5264765893,4,2.999000000000000e+01,USD,Completed,
ORD-11833,2026-07-22,5661609857,2,3.591000000000000e+01,USD,Shipped,
ORD-11833,2026-07-22,1774925941,2,6.998999999999999e+01,USD,Completed,
ORD-11834,2026-07-22,393061304,4,2.868000000000000e+01,USD,Completed,
ORD-11834,2026-07-22,5809585615,2,1.595000000000000e+01,USD,Completed,
ORD-11835,2026-07-22,5295270812,3,3.549900000000000e+02,USD,Completed,
ORD-11835,2026-07-22,431812530,1,1.998000000000000e+01,USD,Completed,
ORD-11835,2026-07-22,5506488018,2,1.998000000000000e+01,USD,Completed,
ORD-11836,2026-07-22,28926816,4,7.940000000000000e+00,USD,Completed,
ORD-11836,2026-07-22,5273430664,3,16,USD,Shipped,
ORD-11837,2026-07-22,3212008907,2,3,USD,Shipped,
ORD-11838,2026-07-22,173530386,4,2.290000000000000e+01,USD,Shipped,
ORD-11838,2026-07-22,1331751223,2,1.388000000000000e+01,USD,Shipped,10%
ORD-11838,2026-07-22,832929384,3,2.795000000000000e+01,USD,Completed,
ORD-11839,2026-07-22,1983309413,4,4.499000000000000e+01,USD,Completed,
ORD-11840,2026-07-22,5663974279,3,1.994000000000000e+01,USD,Completed,
ORD-11840,2026-07-22,885092913,2,3.330000000000000e+01,USD,Completed,10%
ORD-11840,2026-07-22,1226247035,3,1.988000000000000e+01,USD,Completed,
ORD-11841,2026-07-22,34203165,1,1.673000000000000e+01,USD,Completed,
ORD-11841,2026-07-22,944207748,1,3.899000000000000e+01,USD,Completed,
ORD-11841,2026-07-22,1543169305,2,1.299000000000000e+01,USD,Completed,
ORD-11842,2026-07-22,6045904134,1,2.499000000000000e+01,USD,Completed,
ORD-11842,2026-07-22,261700925,3,6.930000000000000e+01,USD,Completed,
ORD-11843,2026-07-22,859305074,4,1.969000000000000e+01,USD,Completed,
ORD-11843,2026-07-22,435835263,4,9.990000000000000e+00,USD,Completed,
ORD-11844,2026-07-22,871349337,4,2.738000000000000e+01,USD,Shipped,
ORD-11844,2026-07-22,6013308220,1,3.324000000000000e+01,USD,Completed,
ORD-11844,2026-07-22,393101003,3,1.986000000000000e+01,USD,Completed,
ORD-11845,2026-07-22,1615288442,3,1.499000000000000e+01,USD,Shipped,
ORD-11845,2026-07-22,34203165,4,1.673000000000000e+01,USD,Completed,10%
ORD-11845,2026-07-22,3511393855,2,25,USD,Completed,
ORD-11846,2026-07-22,110779998,1,2.999000000000000e+01,USD,Completed,
ORD-11847,2026-07-22,1543169305,4,1.299000000000000e+01,USD,Completed,
ORD-11848,2026-07-22,5753314187,3,1.999000000000000e+01,USD,Completed,
ORD-11848,2026-07-22,2968552747,1,9.630000000000001e+00,USD,Shipped,
ORD-11849,2026-07-22,2097897368,4,3.597000000000000e+01,USD,Shipped,
ORD-11850,2026-07-22,5658552152,4,1.499000000000000e+01,USD,Completed,
ORD-11851,2026-07-22,2166765925,4,1.975000000000000e+01,USD,Completed,
ORD-11852,2026-07-22,3440558193,3,2.198000000000000e+01,USD,Shipped,
ORD-11852,2026-07-22,215916201,3,1.396000000000000e+01,USD,Completed,
ORD-11852,2026-07-22,5664556275,2,2.541000000000000e+01,USD,Shipped,10%
ORD-11853,2026-07-22,27230944,1,3.343000000000000e+01,USD,Completed,
ORD-11854,2026-07-22,10308385,3,4.430000000000000e+00,USD,Completed,
ORD-11854,2026-07-22,1009224046,1,2.199000000000000e+01,USD,Completed,
ORD-11854,2026-07-22,5066959782,4,1.280000000000000e+01,USD,Completed,
ORD-11855,2026-07-22,1435754084,1,1.197000000000000e+01,USD,Completed,
ORD-11856,2026-07-22,5144555813,2,4.499000000000000e+01,USD,Completed,10%
ORD-11856,2026-07-22,373855792,2,2.296000000000000e+01,USD,Shipped,
ORD-11856,2026-07-22,1462273455,4,9.100000000000000e-01,USD,Completed,
ORD-11857,2026-07-22,1774083175,1,2.999000000000000e+01,USD,Completed,
ORD-11858,2026-07-22,182543171,4,4.860000000000000e+00,USD,Completed,
ORD-11859,2026-07-22,180450545,4,1.464000000000000e+02,USD,Completed,
ORD-11859,2026-07-22,3560683924,1,3.990000000000000e+00,USD,Completed,
ORD-11860,2026-07-22,5439347407,2,5.699900000000000e+02,USD,Completed,
ORD-11860,2026-07-22,5108346618,4,2.699900000000000e+02,USD,Completed,10%
ORD-11861,2026-07-22,3440558193,1,2.198000000000000e+01,USD,Completed,
ORD-11861,2026-07-22,5642502722,3,3.239000000000000e+01,USD,Completed,
ORD-11862,2026-07-22,1792864118,3,5.790000000000000e+00,USD,Shipped,
ORD-11863,2026-07-22,602748918,4,1.499000000000000e+01,USD,Shipped,
ORD-11863,2026-07-22,1764748346,1,1.598000000000000e+01,USD,Completed,
ORD-11863,2026-07-22,377862424,1,9.990000000000000e+00,USD,Completed,10%
ORD-11864,2026-07-22,751510659,3,9.940000000000000e+00,USD,Completed,
ORD-11864,2026-07-22,5366405121,4,1.299000000000000e+01,USD,Completed,
ORD-11864,2026-07-22,1560005587,4,4.658000000000000e+01,USD,Completed,
ORD-11865,2026-07-22,431812530,2,1.998000000000000e+01,USD,Completed,
ORD-11865,2026-07-22,2580740549,3,1.062000000000000e+01,USD,Completed,10%
ORD-11866,2026-07-22,6045904134,1,2.499000000000000e+01,USD,Completed,
ORD-11867,2026-07-22,1560005587,2,4.658000000000000e+01,USD,Completed,
ORD-11867,2026-07-22,859305074,1,1.969000000000000e+01,USD,Completed,
ORD-11867,2026-07-22,753681550,2,1.560000000000000e+01,USD,Shipped,10%
ORD-11868,2026-07-22,2968552747,1,9.630000000000001e+00,USD,Completed,10%
ORD-11868,2026-07-22,3588670272,1,1.599000000000000e+01,USD,Completed,
ORD-11868,2026-07-22,1727244137,2,7.598999999999999e+01,USD,Completed,10%
ORD-11869,2026-07-22,786691113,2,1.053000000000000e+01,USD,Completed,
ORD-11869,2026-07-22,5684704635,1,1.213000000000000e+01,USD,Shipped,
ORD-11869,2026-07-22,33685485,4,1.119000000000000e+01,USD,Completed,
ORD-11870,2026-07-22,1774925941,4,6.998999999999999e+01,USD,Completed,
ORD-11870,2026-07-22,790957653,1,1.245000000000000e+01,USD,Shipped,
ORD-11871,2026-07-22,100662878,2,2.199000000000000e+01,USD,Completed,
ORD-11872,2026-07-22,259195843,2,2.995000000000000e+01,USD,Completed,
ORD-11873,2026-07-22,1612728569,1,5.760000000000000e+01,USD,Shipped,10%
ORD-11873,2026-07-22,389782477,4,1.240000000000000e+00,USD,Completed,
ORD-11873,2026-07-22,829098148,1,5.199000000000000e+01,USD,Shipped,
ORD-11874,2026-07-22,283514640,2,1.899000000000000e+01,USD,Shipped,
ORD-11874,2026-07-22,3876384696,3,6.998999999999999e+01,USD,Completed,
ORD-11875,2026-07-22,5344195287,4,2.199000000000000e+01,USD,Shipped,
ORD-11876,2026-07-22,283514640,2,1.899000000000000e+01,USD,Completed,
ORD-11877,2026-07-22,952556801,2,2.899000000000000e+01,USD,Shipped,10%
ORD-11877,2026-07-22,1462273455,3,9.100000000000000e-01,USD,Completed,
ORD-11877,2026-07-22,10308385,4,4.430000000000000e+00,USD,Completed,
ORD-11878,2026-07-22,974265277,3,1.116200000000000e+02,USD,Completed,
ORD-11879,2026-07-22,1774083175,2,2.999000000000000e+01,USD,Completed,
ORD-11880,2026-07-22,908201566,2,1.056000000000000e+01,USD,Completed,
ORD-11880,2026-07-22,2637400158,1,2.399000000000000e+01,USD,Completed,
ORD-11881,2026-07-22,299112609,1,3.995000000000000e+01,USD,Completed,
ORD-11881,2026-07-22,1093743201,4,2.599000000000000e+01,USD,Completed,
ORD-11882,2026-07-22,1624985447,4,3.970000000000000e+00,USD,Completed,10%
ORD-11882,2026-07-22,453089336,3,55,USD,Completed,
ORD-11883,2026-07-22,1184654530,4,1.999000000000000e+01,USD,Completed,
ORD-11884,2026-07-22,5502936471,1,1.499000000000000e+01,USD,Completed,
ORD-11884,2026-07-22,5066959782,4,1.280000000000000e+01,USD,Completed,
ORD-11885,2026-07-22,1093743201,2,2.599000000000000e+01,USD,Completed,
ORD-11885,2026-07-22,2503512087,3,1.080000000000000e+01,USD,Completed,
ORD-11886,2026-07-22,393101003,2,1.986000000000000e+01,USD,Completed,
ORD-11887,2026-07-22,1426167428,2,1.599000000000000e+01,USD,Completed,
ORD-11888,2026-07-22,1649464157,1,1.799000000000000e+01,USD,Completed,
ORD-11888,2026-07-22,2007589965,2,1.471990000000000e+03,USD,Completed,
ORD-11889,2026-07-22,5155961106,2,2.499000000000000e+01,USD,Shipped,
ORD-11889,2026-07-22,3855217628,2,1.497000000000000e+01,USD,Completed,
ORD-11890,2026-07-22,299112609,1,3.995000000000000e+01,USD,Completed,
ORD-11890,2026-07-22,369367315,3,2.999000000000000e+01,USD,Completed,
ORD-11891,2026-07-22,945882097,1,1.975000000000000e+01,USD,Completed,
ORD-11891,2026-07-22,3813188391,2,1.999000000000000e+01,USD,Completed,
ORD-11892,2026-07-22,790957653,2,1.245000000000000e+01,USD,Completed,
ORD-11893,2026-07-22,412531616,3,2.999000000000000e+01,USD,Shipped,
ORD-11893,2026-07-22,1613734417,1,2.580000000000000e+01,USD,Completed,
ORD-11893,2026-07-22,2503512087,2,1.080000000000000e+01,USD,Completed,
ORD-11894,2026-07-22,602315286,3,2.250000000000000e+01,USD,Completed,
ORD-11894,2026-07-22,5352569431,3,1.999000000000000e+01,USD,Completed,
ORD-11894,2026-07-22,265927683,3,1.799000000000000e+01,USD,Completed,
ORD-11895,2026-07-22,283514640,4,1.899000000000000e+01,USD,Completed,
ORD-11895,2026-07-22,1231760315,4,1.999000000000000e+01,USD,Shipped,
ORD-11896,2026-07-22,5108346618,3,2.699900000000000e+02,USD,Completed,
ORD-11896,2026-07-22,265927683,1,1.799000000000000e+01,USD,Completed,
ORD-11897,2026-07-22,529767263,4,4.847000000000000e+01,USD,Completed,
ORD-11897,2026-07-22,788450043,1,1.299000000000000e+01,USD,Completed,
ORD-11898,2026-07-22,5182915849,2,1.998000000000000e+01,USD,Completed,
ORD-11898,2026-07-22,871530694,3,2.393000000000000e+01,USD,Completed,
ORD-11898,2026-07-22,430528189,2,4.788000000000000e+01,USD,Completed,
ORD-11899,2026-07-22,5809585615,1,1.595000000000000e+01,USD,Completed,
ORD-11899,2026-07-22,5353145797,3,1.079000000000000e+01,USD,Completed,
ORD-11900,2026-07-22,261700925,2,6.930000000000000e+01,USD,Completed,
ORD-11900,2026-07-22,412531616,3,2.999000000000000e+01,USD,Completed,10%
ORD-11900,2026-07-22,2113674813,2,1.168000000000000e+02,USD,Completed,
ORD-11901,2026-07-22,2637400158,1,2.399000000000000e+01,USD,Completed,
ORD-11902,2026-07-22,5352569431,3,1.999000000000000e+01,USD,Completed,
ORD-11902,2026-07-22,5662896790,3,2.594000000000000e+01,USD,Completed,
ORD-11902,2026-07-22,1184654530,3,1.999000000000000e+01,USD,Completed,
ORD-11903,2026-07-22,753681550,4,1.560000000000000e+01,USD,Completed,
ORD-11904,2026-07-22,5043424192,2,1.799000000000000e+01,USD,Completed,10%
ORD-11904,2026-07-22,5379906696,4,1.498000000000000e+01,USD,Shipped,
ORD-11904,2026-07-22,887668036,3,4.139000000000000e+01,USD,Completed,
ORD-11905,2026-07-22,5506488018,4,1.998000000000000e+01,USD,Completed,10%
ORD-11906,2026-07-22,5353145797,2,1.079000000000000e+01,USD,Completed,
ORD-11907,2026-07-22,1995467623,1,2.399000000000000e+01,USD,Completed,
ORD-11907,2026-07-22,546469522,4,1.499000000000000e+01,USD,Shipped,
ORD-11908,2026-07-22,432928663,1,2.880000000000000e+01,USD,Completed,
ORD-11909,2026-07-22,5662896790,1,2.594000000000000e+01,USD,Shipped,10%
ORD-11909,2026-07-22,10309083,4,8.990000000000000e+00,USD,Shipped,10%
ORD-11909,2026-07-22,588404711,2,8.909999999999999e+01,USD,Completed,
ORD-11910,2026-07-22,3053955490,3,1.619000000000000e+01,USD,Completed,
ORD-11910,2026-07-22,5662896790,3,2.594000000000000e+01,USD,Shipped,
ORD-11911,2026-07-22,1766457787,4,5.790000000000000e+00,USD,Completed,
ORD-11912,2026-07-22,1184654530,4,1.999000000000000e+01,USD,Completed,
ORD-11912,2026-07-22,744949530,2,1.799000000000000e+01,USD,Shipped,
ORD-11912,2026-07-22,3808974443,3,4.980000000000000e+00,USD,Completed,
ORD-11913,2026-07-22,1774083175,2,2.999000000000000e+01,USD,Completed,
ORD-11913,2026-07-22,48812370,1,9.789999999999999e+00,USD,Completed,
ORD-11914,2026-07-22,10308385,1,4.430000000000000e+00,USD,Completed,
ORD-11915,2026-07-22,152355819,1,5.624000000000000e+01,USD,Completed,
ORD-11916,2026-07-22,2200709686,2,1.408000000000000e+02,USD,Shipped,
ORD-11916,2026-07-22,37684787,4,1.320000000000000e+01,USD,Completed,
ORD-11916,2026-07-22,569572519,3,2.175000000000000e+01,USD,Completed,
ORD-11917,2026-07-22,393061304,3,2.868000000000000e+01,USD,Completed,
ORD-11917,2026-07-22,5440778555,2,1.030000000000000e+01,USD,Completed,
ORD-11918,2026-07-22,3813188391,1,1.999000000000000e+01,USD,Completed,
ORD-11918,2026-07-22,5242746669,2,8,USD,Completed,
ORD-11919,2026-07-22,839659160,3,4.999000000000000e+01,USD,Completed,
ORD-11919,2026-07-22,3824041405,3,6.744000000000000e+01,USD,Completed,
ORD-11919,2026-07-22,5506488018,4,1.998000000000000e+01,USD,Shipped,
ORD-11920,2026-07-22,1560005587,3,4.658000000000000e+01,USD,Completed,
ORD-11921,2026-07-22,2363655537,4,4.950000000000000e+01,USD,Completed,
ORD-11922,2026-07-22,5316176929,2,9.980000000000000e+00,USD,Shipped,
ORD-11922,2026-07-22,1226940529,2,3.210000000000000e+00,USD,Shipped,
ORD-11922,2026-07-22,5352569431,4,1.999000000000000e+01,USD,Completed,
ORD-11923,2026-07-22,5118743904,3,2.899000000000000e+01,USD,Completed,
ORD-11923,2026-07-22,141988874,2,5.850000000000000e+00,USD,Completed,
ORD-11924,2026-07-22,5506488018,3,1.998000000000000e+01,USD,Completed,
ORD-11925,2026-07-22,1825469871,3,1.699000000000000e+01,USD,Completed,
ORD-11926,2026-07-22,5344195287,2,2.199000000000000e+01,USD,Completed,10%
ORD-11926,2026-07-22,3423574153,3,1.166600000000000e+02,USD,Completed,
ORD-11926,2026-07-22,2010024322,1,8.880000000000001e+00,USD,Completed,
ORD-11927,2026-07-22,385780287,1,5.198000000000000e+01,USD,Completed,
ORD-11927,2026-07-22,5053396247,4,1.499000000000000e+01,USD,Completed,
ORD-11927,2026-07-22,180450545,1,1.464000000000000e+02,USD,Completed,
ORD-11928,2026-07-22,5108346618,2,2.699900000000000e+02,USD,Completed,
ORD-11929,2026-07-22,832929384,4,2.795000000000000e+01,USD,Shipped,
ORD-11929,2026-07-22,1210385172,2,3.959000000000000e+01,USD,Completed,10%
ORD-11929,2026-07-22,362341632,3,9.990000000000000e+00,USD,Completed,10%
ORD-11930,2026-07-22,5316176929,3,9.980000000000000e+00,USD,Completed,
ORD-11931,2026-07-22,751510659,1,9.940000000000000e+00,USD,Completed,
ORD-11931,2026-07-22,2363655537,2,4.950000000000000e+01,USD,Completed,
ORD-11931,2026-07-22,573614161,3,9.060000000000000e+00,USD,Shipped,
ORD-11932,2026-07-22,689096319,4,9.910000000000000e+00,USD,Completed,
ORD-11933,2026-07-22,1009224046,2,2.199000000000000e+01,USD,Completed,
ORD-11933,2026-07-22,2570740977,1,3.399000000000000e+01,USD,Completed,
ORD-11934,2026-07-22,5170388947,4,1.058000000000000e+01,USD,Completed,
ORD-11934,2026-07-22,1612728569,4,5.760000000000000e+01,USD,Completed,10%
ORD-11935,2026-07-22,5809585615,3,1.595000000000000e+01,USD,Shipped,10%
ORD-11935,2026-07-22,110779998,3,2.999000000000000e+01,USD,Completed,
ORD-11936,2026-07-22,5273430664,4,16,USD,Completed,10%
ORD-11936,2026-07-22,5053396247,1,1.499000000000000e+01,USD,Shipped,
ORD-11936,2026-07-22,744949530,1,1.799000000000000e+01,USD,Completed,
ORD-11937,2026-07-22,5658552152,3,1.499000000000000e+01,USD,Completed,10%
ORD-11937,2026-07-22,588404711,1,8.909999999999999e+01,USD,Completed,10%
ORD-11937,2026-07-22,382394597,1,1.688000000000000e+01,USD,Shipped,
ORD-11938,2026-07-22,2010024322,3,8.880000000000001e+00,USD,Shipped,
ORD-11939,2026-07-22,781490570,3,1.499000000000000e+01,USD,Completed,
ORD-11939,2026-07-22,10308385,1,4.430000000000000e+00,USD,Completed,10%
ORD-11940,2026-07-22,6013308220,4,3.324000000000000e+01,USD,Completed,
ORD-11940,2026-07-22,6918363302,2,2.399000000000000e+01,USD,Completed,
ORD-11940,2026-07-22,5057611924,2,3.599000000000000e+01,USD,Completed,
ORD-11941,2026-07-22,1921006587,2,2.159000000000000e+01,USD,Completed,10%
ORD-11942,2026-07-22,265927683,1,1.799000000000000e+01,USD,Completed,
ORD-11942,2026-07-22,1210385172,1,3.959000000000000e+01,USD,Completed,
ORD-11943,2026-07-22,469036214,1,2.049900000000000e+02,USD,Shipped,
ORD-11944,2026-07-22,5397071399,1,1.299000000000000e+01,USD,Completed,
ORD-11945,2026-07-22,2844883584,1,2.494000000000000e+01,USD,Shipped,
ORD-11946,2026-07-22,920987081,3,3.795000000000000e+01,USD,Completed,
ORD-11946,2026-07-22,5260887729,2,1.999000000000000e+01,USD,Completed,10%
ORD-11947,2026-07-22,5205925876,3,1.922000000000000e+01,USD,Completed,
ORD-11947,2026-07-22,5658552152,4,1.499000000000000e+01,USD,Completed,
ORD-11948,2026-07-22,5417683805,3,1.498000000000000e+01,USD,Completed,10%
ORD-11949,2026-07-22,393101003,1,1.986000000000000e+01,USD,Shipped,
ORD-11949,2026-07-22,5045669548,4,2.999000000000000e+01,USD,Completed,
ORD-11950,2026-07-22,2200709686,4,1.408000000000000e+02,USD,Completed,
ORD-11951,2026-07-22,5344195287,2,2.199000000000000e+01,USD,Completed,
ORD-11951,2026-07-22,1774925941,4,6.998999999999999e+01,USD,Shipped,
ORD-11952,2026-07-22,46068414,3,1.613000000000000e+01,USD,Completed,10%
ORD-11953,2026-07-22,5663974279,2,1.994000000000000e+01,USD,Completed,
ORD-11953,2026-07-22,569572519,2,2.175000000000000e+01,USD,Completed,10%
ORD-11954,2026-07-22,1921006587,1,2.159000000000000e+01,USD,Shipped,
ORD-11955,2026-07-23,2113674813,2,1.168000000000000e+02,USD,Completed,10%
ORD-11955,2026-07-23,5164703747,3,6.090000000000000e+00,USD,Shipped,10%
ORD-11955,2026-07-23,908232424,4,3.698000000000000e+01,USD,Completed,
ORD-11956,2026-07-23,696459227,1,1.461000000000000e+01,USD,Completed,
ORD-11956,2026-07-23,5264765893,2,2.999000000000000e+01,USD,Completed,10%
ORD-11956,2026-07-23,5170388947,3,1.058000000000000e+01,USD,Completed,10%
ORD-11957,2026-07-23,910055282,4,1.099000000000000e+01,USD,Completed,
ORD-11957,2026-07-23,871349337,6,2.738000000000000e+01,USD,Shipped,
ORD-11958,2026-07-23,362341632,4,9.990000000000000e+00,USD,Completed,
ORD-11958,2026-07-23,173530386,1,2.290000000000000e+01,USD,Completed,
ORD-11959,2026-07-23,28926816,3,7.940000000000000e+00,USD,Completed,
ORD-11959,2026-07-23,1570467303,2,2.799000000000000e+01,USD,Completed,10%
ORD-11960,2026-07-23,6918363302,3,2.399000000000000e+01,USD,Completed,10%
ORD-11960,2026-07-23,1624985447,4,3.970000000000000e+00,USD,Completed,10%
ORD-11960,2026-07-23,110779998,3,2.999000000000000e+01,USD,Shipped,10%
ORD-11961,2026-07-23,668480724,1,2.499000000000000e+01,USD,Completed,
ORD-11961,2026-07-23,5108346618,1,2.699900000000000e+02,USD,Completed,
ORD-11961,2026-07-23,1323968162,2,3.554000000000000e+01,USD,Shipped,
ORD-11962,2026-07-23,615343705,2,2.767000000000000e+01,USD,Completed,
ORD-11962,2026-07-23,5809585615,3,1.595000000000000e+01,USD,Completed,
ORD-11962,2026-07-23,1997340049,1,2.399000000000000e+01,USD,Completed,
ORD-11963,2026-07-23,689096319,1,9.910000000000000e+00,USD,Shipped,
ORD-11963,2026-07-23,469036214,3,2.049900000000000e+02,USD,Completed,
ORD-11964,2026-07-23,2128773109,3,3.999000000000000e+01,USD,Shipped,
ORD-11965,2026-07-23,381553241,2,1.399000000000000e+01,USD,Completed,
ORD-11966,2026-07-23,381553241,2,1.399000000000000e+01,USD,Shipped,
ORD-11967,2026-07-23,2017664333,1,99,USD,Completed,
ORD-11967,2026-07-23,944207748,4,3.899000000000000e+01,USD,Shipped,
ORD-11968,2026-07-23,5439347407,2,5.699900000000000e+02,USD,Completed,
ORD-11968,2026-07-23,1336755092,3,1.499000000000000e+01,USD,Completed,
ORD-11968,2026-07-23,1932369237,1,3.299000000000000e+01,USD,Completed,
ORD-11969,2026-07-23,146144209,3,2.641000000000000e+01,USD,Completed,
ORD-11969,2026-07-23,595025504,2,3.495000000000000e+01,USD,Shipped,
ORD-11970,2026-07-23,232510830,1,4.999000000000000e+01,USD,Completed,
ORD-11970,2026-07-23,5291664103,4,1.383000000000000e+01,USD,Completed,
ORD-11971,2026-07-23,1226940529,3,3.210000000000000e+00,USD,Completed,
ORD-11971,2026-07-23,1722962454,2,1.035000000000000e+01,USD,Completed,
ORD-11972,2026-07-23,1093743201,1,2.599000000000000e+01,USD,Completed,
ORD-11973,2026-07-23,788450043,4,1.299000000000000e+01,USD,Completed,
ORD-11974,2026-07-23,5658552152,3,1.499000000000000e+01,USD,Completed,
ORD-11975,2026-07-23,5397071399,4,1.299000000000000e+01,USD,Completed,
ORD-11975,2026-07-23,615343705,1,2.767000000000000e+01,USD,Completed,
ORD-11976,2026-07-23,1009224046,4,2.199000000000000e+01,USD,Completed,
ORD-11976,2026-07-23,1426167428,3,1.599000000000000e+01,USD,Completed,10%
ORD-11977,2026-07-23,595025504,1,3.495000000000000e+01,USD,Completed,
ORD-11978,2026-07-23,569572519,4,2.175000000000000e+01,USD,Completed,
ORD-11978,2026-07-23,1856819911,1,6.290000000000000e+00,USD,Completed,
ORD-11978,2026-07-23,1615288442,3,1.499000000000000e+01,USD,Shipped,
ORD-11979,2026-07-23,5262717138,3,2.597000000000000e+01,USD,Completed,
ORD-11980,2026-07-23,751510659,2,9.940000000000000e+00,USD,Completed,
ORD-11980,2026-07-23,54973324,4,2.407000000000000e+01,USD,Completed,
ORD-11981,2026-07-23,729322559,1,24,USD,Completed,
ORD-11981,2026-07-23,5205925876,2,1.922000000000000e+01,USD,Completed,
ORD-11981,2026-07-23,232510830,1,4.999000000000000e+01,USD,Shipped,
ORD-11982,2026-07-23,871530694,4,2.393000000000000e+01,USD,Completed,10%
ORD-11983,2026-07-23,5294092563,1,9.980000000000000e+00,USD,Completed,
ORD-11983,2026-07-23,1017487270,4,2.999000000000000e+01,USD,Shipped,
ORD-11983,2026-07-23,904020893,4,4.649000000000000e+01,USD,Shipped,
ORD-11984,2026-07-23,33685485,1,1.119000000000000e+01,USD,Completed,
ORD-11984,2026-07-23,5158180497,3,9.279999999999999e+00,USD,Completed,
ORD-11985,2026-07-23,744949530,4,1.799000000000000e+01,USD,Completed,
ORD-11985,2026-07-23,618032539,1,1.299000000000000e+01,USD,Completed,
ORD-11985,2026-07-23,1543169305,2,1.299000000000000e+01,USD,Completed,
ORD-11986,2026-07-23,896931395,4,1.529000000000000e+01,USD,Completed,
ORD-11986,2026-07-23,5702032013,4,4.488000000000000e+01,USD,Completed,
ORD-11986,2026-07-23,102593173,1,1.980000000000000e+01,USD,Completed,10%
ORD-11987,2026-07-23,2017664333,2,99,USD,Completed,
ORD-11987,2026-07-23,146144209,3,2.641000000000000e+01,USD,Completed,
ORD-11988,2026-07-23,5417683805,3,1.498000000000000e+01,USD,Completed,
ORD-11989,2026-07-23,46068414,4,1.613000000000000e+01,USD,Completed,
ORD-11990,2026-07-23,908201566,3,1.056000000000000e+01,USD,Completed,
ORD-11990,2026-07-23,2363655537,4,4.950000000000000e+01,USD,Shipped,
ORD-11990,2026-07-23,546469522,4,1.499000000000000e+01,USD,Completed,
ORD-11991,2026-07-23,1897403279,3,1.189000000000000e+01,USD,Shipped,
ORD-11992,2026-07-23,1037166405,4,2.390000000000000e+01,USD,Completed,
ORD-11992,2026-07-23,753681550,3,1.560000000000000e+01,USD,Completed,
ORD-11992,2026-07-23,2544735639,4,3.199000000000000e+01,USD,Completed,
ORD-11993,2026-07-23,2747441586,3,2.999000000000000e+01,USD,Completed,
ORD-11993,2026-07-23,1323968162,4,3.554000000000000e+01,USD,Shipped,
ORD-11994,2026-07-23,2580740549,3,1.062000000000000e+01,USD,Completed,
ORD-11995,2026-07-23,6045904134,2,2.499000000000000e+01,USD,Shipped,
ORD-11995,2026-07-23,5417683805,4,1.498000000000000e+01,USD,Completed,10%
ORD-11995,2026-07-23,5219131585,4,1.399000000000000e+01,USD,Completed,
ORD-11996,2026-07-23,6918363302,4,2.399000000000000e+01,USD,Completed,
ORD-11997,2026-07-23,1160636802,4,2.799000000000000e+01,USD,Completed,
ORD-11997,2026-07-23,3876384696,2,6.998999999999999e+01,USD,Completed,
ORD-11998,2026-07-23,531529503,4,2.339000000000000e+01,USD,Shipped,
ORD-11998,2026-07-23,1764748346,1,1.598000000000000e+01,USD,Completed,
ORD-11999,2026-07-23,2166765925,2,1.975000000000000e+01,USD,Shipped,
ORD-11999,2026-07-23,3423574153,2,1.166600000000000e+02,USD,Completed,
ORD-11999,2026-07-23,5316176929,1,9.980000000000000e+00,USD,Completed,10%
ORD-12000,2026-07-23,2363655537,2,4.950000000000000e+01,USD,Completed,10%
ORD-12000,2026-07-23,910055282,2,1.099000000000000e+01,USD,Completed,
ORD-12000,2026-07-23,2716531748,3,1.998000000000000e+01,USD,Shipped,10%
ORD-12001,2026-07-23,5184785010,2,2.299000000000000e+01,USD,Completed,
ORD-12002,2026-07-23,310097871,1,1.499000000000000e+01,USD,Completed,
ORD-12002,2026-07-23,331094227,1,3.999000000000000e+01,USD,Completed,
ORD-12003,2026-07-23,546469522,1,1.499000000000000e+01,USD,Shipped,
ORD-12004,2026-07-23,839659160,2,4.999000000000000e+01,USD,Completed,
ORD-12004,2026-07-23,5768017984,4,6.660000000000000e+00,USD,Completed,
ORD-12004,2026-07-23,232510830,1,4.999000000000000e+01,USD,Completed,
ORD-12005,2026-07-23,110779998,4,2.999000000000000e+01,USD,Completed,10%
ORD-12005,2026-07-23,5190064929,2,3.196000000000000e+01,USD,Completed,
ORD-12005,2026-07-23,1323968162,2,3.554000000000000e+01,USD,Completed,
ORD-12006,2026-07-23,3922793394,2,1.124000000000000e+01,USD,Completed,
ORD-12007,2026-07-23,832929384,3,2.795000000000000e+01,USD,Completed,
ORD-12008,2026-07-23,839659160,4,4.999000000000000e+01,USD,Completed,
ORD-12008,2026-07-23,146144209,1,2.641000000000000e+01,USD,Completed,
ORD-12009,2026-07-23,569572519,3,2.175000000000000e+01,USD,Completed,
ORD-12010,2026-07-23,5664556275,3,2.541000000000000e+01,USD,Completed,
ORD-12011,2026-07-23,907847604,1,2.210000000000000e+01,USD,Completed,
ORD-12011,2026-07-23,952556801,3,2.899000000000000e+01,USD,Completed,
ORD-12012,2026-07-23,10801127,2,1.980000000000000e+00,USD,Completed,
ORD-12012,2026-07-23,786691113,3,1.053000000000000e+01,USD,Completed,
ORD-12013,2026-07-23,1570467303,4,2.799000000000000e+01,USD,Completed,
ORD-12014,2026-07-23,2503512087,4,1.080000000000000e+01,USD,Completed,
ORD-12014,2026-07-23,1727244137,2,7.598999999999999e+01,USD,Shipped,
ORD-12014,2026-07-23,903463722,2,2.309000000000000e+01,USD,Completed,10%
ORD-12015,2026-07-23,5379906696,4,1.498000000000000e+01,USD,Completed,10%
ORD-12015,2026-07-23,5262717138,3,2.597000000000000e+01,USD,Completed,
ORD-12016,2026-07-23,10801127,4,1.980000000000000e+00,USD,Completed,
ORD-12017,2026-07-23,381632255,4,7.298999999999999e+01,USD,Completed,
ORD-12017,2026-07-23,3855217628,1,1.497000000000000e+01,USD,Completed,
ORD-12018,2026-07-23,2503512087,1,1.080000000000000e+01,USD,Shipped,
ORD-12018,2026-07-23,753681550,4,1.560000000000000e+01,USD,Completed,
ORD-12019,2026-07-23,5144555813,4,4.499000000000000e+01,USD,Shipped,
ORD-12019,2026-07-23,676413174,4,6.970000000000000e+00,USD,Completed,10%
ORD-12020,2026-07-23,393061304,1,2.868000000000000e+01,USD,Completed,
ORD-12021,2026-07-23,887668036,4,4.139000000000000e+01,USD,Completed,
ORD-12022,2026-07-23,5209344136,1,2.999000000000000e+01,USD,Completed,
ORD-12023,2026-07-23,2363655537,2,4.950000000000000e+01,USD,Completed,
ORD-12024,2026-07-23,377862424,1,9.990000000000000e+00,USD,Completed,
ORD-12025,2026-07-23,1097677016,1,2.499000000000000e+01,USD,Shipped,
ORD-12025,2026-07-23,2128773109,4,3.999000000000000e+01,USD,Completed,
ORD-12026,2026-07-23,1727244137,1,7.598999999999999e+01,USD,Completed,
ORD-12027,2026-07-23,839659160,3,4.999000000000000e+01,USD,Completed,
ORD-12028,2026-07-23,859305074,4,1.969000000000000e+01,USD,Completed,
ORD-12029,2026-07-23,141988874,1,5.850000000000000e+00,USD,Completed,
ORD-12030,2026-07-23,1983309413,2,4.499000000000000e+01,USD,Completed,
ORD-12031,2026-07-23,393101003,2,1.986000000000000e+01,USD,Shipped,
ORD-12031,2026-07-23,2232013390,1,6.980000000000000e+00,USD,Completed,10%
ORD-12032,2026-07-23,5344195287,1,2.199000000000000e+01,USD,Completed,
ORD-12032,2026-07-23,431812530,3,1.998000000000000e+01,USD,Completed,
ORD-12033,2026-07-23,369367315,3,2.999000000000000e+01,USD,Shipped,
ORD-12033,2026-07-23,974265277,3,1.116200000000000e+02,USD,Completed,
ORD-12033,2026-07-23,885092913,3,3.330000000000000e+01,USD,Shipped,
ORD-12034,2026-07-23,5242746669,3,8,USD,Completed,
ORD-12034,2026-07-23,17245067,2,123,USD,Completed,
ORD-12034,2026-07-23,6838112687,1,2.920000000000000e+01,USD,Shipped,
ORD-12035,2026-07-23,25997723,2,6.490000000000001e+01,USD,Completed,
ORD-12036,2026-07-23,5344195287,4,2.199000000000000e+01,USD,Completed,10%
ORD-12036,2026-07-23,5150469476,3,6.399000000000000e+01,USD,Shipped,
ORD-12037,2026-07-23,54973324,3,2.407000000000000e+01,USD,Shipped,
ORD-12037,2026-07-23,3511393855,4,25,USD,Completed,
ORD-12037,2026-07-23,802163708,2,2.482000000000000e+01,USD,Completed,
ORD-12038,2026-07-23,283514640,3,1.899000000000000e+01,USD,Completed,10%
ORD-12039,2026-07-23,5327761690,1,2.499000000000000e+01,USD,Completed,
ORD-12039,2026-07-23,1921006587,4,2.159000000000000e+01,USD,Shipped,
ORD-12039,2026-07-23,348784401,1,2.249000000000000e+01,USD,Completed,
ORD-12040,2026-07-23,2749504314,2,1.999000000000000e+01,USD,Completed,
ORD-12040,2026-07-23,112580004,1,2.549000000000000e+01,USD,Completed,
ORD-12040,2026-07-23,2128773109,4,3.999000000000000e+01,USD,Shipped,
ORD-12041,2026-07-23,2126911017,3,1.999000000000000e+01,USD,Completed,
ORD-12041,2026-07-23,2785607950,4,9.269000000000000e+01,USD,Completed,
ORD-12041,2026-07-23,1560005587,1,4.658000000000000e+01,USD,Shipped,
ORD-12042,2026-07-23,1009224046,2,2.199000000000000e+01,USD,Shipped,
ORD-12043,2026-07-23,2166765925,4,1.975000000000000e+01,USD,Completed,
ORD-12043,2026-07-23,3922793394,1,1.124000000000000e+01,USD,Completed,
ORD-12043,2026-07-23,1897403279,4,1.189000000000000e+01,USD,Shipped,
ORD-12044,2026-07-23,17245067,2,123,USD,Shipped,
ORD-12044,2026-07-23,1204774750,3,6.898999999999999e+01,USD,Completed,10%
ORD-12045,2026-07-23,5155961106,1,2.499000000000000e+01,USD,Completed,
ORD-12045,2026-07-23,5164703747,2,6.090000000000000e+00,USD,Completed,
ORD-12046,2026-07-23,430528189,3,4.788000000000000e+01,USD,Completed,
ORD-12046,2026-07-23,896931395,1,1.529000000000000e+01,USD,Shipped,
ORD-12046,2026-07-23,689096319,4,9.910000000000000e+00,USD,Completed,
ORD-12047,2026-07-23,3813188391,2,1.999000000000000e+01,USD,Completed,
ORD-12047,2026-07-23,2002762091,4,2.999000000000000e+01,USD,Shipped,
ORD-12047,2026-07-23,2844883584,1,2.494000000000000e+01,USD,Completed,
ORD-12048,2026-07-23,2002762091,3,2.999000000000000e+01,USD,Completed,10%
ORD-12048,2026-07-23,729322559,3,24,USD,Completed,
ORD-12049,2026-07-23,28926816,1,7.940000000000000e+00,USD,Completed,
ORD-12050,2026-07-23,5702523237,2,1.599000000000000e+01,USD,Completed,
ORD-12051,2026-07-23,230846860,1,3.299000000000000e+01,USD,Completed,
ORD-12051,2026-07-23,2097897368,4,3.597000000000000e+01,USD,Completed,
ORD-12051,2026-07-23,786691113,1,1.053000000000000e+01,USD,Completed,
ORD-12052,2026-07-23,182579201,1,1.709000000000000e+01,USD,Completed,
ORD-12052,2026-07-23,373855792,1,2.296000000000000e+01,USD,Shipped,10%
ORD-12052,2026-07-23,2749504314,3,1.999000000000000e+01,USD,Completed,
ORD-12053,2026-07-23,373855792,1,2.296000000000000e+01,USD,Completed,
ORD-12053,2026-07-23,5294092563,2,9.980000000000000e+00,USD,Completed,
ORD-12053,2026-07-23,1507001378,2,9.900000000000000e-01,USD,Completed,
ORD-12054,2026-07-23,952556801,4,2.899000000000000e+01,USD,Completed,10%
ORD-12054,2026-07-23,5170388947,2,1.058000000000000e+01,USD,Completed,
ORD-12054,2026-07-23,232510830,3,4.999000000000000e+01,USD,Shipped,10%
ORD-12055,2026-07-23,2010024322,4,8.880000000000001e+00,USD,Completed,
ORD-12055,2026-07-23,2785607950,1,9.269000000000000e+01,USD,Completed,
ORD-12056,2026-07-23,781490570,1,1.499000000000000e+01,USD,Completed,
ORD-12056,2026-07-23,265927683,1,1.799000000000000e+01,USD,Completed,
ORD-12056,2026-07-23,48812370,4,9.789999999999999e+00,USD,Shipped,
ORD-12057,2026-07-23,5292671987,2,1.762900000000000e+02,USD,Completed,
ORD-12058,2026-07-23,5809585615,4,1.595000000000000e+01,USD,Completed,
ORD-12059,2026-07-23,2834781358,2,2.399900000000000e+02,USD,Completed,
ORD-12059,2026-07-23,469036214,2,2.049900000000000e+02,USD,Completed,
ORD-12060,2026-07-23,2868760641,4,2.399000000000000e+01,USD,Completed,
ORD-12060,2026-07-23,5663974279,4,1.994000000000000e+01,USD,Completed,
ORD-12060,2026-07-23,5344195287,2,2.199000000000000e+01,USD,Completed,10%
ORD-12061,2026-07-23,1267967836,3,8.698999999999999e+01,USD,Completed,
ORD-12062,2026-07-23,730250943,4,1.144000000000000e+01,USD,Completed,
ORD-12062,2026-07-23,100662878,3,2.199000000000000e+01,USD,Shipped,
ORD-12063,2026-07-23,1624985447,1,3.970000000000000e+00,USD,Completed,
ORD-12064,2026-07-23,5506488018,3,1.998000000000000e+01,USD,Completed,
ORD-12065,2026-07-23,957603867,2,1.499000000000000e+01,USD,Completed,10%
ORD-12065,2026-07-23,348784401,4,2.249000000000000e+01,USD,Completed,
ORD-12066,2026-07-23,606223683,2,2.862000000000000e+01,USD,Completed,
ORD-12066,2026-07-23,531529503,3,2.339000000000000e+01,USD,Shipped,
ORD-12067,2026-07-23,6918363302,4,2.399000000000000e+01,USD,Shipped,
ORD-12068,2026-07-23,1063134991,3,1.599000000000000e+01,USD,Completed,10%
ORD-12068,2026-07-23,1728596655,4,1.398000000000000e+01,USD,Completed,
ORD-12068,2026-07-23,22374157,3,7.960000000000000e+00,USD,Completed,
ORD-12069,2026-07-23,676413174,4,6.970000000000000e+00,USD,Completed,
ORD-12069,2026-07-23,10308385,2,4.430000000000000e+00,USD,Completed,
ORD-12069,2026-07-23,381553241,4,1.399000000000000e+01,USD,Shipped,
ORD-12070,2026-07-23,354688867,1,3.299000000000000e+01,USD,Completed,
ORD-12071,2026-07-23,1500372373,3,8,USD,Completed,
ORD-12071,2026-07-23,2200709686,1,1.408000000000000e+02,USD,Completed,
ORD-12072,2026-07-23,896931395,4,1.529000000000000e+01,USD,Completed,
ORD-12072,2026-07-23,886368088,3,5.940000000000000e+00,USD,Completed,
ORD-12072,2026-07-23,373855792,4,2.296000000000000e+01,USD,Completed,
ORD-12073,2026-07-23,3922793394,1,1.124000000000000e+01,USD,Completed,10%
ORD-12073,2026-07-23,2716531748,2,1.998000000000000e+01,USD,Completed,
ORD-12074,2026-07-23,232510830,1,4.999000000000000e+01,USD,Completed,
ORD-12074,2026-07-23,5753314187,2,1.999000000000000e+01,USD,Shipped,
ORD-12074,2026-07-23,781490570,2,1.499000000000000e+01,USD,Completed,
ORD-12075,2026-07-23,46068414,4,1.613000000000000e+01,USD,Shipped,
ORD-12076,2026-07-23,3483895520,1,1.297000000000000e+01,USD,Shipped,
ORD-12077,2026-07-23,141757585,1,1.499000000000000e+01,USD,Completed,
ORD-12077,2026-07-23,1462273455,2,9.100000000000000e-01,USD,Shipped,
ORD-12077,2026-07-23,1097677016,4,2.499000000000000e+01,USD,Completed,
ORD-12078,2026-07-23,5205925876,3,1.922000000000000e+01,USD,Completed,10%
ORD-12078,2026-07-23,25997723,1,6.490000000000001e+01,USD,Completed,
ORD-12079,2026-07-23,1093743201,4,2.599000000000000e+01,USD,Completed,
ORD-12080,2026-07-23,1226940529,3,3.210000000000000e+00,USD,Shipped,
ORD-12081,2026-07-23,945882097,1,1.975000000000000e+01,USD,Shipped,
ORD-12081,2026-07-23,790957653,2,1.245000000000000e+01,USD,Shipped,
ORD-12081,2026-07-23,5043424192,1,1.799000000000000e+01,USD,Completed,
ORD-12082,2026-07-23,5327761690,1,2.499000000000000e+01,USD,Completed,
ORD-12083,2026-07-23,5753314187,1,1.999000000000000e+01,USD,Completed,
ORD-12083,2026-07-23,432928663,3,2.880000000000000e+01,USD,Completed,
ORD-12083,2026-07-23,5205925876,4,1.922000000000000e+01,USD,Completed,
ORD-12084,2026-07-23,1615288442,1,1.499000000000000e+01,USD,Completed,10%
ORD-12084,2026-07-23,689096319,3,9.910000000000000e+00,USD,Completed,
ORD-12084,2026-07-23,2113674813,3,1.168000000000000e+02,USD,Completed,
ORD-12085,2026-07-23,102593173,1,1.980000000000000e+01,USD,Completed,
ORD-12085,2026-07-23,1231760315,4,1.999000000000000e+01,USD,Completed,
ORD-12086,2026-07-23,588404711,1,8.909999999999999e+01,USD,Completed,
ORD-12086,2026-07-23,2200709686,1,1.408000000000000e+02,USD,Completed,
ORD-12087,2026-07-23,17245067,1,123,USD,Completed,
ORD-12087,2026-07-23,864008591,4,1.495000000000000e+01,USD,Completed,10%
ORD-12088,2026-07-23,381553241,2,1.399000000000000e+01,USD,Completed,10%
ORD-12088,2026-07-23,602315286,3,2.250000000000000e+01,USD,Completed,
ORD-12088,2026-07-23,3813188391,2,1.999000000000000e+01,USD,Completed,10%
ORD-12089,2026-07-23,2834781358,1,2.399900000000000e+02,USD,Completed,
ORD-12089,2026-07-23,1774925941,4,6.998999999999999e+01,USD,Completed,
ORD-12090,2026-07-23,5043424192,4,1.799000000000000e+01,USD,Completed,
ORD-12090,2026-07-23,3511393855,4,25,USD,Completed,
ORD-12090,2026-07-23,1613734417,2,2.580000000000000e+01,USD,Completed,10%
ORD-12091,2026-07-23,5684704635,3,1.213000000000000e+01,USD,Shipped,
ORD-12091,2026-07-23,1341833689,1,1.499000000000000e+01,USD,Shipped,10%
ORD-12091,2026-07-23,2749504314,2,1.999000000000000e+01,USD,Completed,
ORD-12092,2026-07-23,871530694,3,2.393000000000000e+01,USD,Completed,
ORD-12092,2026-07-23,1921006587,3,2.159000000000000e+01,USD,Completed,10%
ORD-12093,2026-07-23,27230944,2,3.343000000000000e+01,USD,Completed,10%
ORD-12093,2026-07-23,2785607950,2,9.269000000000000e+01,USD,Shipped,10%
ORD-12093,2026-07-23,676413174,3,6.970000000000000e+00,USD,Completed,
ORD-12094,2026-07-23,2844883584,4,2.494000000000000e+01,USD,Completed,
ORD-12094,2026-07-23,2749504314,3,1.999000000000000e+01,USD,Shipped,
ORD-12095,2026-07-23,5662896790,1,2.594000000000000e+01,USD,Completed,10%
ORD-12095,2026-07-23,555974352,3,3.605000000000000e+01,USD,Shipped,
ORD-12096,2026-07-23,2570740977,1,3.399000000000000e+01,USD,Shipped,
ORD-12096,2026-07-23,215916201,3,1.396000000000000e+01,USD,Completed,
ORD-12096,2026-07-23,25997723,4,6.490000000000001e+01,USD,Shipped,
ORD-12097,2026-07-23,110779998,3,2.999000000000000e+01,USD,Completed,
ORD-12098,2026-07-23,1612728569,4,5.760000000000000e+01,USD,Completed,
ORD-12098,2026-07-23,412531616,4,2.999000000000000e+01,USD,Shipped,10%
ORD-12099,2026-07-23,1184268274,4,9.869999999999999e+00,USD,Completed,
ORD-12100,2026-07-23,573614161,2,9.060000000000000e+00,USD,Completed,
ORD-12100,2026-07-23,126699313,2,1.820000000000000e+00,USD,Completed,
ORD-12101,2026-07-23,6918363302,1,2.399000000000000e+01,USD,Shipped,
ORD-12101,2026-07-23,10308385,1,4.430000000000000e+00,USD,Completed,
ORD-12102,2026-07-23,1728596655,1,1.398000000000000e+01,USD,Completed,
ORD-12102,2026-07-23,1093743201,1,2.599000000000000e+01,USD,Completed,
ORD-12102,2026-07-23,422458903,2,1.998000000000000e+01,USD,Shipped,
ORD-12103,2026-07-23,411359040,3,30,USD,Completed,10%
ORD-12104,2026-07-23,848798939,3,4.647000000000000e+01,USD,Completed,
ORD-12104,2026-07-23,859305074,2,1.969000000000000e+01,USD,Completed,10%
ORD-12104,2026-07-23,5164703747,2,6.090000000000000e+00,USD,Completed,
ORD-12105,2026-07-23,22374157,4,7.960000000000000e+00,USD,Completed,
ORD-12105,2026-07-23,2868760641,2,2.399000000000000e+01,USD,Completed,10%
ORD-12105,2026-07-23,957603867,2,1.499000000000000e+01,USD,Shipped,10%
ORD-12106,2026-07-23,3808974443,3,4.980000000000000e+00,USD,Completed,10%
ORD-12107,2026-07-23,27230944,1,3.343000000000000e+01,USD,Shipped,
ORD-12107,2026-07-23,370694829,4,2.495000000000000e+01,USD,Completed,
ORD-12108,2026-07-23,1500372373,1,8,USD,Completed,
ORD-12109,2026-07-23,1774083175,4,2.999000000000000e+01,USD,Completed,
ORD-12110,2026-07-23,10294756,3,2,USD,Completed,
ORD-12111,2026-07-23,17245067,3,123,USD,Completed,10%
ORD-12111,2026-07-23,5642502722,4,3.239000000000000e+01,USD,Shipped,
ORD-12112,2026-07-23,5062553620,2,9.840000000000000e+00,USD,Shipped,
ORD-12113,2026-07-23,422458903,3,1.998000000000000e+01,USD,Completed,10%
ORD-12113,2026-07-23,6918363302,1,2.399000000000000e+01,USD,Completed,
ORD-12114,2026-07-23,2580740549,3,1.062000000000000e+01,USD,Completed,10%
ORD-12115,2026-07-23,3824041405,1,6.744000000000000e+01,USD,Completed,10%
ORD-12116,2026-07-23,5294092563,1,9.980000000000000e+00,USD,Completed,
ORD-12116,2026-07-23,306465658,2,5.499000000000000e+01,USD,Completed,10%
ORD-12117,2026-07-23,3922793394,2,1.124000000000000e+01,USD,Completed,
ORD-12118,2026-07-23,381553241,2,1.399000000000000e+01,USD,Completed,
ORD-12118,2026-07-23,1612728569,4,5.760000000000000e+01,USD,Completed,
ORD-12118,2026-07-23,362341632,1,9.990000000000000e+00,USD,Completed,
ORD-12119,2026-07-23,146144209,4,2.641000000000000e+01,USD,Completed,
ORD-12120,2026-07-23,1792864118,4,5.790000000000000e+00,USD,Completed,
ORD-12120,2026-07-23,5768017984,1,6.660000000000000e+00,USD,Completed,
ORD-12121,2026-07-23,944207748,2,3.899000000000000e+01,USD,Completed,
ORD-12121,2026-07-23,5264765893,1,2.999000000000000e+01,USD,Completed,
ORD-12121,2026-07-23,667101829,2,9.995000000000000e+01,USD,Completed,
ORD-12122,2026-07-23,259195843,1,2.995000000000000e+01,USD,Completed,
ORD-12122,2026-07-23,6838112687,2,2.920000000000000e+01,USD,Completed,
ORD-12123,2026-07-23,229653852,1,1.399000000000000e+01,USD,Completed,
ORD-12123,2026-07-23,753681550,2,1.560000000000000e+01,USD,Completed,
ORD-12124,2026-07-23,5158180497,2,9.279999999999999e+00,USD,Completed,
ORD-12124,2026-07-23,602748918,4,1.499000000000000e+01,USD,Completed,
ORD-12125,2026-07-23,110779998,3,2.999000000000000e+01,USD,Completed,
ORD-12126,2026-07-23,2166765925,1,1.975000000000000e+01,USD,Completed,
ORD-12126,2026-07-23,1037166405,1,2.390000000000000e+01,USD,Completed,
ORD-12127,2026-07-23,871530694,3,2.393000000000000e+01,USD,Completed,
ORD-12128,2026-07-23,3588670272,2,1.599000000000000e+01,USD,Completed,
ORD-12128,2026-07-23,5190064929,4,3.196000000000000e+01,USD,Completed,
ORD-12128,2026-07-23,5506488018,3,1.998000000000000e+01,USD,Completed,
ORD-12129,2026-07-23,885092913,3,3.330000000000000e+01,USD,Completed,
ORD-12129,2026-07-23,5809585615,2,1.595000000000000e+01,USD,Completed,
ORD-12129,2026-07-23,1764748346,3,1.598000000000000e+01,USD,Completed,
ORD-12130,2026-07-23,232510830,4,4.999000000000000e+01,USD,Completed,10%
ORD-12130,2026-07-23,781490570,1,1.499000000000000e+01,USD,Completed,
ORD-12131,2026-07-23,2113674813,4,1.168000000000000e+02,USD,Completed,
ORD-12131,2026-07-23,2128773109,4,3.999000000000000e+01,USD,Completed,
ORD-12132,2026-07-23,152355819,2,5.624000000000000e+01,USD,Completed,
ORD-12132,2026-07-23,1612728569,3,5.760000000000000e+01,USD,Completed,
ORD-12133,2026-07-23,2017664333,4,99,USD,Completed,
ORD-12134,2026-07-23,2716531748,2,1.998000000000000e+01,USD,Completed,
ORD-12135,2026-07-23,1226940529,4,3.210000000000000e+00,USD,Completed,
ORD-12136,2026-07-23,348784401,3,2.249000000000000e+01,USD,Completed,
ORD-12137,2026-07-23,953950834,2,2.795000000000000e+01,USD,Completed,
ORD-12137,2026-07-23,321811404,4,2.799000000000000e+01,USD,Completed,
ORD-12137,2026-07-23,1500372373,3,8,USD,Completed,
ORD-12138,2026-07-23,5506488018,4,1.998000000000000e+01,USD,Completed,
ORD-12138,2026-07-23,5294092563,2,9.980000000000000e+00,USD,Completed,10%
ORD-12138,2026-07-23,5379906696,3,1.498000000000000e+01,USD,Completed,
ORD-12139,2026-07-23,615343705,4,2.767000000000000e+01,USD,Shipped,
ORD-12139,2026-07-23,5663974279,1,1.994000000000000e+01,USD,Shipped,
ORD-12140,2026-07-23,839659160,1,4.999000000000000e+01,USD,Completed,
ORD-12141,2026-07-23,618032539,2,1.299000000000000e+01,USD,Completed,10%
ORD-12141,2026-07-23,5209344136,2,2.999000000000000e+01,USD,Shipped,
ORD-12142,2026-07-23,299112609,1,3.995000000000000e+01,USD,Completed,
ORD-12142,2026-07-23,1997340049,2,2.399000000000000e+01,USD,Completed,10%
ORD-12143,2026-07-23,1009224046,4,2.199000000000000e+01,USD,Completed,10%
ORD-12143,2026-07-23,676413174,1,6.970000000000000e+00,USD,Completed,
ORD-12144,2026-07-23,6013308220,4,3.324000000000000e+01,USD,Completed,
ORD-12144,2026-07-23,3922793394,1,1.124000000000000e+01,USD,Completed,
ORD-12145,2026-07-23,5242746669,4,8,USD,Completed,
ORD-12145,2026-07-23,2166765925,4,1.975000000000000e+01,USD,Shipped,
ORD-12146,2026-07-23,5664556275,4,2.541000000000000e+01,USD,Completed,
ORD-12146,2026-07-23,3212008907,3,3,USD,Completed,
ORD-12147,2026-07-23,10308385,4,4.430000000000000e+00,USD,Completed,
ORD-12147,2026-07-23,5057611924,3,3.599000000000000e+01,USD,Completed,
ORD-12148,2026-07-23,110779998,3,2.999000000000000e+01,USD,Completed,
ORD-12148,2026-07-23,5144555813,4,4.499000000000000e+01,USD,Completed,
ORD-12149,2026-07-23,393101003,2,1.986000000000000e+01,USD,Completed,
ORD-12149,2026-07-23,6013308220,1,3.324000000000000e+01,USD,Completed,
ORD-12150,2026-07-23,595025504,4,3.495000000000000e+01,USD,Shipped,
ORD-12151,2026-07-23,5205925876,4,1.922000000000000e+01,USD,Completed,
ORD-12151,2026-07-23,5702032013,3,4.488000000000000e+01,USD,Completed,
ORD-12152,2026-07-23,2097897368,1,3.597000000000000e+01,USD,Completed,
ORD-12153,2026-07-23,2232013390,4,6.980000000000000e+00,USD,Completed,10%
ORD-12153,2026-07-23,411359040,4,30,USD,Shipped,
ORD-12153,2026-07-23,1037166405,4,2.390000000000000e+01,USD,Completed,
ORD-12154,2026-07-23,5344195287,3,2.199000000000000e+01,USD,Completed,
ORD-12154,2026-07-23,377862424,1,9.990000000000000e+00,USD,Completed,10%
ORD-12154,2026-07-23,146144209,3,2.641000000000000e+01,USD,Completed,10%
ORD-12155,2026-07-23,5184785010,4,2.299000000000000e+01,USD,Completed,
ORD-12155,2026-07-23,2017664333,1,99,USD,Completed,
ORD-12155,2026-07-23,5329337627,4,24,USD,Completed,
ORD-12156,2026-07-23,435835263,2,9.990000000000000e+00,USD,Completed,
ORD-12157,2026-07-23,5170388947,2,1.058000000000000e+01,USD,Completed,
ORD-12157,2026-07-23,957603867,2,1.499000000000000e+01,USD,Shipped,
ORD-12158,2026-07-24,2844883584,2,2.494000000000000e+01,USD,Completed,10%
ORD-12158,2026-07-24,1226247035,1,1.988000000000000e+01,USD,Shipped,10%
ORD-12158,2026-07-24,5242746669,2,8,USD,Shipped,
ORD-12159,2026-07-24,382394597,1,1.688000000000000e+01,USD,Completed,
ORD-12159,2026-07-24,215916201,3,1.396000000000000e+01,USD,Completed,
ORD-12160,2026-07-24,1331751223,1,1.388000000000000e+01,USD,Shipped,
ORD-12160,2026-07-24,2503512087,4,1.080000000000000e+01,USD,Shipped,10%
ORD-12161,2026-07-24,5352569431,3,1.999000000000000e+01,USD,Completed,
ORD-12161,2026-07-24,1543169305,3,1.299000000000000e+01,USD,Completed,10%
ORD-12162,2026-07-24,2868760641,2,2.399000000000000e+01,USD,Completed,
ORD-12162,2026-07-24,555974352,3,3.605000000000000e+01,USD,Completed,10%
ORD-12163,2026-07-24,1017487270,1,2.999000000000000e+01,USD,Completed,10%
ORD-12163,2026-07-24,788450043,1,1.299000000000000e+01,USD,Completed,
ORD-12163,2026-07-24,896931395,4,1.529000000000000e+01,USD,Completed,
ORD-12164,2026-07-24,832929384,3,2.795000000000000e+01,USD,Completed,
ORD-12164,2026-07-24,5440778555,1,1.030000000000000e+01,USD,Shipped,
ORD-12164,2026-07-24,110779998,2,2.999000000000000e+01,USD,Completed,
ORD-12165,2026-07-24,864008591,1,1.495000000000000e+01,USD,Completed,10%
ORD-12165,2026-07-24,5045669548,3,2.999000000000000e+01,USD,Shipped,
ORD-12166,2026-07-24,6494751477,2,1.499000000000000e+01,USD,Completed,
ORD-12167,2026-07-24,1184268274,1,9.869999999999999e+00,USD,Shipped,
ORD-12167,2026-07-24,306465658,3,5.499000000000000e+01,USD,Completed,
ORD-12168,2026-07-24,5190064929,3,3.196000000000000e+01,USD,Completed,
ORD-12168,2026-07-24,910055282,1,1.099000000000000e+01,USD,Completed,
ORD-12169,2026-07-24,730250943,1,1.144000000000000e+01,USD,Completed,
ORD-12169,2026-07-24,422458903,2,1.998000000000000e+01,USD,Completed,
ORD-12169,2026-07-24,5327761690,3,2.499000000000000e+01,USD,Completed,
ORD-12170,2026-07-24,382394597,4,1.688000000000000e+01,USD,Completed,10%
ORD-12171,2026-07-24,5323625259,4,25,USD,Completed,10%
ORD-12171,2026-07-24,1764748346,4,1.598000000000000e+01,USD,Completed,
ORD-12172,2026-07-24,10309083,3,8.990000000000000e+00,USD,Shipped,
ORD-12173,2026-07-24,230846860,1,3.299000000000000e+01,USD,Completed,
ORD-12173,2026-07-24,5344195287,1,2.199000000000000e+01,USD,Completed,
ORD-12173,2026-07-24,896931395,3,1.529000000000000e+01,USD,Shipped,10%
ORD-12174,2026-07-24,1507001378,3,9.900000000000000e-01,USD,Shipped,
ORD-12175,2026-07-24,3813188391,4,1.999000000000000e+01,USD,Completed,
ORD-12176,2026-07-24,1226940529,1,3.210000000000000e+00,USD,Completed,
ORD-12176,2026-07-24,1226247035,4,1.988000000000000e+01,USD,Completed,
ORD-12176,2026-07-24,257806313,2,1.954000000000000e+01,USD,Completed,
ORD-12177,2026-07-24,5158180497,2,9.279999999999999e+00,USD,Completed,10%
ORD-12177,2026-07-24,5352569431,3,1.999000000000000e+01,USD,Completed,
ORD-12177,2026-07-24,5506488018,2,1.998000000000000e+01,USD,Shipped,
ORD-12178,2026-07-24,10294885,1,2.720000000000000e+00,USD,Shipped,10%
ORD-12178,2026-07-24,3053955490,3,1.619000000000000e+01,USD,Shipped,
ORD-12179,2026-07-24,1995467623,1,2.399000000000000e+01,USD,Completed,
ORD-12180,2026-07-24,5262717138,4,2.597000000000000e+01,USD,Completed,
ORD-12181,2026-07-24,1897403279,2,1.189000000000000e+01,USD,Completed,10%
ORD-12182,2026-07-24,391028302,3,1.078000000000000e+01,USD,Completed,
ORD-12183,2026-07-24,5158180497,2,9.279999999999999e+00,USD,Completed,
ORD-12183,2026-07-24,10294756,3,2,USD,Completed,
ORD-12184,2026-07-24,34203165,3,1.673000000000000e+01,USD,Completed,
ORD-12184,2026-07-24,5352569431,1,1.999000000000000e+01,USD,Completed,
ORD-12184,2026-07-24,17245067,4,123,USD,Completed,
ORD-12185,2026-07-24,2544735639,3,3.199000000000000e+01,USD,Completed,
ORD-12186,2026-07-24,5327761690,1,2.499000000000000e+01,USD,Completed,10%
ORD-12186,2026-07-24,382394597,4,1.688000000000000e+01,USD,Completed,
ORD-12186,2026-07-24,435835263,3,9.990000000000000e+00,USD,Shipped,
ORD-12187,2026-07-24,3440558193,3,2.198000000000000e+01,USD,Completed,
ORD-12188,2026-07-24,1825469871,2,1.699000000000000e+01,USD,Completed,10%
ORD-12188,2026-07-24,331094227,1,3.999000000000000e+01,USD,Completed,
ORD-12188,2026-07-24,179112912,1,4.186000000000000e+01,USD,Completed,
ORD-12189,2026-07-24,689096319,3,9.910000000000000e+00,USD,Completed,
ORD-12190,2026-07-24,259195843,3,2.995000000000000e+01,USD,Completed,
ORD-12190,2026-07-24,229653852,3,1.399000000000000e+01,USD,Completed,10%
ORD-12190,2026-07-24,5295270812,1,3.549900000000000e+02,USD,Completed,10%
ORD-12191,2026-07-24,265927683,2,1.799000000000000e+01,USD,Completed,
ORD-12192,2026-07-24,5294092563,4,9.980000000000000e+00,USD,Completed,10%
ORD-12192,2026-07-24,182543171,1,4.860000000000000e+00,USD,Shipped,
ORD-12192,2026-07-24,5684704635,1,1.213000000000000e+01,USD,Completed,
ORD-12193,2026-07-24,299112609,2,3.995000000000000e+01,USD,Completed,
ORD-12193,2026-07-24,1774083175,2,2.999000000000000e+01,USD,Shipped,
ORD-12194,2026-07-24,696459227,4,1.461000000000000e+01,USD,Completed,
ORD-12194,2026-07-24,33685485,4,1.119000000000000e+01,USD,Shipped,
ORD-12194,2026-07-24,141757585,2,1.499000000000000e+01,USD,Completed,
ORD-12195,2026-07-24,10294885,4,2.720000000000000e+00,USD,Shipped,10%
ORD-12196,2026-07-24,5768017984,1,6.660000000000000e+00,USD,Completed,
ORD-12196,2026-07-24,385780287,1,5.198000000000000e+01,USD,Completed,
ORD-12196,2026-07-24,676413174,3,6.970000000000000e+00,USD,Completed,
ORD-12197,2026-07-24,1612728569,1,5.760000000000000e+01,USD,Completed,
ORD-12197,2026-07-24,5366405121,3,1.299000000000000e+01,USD,Completed,
ORD-12197,2026-07-24,1462273455,3,9.100000000000000e-01,USD,Completed,
ORD-12198,2026-07-24,5062553620,3,9.840000000000000e+00,USD,Completed,
ORD-12198,2026-07-24,790957653,2,1.245000000000000e+01,USD,Completed,
ORD-12198,2026-07-24,5642502722,4,3.239000000000000e+01,USD,Shipped,
ORD-12199,2026-07-24,615343705,2,2.767000000000000e+01,USD,Completed,
ORD-12200,2026-07-24,2749504314,3,1.999000000000000e+01,USD,Completed,
ORD-12201,2026-07-24,215916201,3,1.396000000000000e+01,USD,Completed,
ORD-12201,2026-07-24,751510659,3,9.940000000000000e+00,USD,Completed,
ORD-12202,2026-07-24,33685485,2,1.119000000000000e+01,USD,Completed,
ORD-12203,2026-07-24,573614161,2,9.060000000000000e+00,USD,Completed,
ORD-12203,2026-07-24,6494751477,1,1.499000000000000e+01,USD,Completed,
ORD-12204,2026-07-24,5379906696,3,1.498000000000000e+01,USD,Shipped,
ORD-12204,2026-07-24,5702032013,4,4.488000000000000e+01,USD,Completed,
ORD-12205,2026-07-24,2716531748,4,1.998000000000000e+01,USD,Completed,
ORD-12206,2026-07-24,908232424,1,3.698000000000000e+01,USD,Completed,
ORD-12207,2026-07-24,5684704635,4,1.213000000000000e+01,USD,Completed,
ORD-12207,2026-07-24,3560683924,1,3.990000000000000e+00,USD,Completed,
ORD-12208,2026-07-24,1063134991,1,1.599000000000000e+01,USD,Completed,
ORD-12209,2026-07-24,3511393855,3,25,USD,Completed,
ORD-12209,2026-07-24,2097897368,3,3.597000000000000e+01,USD,Shipped,10%
ORD-12209,2026-07-24,232510830,4,4.999000000000000e+01,USD,Completed,
ORD-12210,2026-07-24,602315286,1,2.250000000000000e+01,USD,Completed,10%
ORD-12210,2026-07-24,974265277,2,1.116200000000000e+02,USD,Completed,
ORD-12210,2026-07-24,5753314187,3,1.999000000000000e+01,USD,Shipped,
ORD-12211,2026-07-24,529767263,1,4.847000000000000e+01,USD,Completed,
ORD-12211,2026-07-24,729322559,2,24,USD,Shipped,
ORD-12211,2026-07-24,3440558193,4,2.198000000000000e+01,USD,Completed,
ORD-12212,2026-07-24,22374157,1,7.960000000000000e+00,USD,Completed,
ORD-12212,2026-07-24,2017664333,4,99,USD,Completed,
ORD-12213,2026-07-24,3440558193,3,2.198000000000000e+01,USD,Completed,10%
ORD-12213,2026-07-24,370694829,3,2.495000000000000e+01,USD,Shipped,10%
ORD-12214,2026-07-24,1570467303,2,2.799000000000000e+01,USD,Shipped,
ORD-12214,2026-07-24,908232424,3,3.698000000000000e+01,USD,Completed,
ORD-12215,2026-07-24,393061304,2,2.868000000000000e+01,USD,Completed,
ORD-12215,2026-07-24,2126911017,4,1.999000000000000e+01,USD,Shipped,
ORD-12216,2026-07-24,215916201,1,1.396000000000000e+01,USD,Shipped,
ORD-12217,2026-07-24,48812370,3,9.789999999999999e+00,USD,Completed,
ORD-12218,2026-07-24,693758408,4,1.709000000000000e+01,USD,Completed,10%
ORD-12218,2026-07-24,5329337627,1,24,USD,Completed,
ORD-12218,2026-07-24,6013308220,1,3.324000000000000e+01,USD,Completed,
ORD-12219,2026-07-24,1435754084,3,1.197000000000000e+01,USD,Completed,
ORD-12219,2026-07-24,141988874,3,5.850000000000000e+00,USD,Shipped,
ORD-12220,2026-07-24,391028302,3,1.078000000000000e+01,USD,Completed,
ORD-12221,2026-07-24,2138573500,4,1.599000000000000e+01,USD,Shipped,
ORD-12221,2026-07-24,1764748346,2,1.598000000000000e+01,USD,Completed,
ORD-12221,2026-07-24,265927683,1,1.799000000000000e+01,USD,Completed,
ORD-12222,2026-07-24,569572519,2,2.175000000000000e+01,USD,Completed,
ORD-12222,2026-07-24,1764748346,3,1.598000000000000e+01,USD,Completed,
ORD-12223,2026-07-24,5323625259,1,25,USD,Completed,
ORD-12224,2026-07-24,3813188391,3,1.999000000000000e+01,USD,Shipped,
ORD-12224,2026-07-24,2363655537,2,4.950000000000000e+01,USD,Completed,
ORD-12225,2026-07-24,1210385172,4,3.959000000000000e+01,USD,Completed,10%
ORD-12225,2026-07-24,693758408,4,1.709000000000000e+01,USD,Completed,
ORD-12226,2026-07-24,10309083,3,8.990000000000000e+00,USD,Completed,10%
ORD-12226,2026-07-24,1359948905,1,3.277000000000000e+01,USD,Completed,
ORD-12227,2026-07-24,261700925,3,6.930000000000000e+01,USD,Completed,
ORD-12227,2026-07-24,588404711,2,8.909999999999999e+01,USD,Completed,
ORD-12227,2026-07-24,33685485,4,1.119000000000000e+01,USD,Completed,
ORD-12228,2026-07-24,5397071399,3,1.299000000000000e+01,USD,Shipped,
ORD-12228,2026-07-24,5168273880,1,1.198000000000000e+01,USD,Completed,
ORD-12228,2026-07-24,5155961106,4,2.499000000000000e+01,USD,Completed,
ORD-12229,2026-07-24,885092913,1,3.330000000000000e+01,USD,Shipped,10%
ORD-12229,2026-07-24,1017487270,1,2.999000000000000e+01,USD,Completed,
ORD-12229,2026-07-24,5658552152,2,1.499000000000000e+01,USD,Shipped,
ORD-12230,2026-07-24,2200709686,2,1.408000000000000e+02,USD,Completed,
ORD-12230,2026-07-24,5066959782,2,1.280000000000000e+01,USD,Shipped,10%
ORD-12230,2026-07-24,2570740977,3,3.399000000000000e+01,USD,Completed,
ORD-12231,2026-07-24,1500372373,3,8,USD,Completed,
ORD-12231,2026-07-24,430528189,3,4.788000000000000e+01,USD,Completed,
ORD-12232,2026-07-24,264801526,2,2.249000000000000e+01,USD,Completed,
ORD-12232,2026-07-24,3824041405,3,6.744000000000000e+01,USD,Shipped,
ORD-12233,2026-07-24,5260887729,3,1.999000000000000e+01,USD,Completed,
ORD-12233,2026-07-24,5150469476,4,6.399000000000000e+01,USD,Completed,10%
ORD-12234,2026-07-24,974265277,2,1.116200000000000e+02,USD,Completed,
ORD-12234,2026-07-24,5702523237,3,1.599000000000000e+01,USD,Shipped,
ORD-12234,2026-07-24,2637400158,1,2.399000000000000e+01,USD,Shipped,10%
ORD-12235,2026-07-24,3046604016,1,5.299000000000000e+01,USD,Completed,
ORD-12235,2026-07-24,1231760315,4,1.999000000000000e+01,USD,Shipped,
ORD-12235,2026-07-24,5439347407,3,5.699900000000000e+02,USD,Completed,
ORD-12236,2026-07-24,182579201,2,1.709000000000000e+01,USD,Completed,
ORD-12236,2026-07-24,786691113,3,1.053000000000000e+01,USD,Completed,
ORD-12236,2026-07-24,391028302,2,1.078000000000000e+01,USD,Shipped,10%
ORD-12237,2026-07-24,751510659,1,9.940000000000000e+00,USD,Shipped,
ORD-12238,2026-07-24,781490570,4,1.499000000000000e+01,USD,Completed,
ORD-12238,2026-07-24,669112285,1,9.890000000000001e+00,USD,Completed,
ORD-12239,2026-07-24,5262717138,4,2.597000000000000e+01,USD,Shipped,10%
ORD-12240,2026-07-24,1097677016,2,2.499000000000000e+01,USD,Completed,
ORD-12240,2026-07-24,2232013390,3,6.980000000000000e+00,USD,Completed,
ORD-12240,2026-07-24,615343705,4,2.767000000000000e+01,USD,Shipped,
ORD-12241,2026-07-24,5753314187,1,1.999000000000000e+01,USD,Completed,
ORD-12241,2026-07-24,864008591,2,1.495000000000000e+01,USD,Completed,
ORD-12241,2026-07-24,676413174,1,6.970000000000000e+00,USD,Completed,
ORD-12242,2026-07-24,146144209,1,2.641000000000000e+01,USD,Completed,10%
ORD-12242,2026-07-24,859305074,2,1.969000000000000e+01,USD,Completed,
ORD-12243,2026-07-24,753681550,2,1.560000000000000e+01,USD,Completed,
ORD-12244,2026-07-24,1974609871,2,1.495000000000000e+01,USD,Completed,
ORD-12244,2026-07-24,667101829,3,9.995000000000000e+01,USD,Completed,
ORD-12244,2026-07-24,5190064929,1,3.196000000000000e+01,USD,Completed,
ORD-12245,2026-07-24,370694829,1,2.495000000000000e+01,USD,Completed,
ORD-12245,2026-07-24,141757585,3,1.499000000000000e+01,USD,Completed,
ORD-12245,2026-07-24,5209344136,2,2.999000000000000e+01,USD,Completed,
ORD-12246,2026-07-24,1093743201,4,2.599000000000000e+01,USD,Completed,
ORD-12247,2026-07-24,1462273455,1,9.100000000000000e-01,USD,Shipped,
ORD-12247,2026-07-24,5209344136,2,2.999000000000000e+01,USD,Shipped,
ORD-12248,2026-07-24,896931395,4,1.529000000000000e+01,USD,Completed,10%
ORD-12249,2026-07-24,908201566,2,1.056000000000000e+01,USD,Completed,
ORD-12250,2026-07-24,354688867,3,3.299000000000000e+01,USD,Completed,
ORD-12251,2026-07-24,1331751223,1,1.388000000000000e+01,USD,Shipped,
ORD-12251,2026-07-24,2570740977,2,3.399000000000000e+01,USD,Completed,10%
ORD-12252,2026-07-24,5480667546,4,1.040000000000000e+01,USD,Completed,
ORD-12252,2026-07-24,602748918,1,1.499000000000000e+01,USD,Completed,
ORD-12253,2026-07-24,1897403279,2,1.189000000000000e+01,USD,Completed,
ORD-12253,2026-07-24,48812370,4,9.789999999999999e+00,USD,Completed,
ORD-12255,2026-07-24,3808974443,4,4.980000000000000e+00,USD,Completed,
ORD-12255,2026-07-24,6838112687,4,2.920000000000000e+01,USD,Completed,
ORD-12256,2026-07-24,920987081,4,3.795000000000000e+01,USD,Shipped,
ORD-12257,2026-07-24,5316176929,2,9.980000000000000e+00,USD,Completed,
ORD-12258,2026-07-24,33685485,3,1.119000000000000e+01,USD,Completed,
ORD-12258,2026-07-24,5323625259,2,25,USD,Completed,
ORD-12259,2026-07-24,2716531748,4,1.998000000000000e+01,USD,Completed,
ORD-12259,2026-07-24,5242746669,1,8,USD,Completed,
ORD-12260,2026-07-24,790957653,3,1.245000000000000e+01,USD,Completed,
ORD-12260,2026-07-24,529767263,2,4.847000000000000e+01,USD,Completed,10%
ORD-12261,2026-07-24,944207748,2,3.899000000000000e+01,USD,Completed,10%
ORD-12261,2026-07-24,100662878,3,2.199000000000000e+01,USD,Completed,
ORD-12261,2026-07-24,299112609,3,3.995000000000000e+01,USD,Completed,
ORD-12262,2026-07-24,5417683805,3,1.498000000000000e+01,USD,Shipped,
ORD-12262,2026-07-24,2747441586,2,2.999000000000000e+01,USD,Completed,
ORD-12262,2026-07-24,5295270812,3,3.549900000000000e+02,USD,Completed,10%
ORD-12263,2026-07-24,676413174,1,6.970000000000000e+00,USD,Shipped,
ORD-12263,2026-07-24,5480667546,3,1.040000000000000e+01,USD,Completed,
ORD-12264,2026-07-24,391028302,4,1.078000000000000e+01,USD,Completed,10%
ORD-12264,2026-07-24,382394597,2,1.688000000000000e+01,USD,Completed,
ORD-12264,2026-07-24,152355819,1,5.624000000000000e+01,USD,Completed,
ORD-12265,2026-07-24,555974352,2,3.605000000000000e+01,USD,Completed,
ORD-12265,2026-07-24,141988874,4,5.850000000000000e+00,USD,Completed,
ORD-12265,2026-07-24,602748918,3,1.499000000000000e+01,USD,Completed,
ORD-12266,2026-07-24,10309083,1,8.990000000000000e+00,USD,Completed,
ORD-12267,2026-07-24,885092913,1,3.330000000000000e+01,USD,Completed,10%
ORD-12268,2026-07-24,22374157,2,7.960000000000000e+00,USD,Shipped,
ORD-12268,2026-07-24,5344195287,4,2.199000000000000e+01,USD,Shipped,10%
ORD-12269,2026-07-24,3824041405,2,6.744000000000000e+01,USD,Completed,
ORD-12270,2026-07-24,788450043,4,1.299000000000000e+01,USD,Completed,
ORD-12271,2026-07-24,5702523237,1,1.599000000000000e+01,USD,Completed,10%
ORD-12271,2026-07-24,2126911017,2,1.999000000000000e+01,USD,Completed,10%
ORD-12271,2026-07-24,2007589965,2,1.471990000000000e+03,USD,Shipped,
ORD-12272,2026-07-24,618032539,3,1.299000000000000e+01,USD,Completed,
ORD-12272,2026-07-24,1204774750,4,6.898999999999999e+01,USD,Completed,
ORD-12272,2026-07-24,848798939,1,4.647000000000000e+01,USD,Completed,
ORD-12273,2026-07-24,896599636,2,2.719000000000000e+01,USD,Shipped,
ORD-12273,2026-07-24,126699313,1,1.820000000000000e+00,USD,Completed,
ORD-12274,2026-07-24,259195843,3,2.995000000000000e+01,USD,Shipped,
ORD-12274,2026-07-24,385780287,1,5.198000000000000e+01,USD,Shipped,10%
ORD-12274,2026-07-24,299112609,4,3.995000000000000e+01,USD,Shipped,
ORD-12275,2026-07-24,3876384696,4,6.998999999999999e+01,USD,Completed,
ORD-12275,2026-07-24,696459227,2,1.461000000000000e+01,USD,Completed,
ORD-12275,2026-07-24,848798939,1,4.647000000000000e+01,USD,Completed,
ORD-12276,2026-07-24,1323968162,2,3.554000000000000e+01,USD,Shipped,
ORD-12276,2026-07-24,1184654530,1,1.999000000000000e+01,USD,Completed,
ORD-12277,2026-07-24,730250943,4,1.144000000000000e+01,USD,Completed,
ORD-12278,2026-07-24,788450043,1,1.299000000000000e+01,USD,Completed,
ORD-12278,2026-07-24,1543169305,4,1.299000000000000e+01,USD,Completed,
ORD-12279,2026-07-24,920987081,4,3.795000000000000e+01,USD,Completed,
ORD-12280,2026-07-24,1997340049,3,2.399000000000000e+01,USD,Completed,
ORD-12280,2026-07-24,6013308220,3,3.324000000000000e+01,USD,Completed,
ORD-12281,2026-07-24,46068414,4,1.613000000000000e+01,USD,Completed,10%
ORD-12281,2026-07-24,696459227,2,1.461000000000000e+01,USD,Completed,
ORD-12282,2026-07-24,6126862324,1,3.497000000000000e+01,USD,Completed,
ORD-12283,2026-07-24,362341632,2,9.990000000000000e+00,USD,Shipped,
ORD-12283,2026-07-24,2747441586,3,2.999000000000000e+01,USD,Completed,
ORD-12284,2026-07-24,1017487270,3,2.999000000000000e+01,USD,Shipped,
ORD-12284,2026-07-24,2716531748,4,1.998000000000000e+01,USD,Completed,
ORD-12285,2026-07-24,802163708,1,2.482000000000000e+01,USD,Shipped,
ORD-12285,2026-07-24,689096319,1,9.910000000000000e+00,USD,Shipped,
ORD-12285,2026-07-24,431812530,2,1.998000000000000e+01,USD,Completed,10%
ORD-12286,2026-07-24,529767263,4,4.847000000000000e+01,USD,Completed,
ORD-12287,2026-07-24,348784401,4,2.249000000000000e+01,USD,Completed,10%
ORD-12287,2026-07-24,555974352,2,3.605000000000000e+01,USD,Completed,
ORD-12287,2026-07-24,393061304,4,2.868000000000000e+01,USD,Shipped,
ORD-12288,2026-07-24,17245067,4,123,USD,Completed,
ORD-12289,2026-07-24,1037166405,1,2.390000000000000e+01,USD,Completed,10%
ORD-12290,2026-07-24,354688867,1,3.299000000000000e+01,USD,Completed,10%
ORD-12291,2026-07-24,1323968162,4,3.554000000000000e+01,USD,Completed,
ORD-12291,2026-07-24,2580740549,4,1.062000000000000e+01,USD,Shipped,
ORD-12291,2026-07-24,1097677016,3,2.499000000000000e+01,USD,Completed,
ORD-12292,2026-07-24,1921006587,2,2.159000000000000e+01,USD,Shipped,
ORD-12293,2026-07-24,5182915849,3,1.998000000000000e+01,USD,Completed,
ORD-12294,2026-07-24,10294756,3,2,USD,Completed,
ORD-12294,2026-07-24,1017487270,1,2.999000000000000e+01,USD,Completed,
ORD-12295,2026-07-24,2544735639,4,3.199000000000000e+01,USD,Completed,
ORD-12296,2026-07-24,5379906696,1,1.498000000000000e+01,USD,Completed,
ORD-12297,2026-07-24,618032539,3,1.299000000000000e+01,USD,Completed,
ORD-12297,2026-07-24,1727244137,3,7.598999999999999e+01,USD,Completed,
ORD-12298,2026-07-24,431812530,2,1.998000000000000e+01,USD,Shipped,
ORD-12298,2026-07-24,453089336,1,55,USD,Shipped,
ORD-12298,2026-07-24,321811404,1,2.799000000000000e+01,USD,Completed,
ORD-12299,2026-07-24,179112912,1,4.186000000000000e+01,USD,Completed,10%
ORD-12299,2026-07-24,310097871,1,1.499000000000000e+01,USD,Shipped,10%
ORD-12299,2026-07-24,546469522,3,1.499000000000000e+01,USD,Completed,
ORD-12300,2026-07-24,2637400158,3,2.399000000000000e+01,USD,Completed,
ORD-12300,2026-07-24,5642502722,3,3.239000000000000e+01,USD,Completed,
ORD-12301,2026-07-24,5417683805,3,1.498000000000000e+01,USD,Completed,
ORD-12302,2026-07-24,5242746669,1,8,USD,Completed,
ORD-12302,2026-07-24,1341833689,2,1.499000000000000e+01,USD,Completed,
ORD-12302,2026-07-24,3560683924,3,3.990000000000000e+00,USD,Shipped,
ORD-12303,2026-07-24,382394597,4,1.688000000000000e+01,USD,Completed,
ORD-12303,2026-07-24,1995467623,2,2.399000000000000e+01,USD,Completed,10%
ORD-12304,2026-07-24,5323625259,2,25,USD,Completed,
ORD-12305,2026-07-24,5664556275,2,2.541000000000000e+01,USD,Shipped,10%
ORD-12305,2026-07-24,693758408,4,1.709000000000000e+01,USD,Shipped,
ORD-12305,2026-07-24,230846860,4,3.299000000000000e+01,USD,Completed,
ORD-12306,2026-07-24,529767263,1,4.847000000000000e+01,USD,Completed,
ORD-12306,2026-07-24,54973324,1,2.407000000000000e+01,USD,Completed,
ORD-12307,2026-07-24,54973324,1,2.407000000000000e+01,USD,Shipped,
ORD-12307,2026-07-24,1097677016,3,2.499000000000000e+01,USD,Completed,
ORD-12307,2026-07-24,5062553620,2,9.840000000000000e+00,USD,Shipped,
ORD-12308,2026-07-24,5062553620,4,9.840000000000000e+00,USD,Completed,
ORD-12309,2026-07-24,37684787,1,1.320000000000000e+01,USD,Completed,
ORD-12309,2026-07-24,1727244137,4,7.598999999999999e+01,USD,Completed,
ORD-12309,2026-07-24,1612728569,2,5.760000000000000e+01,USD,Completed,
ORD-12310,2026-07-24,34203165,1,1.673000000000000e+01,USD,Completed,
ORD-12310,2026-07-24,1160636802,3,2.799000000000000e+01,USD,Completed,
ORD-12311,2026-07-24,112580004,4,2.549000000000000e+01,USD,Completed,
ORD-12312,2026-07-24,1009224046,2,2.199000000000000e+01,USD,Completed,10%
ORD-12312,2026-07-24,382394597,4,1.688000000000000e+01,USD,Shipped,
ORD-12312,2026-07-24,1792864118,1,5.790000000000000e+00,USD,Completed,10%
ORD-12313,2026-07-24,5344195287,1,2.199000000000000e+01,USD,Shipped,
ORD-12313,2026-07-24,1226247035,4,1.988000000000000e+01,USD,Completed,10%
ORD-12313,2026-07-24,871530694,2,2.393000000000000e+01,USD,Completed,
ORD-12314,2026-07-24,944207748,4,3.899000000000000e+01,USD,Completed,
ORD-12314,2026-07-24,6045904134,1,2.499000000000000e+01,USD,Completed,
ORD-12314,2026-07-24,3808974443,3,4.980000000000000e+00,USD,Completed,
ORD-12315,2026-07-24,261700925,3,6.930000000000000e+01,USD,Completed,
ORD-12316,2026-07-24,5291664103,2,1.383000000000000e+01,USD,Shipped,10%
ORD-12316,2026-07-24,10309083,2,8.990000000000000e+00,USD,Shipped,
ORD-12317,2026-07-24,393101003,4,1.986000000000000e+01,USD,Completed,
ORD-12318,2026-07-24,602748918,3,1.499000000000000e+01,USD,Completed,10%
ORD-12318,2026-07-24,1507001378,4,9.900000000000000e-01,USD,Shipped,
ORD-12318,2026-07-24,5661609857,3,3.591000000000000e+01,USD,Completed,
ORD-12319,2026-07-24,10801127,4,1.980000000000000e+00,USD,Completed,
ORD-12319,2026-07-24,945882097,2,1.975000000000000e+01,USD,Shipped,
ORD-12320,2026-07-24,242303426,1,8.720000000000001e+00,USD,Completed,
ORD-12320,2026-07-24,602315286,1,2.250000000000000e+01,USD,Shipped,
ORD-12320,2026-07-24,5057611924,1,3.599000000000000e+01,USD,Shipped,10%
ORD-12321,2026-07-24,5658552152,2,1.499000000000000e+01,USD,Shipped,10%
ORD-12321,2026-07-24,887668036,2,4.139000000000000e+01,USD,Completed,
ORD-12322,2026-07-24,790957653,3,1.245000000000000e+01,USD,Completed,
ORD-12322,2026-07-24,393061304,3,2.868000000000000e+01,USD,Completed,10%
ORD-12322,2026-07-24,5502936471,1,1.499000000000000e+01,USD,Completed,
ORD-12323,2026-07-24,5397071399,3,1.299000000000000e+01,USD,Completed,
ORD-12323,2026-07-24,788450043,2,1.299000000000000e+01,USD,Shipped,
ORD-12323,2026-07-24,1336755092,4,1.499000000000000e+01,USD,Shipped,
ORD-12324,2026-07-24,10997171,1,1.012000000000000e+01,USD,Completed,10%
ORD-12324,2026-07-24,430528189,4,4.788000000000000e+01,USD,Completed,
ORD-12325,2026-07-24,832929384,2,2.795000000000000e+01,USD,Completed,10%
ORD-12326,2026-07-24,5164703747,4,6.090000000000000e+00,USD,Shipped,
ORD-12326,2026-07-24,3922793394,1,1.124000000000000e+01,USD,Completed,10%
ORD-12327,2026-07-24,1231760315,2,1.999000000000000e+01,USD,Completed,
ORD-12328,2026-07-24,1921006587,2,2.159000000000000e+01,USD,Completed,
ORD-12328,2026-07-24,3440558193,1,2.198000000000000e+01,USD,Completed,
ORD-12328,2026-07-24,230846860,2,3.299000000000000e+01,USD,Completed,
ORD-12329,2026-07-24,180450545,4,1.464000000000000e+02,USD,Completed,
ORD-12329,2026-07-24,112580004,4,2.549000000000000e+01,USD,Shipped,
ORD-12330,2026-07-24,5684704635,2,1.213000000000000e+01,USD,Completed,
ORD-12330,2026-07-24,6045904134,1,2.499000000000000e+01,USD,Completed,
ORD-12330,2026-07-24,5352569431,4,1.999000000000000e+01,USD,Shipped,10%
ORD-12331,2026-07-24,247655086,1,4.797000000000000e+01,USD,Completed,
ORD-12331,2026-07-24,920987081,2,3.795000000000000e+01,USD,Completed,
ORD-12332,2026-07-24,179112912,1,4.186000000000000e+01,USD,Shipped,
ORD-12332,2026-07-24,3483895520,3,1.297000000000000e+01,USD,Completed,
ORD-12333,2026-07-24,751510659,4,9.940000000000000e+00,USD,Shipped,
ORD-12333,2026-07-24,729322559,4,24,USD,Completed,
ORD-12333,2026-07-24,5440778555,4,1.030000000000000e+01,USD,Completed,
ORD-12334,2026-07-24,2570740977,3,3.399000000000000e+01,USD,Completed,
ORD-12334,2026-07-24,242303426,2,8.720000000000001e+00,USD,Completed,
ORD-12334,2026-07-24,5043424192,3,1.799000000000000e+01,USD,Completed,
ORD-12335,2026-07-24,1435754084,1,1.197000000000000e+01,USD,Shipped,10%
ORD-12336,2026-07-24,2097897368,3,3.597000000000000e+01,USD,Completed,
ORD-12337,2026-07-24,3046604016,3,5.299000000000000e+01,USD,Completed,
ORD-12338,2026-07-24,953950834,1,2.795000000000000e+01,USD,Completed,
ORD-12338,2026-07-24,321811404,1,2.799000000000000e+01,USD,Completed,
ORD-12338,2026-07-24,3855217628,4,1.497000000000000e+01,USD,Completed,
ORD-12339,2026-07-24,2007589965,1,1.471990000000000e+03,USD,Completed,
ORD-12339,2026-07-24,3855217628,4,1.497000000000000e+01,USD,Completed,
ORD-12340,2026-07-24,2544735639,4,3.199000000000000e+01,USD,Shipped,10%
ORD-12340,2026-07-24,393101003,4,1.986000000000000e+01,USD,Completed,10%
ORD-12340,2026-07-24,5295270812,2,3.549900000000000e+02,USD,Completed,
ORD-12341,2026-07-24,5443068156,4,1.499000000000000e+01,USD,Completed,10%
ORD-12341,2026-07-24,5663974279,2,1.994000000000000e+01,USD,Completed,
ORD-12342,2026-07-24,871349337,6,2.738000000000000e+01,USD,Shipped,
ORD-12342,2026-07-24,5182915849,4,1.998000000000000e+01,USD,Completed,
ORD-12342,2026-07-24,2580740549,2,1.062000000000000e+01,USD,Completed,
ORD-12343,2026-07-24,2097897368,1,3.597000000000000e+01,USD,Completed,
ORD-12343,2026-07-24,588404711,4,8.909999999999999e+01,USD,Completed,
ORD-12343,2026-07-24,832929384,3,2.795000000000000e+01,USD,Completed,
ORD-12344,2026-07-24,2637400158,4,2.399000000000000e+01,USD,Shipped,
ORD-12344,2026-07-24,3053955490,1,1.619000000000000e+01,USD,Completed,
ORD-12345,2026-07-24,2637400158,4,2.399000000000000e+01,USD,Shipped,
ORD-12345,2026-07-24,310097871,4,1.499000000000000e+01,USD,Completed,
ORD-12346,2026-07-24,1543169305,2,1.299000000000000e+01,USD,Completed,
ORD-12346,2026-07-24,1331751223,2,1.388000000000000e+01,USD,Completed,
ORD-12346,2026-07-24,667101829,1,9.995000000000000e+01,USD,Completed,10%
ORD-12347,2026-07-24,331094227,2,3.999000000000000e+01,USD,Shipped,
ORD-12347,2026-07-24,1160636802,4,2.799000000000000e+01,USD,Completed,
ORD-12348,2026-07-24,1792864118,3,5.790000000000000e+00,USD,Completed,
ORD-12348,2026-07-24,790957653,2,1.245000000000000e+01,USD,Completed,10%
ORD-12348,2026-07-24,33685485,3,1.119000000000000e+01,USD,Completed,
ORD-12349,2026-07-24,5219876777,2,6.130000000000000e+00,USD,Completed,
ORD-12350,2026-07-24,904020893,2,4.649000000000000e+01,USD,Completed,
ORD-12351,2026-07-24,5397071399,4,1.299000000000000e+01,USD,Completed,
ORD-12352,2026-07-24,5323625259,4,25,USD,Completed,10%
ORD-12353,2026-07-24,1231760315,1,1.999000000000000e+01,USD,Completed,10%
ORD-12354,2026-07-24,126699313,2,1.820000000000000e+00,USD,Completed,
ORD-12354,2026-07-24,2968552747,2,9.630000000000001e+00,USD,Shipped,
ORD-12354,2026-07-24,944207748,1,3.899000000000000e+01,USD,Completed,
ORD-12355,2026-07-24,529767263,1,4.847000000000000e+01,USD,Completed,
ORD-12355,2026-07-24,2844883584,1,2.494000000000000e+01,USD,Completed,
ORD-12356,2026-07-24,1995467623,1,2.399000000000000e+01,USD,Shipped,
ORD-12356,2026-07-24,3402143185,3,3.280000000000000e+00,USD,Completed,
ORD-12357,2026-07-24,5057611924,2,3.599000000000000e+01,USD,Completed,
ORD-12357,2026-07-24,381632255,4,7.298999999999999e+01,USD,Shipped,
ORD-12358,2026-07-24,1728596655,1,1.398000000000000e+01,USD,Completed,10%
ORD-12358,2026-07-24,1774083175,2,2.999000000000000e+01,USD,Completed,10%
ORD-12358,2026-07-24,408608184,3,8.970000000000001e+00,USD,Completed,
ORD-12359,2026-07-24,5262717138,4,2.597000000000000e+01,USD,Completed,
ORD-12359,2026-07-24,1774925941,1,6.998999999999999e+01,USD,Completed,
ORD-12359,2026-07-24,126699313,4,1.820000000000000e+00,USD,Completed,
ORD-12360,2026-07-24,393101003,1,1.986000000000000e+01,USD,Completed,
ORD-12360,2026-07-24,2200709686,3,1.408000000000000e+02,USD,Shipped,
ORD-12360,2026-07-24,1267967836,4,8.698999999999999e+01,USD,Completed,
ORD-12361,2026-07-24,512809025,1,28,USD,Completed,
ORD-12361,2026-07-24,5190064929,1,3.196000000000000e+01,USD,Completed,
ORD-12361,2026-07-24,829098148,1,5.199000000000000e+01,USD,Shipped,
ORD-12362,2026-07-24,744949530,3,1.799000000000000e+01,USD,Completed,10%
ORD-12362,2026-07-24,569572519,1,2.175000000000000e+01,USD,Completed,10%
ORD-12362,2026-07-24,377862424,4,9.990000000000000e+00,USD,Completed,
ORD-12363,2026-07-24,321811404,3,2.799000000000000e+01,USD,Completed,
ORD-12363,2026-07-24,864008591,4,1.495000000000000e+01,USD,Shipped,
ORD-12364,2026-07-24,10294756,2,2,USD,Completed,10%
ORD-12365,2026-07-24,299112609,1,3.995000000000000e+01,USD,Completed,
ORD-12365,2026-07-24,790957653,1,1.245000000000000e+01,USD,Completed,
ORD-12366,2026-07-24,5439347407,2,5.699900000000000e+02,USD,Completed,
ORD-12366,2026-07-24,2363655537,4,4.950000000000000e+01,USD,Completed,10%
ORD-12366,2026-07-24,180450545,2,1.464000000000000e+02,USD,Completed,
ORD-12367,2026-07-24,5292671987,2,1.762900000000000e+02,USD,Completed,
ORD-12368,2026-07-24,5618790028,3,1.499000000000000e+01,USD,Completed,
ORD-12368,2026-07-24,27230944,4,3.343000000000000e+01,USD,Completed,
ORD-12368,2026-07-24,10308385,3,4.430000000000000e+00,USD,Completed,
ORD-12369,2026-07-24,54973324,2,2.407000000000000e+01,USD,Shipped,
ORD-12370,2026-07-24,5353145797,2,1.079000000000000e+01,USD,Completed,
ORD-12370,2026-07-24,3560683924,3,3.990000000000000e+00,USD,Shipped,
ORD-12371,2026-07-24,5480667546,2,1.040000000000000e+01,USD,Completed,
ORD-12371,2026-07-24,2580740549,4,1.062000000000000e+01,USD,Completed,10%
ORD-12372,2026-07-24,5439347407,2,5.699900000000000e+02,USD,Shipped,
ORD-12372,2026-07-24,5295270812,3,3.549900000000000e+02,USD,Completed,
ORD-12373,2026-07-24,5209344136,4,2.999000000000000e+01,USD,Shipped,10%
ORD-12373,2026-07-24,469036214,1,2.049900000000000e+02,USD,Completed,10%
ORD-12374,2026-07-24,5702032013,3,4.488000000000000e+01,USD,Completed,10%
ORD-12374,2026-07-24,1017487270,3,2.999000000000000e+01,USD,Completed,
ORD-12375,2026-07-24,5219876777,4,6.130000000000000e+00,USD,Completed,
ORD-12376,2026-07-24,2113674813,1,1.168000000000000e+02,USD,Completed,
ORD-12376,2026-07-24,381553241,1,1.399000000000000e+01,USD,Completed,
ORD-12377,2026-07-24,2580740549,2,1.062000000000000e+01,USD,Completed,
ORD-12377,2026-07-24,331094227,2,3.999000000000000e+01,USD,Completed,
ORD-12377,2026-07-24,46068414,2,1.613000000000000e+01,USD,Completed,
ORD-12378,2026-07-24,331094227,3,3.999000000000000e+01,USD,Shipped,
ORD-12378,2026-07-24,1974609871,4,1.495000000000000e+01,USD,Shipped,
ORD-12379,2026-07-24,3922793394,4,1.124000000000000e+01,USD,Completed,
ORD-12379,2026-07-24,3423574153,2,1.166600000000000e+02,USD,Shipped,
ORD-12379,2026-07-24,27230944,3,3.343000000000000e+01,USD,Completed,
ORD-12380,2026-07-24,370694829,3,2.495000000000000e+01,USD,Completed,
ORD-12380,2026-07-24,230846860,4,3.299000000000000e+01,USD,Completed,
ORD-12380,2026-07-24,1507001378,3,9.900000000000000e-01,USD,Completed,
ORD-12381,2026-07-24,5316176929,3,9.980000000000000e+00,USD,Completed,
ORD-12382,2026-07-24,3212008907,3,3,USD,Completed,
ORD-12382,2026-07-24,5664556275,4,2.541000000000000e+01,USD,Completed,
ORD-12383,2026-07-24,373855792,3,2.296000000000000e+01,USD,Completed,
ORD-12384,2026-07-24,693758408,3,1.709000000000000e+01,USD,Shipped,
ORD-12384,2026-07-24,1727244137,4,7.598999999999999e+01,USD,Shipped,
ORD-12384,2026-07-24,3922793394,4,1.124000000000000e+01,USD,Completed,
ORD-12385,2026-07-24,546469522,1,1.499000000000000e+01,USD,Completed,
ORD-12385,2026-07-24,531529503,3,2.339000000000000e+01,USD,Completed,
ORD-12385,2026-07-24,1267967836,2,8.698999999999999e+01,USD,Completed,
ORD-12386,2026-07-24,896931395,4,1.529000000000000e+01,USD,Completed,
ORD-12386,2026-07-24,5273430664,4,16,USD,Shipped,10%
ORD-12387,2026-07-24,953950834,4,2.795000000000000e+01,USD,Completed,
ORD-12387,2026-07-24,247655086,4,4.797000000000000e+01,USD,Completed,
ORD-12387,2026-07-24,5292671987,2,1.762900000000000e+02,USD,Shipped,
ORD-12388,2026-07-24,1727244137,3,7.598999999999999e+01,USD,Completed,
ORD-12389,2026-07-24,1204774750,1,6.898999999999999e+01,USD,Completed,
ORD-12389,2026-07-24,37684787,2,1.320000000000000e+01,USD,Completed,
ORD-12390,2026-07-24,5260887729,1,1.999000000000000e+01,USD,Completed,
ORD-12391,2026-07-24,602315286,4,2.250000000000000e+01,USD,Completed,10%
ORD-12392,2026-07-24,689096319,4,9.910000000000000e+00,USD,Completed,10%
ORD-12393,2026-07-24,786691113,4,1.053000000000000e+01,USD,Completed,
ORD-12393,2026-07-24,729322559,3,24,USD,Completed,
ORD-12394,2026-07-24,2002762091,1,2.999000000000000e+01,USD,Completed,
ORD-12395,2026-07-24,667101829,4,9.995000000000000e+01,USD,Completed,
ORD-12396,2026-07-24,1649464157,3,1.799000000000000e+01,USD,Completed,
ORD-12396,2026-07-24,5184785010,3,2.299000000000000e+01,USD,Completed,
ORD-12396,2026-07-24,2834781358,1,2.399900000000000e+02,USD,Completed,
ORD-12397,2026-07-24,1226247035,1,1.988000000000000e+01,USD,Completed,
ORD-12398,2026-07-24,669112285,1,9.890000000000001e+00,USD,Completed,
ORD-12399,2026-07-24,1009224046,3,2.199000000000000e+01,USD,Shipped,
ORD-12400,2026-07-24,1995467623,1,2.399000000000000e+01,USD,Shipped,
ORD-12401,2026-07-24,1560005587,1,4.658000000000000e+01,USD,Shipped,
ORD-12402,2026-07-24,430528189,4,4.788000000000000e+01,USD,Completed,
ORD-12402,2026-07-24,5264765893,4,2.999000000000000e+01,USD,Completed,
ORD-12402,2026-07-24,2166765925,4,1.975000000000000e+01,USD,Completed,
ORD-12403,2026-07-24,189455189,2,7.298999999999999e+01,USD,Shipped,
ORD-12403,2026-07-24,1323968162,2,3.554000000000000e+01,USD,Completed,10%
ORD-12404,2026-07-24,829098148,1,5.199000000000000e+01,USD,Shipped,
ORD-12405,2026-07-24,1560005587,3,4.658000000000000e+01,USD,Completed,10%
ORD-12405,2026-07-24,412531616,3,2.999000000000000e+01,USD,Completed,
ORD-12406,2026-07-24,3922793394,3,1.124000000000000e+01,USD,Completed,
ORD-12407,2026-07-24,5264765893,1,2.999000000000000e+01,USD,Completed,
ORD-12408,2026-07-24,25997723,3,6.490000000000001e+01,USD,Completed,
ORD-12409,2026-07-24,215916201,1,1.396000000000000e+01,USD,Completed,
ORD-12409,2026-07-24,182579201,2,1.709000000000000e+01,USD,Completed,
ORD-12410,2026-07-24,1097677016,2,2.499000000000000e+01,USD,Completed,
ORD-12410,2026-07-24,5262717138,1,2.597000000000000e+01,USD,Completed,
ORD-12410,2026-07-24,3808974443,1,4.980000000000000e+00,USD,Shipped,
ORD-12411,2026-07-24,1037166405,2,2.390000000000000e+01,USD,Completed,
ORD-12411,2026-07-24,2844883584,3,2.494000000000000e+01,USD,Completed,
ORD-12412,2026-07-24,3212008907,1,3,USD,Completed,
ORD-12412,2026-07-24,6013308220,4,3.324000000000000e+01,USD,Completed,
ORD-12413,2026-07-24,6126862324,4,3.497000000000000e+01,USD,Completed,10%
ORD-12413,2026-07-24,10997171,4,1.012000000000000e+01,USD,Completed,
ORD-12413,2026-07-24,1615288442,1,1.499000000000000e+01,USD,Completed,10%
ORD-12414,2026-07-24,952556801,2,2.899000000000000e+01,USD,Completed,10%
ORD-12414,2026-07-24,588404711,3,8.909999999999999e+01,USD,Shipped,10%
ORD-12414,2026-07-24,348784401,4,2.249000000000000e+01,USD,Shipped,
ORD-12415,2026-07-24,1507001378,2,9.900000000000000e-01,USD,Completed,
ORD-12415,2026-07-24,2097897368,3,3.597000000000000e+01,USD,Shipped,
ORD-12416,2026-07-24,2968552747,3,9.630000000000001e+00,USD,Shipped,
ORD-12416,2026-07-24,5219876777,3,6.130000000000000e+00,USD,Completed,10%
ORD-12416,2026-07-24,2834781358,2,2.399900000000000e+02,USD,Shipped,
ORD-12417,2026-07-24,373855792,2,2.296000000000000e+01,USD,Completed,
ORD-12417,2026-07-24,693758408,4,1.709000000000000e+01,USD,Completed,
ORD-12418,2026-07-24,242303426,2,8.720000000000001e+00,USD,Completed,10%
ORD-12418,2026-07-24,2785607950,1,9.269000000000000e+01,USD,Completed,
ORD-12418,2026-07-24,102593173,2,1.980000000000000e+01,USD,Completed,
ORD-12419,2026-07-24,606223683,4,2.862000000000000e+01,USD,Completed,
ORD-12420,2026-07-24,945882097,1,1.975000000000000e+01,USD,Completed,
ORD-12421,2026-07-24,17245067,1,123,USD,Completed,
ORD-12421,2026-07-24,146144209,3,2.641000000000000e+01,USD,Completed,
ORD-12422,2026-07-24,265927683,1,1.799000000000000e+01,USD,Shipped,
ORD-12422,2026-07-24,5352569431,4,1.999000000000000e+01,USD,Completed,
ORD-12422,2026-07-24,751510659,3,9.940000000000000e+00,USD,Completed,
ORD-12423,2026-07-24,908232424,3,3.698000000000000e+01,USD,Completed,
ORD-12423,2026-07-24,3402143185,2,3.280000000000000e+00,USD,Shipped,
ORD-12424,2026-07-24,887668036,1,4.139000000000000e+01,USD,Completed,
ORD-12424,2026-07-24,1063134991,3,1.599000000000000e+01,USD,Completed,10%
ORD-12424,2026-07-24,751510659,2,9.940000000000000e+00,USD,Completed,
ORD-12425,2026-07-24,1226247035,2,1.988000000000000e+01,USD,Completed,
ORD-12426,2026-07-24,2002762091,4,2.999000000000000e+01,USD,Completed,
ORD-12427,2026-07-24,2716531748,3,1.998000000000000e+01,USD,Completed,10%
ORD-12427,2026-07-24,864008591,1,1.495000000000000e+01,USD,Completed,
ORD-12428,2026-07-24,871530694,3,2.393000000000000e+01,USD,Completed,
ORD-12428,2026-07-24,5417683805,1,1.498000000000000e+01,USD,Completed,
ORD-12429,2026-07-24,696459227,4,1.461000000000000e+01,USD,Completed,10%
ORD-12429,2026-07-24,512420879,2,9.990000000000000e+00,USD,Completed,
ORD-12430,2026-07-24,377862424,3,9.990000000000000e+00,USD,Completed,10%
ORD-12430,2026-07-24,2580740549,2,1.062000000000000e+01,USD,Completed,10%
ORD-12430,2026-07-24,5053396247,2,1.499000000000000e+01,USD,Completed,10%
ORD-12431,2026-07-24,34203165,1,1.673000000000000e+01,USD,Completed,10%
ORD-12431,2026-07-24,1774925941,3,6.998999999999999e+01,USD,Completed,
ORD-12432,2026-07-24,3423574153,3,1.166600000000000e+02,USD,Completed,
ORD-12432,2026-07-24,5352569431,3,1.999000000000000e+01,USD,Completed,
ORD-12433,2026-07-24,2747441586,1,2.999000000000000e+01,USD,Completed,
ORD-12433,2026-07-24,377862424,3,9.990000000000000e+00,USD,Completed,
ORD-12434,2026-07-24,2138573500,4,1.599000000000000e+01,USD,Completed,
ORD-12434,2026-07-24,5809585615,3,1.595000000000000e+01,USD,Shipped,
ORD-12435,2026-07-24,1267967836,4,8.698999999999999e+01,USD,Completed,10%
ORD-12435,2026-07-24,668480724,3,2.499000000000000e+01,USD,Completed,10%
ORD-12436,2026-07-24,5366405121,3,1.299000000000000e+01,USD,Completed,
ORD-12436,2026-07-24,2503512087,3,1.080000000000000e+01,USD,Shipped,
ORD-12437,2026-07-24,864008591,2,1.495000000000000e+01,USD,Shipped,
ORD-12437,2026-07-24,1017487270,4,2.999000000000000e+01,USD,Completed,
ORD-12438,2026-07-24,5164703747,2,6.090000000000000e+00,USD,Shipped,10%
ORD-12439,2026-07-24,832929384,4,2.795000000000000e+01,USD,Completed,
ORD-12439,2026-07-24,141757585,2,1.499000000000000e+01,USD,Completed,
ORD-12440,2026-07-24,6013308220,3,3.324000000000000e+01,USD,Completed,
ORD-12441,2026-07-24,110779998,1,2.999000000000000e+01,USD,Completed,
ORD-12442,2026-07-24,382394597,4,1.688000000000000e+01,USD,Shipped,
ORD-12443,2026-07-24,952556801,4,2.899000000000000e+01,USD,Shipped,
ORD-12443,2026-07-24,6494751477,3,1.499000000000000e+01,USD,Shipped,
ORD-12443,2026-07-24,5219131585,1,1.399000000000000e+01,USD,Shipped,
ORD-12444,2026-07-24,1184654530,3,1.999000000000000e+01,USD,Completed,
ORD-12445,2026-07-24,1774083175,1,2.999000000000000e+01,USD,Completed,
ORD-12446,2026-07-24,5702523237,1,1.599000000000000e+01,USD,Completed,
ORD-12446,2026-07-24,242303426,4,8.720000000000001e+00,USD,Completed,
ORD-12446,2026-07-24,618032539,1,1.299000000000000e+01,USD,Completed,
ORD-12447,2026-07-24,891036133,1,2.209000000000000e+01,USD,Completed,
ORD-12447,2026-07-24,744949530,2,1.799000000000000e+01,USD,Completed,
ORD-12447,2026-07-24,5144555813,4,4.499000000000000e+01,USD,Completed,
ORD-12448,2026-07-24,5662896790,1,2.594000000000000e+01,USD,Shipped,
ORD-12449,2026-07-24,408608184,4,8.970000000000001e+00,USD,Completed,10%
ORD-12449,2026-07-24,3423574153,1,1.166600000000000e+02,USD,Shipped,
ORD-12449,2026-07-24,5108346618,2,2.699900000000000e+02,USD,Completed,
ORD-12450,2026-07-24,2232013390,1,6.980000000000000e+00,USD,Completed,
ORD-12450,2026-07-24,3876384696,4,6.998999999999999e+01,USD,Completed,
ORD-12450,2026-07-24,422458903,1,1.998000000000000e+01,USD,Shipped,
ORD-12451,2026-07-24,896931395,3,1.529000000000000e+01,USD,Shipped,
ORD-12451,2026-07-24,1856819911,3,6.290000000000000e+00,USD,Shipped,10%
ORD-12452,2026-07-24,5066959782,4,1.280000000000000e+01,USD,Completed,
ORD-12452,2026-07-24,5480667546,1,1.040000000000000e+01,USD,Completed,
ORD-12453,2026-07-24,10294885,1,2.720000000000000e+00,USD,Completed,10%
ORD-12453,2026-07-24,408608184,3,8.970000000000001e+00,USD,Completed,
ORD-12454,2026-07-24,3440558193,3,2.198000000000000e+01,USD,Completed,
ORD-12454,2026-07-24,569572519,3,2.175000000000000e+01,USD,Completed,
ORD-12454,2026-07-24,22374157,2,7.960000000000000e+00,USD,Completed,
ORD-12455,2026-07-24,1764748346,1,1.598000000000000e+01,USD,Completed,
ORD-12455,2026-07-24,5260887729,1,1.999000000000000e+01,USD,Shipped,
ORD-12455,2026-07-24,2126911017,3,1.999000000000000e+01,USD,Completed,
ORD-12456,2026-07-24,790957653,2,1.245000000000000e+01,USD,Completed,
ORD-12456,2026-07-24,6045904134,3,2.499000000000000e+01,USD,Completed,
ORD-12456,2026-07-24,215916201,2,1.396000000000000e+01,USD,Shipped,
ORD-12457,2026-07-25,3813188391,2,1.999000000000000e+01,USD,Completed,
ORD-12457,2026-07-25,373855792,3,2.296000000000000e+01,USD,Completed,
ORD-12457,2026-07-25,6013308220,1,3.324000000000000e+01,USD,Completed,
ORD-12458,2026-07-25,5702523237,2,1.599000000000000e+01,USD,Shipped,
ORD-12459,2026-07-25,1766457787,4,5.790000000000000e+00,USD,Shipped,
ORD-12459,2026-07-25,595025504,2,3.495000000000000e+01,USD,Shipped,
ORD-12460,2026-07-25,1612728569,4,5.760000000000000e+01,USD,Completed,10%
ORD-12461,2026-07-25,5329337627,4,24,USD,Completed,10%
ORD-12461,2026-07-25,3560683924,4,3.990000000000000e+00,USD,Completed,
ORD-12462,2026-07-25,5164703747,3,6.090000000000000e+00,USD,Completed,
ORD-12462,2026-07-25,259195843,3,2.995000000000000e+01,USD,Completed,
ORD-12462,2026-07-25,788450043,2,1.299000000000000e+01,USD,Completed,
ORD-12463,2026-07-25,1570467303,2,2.799000000000000e+01,USD,Completed,10%
ORD-12464,2026-07-25,5209344136,2,2.999000000000000e+01,USD,Completed,
ORD-12464,2026-07-25,215916201,2,1.396000000000000e+01,USD,Completed,
ORD-12465,2026-07-25,173530386,3,2.290000000000000e+01,USD,Completed,
ORD-12465,2026-07-25,832929384,1,2.795000000000000e+01,USD,Completed,
ORD-12465,2026-07-25,5264765893,2,2.999000000000000e+01,USD,Completed,
ORD-12466,2026-07-25,3813188391,3,1.999000000000000e+01,USD,Completed,
ORD-12466,2026-07-25,5540168677,1,2.999000000000000e+01,USD,Completed,
ORD-12467,2026-07-25,781490570,4,1.499000000000000e+01,USD,Completed,
ORD-12467,2026-07-25,5219876777,3,6.130000000000000e+00,USD,Completed,
ORD-12467,2026-07-25,48812370,2,9.789999999999999e+00,USD,Completed,
ORD-12468,2026-07-25,1649464157,2,1.799000000000000e+01,USD,Shipped,10%
ORD-12468,2026-07-25,904020893,2,4.649000000000000e+01,USD,Shipped,
ORD-12468,2026-07-25,265927683,4,1.799000000000000e+01,USD,Completed,10%
ORD-12469,2026-07-25,790957653,1,1.245000000000000e+01,USD,Completed,
ORD-12470,2026-07-25,141757585,1,1.499000000000000e+01,USD,Shipped,
ORD-12471,2026-07-25,5292671987,4,1.762900000000000e+02,USD,Completed,
ORD-12471,2026-07-25,331094227,4,3.999000000000000e+01,USD,Completed,
ORD-12471,2026-07-25,1997340049,1,2.399000000000000e+01,USD,Completed,
ORD-12472,2026-07-25,5439347407,2,5.699900000000000e+02,USD,Completed,
ORD-12473,2026-07-25,146144209,1,2.641000000000000e+01,USD,Completed,
ORD-12473,2026-07-25,829098148,1,5.199000000000000e+01,USD,Completed,
ORD-12474,2026-07-25,5768017984,1,6.660000000000000e+00,USD,Completed,
ORD-12474,2026-07-25,5209344136,4,2.999000000000000e+01,USD,Shipped,
ORD-12474,2026-07-25,393101003,2,1.986000000000000e+01,USD,Completed,
ORD-12475,2026-07-25,1009224046,2,2.199000000000000e+01,USD,Completed,
ORD-12476,2026-07-25,5043424192,2,1.799000000000000e+01,USD,Completed,10%
ORD-12476,2026-07-25,1341833689,1,1.499000000000000e+01,USD,Completed,
ORD-12476,2026-07-25,2749504314,2,1.999000000000000e+01,USD,Completed,
ORD-12477,2026-07-25,469036214,4,2.049900000000000e+02,USD,Completed,
ORD-12477,2026-07-25,264801526,1,2.249000000000000e+01,USD,Completed,
ORD-12477,2026-07-25,790957653,1,1.245000000000000e+01,USD,Completed,
ORD-12478,2026-07-25,382394597,1,1.688000000000000e+01,USD,Completed,10%
ORD-12479,2026-07-25,5295270812,4,3.549900000000000e+02,USD,Completed,10%
ORD-12479,2026-07-25,5057611924,2,3.599000000000000e+01,USD,Completed,
ORD-12480,2026-07-25,1331751223,4,1.388000000000000e+01,USD,Completed,
ORD-12481,2026-07-25,953950834,2,2.795000000000000e+01,USD,Completed,
ORD-12481,2026-07-25,5663974279,3,1.994000000000000e+01,USD,Completed,10%
ORD-12481,2026-07-25,1226940529,3,3.210000000000000e+00,USD,Completed,
ORD-12482,2026-07-25,5417683805,1,1.498000000000000e+01,USD,Completed,
ORD-12482,2026-07-25,5642502722,4,3.239000000000000e+01,USD,Completed,
ORD-12482,2026-07-25,5768017984,4,6.660000000000000e+00,USD,Completed,
ORD-12483,2026-07-25,5664556275,2,2.541000000000000e+01,USD,Completed,
ORD-12483,2026-07-25,1774083175,3,2.999000000000000e+01,USD,Completed,
ORD-12483,2026-07-25,141757585,2,1.499000000000000e+01,USD,Completed,10%
ORD-12484,2026-07-25,485354607,4,4.299000000000000e+01,USD,Completed,
ORD-12485,2026-07-25,5057611924,1,3.599000000000000e+01,USD,Completed,
ORD-12486,2026-07-25,907847604,2,2.210000000000000e+01,USD,Completed,
ORD-12487,2026-07-25,264801526,3,2.249000000000000e+01,USD,Shipped,10%
ORD-12487,2026-07-25,1507001378,4,9.900000000000000e-01,USD,Completed,
ORD-12487,2026-07-25,864008591,4,1.495000000000000e+01,USD,Completed,
ORD-12488,2026-07-25,744949530,4,1.799000000000000e+01,USD,Completed,10%
ORD-12488,2026-07-25,1037166405,4,2.390000000000000e+01,USD,Completed,10%
ORD-12488,2026-07-25,904020893,3,4.649000000000000e+01,USD,Completed,10%
ORD-12489,2026-07-25,27230944,1,3.343000000000000e+01,USD,Completed,
ORD-12490,2026-07-25,5344195287,2,2.199000000000000e+01,USD,Completed,
ORD-12491,2026-07-25,230846860,2,3.299000000000000e+01,USD,Completed,
ORD-12492,2026-07-25,6838112687,2,2.920000000000000e+01,USD,Completed,
ORD-12492,2026-07-25,952556801,1,2.899000000000000e+01,USD,Completed,
ORD-12492,2026-07-25,2503512087,2,1.080000000000000e+01,USD,Completed,
ORD-12493,2026-07-25,689096319,3,9.910000000000000e+00,USD,Completed,
ORD-12493,2026-07-25,1336755092,2,1.499000000000000e+01,USD,Completed,10%
ORD-12493,2026-07-25,1208578847,2,3.597000000000000e+01,USD,Completed,
ORD-12494,2026-07-25,790957653,4,1.245000000000000e+01,USD,Completed,
ORD-12494,2026-07-25,5219876777,1,6.130000000000000e+00,USD,Completed,
ORD-12494,2026-07-25,5273430664,1,16,USD,Completed,
ORD-12495,2026-07-25,5366405121,3,1.299000000000000e+01,USD,Shipped,
ORD-12496,2026-07-25,2113674813,4,1.168000000000000e+02,USD,Completed,
ORD-12497,2026-07-25,5118743904,2,2.899000000000000e+01,USD,Completed,
ORD-12497,2026-07-25,903463722,1,2.309000000000000e+01,USD,Shipped,
ORD-12498,2026-07-25,5684704635,3,1.213000000000000e+01,USD,Shipped,
ORD-12498,2026-07-25,618032539,1,1.299000000000000e+01,USD,Completed,
ORD-12498,2026-07-25,141757585,1,1.499000000000000e+01,USD,Completed,
ORD-12499,2026-07-25,5702032013,4,4.488000000000000e+01,USD,Completed,10%
ORD-12499,2026-07-25,904020893,1,4.649000000000000e+01,USD,Completed,
ORD-12500,2026-07-25,5618790028,3,1.499000000000000e+01,USD,Completed,
ORD-12501,2026-07-25,264801526,4,2.249000000000000e+01,USD,Completed,
ORD-12501,2026-07-25,389782477,3,1.240000000000000e+00,USD,Completed,
ORD-12501,2026-07-25,1097677016,4,2.499000000000000e+01,USD,Completed,
ORD-12502,2026-07-25,2113674813,4,1.168000000000000e+02,USD,Completed,
ORD-12502,2026-07-25,730250943,1,1.144000000000000e+01,USD,Completed,
ORD-12503,2026-07-25,5264765893,1,2.999000000000000e+01,USD,Completed,
ORD-12503,2026-07-25,152355819,1,5.624000000000000e+01,USD,Completed,
ORD-12504,2026-07-25,453089336,3,55,USD,Completed,
ORD-12505,2026-07-25,299112609,4,3.995000000000000e+01,USD,Completed,
ORD-12505,2026-07-25,753681550,1,1.560000000000000e+01,USD,Completed,
ORD-12505,2026-07-25,5642502722,4,3.239000000000000e+01,USD,Shipped,
ORD-12506,2026-07-25,287819116,4,2.629000000000000e+01,USD,Completed,
ORD-12507,2026-07-25,1856819911,2,6.290000000000000e+00,USD,Completed,
ORD-12508,2026-07-25,3813188391,2,1.999000000000000e+01,USD,Completed,
ORD-12508,2026-07-25,5353145797,4,1.079000000000000e+01,USD,Completed,
ORD-12508,2026-07-25,431812530,4,1.998000000000000e+01,USD,Completed,
ORD-12509,2026-07-25,5242746669,4,8,USD,Shipped,10%
ORD-12509,2026-07-25,5768017984,4,6.660000000000000e+00,USD,Shipped,
ORD-12509,2026-07-25,5150469476,3,6.399000000000000e+01,USD,Completed,
ORD-12510,2026-07-25,3046604016,4,5.299000000000000e+01,USD,Completed,
ORD-12510,2026-07-25,5062553620,3,9.840000000000000e+00,USD,Shipped,
ORD-12511,2026-07-25,5184785010,1,2.299000000000000e+01,USD,Completed,
ORD-12511,2026-07-25,2126911017,3,1.999000000000000e+01,USD,Completed,
ORD-12512,2026-07-25,1727244137,2,7.598999999999999e+01,USD,Completed,10%
ORD-12512,2026-07-25,321811404,3,2.799000000000000e+01,USD,Completed,
ORD-12512,2026-07-25,2749504314,2,1.999000000000000e+01,USD,Shipped,
ORD-12513,2026-07-25,5506488018,3,1.998000000000000e+01,USD,Shipped,
ORD-12514,2026-07-25,373855792,3,2.296000000000000e+01,USD,Completed,
ORD-12514,2026-07-25,2637400158,1,2.399000000000000e+01,USD,Completed,
ORD-12514,2026-07-25,3212008907,4,3,USD,Completed,
ORD-12515,2026-07-25,261700925,3,6.930000000000000e+01,USD,Completed,
ORD-12515,2026-07-25,839659160,3,4.999000000000000e+01,USD,Shipped,
ORD-12515,2026-07-25,5184785010,1,2.299000000000000e+01,USD,Completed,
ORD-12516,2026-07-25,126699313,1,1.820000000000000e+00,USD,Completed,
ORD-12516,2026-07-25,1341833689,2,1.499000000000000e+01,USD,Shipped,
ORD-12517,2026-07-25,693758408,1,1.709000000000000e+01,USD,Completed,
ORD-12517,2026-07-25,381632255,2,7.298999999999999e+01,USD,Completed,
ORD-12517,2026-07-25,46068414,2,1.613000000000000e+01,USD,Completed,
ORD-12518,2026-07-25,1063134991,2,1.599000000000000e+01,USD,Completed,
ORD-12518,2026-07-25,744949530,1,1.799000000000000e+01,USD,Completed,
ORD-12518,2026-07-25,265927683,2,1.799000000000000e+01,USD,Completed,
ORD-12519,2026-07-25,5262717138,4,2.597000000000000e+01,USD,Shipped,
ORD-12519,2026-07-25,431812530,2,1.998000000000000e+01,USD,Completed,
ORD-12520,2026-07-25,5043424192,1,1.799000000000000e+01,USD,Shipped,
ORD-12520,2026-07-25,369367315,1,2.999000000000000e+01,USD,Completed,10%
ORD-12520,2026-07-25,3440558193,2,2.198000000000000e+01,USD,Shipped,
ORD-12521,2026-07-25,531529503,3,2.339000000000000e+01,USD,Completed,
ORD-12521,2026-07-25,1037166405,4,2.390000000000000e+01,USD,Completed,10%
ORD-12522,2026-07-25,952556801,1,2.899000000000000e+01,USD,Completed,
ORD-12522,2026-07-25,293084792,3,44,USD,Completed,10%
ORD-12522,2026-07-25,393061304,4,2.868000000000000e+01,USD,Completed,
ORD-12523,2026-07-25,17245067,4,123,USD,Completed,
ORD-12524,2026-07-25,5062553620,3,9.840000000000000e+00,USD,Completed,
ORD-12524,2026-07-25,1624985447,4,3.970000000000000e+00,USD,Completed,
ORD-12524,2026-07-25,1336755092,4,1.499000000000000e+01,USD,Shipped,10%
ORD-12525,2026-07-25,2968552747,1,9.630000000000001e+00,USD,Completed,
ORD-12526,2026-07-25,5045669548,2,2.999000000000000e+01,USD,Completed,
ORD-12526,2026-07-25,1649464157,1,1.799000000000000e+01,USD,Completed,
ORD-12527,2026-07-25,1160636802,1,2.799000000000000e+01,USD,Completed,
ORD-12527,2026-07-25,2716531748,3,1.998000000000000e+01,USD,Shipped,
ORD-12528,2026-07-25,555974352,2,3.605000000000000e+01,USD,Shipped,
ORD-12528,2026-07-25,5164703747,4,6.090000000000000e+00,USD,Completed,10%
ORD-12529,2026-07-25,5344195287,2,2.199000000000000e+01,USD,Completed,
ORD-12529,2026-07-25,5323625259,1,25,USD,Shipped,
ORD-12529,2026-07-25,381632255,1,7.298999999999999e+01,USD,Completed,
ORD-12530,2026-07-25,1921006587,4,2.159000000000000e+01,USD,Completed,
ORD-12530,2026-07-25,393101003,1,1.986000000000000e+01,USD,Completed,
ORD-12531,2026-07-25,920987081,2,3.795000000000000e+01,USD,Completed,
ORD-12532,2026-07-25,422458903,1,1.998000000000000e+01,USD,Completed,
ORD-12532,2026-07-25,5642502722,4,3.239000000000000e+01,USD,Completed,
ORD-12533,2026-07-25,321811404,1,2.799000000000000e+01,USD,Completed,
ORD-12533,2026-07-25,422458903,3,1.998000000000000e+01,USD,Completed,
ORD-12533,2026-07-25,6494751477,1,1.499000000000000e+01,USD,Completed,
ORD-12534,2026-07-25,10801127,4,1.980000000000000e+00,USD,Shipped,
ORD-12534,2026-07-25,33685485,3,1.119000000000000e+01,USD,Shipped,
ORD-12535,2026-07-25,229653852,3,1.399000000000000e+01,USD,Completed,10%
ORD-12536,2026-07-25,230846860,2,3.299000000000000e+01,USD,Completed,
ORD-12537,2026-07-25,432928663,4,2.880000000000000e+01,USD,Completed,
ORD-12538,2026-07-25,152355819,4,5.624000000000000e+01,USD,Completed,
ORD-12539,2026-07-25,180450545,1,1.464000000000000e+02,USD,Shipped,
ORD-12539,2026-07-25,2166765925,3,1.975000000000000e+01,USD,Completed,
ORD-12540,2026-07-25,1722962454,4,1.035000000000000e+01,USD,Completed,
ORD-12541,2026-07-25,696459227,2,1.461000000000000e+01,USD,Completed,
ORD-12541,2026-07-25,5292671987,2,1.762900000000000e+02,USD,Completed,
ORD-12542,2026-07-25,1774083175,4,2.999000000000000e+01,USD,Completed,10%
ORD-12542,2026-07-25,832929384,3,2.795000000000000e+01,USD,Completed,
ORD-12543,2026-07-25,606223683,3,2.862000000000000e+01,USD,Completed,
ORD-12543,2026-07-25,5327761690,1,2.499000000000000e+01,USD,Completed,
ORD-12544,2026-07-25,676413174,3,6.970000000000000e+00,USD,Completed,
ORD-12545,2026-07-25,5702032013,2,4.488000000000000e+01,USD,Shipped,
ORD-12546,2026-07-25,573614161,4,9.060000000000000e+00,USD,Completed,
ORD-12546,2026-07-25,751510659,4,9.940000000000000e+00,USD,Shipped,10%
ORD-12547,2026-07-25,2007589965,3,1.471990000000000e+03,USD,Completed,
ORD-12548,2026-07-25,126699313,2,1.820000000000000e+00,USD,Completed,
ORD-12549,2026-07-25,2232013390,1,6.980000000000000e+00,USD,Completed,
ORD-12550,2026-07-25,2968552747,3,9.630000000000001e+00,USD,Completed,
ORD-12550,2026-07-25,182579201,1,1.709000000000000e+01,USD,Completed,
ORD-12551,2026-07-25,2749504314,4,1.999000000000000e+01,USD,Completed,
ORD-12551,2026-07-25,1932369237,4,3.299000000000000e+01,USD,Completed,
ORD-12551,2026-07-25,2200709686,4,1.408000000000000e+02,USD,Completed,
ORD-12552,2026-07-25,5417683805,4,1.498000000000000e+01,USD,Shipped,
ORD-12552,2026-07-25,455894581,2,2.999000000000000e+01,USD,Shipped,
ORD-12553,2026-07-25,354688867,2,3.299000000000000e+01,USD,Completed,
ORD-12553,2026-07-25,1226247035,3,1.988000000000000e+01,USD,Completed,
ORD-12554,2026-07-25,10309083,4,8.990000000000000e+00,USD,Shipped,
ORD-12555,2026-07-25,431812530,2,1.998000000000000e+01,USD,Completed,
ORD-12555,2026-07-25,393101003,4,1.986000000000000e+01,USD,Shipped,
ORD-12555,2026-07-25,3423574153,3,1.166600000000000e+02,USD,Shipped,
ORD-12556,2026-07-25,5291664103,1,1.383000000000000e+01,USD,Completed,
ORD-12556,2026-07-25,310097871,1,1.499000000000000e+01,USD,Completed,
ORD-12556,2026-07-25,1426167428,2,1.599000000000000e+01,USD,Completed,
ORD-12557,2026-07-25,5344195287,4,2.199000000000000e+01,USD,Shipped,
ORD-12557,2026-07-25,5043424192,2,1.799000000000000e+01,USD,Completed,
ORD-12558,2026-07-25,5658552152,3,1.499000000000000e+01,USD,Shipped,
ORD-12559,2026-07-25,5443068156,1,1.499000000000000e+01,USD,Completed,10%
ORD-12560,2026-07-25,2017664333,3,99,USD,Completed,
ORD-12560,2026-07-25,2580740549,1,1.062000000000000e+01,USD,Completed,
ORD-12560,2026-07-25,3876384696,1,6.998999999999999e+01,USD,Completed,
ORD-12561,2026-07-25,5664556275,1,2.541000000000000e+01,USD,Completed,
ORD-12562,2026-07-25,5344195287,1,2.199000000000000e+01,USD,Completed,
ORD-12563,2026-07-25,1764748346,4,1.598000000000000e+01,USD,Completed,
ORD-12563,2026-07-25,2968552747,1,9.630000000000001e+00,USD,Completed,
ORD-12563,2026-07-25,141988874,2,5.850000000000000e+00,USD,Completed,10%
ORD-12564,2026-07-25,1226247035,2,1.988000000000000e+01,USD,Completed,
ORD-12564,2026-07-25,2637400158,2,2.399000000000000e+01,USD,Completed,
ORD-12564,2026-07-25,3046604016,1,5.299000000000000e+01,USD,Completed,
ORD-12565,2026-07-25,377862424,3,9.990000000000000e+00,USD,Completed,
ORD-12565,2026-07-25,1728596655,4,1.398000000000000e+01,USD,Completed,
ORD-12566,2026-07-25,5642502722,3,3.239000000000000e+01,USD,Shipped,
ORD-12566,2026-07-25,1766457787,4,5.790000000000000e+00,USD,Shipped,
ORD-12567,2026-07-25,34203165,4,1.673000000000000e+01,USD,Shipped,10%
ORD-12567,2026-07-25,615343705,3,2.767000000000000e+01,USD,Completed,
ORD-12568,2026-07-25,2232013390,4,6.980000000000000e+00,USD,Completed,
ORD-12568,2026-07-25,283514640,2,1.899000000000000e+01,USD,Completed,
ORD-12568,2026-07-25,1774925941,3,6.998999999999999e+01,USD,Completed,
ORD-12569,2026-07-25,412531616,1,2.999000000000000e+01,USD,Completed,
ORD-12570,2026-07-25,5118743904,1,2.899000000000000e+01,USD,Shipped,
ORD-12570,2026-07-25,25997723,4,6.490000000000001e+01,USD,Shipped,
ORD-12571,2026-07-25,393061304,4,2.868000000000000e+01,USD,Completed,
ORD-12572,2026-07-25,1341833689,2,1.499000000000000e+01,USD,Completed,
ORD-12573,2026-07-25,3876384696,3,6.998999999999999e+01,USD,Completed,10%
ORD-12574,2026-07-25,54973324,2,2.407000000000000e+01,USD,Completed,
ORD-12574,2026-07-25,6045904134,3,2.499000000000000e+01,USD,Completed,
ORD-12575,2026-07-25,306465658,1,5.499000000000000e+01,USD,Completed,
ORD-12575,2026-07-25,348784401,4,2.249000000000000e+01,USD,Shipped,10%
ORD-12575,2026-07-25,455894581,2,2.999000000000000e+01,USD,Completed,
ORD-12576,2026-07-25,5353145797,1,1.079000000000000e+01,USD,Completed,
ORD-12576,2026-07-25,422458903,2,1.998000000000000e+01,USD,Completed,
ORD-12577,2026-07-25,259195843,4,2.995000000000000e+01,USD,Completed,
ORD-12578,2026-07-25,10309083,4,8.990000000000000e+00,USD,Completed,
ORD-12579,2026-07-25,2200709686,2,1.408000000000000e+02,USD,Completed,
ORD-12580,2026-07-25,606223683,4,2.862000000000000e+01,USD,Completed,
ORD-12581,2026-07-25,100662878,1,2.199000000000000e+01,USD,Completed,10%
ORD-12581,2026-07-25,1037166405,2,2.390000000000000e+01,USD,Completed,
ORD-12581,2026-07-25,730250943,3,1.144000000000000e+01,USD,Completed,10%
ORD-12582,2026-07-25,5190064929,4,3.196000000000000e+01,USD,Shipped,
ORD-12582,2026-07-25,5480667546,2,1.040000000000000e+01,USD,Shipped,
ORD-12583,2026-07-25,431812530,4,1.998000000000000e+01,USD,Completed,
ORD-12583,2026-07-25,952556801,1,2.899000000000000e+01,USD,Shipped,
ORD-12583,2026-07-25,2785607950,4,9.269000000000000e+01,USD,Completed,
ORD-12584,2026-07-25,264801526,1,2.249000000000000e+01,USD,Completed,
ORD-12584,2026-07-25,5417683805,1,1.498000000000000e+01,USD,Completed,
ORD-12585,2026-07-25,859305074,4,1.969000000000000e+01,USD,Completed,
ORD-12586,2026-07-25,696459227,2,1.461000000000000e+01,USD,Completed,
ORD-12586,2026-07-25,3824041405,4,6.744000000000000e+01,USD,Completed,
ORD-12586,2026-07-25,10294885,3,2.720000000000000e+00,USD,Completed,
ORD-12587,2026-07-25,5618790028,3,1.499000000000000e+01,USD,Completed,
ORD-12587,2026-07-25,173530386,2,2.290000000000000e+01,USD,Completed,
ORD-12588,2026-07-25,2968552747,2,9.630000000000001e+00,USD,Completed,
ORD-12588,2026-07-25,354688867,4,3.299000000000000e+01,USD,Completed,
ORD-12589,2026-07-25,531529503,1,2.339000000000000e+01,USD,Completed,
ORD-12589,2026-07-25,5344195287,2,2.199000000000000e+01,USD,Completed,
ORD-12590,2026-07-25,1615288442,2,1.499000000000000e+01,USD,Completed,
ORD-12590,2026-07-25,1009224046,1,2.199000000000000e+01,USD,Completed,10%
ORD-12591,2026-07-25,100662878,1,2.199000000000000e+01,USD,Completed,
ORD-12592,2026-07-25,5480667546,2,1.040000000000000e+01,USD,Shipped,
ORD-12592,2026-07-25,1507001378,1,9.900000000000000e-01,USD,Shipped,10%
ORD-12593,2026-07-25,908232424,3,3.698000000000000e+01,USD,Completed,
ORD-12593,2026-07-25,33685485,2,1.119000000000000e+01,USD,Shipped,
ORD-12594,2026-07-25,1435754084,2,1.197000000000000e+01,USD,Completed,
ORD-12594,2026-07-25,310097871,4,1.499000000000000e+01,USD,Shipped,10%
ORD-12594,2026-07-25,512420879,3,9.990000000000000e+00,USD,Completed,
ORD-12595,2026-07-25,910055282,1,1.099000000000000e+01,USD,Completed,
ORD-12596,2026-07-25,381553241,4,1.399000000000000e+01,USD,Completed,
ORD-12596,2026-07-25,1856819911,1,6.290000000000000e+00,USD,Completed,
ORD-12596,2026-07-25,382394597,4,1.688000000000000e+01,USD,Completed,
ORD-12597,2026-07-25,1063134991,3,1.599000000000000e+01,USD,Completed,
ORD-12598,2026-07-25,1210385172,1,3.959000000000000e+01,USD,Shipped,10%
ORD-12598,2026-07-25,5242746669,4,8,USD,Completed,
ORD-12599,2026-07-25,2844883584,3,2.494000000000000e+01,USD,Completed,
ORD-12599,2026-07-25,6013308220,4,3.324000000000000e+01,USD,Completed,10%
ORD-12600,2026-07-25,602315286,3,2.250000000000000e+01,USD,Shipped,
ORD-12600,2026-07-25,5480667546,3,1.040000000000000e+01,USD,Shipped,
ORD-12601,2026-07-25,331094227,3,3.999000000000000e+01,USD,Completed,
ORD-12601,2026-07-25,10309083,3,8.990000000000000e+00,USD,Completed,
ORD-12601,2026-07-25,5219131585,1,1.399000000000000e+01,USD,Completed,
ORD-12602,2026-07-25,110779998,1,2.999000000000000e+01,USD,Completed,
ORD-12602,2026-07-25,5045669548,3,2.999000000000000e+01,USD,Completed,
ORD-12602,2026-07-25,10294756,2,2,USD,Completed,10%
ORD-12603,2026-07-25,744949530,4,1.799000000000000e+01,USD,Shipped,10%
ORD-12604,2026-07-25,411359040,4,30,USD,Completed,
ORD-12605,2026-07-25,887668036,1,4.139000000000000e+01,USD,Completed,
ORD-12605,2026-07-25,182579201,1,1.709000000000000e+01,USD,Completed,
ORD-12605,2026-07-25,422458903,4,1.998000000000000e+01,USD,Completed,
ORD-12606,2026-07-25,1570467303,1,2.799000000000000e+01,USD,Completed,
ORD-12607,2026-07-25,182579201,1,1.709000000000000e+01,USD,Completed,
ORD-12607,2026-07-25,411359040,2,30,USD,Completed,10%
ORD-12607,2026-07-25,3922793394,4,1.124000000000000e+01,USD,Completed,
ORD-12608,2026-07-25,1921006587,3,2.159000000000000e+01,USD,Shipped,
ORD-12608,2026-07-25,5144555813,4,4.499000000000000e+01,USD,Shipped,
ORD-12609,2026-07-25,381632255,2,7.298999999999999e+01,USD,Shipped,10%
ORD-12609,2026-07-25,377862424,2,9.990000000000000e+00,USD,Completed,
ORD-12609,2026-07-25,3440558193,3,2.198000000000000e+01,USD,Completed,
ORD-12610,2026-07-25,5170388947,4,1.058000000000000e+01,USD,Completed,
ORD-12611,2026-07-25,1331751223,4,1.388000000000000e+01,USD,Completed,
ORD-12612,2026-07-25,1921006587,4,2.159000000000000e+01,USD,Completed,
ORD-12612,2026-07-25,5379906696,4,1.498000000000000e+01,USD,Completed,
ORD-12613,2026-07-25,22374157,4,7.960000000000000e+00,USD,Completed,
ORD-12613,2026-07-25,110779998,4,2.999000000000000e+01,USD,Completed,
ORD-12614,2026-07-25,3440558193,3,2.198000000000000e+01,USD,Shipped,
ORD-12614,2026-07-25,430528189,1,4.788000000000000e+01,USD,Completed,
ORD-12615,2026-07-25,141988874,4,5.850000000000000e+00,USD,Completed,10%
ORD-12616,2026-07-25,1613734417,4,2.580000000000000e+01,USD,Completed,
ORD-12617,2026-07-25,546469522,4,1.499000000000000e+01,USD,Completed,
ORD-12618,2026-07-25,668480724,3,2.499000000000000e+01,USD,Completed,
ORD-12619,2026-07-25,10309083,3,8.990000000000000e+00,USD,Completed,
ORD-12619,2026-07-25,1341833689,2,1.499000000000000e+01,USD,Shipped,
ORD-12620,2026-07-25,5702032013,1,4.488000000000000e+01,USD,Shipped,
ORD-12621,2026-07-25,110779998,3,2.999000000000000e+01,USD,Completed,
ORD-12622,2026-07-25,2503512087,4,1.080000000000000e+01,USD,Completed,
ORD-12623,2026-07-25,5273430664,1,16,USD,Completed,
ORD-12624,2026-07-25,385780287,3,5.198000000000000e+01,USD,Shipped,
ORD-12624,2026-07-25,1921006587,3,2.159000000000000e+01,USD,Completed,
ORD-12624,2026-07-25,1204774750,3,6.898999999999999e+01,USD,Completed,
ORD-12625,2026-07-25,5150469476,2,6.399000000000000e+01,USD,Completed,
ORD-12625,2026-07-25,5045669548,4,2.999000000000000e+01,USD,Completed,
ORD-12626,2026-07-25,5417683805,2,1.498000000000000e+01,USD,Completed,
ORD-12627,2026-07-25,1995467623,1,2.399000000000000e+01,USD,Completed,
ORD-12627,2026-07-25,110779998,1,2.999000000000000e+01,USD,Completed,
ORD-12627,2026-07-25,381553241,3,1.399000000000000e+01,USD,Completed,
ORD-12628,2026-07-25,908232424,2,3.698000000000000e+01,USD,Completed,
ORD-12629,2026-07-25,232510830,4,4.999000000000000e+01,USD,Completed,
ORD-12630,2026-07-25,215916201,3,1.396000000000000e+01,USD,Completed,
ORD-12631,2026-07-25,5118743904,1,2.899000000000000e+01,USD,Shipped,
ORD-12632,2026-07-25,293084792,4,44,USD,Completed,
ORD-12632,2026-07-25,321811404,3,2.799000000000000e+01,USD,Shipped,
ORD-12632,2026-07-25,141988874,1,5.850000000000000e+00,USD,Completed,
ORD-12633,2026-07-25,618032539,4,1.299000000000000e+01,USD,Completed,
ORD-12633,2026-07-25,10294885,3,2.720000000000000e+00,USD,Completed,
ORD-12634,2026-07-25,182579201,2,1.709000000000000e+01,USD,Shipped,
ORD-12635,2026-07-25,1184654530,4,1.999000000000000e+01,USD,Completed,
ORD-12636,2026-07-25,3402143185,2,3.280000000000000e+00,USD,Completed,10%
ORD-12636,2026-07-25,5118743904,2,2.899000000000000e+01,USD,Completed,
ORD-12637,2026-07-25,1612728569,2,5.760000000000000e+01,USD,Completed,
ORD-12638,2026-07-25,5502936471,3,1.499000000000000e+01,USD,Completed,
ORD-12638,2026-07-25,5219876777,3,6.130000000000000e+00,USD,Completed,
ORD-12638,2026-07-25,5219131585,4,1.399000000000000e+01,USD,Completed,
ORD-12639,2026-07-25,1331751223,1,1.388000000000000e+01,USD,Completed,10%
ORD-12639,2026-07-25,1825469871,1,1.699000000000000e+01,USD,Completed,
ORD-12640,2026-07-25,10308385,2,4.430000000000000e+00,USD,Completed,
ORD-12640,2026-07-25,602748918,1,1.499000000000000e+01,USD,Completed,
ORD-12641,2026-07-25,25997723,3,6.490000000000001e+01,USD,Completed,
ORD-12641,2026-07-25,5262717138,3,2.597000000000000e+01,USD,Completed,
ORD-12641,2026-07-25,903463722,3,2.309000000000000e+01,USD,Completed,
ORD-12642,2026-07-25,5344195287,4,2.199000000000000e+01,USD,Completed,10%
ORD-12642,2026-07-25,5164703747,4,6.090000000000000e+00,USD,Completed,
ORD-12643,2026-07-25,1435754084,4,1.197000000000000e+01,USD,Completed,
ORD-12643,2026-07-25,2166765925,3,1.975000000000000e+01,USD,Completed,
ORD-12643,2026-07-25,431812530,4,1.998000000000000e+01,USD,Completed,
ORD-12644,2026-07-25,2637400158,3,2.399000000000000e+01,USD,Completed,
ORD-12644,2026-07-25,1983309413,1,4.499000000000000e+01,USD,Shipped,
ORD-12644,2026-07-25,5053396247,1,1.499000000000000e+01,USD,Completed,
ORD-12645,2026-07-25,1184268274,3,9.869999999999999e+00,USD,Shipped,10%
ORD-12645,2026-07-25,602748918,3,1.499000000000000e+01,USD,Shipped,
ORD-12645,2026-07-25,199440001,2,3.077000000000000e+01,USD,Completed,
ORD-12646,2026-07-25,3588670272,2,1.599000000000000e+01,USD,Completed,
ORD-12646,2026-07-25,668480724,2,2.499000000000000e+01,USD,Completed,
ORD-12647,2026-07-25,10294756,4,2,USD,Completed,
ORD-12647,2026-07-25,5150469476,2,6.399000000000000e+01,USD,Completed,
ORD-12648,2026-07-25,435835263,4,9.990000000000000e+00,USD,Completed,
ORD-12648,2026-07-25,5150469476,2,6.399000000000000e+01,USD,Completed,
ORD-12649,2026-07-25,10294885,4,2.720000000000000e+00,USD,Completed,
ORD-12650,2026-07-25,283514640,3,1.899000000000000e+01,USD,Completed,
ORD-12650,2026-07-25,1267967836,1,8.698999999999999e+01,USD,Completed,
ORD-12651,2026-07-25,848798939,3,4.647000000000000e+01,USD,Completed,
ORD-12652,2026-07-25,229653852,2,1.399000000000000e+01,USD,Completed,
ORD-12652,2026-07-25,2007589965,1,1.471990000000000e+03,USD,Completed,10%
ORD-12653,2026-07-26,5540168677,2,2.999000000000000e+01,USD,Completed,
ORD-12653,2026-07-26,945882097,2,1.975000000000000e+01,USD,Completed,
ORD-12653,2026-07-26,5209344136,1,2.999000000000000e+01,USD,Completed,
ORD-12654,2026-07-26,5323625259,1,25,USD,Completed,
ORD-12654,2026-07-26,5379906696,2,1.498000000000000e+01,USD,Completed,
ORD-12655,2026-07-26,3813188391,3,1.999000000000000e+01,USD,Completed,
ORD-12655,2026-07-26,859305074,2,1.969000000000000e+01,USD,Completed,
ORD-12655,2026-07-26,3483895520,4,1.297000000000000e+01,USD,Shipped,
ORD-12656,2026-07-26,790957653,4,1.245000000000000e+01,USD,Completed,
ORD-12656,2026-07-26,5753314187,4,1.999000000000000e+01,USD,Completed,
ORD-12657,2026-07-26,1932369237,4,3.299000000000000e+01,USD,Completed,
ORD-12658,2026-07-26,10294885,2,2.720000000000000e+00,USD,Completed,10%
ORD-12658,2026-07-26,411359040,2,30,USD,Completed,
ORD-12658,2026-07-26,3053955490,2,1.619000000000000e+01,USD,Completed,
ORD-12659,2026-07-26,781490570,1,1.499000000000000e+01,USD,Shipped,10%
ORD-12660,2026-07-26,5108346618,1,2.699900000000000e+02,USD,Completed,
ORD-12660,2026-07-26,5352569431,1,1.999000000000000e+01,USD,Completed,
ORD-12661,2026-07-26,781490570,3,1.499000000000000e+01,USD,Completed,
ORD-12662,2026-07-26,453089336,3,55,USD,Completed,10%
ORD-12662,2026-07-26,6013308220,2,3.324000000000000e+01,USD,Completed,
ORD-12662,2026-07-26,2017664333,3,99,USD,Completed,
ORD-12663,2026-07-26,354688867,3,3.299000000000000e+01,USD,Shipped,10%
ORD-12663,2026-07-26,173530386,2,2.290000000000000e+01,USD,Completed,
ORD-12664,2026-07-26,871349337,4,2.738000000000000e+01,USD,Shipped,
ORD-12664,2026-07-26,5209344136,3,2.999000000000000e+01,USD,Shipped,
ORD-12665,2026-07-26,2580740549,1,1.062000000000000e+01,USD,Shipped,10%
ORD-12666,2026-07-26,1500372373,1,8,USD,Completed,
ORD-12666,2026-07-26,3483895520,2,1.297000000000000e+01,USD,Completed,
ORD-12666,2026-07-26,2844883584,1,2.494000000000000e+01,USD,Completed,
ORD-12667,2026-07-26,5260887729,3,1.999000000000000e+01,USD,Completed,10%
ORD-12667,2026-07-26,588404711,4,8.909999999999999e+01,USD,Completed,
ORD-12668,2026-07-26,529767263,4,4.847000000000000e+01,USD,Shipped,10%
ORD-12669,2026-07-26,5168273880,1,1.198000000000000e+01,USD,Completed,
ORD-12669,2026-07-26,5292671987,4,1.762900000000000e+02,USD,Shipped,
ORD-12669,2026-07-26,46068414,2,1.613000000000000e+01,USD,Completed,
ORD-12670,2026-07-26,588404711,3,8.909999999999999e+01,USD,Completed,
ORD-12671,2026-07-26,382394597,4,1.688000000000000e+01,USD,Completed,
ORD-12671,2026-07-26,2097897368,3,3.597000000000000e+01,USD,Completed,
ORD-12671,2026-07-26,1160636802,2,2.799000000000000e+01,USD,Shipped,10%
ORD-12672,2026-07-26,3423574153,2,1.166600000000000e+02,USD,Completed,10%
ORD-12673,2026-07-26,6918363302,1,2.399000000000000e+01,USD,Completed,
ORD-12674,2026-07-26,5502936471,1,1.499000000000000e+01,USD,Shipped,
ORD-12675,2026-07-26,28926816,1,7.940000000000000e+00,USD,Completed,
ORD-12675,2026-07-26,1897403279,1,1.189000000000000e+01,USD,Completed,10%
ORD-12675,2026-07-26,5323625259,4,25,USD,Shipped,
ORD-12676,2026-07-26,432928663,2,2.880000000000000e+01,USD,Shipped,
ORD-12676,2026-07-26,1500372373,3,8,USD,Completed,
ORD-12677,2026-07-26,1649464157,4,1.799000000000000e+01,USD,Completed,
ORD-12678,2026-07-26,3440558193,2,2.198000000000000e+01,USD,Completed,10%
ORD-12678,2026-07-26,3483895520,2,1.297000000000000e+01,USD,Completed,10%
ORD-12678,2026-07-26,2166765925,2,1.975000000000000e+01,USD,Completed,10%
ORD-12679,2026-07-26,2749504314,3,1.999000000000000e+01,USD,Shipped,
ORD-12679,2026-07-26,5809585615,4,1.595000000000000e+01,USD,Completed,
ORD-12679,2026-07-26,5702523237,2,1.599000000000000e+01,USD,Completed,
ORD-12680,2026-07-26,2503512087,3,1.080000000000000e+01,USD,Completed,
ORD-12680,2026-07-26,595025504,4,3.495000000000000e+01,USD,Completed,
ORD-12680,2026-07-26,48812370,4,9.789999999999999e+00,USD,Completed,10%
ORD-12681,2026-07-26,744949530,2,1.799000000000000e+01,USD,Completed,
ORD-12681,2026-07-26,306465658,2,5.499000000000000e+01,USD,Completed,
ORD-12681,2026-07-26,6494751477,3,1.499000000000000e+01,USD,Completed,
ORD-12682,2026-07-26,790957653,3,1.245000000000000e+01,USD,Completed,
ORD-12682,2026-07-26,1722962454,3,1.035000000000000e+01,USD,Completed,
ORD-12682,2026-07-26,5753314187,2,1.999000000000000e+01,USD,Completed,
ORD-12683,2026-07-26,1995467623,4,2.399000000000000e+01,USD,Completed,
ORD-12684,2026-07-26,2544735639,3,3.199000000000000e+01,USD,Completed,10%
ORD-12685,2026-07-26,5262717138,1,2.597000000000000e+01,USD,Completed,
ORD-12686,2026-07-26,247655086,1,4.797000000000000e+01,USD,Completed,
ORD-12686,2026-07-26,1624985447,3,3.970000000000000e+00,USD,Completed,
ORD-12686,2026-07-26,173530386,2,2.290000000000000e+01,USD,Completed,
ORD-12687,2026-07-26,5443068156,1,1.499000000000000e+01,USD,Completed,
ORD-12687,2026-07-26,112580004,3,2.549000000000000e+01,USD,Completed,
ORD-12688,2026-07-26,110779998,4,2.999000000000000e+01,USD,Completed,
ORD-12689,2026-07-26,1037166405,1,2.390000000000000e+01,USD,Completed,
ORD-12690,2026-07-26,432928663,2,2.880000000000000e+01,USD,Shipped,
ORD-12691,2026-07-26,34203165,1,1.673000000000000e+01,USD,Shipped,
ORD-12691,2026-07-26,546469522,4,1.499000000000000e+01,USD,Completed,
ORD-12692,2026-07-26,2010024322,4,8.880000000000001e+00,USD,Completed,
ORD-12692,2026-07-26,230846860,1,3.299000000000000e+01,USD,Shipped,
ORD-12693,2026-07-26,974265277,4,1.116200000000000e+02,USD,Completed,
ORD-12694,2026-07-26,3588670272,3,1.599000000000000e+01,USD,Completed,
ORD-12695,2026-07-26,5540168677,3,2.999000000000000e+01,USD,Completed,
ORD-12695,2026-07-26,5327761690,3,2.499000000000000e+01,USD,Completed,
ORD-12696,2026-07-26,5506488018,4,1.998000000000000e+01,USD,Completed,
ORD-12696,2026-07-26,885092913,3,3.330000000000000e+01,USD,Completed,
ORD-12696,2026-07-26,264801526,2,2.249000000000000e+01,USD,Shipped,
ORD-12697,2026-07-26,595025504,2,3.495000000000000e+01,USD,Completed,
ORD-12698,2026-07-26,781490570,3,1.499000000000000e+01,USD,Completed,
ORD-12698,2026-07-26,1727244137,2,7.598999999999999e+01,USD,Completed,
ORD-12698,2026-07-26,5182915849,2,1.998000000000000e+01,USD,Completed,
ORD-12699,2026-07-26,5662896790,2,2.594000000000000e+01,USD,Completed,
ORD-12700,2026-07-26,1267967836,4,8.698999999999999e+01,USD,Shipped,
ORD-12700,2026-07-26,529767263,2,4.847000000000000e+01,USD,Completed,
ORD-12700,2026-07-26,5205925876,3,1.922000000000000e+01,USD,Completed,
ORD-12701,2026-07-26,753681550,4,1.560000000000000e+01,USD,Completed,
ORD-12701,2026-07-26,2749504314,3,1.999000000000000e+01,USD,Completed,
ORD-12702,2026-07-26,10997171,3,1.012000000000000e+01,USD,Completed,
ORD-12702,2026-07-26,5344195287,4,2.199000000000000e+01,USD,Completed,
ORD-12702,2026-07-26,362341632,4,9.990000000000000e+00,USD,Shipped,10%
ORD-12703,2026-07-26,5379906696,3,1.498000000000000e+01,USD,Completed,
ORD-12703,2026-07-26,1774925941,4,6.998999999999999e+01,USD,Completed,
ORD-12704,2026-07-26,2128773109,1,3.999000000000000e+01,USD,Completed,
ORD-12705,2026-07-26,5262717138,2,2.597000000000000e+01,USD,Completed,
ORD-12705,2026-07-26,1009224046,4,2.199000000000000e+01,USD,Completed,10%
ORD-12706,2026-07-26,5397071399,2,1.299000000000000e+01,USD,Completed,10%
ORD-12706,2026-07-26,1204774750,4,6.898999999999999e+01,USD,Completed,
ORD-12706,2026-07-26,790957653,4,1.245000000000000e+01,USD,Completed,
ORD-12707,2026-07-26,257806313,2,1.954000000000000e+01,USD,Completed,
ORD-12708,2026-07-26,3876384696,3,6.998999999999999e+01,USD,Completed,
ORD-12708,2026-07-26,1613734417,3,2.580000000000000e+01,USD,Completed,
ORD-12708,2026-07-26,265927683,2,1.799000000000000e+01,USD,Completed,
ORD-12709,2026-07-26,141988874,4,5.850000000000000e+00,USD,Completed,10%
ORD-12710,2026-07-26,5043424192,4,1.799000000000000e+01,USD,Completed,
ORD-12711,2026-07-26,432928663,1,2.880000000000000e+01,USD,Completed,
ORD-12711,2026-07-26,751510659,1,9.940000000000000e+00,USD,Completed,
ORD-12711,2026-07-26,5662896790,2,2.594000000000000e+01,USD,Completed,
ORD-12712,2026-07-26,10309083,4,8.990000000000000e+00,USD,Completed,
ORD-12712,2026-07-26,348784401,3,2.249000000000000e+01,USD,Completed,
ORD-12713,2026-07-26,1184268274,3,9.869999999999999e+00,USD,Completed,10%
ORD-12714,2026-07-26,3808974443,3,4.980000000000000e+00,USD,Completed,
ORD-12714,2026-07-26,2232013390,2,6.980000000000000e+00,USD,Completed,
ORD-12715,2026-07-26,182543171,1,4.860000000000000e+00,USD,Completed,
ORD-12715,2026-07-26,5323625259,4,25,USD,Completed,
ORD-12715,2026-07-26,173530386,2,2.290000000000000e+01,USD,Completed,
ORD-12716,2026-07-26,354688867,3,3.299000000000000e+01,USD,Completed,
ORD-12716,2026-07-26,2097897368,4,3.597000000000000e+01,USD,Completed,
ORD-12717,2026-07-26,2968552747,2,9.630000000000001e+00,USD,Shipped,10%
ORD-12717,2026-07-26,3423574153,2,1.166600000000000e+02,USD,Completed,
ORD-12717,2026-07-26,945882097,1,1.975000000000000e+01,USD,Shipped,
ORD-12718,2026-07-26,945882097,3,1.975000000000000e+01,USD,Completed,
ORD-12719,2026-07-26,5439347407,4,5.699900000000000e+02,USD,Shipped,
ORD-12719,2026-07-26,2010024322,3,8.880000000000001e+00,USD,Completed,
ORD-12719,2026-07-26,5344195287,2,2.199000000000000e+01,USD,Shipped,
ORD-12720,2026-07-26,753681550,1,1.560000000000000e+01,USD,Shipped,
ORD-12720,2026-07-26,411359040,2,30,USD,Completed,
ORD-12720,2026-07-26,17245067,3,123,USD,Completed,
ORD-12721,2026-07-26,17245067,2,123,USD,Completed,
ORD-12721,2026-07-26,242303426,4,8.720000000000001e+00,USD,Completed,
ORD-12722,2026-07-26,215916201,1,1.396000000000000e+01,USD,Completed,
ORD-12722,2026-07-26,3483895520,1,1.297000000000000e+01,USD,Completed,
ORD-12723,2026-07-26,1570467303,4,2.799000000000000e+01,USD,Completed,
ORD-12723,2026-07-26,1093743201,3,2.599000000000000e+01,USD,Completed,
ORD-12723,2026-07-26,1435754084,3,1.197000000000000e+01,USD,Completed,10%
ORD-12724,2026-07-26,152355819,2,5.624000000000000e+01,USD,Completed,
ORD-12724,2026-07-26,5379906696,1,1.498000000000000e+01,USD,Completed,
ORD-12725,2026-07-26,5264765893,1,2.999000000000000e+01,USD,Shipped,10%
ORD-12725,2026-07-26,729322559,4,24,USD,Completed,
ORD-12726,2026-07-26,382394597,4,1.688000000000000e+01,USD,Completed,
ORD-12726,2026-07-26,5661609857,1,3.591000000000000e+01,USD,Completed,
ORD-12727,2026-07-26,3511393855,4,25,USD,Completed,
ORD-12727,2026-07-26,102593173,2,1.980000000000000e+01,USD,Completed,
ORD-12728,2026-07-26,5753314187,3,1.999000000000000e+01,USD,Completed,10%
ORD-12728,2026-07-26,729322559,4,24,USD,Completed,
ORD-12728,2026-07-26,5062553620,1,9.840000000000000e+00,USD,Completed,
ORD-12729,2026-07-26,5352569431,3,1.999000000000000e+01,USD,Completed,10%
ORD-12730,2026-07-26,555974352,3,3.605000000000000e+01,USD,Completed,
ORD-12731,2026-07-26,5502936471,1,1.499000000000000e+01,USD,Completed,10%
ORD-12731,2026-07-26,839659160,2,4.999000000000000e+01,USD,Completed,
ORD-12731,2026-07-26,5209344136,2,2.999000000000000e+01,USD,Completed,
ORD-12732,2026-07-26,5684704635,1,1.213000000000000e+01,USD,Completed,
ORD-12732,2026-07-26,903463722,3,2.309000000000000e+01,USD,Shipped,
ORD-12733,2026-07-26,615343705,1,2.767000000000000e+01,USD,Shipped,
ORD-12733,2026-07-26,102593173,2,1.980000000000000e+01,USD,Completed,
ORD-12733,2026-07-26,1856819911,2,6.290000000000000e+00,USD,Shipped,
ORD-12734,2026-07-26,669112285,1,9.890000000000001e+00,USD,Completed,10%
ORD-12734,2026-07-26,2785607950,4,9.269000000000000e+01,USD,Completed,
ORD-12735,2026-07-26,5443068156,4,1.499000000000000e+01,USD,Completed,
ORD-12735,2026-07-26,602748918,2,1.499000000000000e+01,USD,Completed,
ORD-12735,2026-07-26,1426167428,3,1.599000000000000e+01,USD,Shipped,
ORD-12736,2026-07-26,5327761690,1,2.499000000000000e+01,USD,Completed,
ORD-12736,2026-07-26,112580004,4,2.549000000000000e+01,USD,Completed,
ORD-12737,2026-07-26,1037166405,1,2.390000000000000e+01,USD,Shipped,
ORD-12738,2026-07-26,369367315,3,2.999000000000000e+01,USD,Completed,
ORD-12738,2026-07-26,5417683805,4,1.498000000000000e+01,USD,Shipped,
ORD-12739,2026-07-26,2017664333,4,99,USD,Completed,
ORD-12740,2026-07-26,3212008907,2,3,USD,Completed,
ORD-12741,2026-07-26,2113674813,3,1.168000000000000e+02,USD,Shipped,
ORD-12742,2026-07-26,199440001,2,3.077000000000000e+01,USD,Completed,
ORD-12743,2026-07-26,10309083,4,8.990000000000000e+00,USD,Completed,
ORD-12744,2026-07-26,730250943,2,1.144000000000000e+01,USD,Completed,
ORD-12744,2026-07-26,5352569431,1,1.999000000000000e+01,USD,Shipped,
ORD-12745,2026-07-26,907847604,4,2.210000000000000e+01,USD,Completed,10%
ORD-12746,2026-07-26,1267967836,2,8.698999999999999e+01,USD,Shipped,
ORD-12746,2026-07-26,753681550,3,1.560000000000000e+01,USD,Completed,10%
ORD-12746,2026-07-26,1009224046,1,2.199000000000000e+01,USD,Completed,
ORD-12747,2026-07-26,1825469871,4,1.699000000000000e+01,USD,Completed,10%
ORD-12747,2026-07-26,431812530,4,1.998000000000000e+01,USD,Completed,
ORD-12748,2026-07-26,189455189,1,7.298999999999999e+01,USD,Completed,
ORD-12748,2026-07-26,5144555813,1,4.499000000000000e+01,USD,Completed,
ORD-12748,2026-07-26,531529503,4,2.339000000000000e+01,USD,Completed,
ORD-12749,2026-07-26,5209344136,3,2.999000000000000e+01,USD,Completed,
ORD-12749,2026-07-26,1543169305,1,1.299000000000000e+01,USD,Completed,
ORD-12750,2026-07-26,6838112687,2,2.920000000000000e+01,USD,Completed,
ORD-12750,2026-07-26,17245067,2,123,USD,Completed,
ORD-12750,2026-07-26,2166765925,4,1.975000000000000e+01,USD,Completed,
ORD-12751,2026-07-26,3560683924,3,3.990000000000000e+00,USD,Shipped,
ORD-12751,2026-07-26,669112285,2,9.890000000000001e+00,USD,Completed,
ORD-12751,2026-07-26,2113674813,2,1.168000000000000e+02,USD,Completed,
ORD-12752,2026-07-26,2166765925,3,1.975000000000000e+01,USD,Shipped,
ORD-12752,2026-07-26,668480724,1,2.499000000000000e+01,USD,Shipped,
ORD-12752,2026-07-26,1722962454,4,1.035000000000000e+01,USD,Shipped,
ORD-12753,2026-07-26,5417683805,4,1.498000000000000e+01,USD,Completed,
ORD-12753,2026-07-26,377862424,3,9.990000000000000e+00,USD,Completed,
ORD-12753,2026-07-26,2637400158,1,2.399000000000000e+01,USD,Shipped,
ORD-12754,2026-07-26,5642502722,1,3.239000000000000e+01,USD,Completed,
ORD-12755,2026-07-26,2017664333,4,99,USD,Completed,
ORD-12756,2026-07-26,5164703747,4,6.090000000000000e+00,USD,Completed,
ORD-12756,2026-07-26,1462273455,1,9.100000000000000e-01,USD,Completed,
ORD-12756,2026-07-26,5417683805,2,1.498000000000000e+01,USD,Completed,
ORD-12757,2026-07-26,1208578847,2,3.597000000000000e+01,USD,Completed,
ORD-12758,2026-07-26,469036214,2,2.049900000000000e+02,USD,Completed,
ORD-12758,2026-07-26,5184785010,1,2.299000000000000e+01,USD,Completed,
ORD-12759,2026-07-26,1231760315,2,1.999000000000000e+01,USD,Completed,
ORD-12760,2026-07-26,5150469476,4,6.399000000000000e+01,USD,Completed,
ORD-12760,2026-07-26,974265277,3,1.116200000000000e+02,USD,Shipped,10%
ORD-12760,2026-07-26,5292671987,2,1.762900000000000e+02,USD,Completed,10%
ORD-12761,2026-07-26,5352569431,3,1.999000000000000e+01,USD,Completed,
ORD-12761,2026-07-26,1624985447,1,3.970000000000000e+00,USD,Completed,
ORD-12762,2026-07-26,5294092563,3,9.980000000000000e+00,USD,Completed,
ORD-12762,2026-07-26,829098148,4,5.199000000000000e+01,USD,Completed,10%
ORD-12762,2026-07-26,2785607950,1,9.269000000000000e+01,USD,Shipped,10%
ORD-12763,2026-07-26,331094227,2,3.999000000000000e+01,USD,Completed,
ORD-12763,2026-07-26,618032539,4,1.299000000000000e+01,USD,Shipped,10%
ORD-12764,2026-07-26,362341632,3,9.990000000000000e+00,USD,Completed,
ORD-12765,2026-07-26,100662878,1,2.199000000000000e+01,USD,Completed,
ORD-12765,2026-07-26,1093743201,4,2.599000000000000e+01,USD,Completed,
ORD-12765,2026-07-26,2002762091,2,2.999000000000000e+01,USD,Completed,
ORD-12766,2026-07-26,886368088,3,5.940000000000000e+00,USD,Completed,
ORD-12766,2026-07-26,1974609871,2,1.495000000000000e+01,USD,Completed,
ORD-12767,2026-07-26,2017664333,3,99,USD,Shipped,
ORD-12767,2026-07-26,2785607950,2,9.269000000000000e+01,USD,Completed,
ORD-12767,2026-07-26,904020893,3,4.649000000000000e+01,USD,Completed,
ORD-12768,2026-07-26,430528189,1,4.788000000000000e+01,USD,Completed,
ORD-12768,2026-07-26,3511393855,3,25,USD,Completed,
ORD-12768,2026-07-26,25997723,4,6.490000000000001e+01,USD,Completed,
ORD-12769,2026-07-26,2363655537,4,4.950000000000000e+01,USD,Completed,
ORD-12770,2026-07-26,3922793394,1,1.124000000000000e+01,USD,Shipped,
ORD-12771,2026-07-26,321811404,1,2.799000000000000e+01,USD,Completed,10%
ORD-12772,2026-07-26,903463722,4,2.309000000000000e+01,USD,Completed,
ORD-12772,2026-07-26,5502936471,4,1.499000000000000e+01,USD,Completed,
ORD-12773,2026-07-26,5480667546,3,1.040000000000000e+01,USD,Completed,
ORD-12774,2026-07-26,5168273880,1,1.198000000000000e+01,USD,Completed,
ORD-12775,2026-07-26,904020893,3,4.649000000000000e+01,USD,Completed,10%
ORD-12775,2026-07-26,10294885,3,2.720000000000000e+00,USD,Completed,
ORD-12775,2026-07-26,381632255,3,7.298999999999999e+01,USD,Completed,
ORD-12776,2026-07-26,3855217628,1,1.497000000000000e+01,USD,Completed,
ORD-12776,2026-07-26,5353145797,3,1.079000000000000e+01,USD,Completed,
ORD-12776,2026-07-26,432928663,1,2.880000000000000e+01,USD,Completed,
ORD-12777,2026-07-26,1331751223,3,1.388000000000000e+01,USD,Completed,
ORD-12777,2026-07-26,781490570,2,1.499000000000000e+01,USD,Completed,10%
ORD-12778,2026-07-26,5480667546,4,1.040000000000000e+01,USD,Completed,
ORD-12778,2026-07-26,555974352,1,3.605000000000000e+01,USD,Completed,10%
ORD-12778,2026-07-26,28926816,1,7.940000000000000e+00,USD,Completed,
ORD-12779,2026-07-26,33685485,3,1.119000000000000e+01,USD,Completed,
ORD-12779,2026-07-26,25997723,1,6.490000000000001e+01,USD,Completed,
ORD-12780,2026-07-26,5397071399,2,1.299000000000000e+01,USD,Shipped,
ORD-12780,2026-07-26,17245067,1,123,USD,Shipped,
ORD-12781,2026-07-26,1613734417,1,2.580000000000000e+01,USD,Shipped,
ORD-12781,2026-07-26,182543171,1,4.860000000000000e+00,USD,Completed,
ORD-12782,2026-07-26,2844883584,3,2.494000000000000e+01,USD,Completed,
ORD-12782,2026-07-26,1825469871,2,1.699000000000000e+01,USD,Shipped,
ORD-12782,2026-07-26,5144555813,2,4.499000000000000e+01,USD,Completed,
ORD-12783,2026-07-26,5205925876,1,1.922000000000000e+01,USD,Completed,
ORD-12783,2026-07-26,2138573500,4,1.599000000000000e+01,USD,Completed,
ORD-12783,2026-07-26,173530386,3,2.290000000000000e+01,USD,Completed,10%
ORD-12784,2026-07-26,606223683,3,2.862000000000000e+01,USD,Completed,
ORD-12785,2026-07-26,5664556275,4,2.541000000000000e+01,USD,Shipped,
ORD-12786,2026-07-26,2363655537,1,4.950000000000000e+01,USD,Shipped,
ORD-12786,2026-07-26,5155961106,4,2.499000000000000e+01,USD,Completed,
ORD-12787,2026-07-26,904020893,4,4.649000000000000e+01,USD,Completed,
ORD-12787,2026-07-26,555974352,1,3.605000000000000e+01,USD,Completed,
ORD-12787,2026-07-26,2868760641,4,2.399000000000000e+01,USD,Completed,
ORD-12788,2026-07-26,5158180497,2,9.279999999999999e+00,USD,Shipped,10%
ORD-12789,2026-07-26,5291664103,3,1.383000000000000e+01,USD,Shipped,10%
ORD-12789,2026-07-26,1921006587,1,2.159000000000000e+01,USD,Completed,
ORD-12789,2026-07-26,952556801,1,2.899000000000000e+01,USD,Completed,
ORD-12790,2026-07-26,5155961106,1,2.499000000000000e+01,USD,Completed,
ORD-12790,2026-07-26,112580004,4,2.549000000000000e+01,USD,Completed,10%
ORD-12791,2026-07-26,2010024322,2,8.880000000000001e+00,USD,Completed,
ORD-12791,2026-07-26,411359040,2,30,USD,Completed,
ORD-12791,2026-07-26,5164703747,3,6.090000000000000e+00,USD,Shipped,
ORD-12792,2026-07-26,3922793394,2,1.124000000000000e+01,USD,Shipped,
ORD-12792,2026-07-26,2785607950,3,9.269000000000000e+01,USD,Completed,
ORD-12792,2026-07-26,5184785010,2,2.299000000000000e+01,USD,Completed,
ORD-12793,2026-07-26,602315286,4,2.250000000000000e+01,USD,Completed,
ORD-12793,2026-07-26,1160636802,3,2.799000000000000e+01,USD,Shipped,
ORD-12793,2026-07-26,10308385,2,4.430000000000000e+00,USD,Shipped,
ORD-12794,2026-07-26,5366405121,4,1.299000000000000e+01,USD,Completed,10%
ORD-12795,2026-07-26,606223683,1,2.862000000000000e+01,USD,Completed,
ORD-12795,2026-07-26,299112609,1,3.995000000000000e+01,USD,Shipped,
ORD-12795,2026-07-26,3560683924,2,3.990000000000000e+00,USD,Completed,
ORD-12796,2026-07-26,373855792,4,2.296000000000000e+01,USD,Completed,
ORD-12796,2026-07-26,3876384696,4,6.998999999999999e+01,USD,Completed,
ORD-12797,2026-07-26,5618790028,4,1.499000000000000e+01,USD,Completed,
ORD-12798,2026-07-26,2017664333,3,99,USD,Shipped,
ORD-12798,2026-07-26,5144555813,4,4.499000000000000e+01,USD,Shipped,
ORD-12798,2026-07-26,1995467623,4,2.399000000000000e+01,USD,Completed,
ORD-12799,2026-07-26,5170388947,3,1.058000000000000e+01,USD,Completed,
ORD-12799,2026-07-26,1204774750,2,6.898999999999999e+01,USD,Completed,
ORD-12799,2026-07-26,839659160,3,4.999000000000000e+01,USD,Completed,
ORD-12800,2026-07-26,839659160,4,4.999000000000000e+01,USD,Shipped,
ORD-12800,2026-07-26,321811404,4,2.799000000000000e+01,USD,Shipped,10%
ORD-12801,2026-07-26,3053955490,4,1.619000000000000e+01,USD,Completed,
ORD-12801,2026-07-26,2128773109,2,3.999000000000000e+01,USD,Completed,
ORD-12802,2026-07-26,2128773109,4,3.999000000000000e+01,USD,Completed,
ORD-12802,2026-07-26,179112912,2,4.186000000000000e+01,USD,Shipped,
ORD-12802,2026-07-26,22374157,4,7.960000000000000e+00,USD,Completed,10%
ORD-12803,2026-07-26,381553241,3,1.399000000000000e+01,USD,Completed,
ORD-12803,2026-07-26,10801127,1,1.980000000000000e+00,USD,Completed,
ORD-12803,2026-07-26,5753314187,2,1.999000000000000e+01,USD,Completed,
ORD-12804,2026-07-26,885092913,4,3.330000000000000e+01,USD,Completed,
ORD-12805,2026-07-26,910055282,4,1.099000000000000e+01,USD,Completed,
ORD-12805,2026-07-26,28926816,1,7.940000000000000e+00,USD,Completed,
ORD-12805,2026-07-26,903463722,1,2.309000000000000e+01,USD,Completed,
ORD-12806,2026-07-26,5809585615,1,1.595000000000000e+01,USD,Completed,10%
ORD-12807,2026-07-26,189455189,3,7.298999999999999e+01,USD,Shipped,
ORD-12807,2026-07-26,5417683805,1,1.498000000000000e+01,USD,Completed,
ORD-12807,2026-07-26,259195843,3,2.995000000000000e+01,USD,Shipped,
ORD-12808,2026-07-26,5506488018,3,1.998000000000000e+01,USD,Completed,10%
ORD-12808,2026-07-26,6045904134,2,2.499000000000000e+01,USD,Completed,
ORD-12809,2026-07-26,3855217628,3,1.497000000000000e+01,USD,Completed,
ORD-12809,2026-07-26,1921006587,2,2.159000000000000e+01,USD,Completed,
ORD-12809,2026-07-26,5323625259,1,25,USD,Completed,
ORD-12810,2026-07-26,381553241,3,1.399000000000000e+01,USD,Completed,
ORD-12810,2026-07-26,1570467303,3,2.799000000000000e+01,USD,Completed,
ORD-12811,2026-07-26,1728596655,3,1.398000000000000e+01,USD,Shipped,
ORD-12811,2026-07-26,1017487270,4,2.999000000000000e+01,USD,Completed,
ORD-12812,2026-07-26,3440558193,4,2.198000000000000e+01,USD,Completed,
ORD-12812,2026-07-26,431812530,4,1.998000000000000e+01,USD,Completed,
ORD-12812,2026-07-26,22374157,1,7.960000000000000e+00,USD,Completed,10%
ORD-12813,2026-07-26,3876384696,2,6.998999999999999e+01,USD,Shipped,
ORD-12813,2026-07-26,54973324,1,2.407000000000000e+01,USD,Completed,
ORD-12813,2026-07-26,3922793394,2,1.124000000000000e+01,USD,Shipped,
ORD-12814,2026-07-26,1997340049,1,2.399000000000000e+01,USD,Completed,
ORD-12814,2026-07-26,1774083175,4,2.999000000000000e+01,USD,Completed,
ORD-12814,2026-07-26,1543169305,2,1.299000000000000e+01,USD,Shipped,
ORD-12815,2026-07-26,6126862324,2,3.497000000000000e+01,USD,Shipped,10%
ORD-12816,2026-07-26,1267967836,1,8.698999999999999e+01,USD,Completed,
ORD-12816,2026-07-26,422458903,4,1.998000000000000e+01,USD,Completed,
ORD-12817,2026-07-26,152355819,3,5.624000000000000e+01,USD,Completed,10%
ORD-12818,2026-07-26,2844883584,1,2.494000000000000e+01,USD,Completed,
ORD-12818,2026-07-26,602748918,3,1.499000000000000e+01,USD,Completed,
ORD-12819,2026-07-26,5219876777,2,6.130000000000000e+00,USD,Completed,
ORD-12819,2026-07-26,907847604,4,2.210000000000000e+01,USD,Completed,10%
ORD-12819,2026-07-26,618032539,4,1.299000000000000e+01,USD,Completed,
ORD-12820,2026-07-26,141988874,3,5.850000000000000e+00,USD,Completed,
ORD-12821,2026-07-26,5164703747,3,6.090000000000000e+00,USD,Completed,
ORD-12821,2026-07-26,265927683,4,1.799000000000000e+01,USD,Shipped,
ORD-12822,2026-07-26,435835263,2,9.990000000000000e+00,USD,Completed,
ORD-12822,2026-07-26,179112912,4,4.186000000000000e+01,USD,Shipped,
ORD-12823,2026-07-26,5242746669,1,8,USD,Completed,
ORD-12824,2026-07-26,34203165,3,1.673000000000000e+01,USD,Completed,
ORD-12825,2026-07-26,904020893,3,4.649000000000000e+01,USD,Completed,
ORD-12825,2026-07-26,887668036,1,4.139000000000000e+01,USD,Completed,
ORD-12825,2026-07-26,2580740549,4,1.062000000000000e+01,USD,Shipped,10%
ORD-12826,2026-07-26,110779998,4,2.999000000000000e+01,USD,Completed,10%
ORD-12826,2026-07-26,287819116,2,2.629000000000000e+01,USD,Shipped,
ORD-12826,2026-07-26,569572519,3,2.175000000000000e+01,USD,Completed,10%
ORD-12827,2026-07-26,385780287,2,5.198000000000000e+01,USD,Completed,
ORD-12828,2026-07-26,1728596655,4,1.398000000000000e+01,USD,Completed,
ORD-12828,2026-07-26,5209344136,2,2.999000000000000e+01,USD,Completed,
ORD-12829,2026-07-26,432928663,1,2.880000000000000e+01,USD,Completed,
ORD-12829,2026-07-26,5144555813,2,4.499000000000000e+01,USD,Completed,
ORD-12830,2026-07-26,1825469871,1,1.699000000000000e+01,USD,Completed,
ORD-12831,2026-07-26,952556801,1,2.899000000000000e+01,USD,Completed,
ORD-12832,2026-07-26,1722962454,3,1.035000000000000e+01,USD,Shipped,
ORD-12832,2026-07-26,5809585615,4,1.595000000000000e+01,USD,Completed,
ORD-12833,2026-07-26,1435754084,1,1.197000000000000e+01,USD,Completed,10%
ORD-12833,2026-07-26,2844883584,1,2.494000000000000e+01,USD,Completed,
ORD-12834,2026-07-26,432928663,3,2.880000000000000e+01,USD,Completed,
ORD-12835,2026-07-26,1932369237,4,3.299000000000000e+01,USD,Shipped,
ORD-12835,2026-07-26,385780287,1,5.198000000000000e+01,USD,Completed,
ORD-12835,2026-07-26,182543171,2,4.860000000000000e+00,USD,Completed,
ORD-12836,2026-07-26,1210385172,4,3.959000000000000e+01,USD,Completed,
ORD-12837,2026-07-26,5443068156,1,1.499000000000000e+01,USD,Completed,10%
ORD-12837,2026-07-26,1017487270,3,2.999000000000000e+01,USD,Completed,
ORD-12837,2026-07-26,2232013390,4,6.980000000000000e+00,USD,Completed,
ORD-12838,2026-07-26,512809025,1,28,USD,Completed,10%
ORD-12839,2026-07-26,141988874,3,5.850000000000000e+00,USD,Shipped,
ORD-12839,2026-07-26,886368088,4,5.940000000000000e+00,USD,Completed,
ORD-12840,2026-07-26,112580004,1,2.549000000000000e+01,USD,Completed,
ORD-12840,2026-07-26,455894581,3,2.999000000000000e+01,USD,Completed,10%
ORD-12841,2026-07-26,6126862324,1,3.497000000000000e+01,USD,Completed,10%
ORD-12842,2026-07-26,1009224046,4,2.199000000000000e+01,USD,Completed,
ORD-12842,2026-07-26,102593173,3,1.980000000000000e+01,USD,Shipped,
ORD-12842,2026-07-26,27230944,1,3.343000000000000e+01,USD,Shipped,10%
ORD-12843,2026-07-26,2747441586,3,2.999000000000000e+01,USD,Completed,
ORD-12843,2026-07-26,173530386,1,2.290000000000000e+01,USD,Completed,
ORD-12844,2026-07-26,5327761690,4,2.499000000000000e+01,USD,Shipped,
ORD-12845,2026-07-26,5219131585,4,1.399000000000000e+01,USD,Completed,
ORD-12845,2026-07-26,751510659,2,9.940000000000000e+00,USD,Completed,
ORD-12845,2026-07-26,3813188391,4,1.999000000000000e+01,USD,Completed,
ORD-12846,2026-07-26,602748918,1,1.499000000000000e+01,USD,Completed,
ORD-12846,2026-07-26,5291664103,1,1.383000000000000e+01,USD,Completed,
ORD-12847,2026-07-26,5662896790,1,2.594000000000000e+01,USD,Completed,
ORD-12847,2026-07-26,5480667546,4,1.040000000000000e+01,USD,Completed,
ORD-12848,2026-07-26,802163708,4,2.482000000000000e+01,USD,Completed,10%
ORD-12848,2026-07-26,2544735639,2,3.199000000000000e+01,USD,Shipped,
ORD-12849,2026-07-26,33685485,4,1.119000000000000e+01,USD,Completed,10%
ORD-12849,2026-07-26,5066959782,2,1.280000000000000e+01,USD,Completed,
ORD-12850,2026-07-26,215916201,1,1.396000000000000e+01,USD,Completed,
ORD-12850,2026-07-26,1766457787,1,5.790000000000000e+00,USD,Completed,
ORD-12850,2026-07-26,904020893,3,4.649000000000000e+01,USD,Completed,
ORD-12851,2026-07-26,10294885,2,2.720000000000000e+00,USD,Completed,
ORD-12851,2026-07-26,1435754084,1,1.197000000000000e+01,USD,Completed,
ORD-12851,2026-07-26,46068414,2,1.613000000000000e+01,USD,Shipped,
ORD-12852,2026-07-26,1184268274,2,9.869999999999999e+00,USD,Completed,
ORD-12852,2026-07-26,37684787,1,1.320000000000000e+01,USD,Completed,
ORD-12852,2026-07-26,569572519,3,2.175000000000000e+01,USD,Shipped,
ORD-12853,2026-07-26,5379906696,3,1.498000000000000e+01,USD,Completed,
ORD-12853,2026-07-26,179112912,4,4.186000000000000e+01,USD,Shipped,
ORD-12854,2026-07-26,182579201,1,1.709000000000000e+01,USD,Completed,10%
ORD-12854,2026-07-26,5440778555,2,1.030000000000000e+01,USD,Completed,10%
ORD-12855,2026-07-26,34203165,3,1.673000000000000e+01,USD,Shipped,
ORD-12856,2026-07-26,5397071399,4,1.299000000000000e+01,USD,Shipped,
ORD-12856,2026-07-26,3053955490,4,1.619000000000000e+01,USD,Completed,
ORD-12857,2026-07-26,6045904134,1,2.499000000000000e+01,USD,Shipped,
ORD-12858,2026-07-26,907847604,4,2.210000000000000e+01,USD,Completed,
ORD-12858,2026-07-26,1974609871,3,1.495000000000000e+01,USD,Completed,
ORD-12858,2026-07-26,744949530,2,1.799000000000000e+01,USD,Completed,
ORD-12859,2026-07-26,6838112687,1,2.920000000000000e+01,USD,Shipped,
ORD-12860,2026-07-26,5323625259,3,25,USD,Shipped,
ORD-12860,2026-07-26,546469522,4,1.499000000000000e+01,USD,Completed,
ORD-12861,2026-07-26,2637400158,4,2.399000000000000e+01,USD,Completed,
ORD-12862,2026-07-26,5661609857,2,3.591000000000000e+01,USD,Completed,
ORD-12863,2026-07-26,5439347407,2,5.699900000000000e+02,USD,Completed,10%
ORD-12863,2026-07-26,5273430664,3,16,USD,Completed,
ORD-12864,2026-07-26,693758408,3,1.709000000000000e+01,USD,Shipped,
ORD-12864,2026-07-26,1184654530,2,1.999000000000000e+01,USD,Completed,
ORD-12865,2026-07-26,5506488018,1,1.998000000000000e+01,USD,Completed,
ORD-12865,2026-07-26,751510659,2,9.940000000000000e+00,USD,Completed,
ORD-12866,2026-07-26,5108346618,1,2.699900000000000e+02,USD,Completed,
ORD-12866,2026-07-26,1613734417,4,2.580000000000000e+01,USD,Completed,
ORD-12866,2026-07-26,408608184,4,8.970000000000001e+00,USD,Completed,10%
ORD-12867,2026-07-26,5439347407,3,5.699900000000000e+02,USD,Completed,
ORD-12867,2026-07-26,2747441586,4,2.999000000000000e+01,USD,Completed,10%
ORD-12868,2026-07-26,5661609857,3,3.591000000000000e+01,USD,Shipped,
ORD-12869,2026-07-26,354688867,1,3.299000000000000e+01,USD,Completed,10%
ORD-12869,2026-07-26,3813188391,4,1.999000000000000e+01,USD,Completed,
ORD-12870,2026-07-26,2570740977,3,3.399000000000000e+01,USD,Completed,
ORD-12871,2026-07-26,5661609857,4,3.591000000000000e+01,USD,Completed,
ORD-12871,2026-07-26,1009224046,2,2.199000000000000e+01,USD,Completed,
ORD-12871,2026-07-26,199440001,3,3.077000000000000e+01,USD,Completed,10%
ORD-12872,2026-07-26,179112912,4,4.186000000000000e+01,USD,Completed,10%
ORD-12873,2026-07-26,2200709686,1,1.408000000000000e+02,USD,Shipped,
ORD-12873,2026-07-26,1323968162,2,3.554000000000000e+01,USD,Completed,
ORD-12874,2026-07-26,595025504,4,3.495000000000000e+01,USD,Completed,
ORD-12874,2026-07-26,2097897368,2,3.597000000000000e+01,USD,Completed,
ORD-12874,2026-07-26,864008591,3,1.495000000000000e+01,USD,Completed,
ORD-12875,2026-07-26,618032539,4,1.299000000000000e+01,USD,Completed,
ORD-12875,2026-07-26,389782477,1,1.240000000000000e+00,USD,Completed,
ORD-12875,2026-07-26,569572519,1,2.175000000000000e+01,USD,Completed,
ORD-12876,2026-07-26,2544735639,3,3.199000000000000e+01,USD,Completed,
ORD-12876,2026-07-26,259195843,2,2.995000000000000e+01,USD,Completed,
ORD-12876,2026-07-26,5219131585,4,1.399000000000000e+01,USD,Shipped,10%
ORD-12877,2026-07-26,182543171,2,4.860000000000000e+00,USD,Completed,10%
ORD-12878,2026-07-26,435835263,1,9.990000000000000e+00,USD,Completed,
ORD-12878,2026-07-26,173530386,1,2.290000000000000e+01,USD,Completed,
ORD-12878,2026-07-26,5045669548,2,2.999000000000000e+01,USD,Completed,10%
ORD-12879,2026-07-26,2166765925,4,1.975000000000000e+01,USD,Completed,
ORD-12879,2026-07-26,182579201,4,1.709000000000000e+01,USD,Completed,
ORD-12879,2026-07-26,331094227,3,3.999000000000000e+01,USD,Completed,10%
ORD-12880,2026-07-26,667101829,4,9.995000000000000e+01,USD,Completed,10%
ORD-12880,2026-07-26,3922793394,3,1.124000000000000e+01,USD,Completed,
ORD-12880,2026-07-26,1160636802,3,2.799000000000000e+01,USD,Completed,
ORD-12881,2026-07-26,848798939,3,4.647000000000000e+01,USD,Completed,
ORD-12881,2026-07-26,2007589965,1,1.471990000000000e+03,USD,Shipped,
ORD-12881,2026-07-26,287819116,4,2.629000000000000e+01,USD,Completed,
ORD-12882,2026-07-26,469036214,2,2.049900000000000e+02,USD,Completed,
ORD-12882,2026-07-26,2544735639,4,3.199000000000000e+01,USD,Completed,
ORD-12882,2026-07-26,3808974443,4,4.980000000000000e+00,USD,Completed,
ORD-12883,2026-07-26,5316176929,3,9.980000000000000e+00,USD,Completed,
ORD-12883,2026-07-26,382394597,4,1.688000000000000e+01,USD,Shipped,
ORD-12884,2026-07-26,306465658,1,5.499000000000000e+01,USD,Shipped,
ORD-12885,2026-07-26,287819116,4,2.629000000000000e+01,USD,Completed,
ORD-12885,2026-07-26,5190064929,2,3.196000000000000e+01,USD,Completed,
ORD-12886,2026-07-26,5155961106,1,2.499000000000000e+01,USD,Completed,10%
ORD-12886,2026-07-26,2007589965,3,1.471990000000000e+03,USD,Completed,
ORD-12886,2026-07-26,2002762091,3,2.999000000000000e+01,USD,Completed,10%
ORD-12887,2026-07-26,953950834,4,2.795000000000000e+01,USD,Completed,
ORD-12887,2026-07-26,1017487270,3,2.999000000000000e+01,USD,Shipped,
ORD-12887,2026-07-26,1612728569,3,5.760000000000000e+01,USD,Shipped,10%
ORD-12888,2026-07-26,5292671987,3,1.762900000000000e+02,USD,Completed,
ORD-12889,2026-07-26,1208578847,1,3.597000000000000e+01,USD,Completed,
ORD-12890,2026-07-26,910055282,4,1.099000000000000e+01,USD,Completed,
ORD-12890,2026-07-26,618032539,3,1.299000000000000e+01,USD,Completed,
ORD-12891,2026-07-26,871349337,5,2.738000000000000e+01,USD,Completed,10%
ORD-12892,2026-07-26,362341632,2,9.990000000000000e+00,USD,Completed,10%
ORD-12892,2026-07-26,287819116,4,2.629000000000000e+01,USD,Completed,10%
ORD-12893,2026-07-26,832929384,3,2.795000000000000e+01,USD,Completed,
ORD-12894,2026-07-26,6045904134,1,2.499000000000000e+01,USD,Shipped,10%
ORD-12895,2026-07-26,1426167428,4,1.599000000000000e+01,USD,Completed,10%
ORD-12896,2026-07-26,5366405121,4,1.299000000000000e+01,USD,Completed,
ORD-12896,2026-07-26,6838112687,3,2.920000000000000e+01,USD,Shipped,
ORD-12896,2026-07-26,393061304,1,2.868000000000000e+01,USD,Completed,
ORD-12897,2026-07-26,1435754084,4,1.197000000000000e+01,USD,Completed,
ORD-12898,2026-07-26,381553241,1,1.399000000000000e+01,USD,Completed,
ORD-12898,2026-07-26,232510830,3,4.999000000000000e+01,USD,Shipped,
ORD-12898,2026-07-26,602315286,3,2.250000000000000e+01,USD,Completed,10%
ORD-12899,2026-07-26,839659160,2,4.999000000000000e+01,USD,Completed,
ORD-12899,2026-07-26,832929384,2,2.795000000000000e+01,USD,Completed,
ORD-12900,2026-07-26,602748918,2,1.499000000000000e+01,USD,Completed,10%
ORD-12901,2026-07-26,3876384696,3,6.998999999999999e+01,USD,Shipped,
ORD-12901,2026-07-26,1570467303,3,2.799000000000000e+01,USD,Completed,10%
ORD-12902,2026-07-26,453089336,4,55,USD,Shipped,
ORD-12902,2026-07-26,283514640,3,1.899000000000000e+01,USD,Completed,
ORD-12902,2026-07-26,22374157,3,7.960000000000000e+00,USD,Shipped,
ORD-12903,2026-07-26,381553241,3,1.399000000000000e+01,USD,Shipped,
ORD-12903,2026-07-26,5702523237,4,1.599000000000000e+01,USD,Completed,10%
ORD-12903,2026-07-26,2010024322,1,8.880000000000001e+00,USD,Completed,
ORD-12904,2026-07-26,753681550,2,1.560000000000000e+01,USD,Shipped,
ORD-12904,2026-07-26,5663974279,4,1.994000000000000e+01,USD,Completed,
ORD-12905,2026-07-26,182579201,1,1.709000000000000e+01,USD,Shipped,
ORD-12905,2026-07-26,974265277,3,1.116200000000000e+02,USD,Completed,
ORD-12905,2026-07-26,102593173,1,1.980000000000000e+01,USD,Shipped,10%
ORD-12906,2026-07-26,381553241,2,1.399000000000000e+01,USD,Completed,
ORD-12906,2026-07-26,48812370,3,9.789999999999999e+00,USD,Completed,
ORD-12906,2026-07-26,5397071399,2,1.299000000000000e+01,USD,Completed,
ORD-12907,2026-07-26,1728596655,1,1.398000000000000e+01,USD,Completed,
ORD-12908,2026-07-26,864008591,4,1.495000000000000e+01,USD,Completed,
ORD-12909,2026-07-26,696459227,2,1.461000000000000e+01,USD,Completed,
ORD-12910,2026-07-26,232510830,1,4.999000000000000e+01,USD,Completed,
ORD-12910,2026-07-26,606223683,2,2.862000000000000e+01,USD,Completed,
ORD-12911,2026-07-26,265927683,2,1.799000000000000e+01,USD,Completed,
ORD-12912,2026-07-26,5182915849,4,1.998000000000000e+01,USD,Completed,
ORD-12912,2026-07-26,1983309413,4,4.499000000000000e+01,USD,Completed,
ORD-12913,2026-07-26,1997340049,2,2.399000000000000e+01,USD,Shipped,10%
ORD-12913,2026-07-26,5366405121,4,1.299000000000000e+01,USD,Completed,
ORD-12914,2026-07-26,1764748346,3,1.598000000000000e+01,USD,Completed,
ORD-12915,2026-07-26,5053396247,2,1.499000000000000e+01,USD,Completed,
ORD-12915,2026-07-26,832929384,4,2.795000000000000e+01,USD,Completed,10%
ORD-12915,2026-07-26,411359040,2,30,USD,Completed,
ORD-12916,2026-07-26,435835263,2,9.990000000000000e+00,USD,Completed,
ORD-12916,2026-07-26,3483895520,1,1.297000000000000e+01,USD,Completed,
ORD-12917,2026-07-26,33685485,3,1.119000000000000e+01,USD,Shipped,
ORD-12918,2026-07-26,422458903,4,1.998000000000000e+01,USD,Completed,
ORD-12918,2026-07-26,1624985447,4,3.970000000000000e+00,USD,Completed,
ORD-12919,2026-07-26,257806313,4,1.954000000000000e+01,USD,Completed,
ORD-12919,2026-07-26,408608184,3,8.970000000000001e+00,USD,Completed,
ORD-12919,2026-07-26,3855217628,1,1.497000000000000e+01,USD,Shipped,
ORD-12920,2026-07-26,189455189,2,7.298999999999999e+01,USD,Completed,10%
ORD-12920,2026-07-26,5440778555,2,1.030000000000000e+01,USD,Completed,
ORD-12920,2026-07-26,696459227,2,1.461000000000000e+01,USD,Completed,
ORD-12921,2026-07-26,264801526,1,2.249000000000000e+01,USD,Shipped,10%
ORD-12921,2026-07-26,5291664103,2,1.383000000000000e+01,USD,Completed,
ORD-12921,2026-07-26,5480667546,2,1.040000000000000e+01,USD,Completed,
ORD-12922,2026-07-26,354688867,4,3.299000000000000e+01,USD,Shipped,
ORD-12923,2026-07-26,5344195287,3,2.199000000000000e+01,USD,Shipped,
ORD-12923,2026-07-26,1426167428,3,1.599000000000000e+01,USD,Completed,
ORD-12923,2026-07-26,1359948905,1,3.277000000000000e+01,USD,Completed,
ORD-12924,2026-07-26,1184268274,4,9.869999999999999e+00,USD,Completed,
ORD-12924,2026-07-26,1093743201,3,2.599000000000000e+01,USD,Completed,10%
ORD-12924,2026-07-26,910055282,3,1.099000000000000e+01,USD,Completed,
ORD-12925,2026-07-26,790957653,3,1.245000000000000e+01,USD,Completed,
ORD-12925,2026-07-26,100662878,2,2.199000000000000e+01,USD,Completed,10%
ORD-12926,2026-07-26,5702523237,4,1.599000000000000e+01,USD,Completed,
ORD-12927,2026-07-26,1792864118,3,5.790000000000000e+00,USD,Completed,
ORD-12928,2026-07-26,6045904134,3,2.499000000000000e+01,USD,Shipped,10%
ORD-12928,2026-07-26,3511393855,1,25,USD,Completed,
ORD-12929,2026-07-26,102593173,2,1.980000000000000e+01,USD,Shipped,
ORD-12929,2026-07-26,5118743904,1,2.899000000000000e+01,USD,Shipped,
ORD-12930,2026-07-26,1507001378,3,9.900000000000000e-01,USD,Completed,
ORD-12931,2026-07-26,2138573500,2,1.599000000000000e+01,USD,Completed,
ORD-12931,2026-07-26,393061304,1,2.868000000000000e+01,USD,Completed,
ORD-12932,2026-07-26,618032539,1,1.299000000000000e+01,USD,Completed,10%
ORD-12932,2026-07-26,1341833689,3,1.499000000000000e+01,USD,Completed,
ORD-12933,2026-07-26,1231760315,3,1.999000000000000e+01,USD,Completed,10%
ORD-12934,2026-07-27,1462273455,4,9.100000000000000e-01,USD,Completed,
ORD-12934,2026-07-27,141757585,1,1.499000000000000e+01,USD,Shipped,10%
ORD-12934,2026-07-27,5066959782,2,1.280000000000000e+01,USD,Shipped,
ORD-12935,2026-07-27,1204774750,3,6.898999999999999e+01,USD,Completed,
ORD-12935,2026-07-27,588404711,3,8.909999999999999e+01,USD,Completed,
ORD-12936,2026-07-27,5184785010,3,2.299000000000000e+01,USD,Completed,
ORD-12936,2026-07-27,5155961106,2,2.499000000000000e+01,USD,Completed,
ORD-12936,2026-07-27,1764748346,1,1.598000000000000e+01,USD,Completed,10%
ORD-12937,2026-07-27,693758408,2,1.709000000000000e+01,USD,Completed,
ORD-12938,2026-07-27,573614161,4,9.060000000000000e+00,USD,Completed,
ORD-12939,2026-07-27,3053955490,1,1.619000000000000e+01,USD,Completed,
ORD-12940,2026-07-27,28926816,3,7.940000000000000e+00,USD,Shipped,
ORD-12940,2026-07-27,5043424192,2,1.799000000000000e+01,USD,Completed,
ORD-12940,2026-07-27,615343705,1,2.767000000000000e+01,USD,Shipped,
ORD-12941,2026-07-27,2503512087,2,1.080000000000000e+01,USD,Completed,
ORD-12941,2026-07-27,179112912,1,4.186000000000000e+01,USD,Completed,
ORD-12941,2026-07-27,27230944,2,3.343000000000000e+01,USD,Shipped,
ORD-12942,2026-07-27,5379906696,4,1.498000000000000e+01,USD,Completed,
ORD-12942,2026-07-27,6494751477,2,1.499000000000000e+01,USD,Completed,10%
ORD-12943,2026-07-27,5327761690,1,2.499000000000000e+01,USD,Completed,
ORD-12943,2026-07-27,391028302,1,1.078000000000000e+01,USD,Completed,
ORD-12945,2026-07-27,2749504314,1,1.999000000000000e+01,USD,Shipped,
ORD-12945,2026-07-27,1204774750,1,6.898999999999999e+01,USD,Completed,
ORD-12945,2026-07-27,5273430664,1,16,USD,Completed,
ORD-12946,2026-07-27,2749504314,2,1.999000000000000e+01,USD,Completed,
ORD-12947,2026-07-27,1727244137,2,7.598999999999999e+01,USD,Completed,
ORD-12947,2026-07-27,1995467623,4,2.399000000000000e+01,USD,Completed,
ORD-12947,2026-07-27,2097897368,1,3.597000000000000e+01,USD,Completed,
ORD-12948,2026-07-27,886368088,4,5.940000000000000e+00,USD,Completed,10%
ORD-12949,2026-07-27,5480667546,3,1.040000000000000e+01,USD,Completed,10%
ORD-12950,2026-07-27,54973324,3,2.407000000000000e+01,USD,Completed,
ORD-12950,2026-07-27,242303426,4,8.720000000000001e+00,USD,Completed,
ORD-12951,2026-07-27,891036133,2,2.209000000000000e+01,USD,Shipped,10%
ORD-12951,2026-07-27,5108346618,1,2.699900000000000e+02,USD,Shipped,
ORD-12952,2026-07-27,907847604,3,2.210000000000000e+01,USD,Completed,
ORD-12952,2026-07-27,242303426,3,8.720000000000001e+00,USD,Completed,
ORD-12952,2026-07-27,1336755092,4,1.499000000000000e+01,USD,Completed,
ORD-12953,2026-07-27,3046604016,4,5.299000000000000e+01,USD,Completed,
ORD-12953,2026-07-27,693758408,1,1.709000000000000e+01,USD,Completed,
ORD-12953,2026-07-27,5344195287,2,2.199000000000000e+01,USD,Completed,
ORD-12954,2026-07-27,896931395,3,1.529000000000000e+01,USD,Completed,
ORD-12954,2026-07-27,1974609871,1,1.495000000000000e+01,USD,Completed,
ORD-12955,2026-07-27,3824041405,2,6.744000000000000e+01,USD,Completed,
ORD-12955,2026-07-27,5108346618,2,2.699900000000000e+02,USD,Completed,
ORD-12955,2026-07-27,5768017984,1,6.660000000000000e+00,USD,Completed,10%
ORD-12956,2026-07-27,903463722,4,2.309000000000000e+01,USD,Completed,
ORD-12956,2026-07-27,2570740977,3,3.399000000000000e+01,USD,Completed,10%
ORD-12957,2026-07-27,606223683,1,2.862000000000000e+01,USD,Completed,
ORD-12957,2026-07-27,6838112687,1,2.920000000000000e+01,USD,Completed,
ORD-12957,2026-07-27,381553241,1,1.399000000000000e+01,USD,Shipped,
ORD-12958,2026-07-27,431812530,2,1.998000000000000e+01,USD,Shipped,10%
ORD-12958,2026-07-27,48812370,4,9.789999999999999e+00,USD,Completed,
ORD-12959,2026-07-27,512420879,2,9.990000000000000e+00,USD,Completed,
ORD-12960,2026-07-27,953950834,1,2.795000000000000e+01,USD,Completed,
ORD-12960,2026-07-27,391028302,4,1.078000000000000e+01,USD,Completed,
ORD-12960,2026-07-27,2968552747,1,9.630000000000001e+00,USD,Shipped,
ORD-12961,2026-07-27,189455189,4,7.298999999999999e+01,USD,Completed,10%
ORD-12961,2026-07-27,46068414,1,1.613000000000000e+01,USD,Completed,
ORD-12962,2026-07-27,910055282,3,1.099000000000000e+01,USD,Shipped,
ORD-12962,2026-07-27,257806313,2,1.954000000000000e+01,USD,Completed,
ORD-12962,2026-07-27,5045669548,2,2.999000000000000e+01,USD,Completed,
ORD-12963,2026-07-27,432928663,2,2.880000000000000e+01,USD,Completed,
ORD-12963,2026-07-27,182543171,4,4.860000000000000e+00,USD,Shipped,
ORD-12964,2026-07-27,896599636,2,2.719000000000000e+01,USD,Completed,
ORD-12964,2026-07-27,5353145797,1,1.079000000000000e+01,USD,Completed,
ORD-12964,2026-07-27,182543171,4,4.860000000000000e+00,USD,Shipped,
ORD-12965,2026-07-27,2968552747,3,9.630000000000001e+00,USD,Completed,
ORD-12965,2026-07-27,1774083175,1,2.999000000000000e+01,USD,Completed,
ORD-12966,2026-07-27,1462273455,1,9.100000000000000e-01,USD,Completed,10%
ORD-12967,2026-07-27,1856819911,3,6.290000000000000e+00,USD,Completed,
ORD-12968,2026-07-27,393061304,4,2.868000000000000e+01,USD,Completed,
ORD-12968,2026-07-27,1612728569,2,5.760000000000000e+01,USD,Completed,
ORD-12969,2026-07-27,215916201,2,1.396000000000000e+01,USD,Completed,
ORD-12969,2026-07-27,310097871,1,1.499000000000000e+01,USD,Completed,
ORD-12970,2026-07-27,2868760641,2,2.399000000000000e+01,USD,Completed,10%
ORD-12971,2026-07-27,5170388947,3,1.058000000000000e+01,USD,Completed,
ORD-12971,2026-07-27,5443068156,3,1.499000000000000e+01,USD,Completed,
ORD-12971,2026-07-27,871349337,4,2.738000000000000e+01,USD,Completed,
ORD-12972,2026-07-27,908232424,4,3.698000000000000e+01,USD,Completed,
ORD-12972,2026-07-27,1210385172,1,3.959000000000000e+01,USD,Completed,
ORD-12973,2026-07-27,667101829,3,9.995000000000000e+01,USD,Shipped,
ORD-12973,2026-07-27,2138573500,3,1.599000000000000e+01,USD,Shipped,
ORD-12974,2026-07-27,3212008907,2,3,USD,Completed,10%
ORD-12974,2026-07-27,952556801,3,2.899000000000000e+01,USD,Completed,
ORD-12974,2026-07-27,786691113,4,1.053000000000000e+01,USD,Completed,
ORD-12975,2026-07-27,5262717138,3,2.597000000000000e+01,USD,Completed,
ORD-12975,2026-07-27,5168273880,4,1.198000000000000e+01,USD,Completed,
ORD-12975,2026-07-27,382394597,1,1.688000000000000e+01,USD,Completed,
ORD-12976,2026-07-27,1974609871,1,1.495000000000000e+01,USD,Completed,
ORD-12976,2026-07-27,5292671987,2,1.762900000000000e+02,USD,Completed,
ORD-12977,2026-07-27,3560683924,3,3.990000000000000e+00,USD,Completed,10%
ORD-12978,2026-07-27,910055282,4,1.099000000000000e+01,USD,Completed,
ORD-12978,2026-07-27,5294092563,1,9.980000000000000e+00,USD,Completed,
ORD-12978,2026-07-27,2580740549,4,1.062000000000000e+01,USD,Completed,
ORD-12979,2026-07-27,1543169305,4,1.299000000000000e+01,USD,Completed,
ORD-12979,2026-07-27,321811404,1,2.799000000000000e+01,USD,Completed,
ORD-12979,2026-07-27,573614161,4,9.060000000000000e+00,USD,Completed,
ORD-12980,2026-07-27,257806313,4,1.954000000000000e+01,USD,Completed,
ORD-12980,2026-07-27,531529503,1,2.339000000000000e+01,USD,Completed,
ORD-12981,2026-07-27,802163708,2,2.482000000000000e+01,USD,Completed,
ORD-12982,2026-07-27,5316176929,4,9.980000000000000e+00,USD,Completed,
ORD-12982,2026-07-27,887668036,4,4.139000000000000e+01,USD,Completed,
ORD-12983,2026-07-27,5316176929,3,9.980000000000000e+00,USD,Completed,
ORD-12984,2026-07-27,891036133,1,2.209000000000000e+01,USD,Completed,
ORD-12984,2026-07-27,393101003,4,1.986000000000000e+01,USD,Shipped,
ORD-12984,2026-07-27,28926816,4,7.940000000000000e+00,USD,Completed,
ORD-12985,2026-07-27,546469522,1,1.499000000000000e+01,USD,Completed,
ORD-12985,2026-07-27,1995467623,3,2.399000000000000e+01,USD,Completed,10%
ORD-12985,2026-07-27,199440001,2,3.077000000000000e+01,USD,Completed,
ORD-12986,2026-07-27,693758408,4,1.709000000000000e+01,USD,Completed,
ORD-12986,2026-07-27,887668036,4,4.139000000000000e+01,USD,Shipped,
ORD-12986,2026-07-27,3511393855,3,25,USD,Completed,
ORD-12987,2026-07-27,264801526,1,2.249000000000000e+01,USD,Completed,
ORD-12987,2026-07-27,667101829,2,9.995000000000000e+01,USD,Shipped,10%
ORD-12987,2026-07-27,3402143185,1,3.280000000000000e+00,USD,Shipped,
ORD-12988,2026-07-27,1932369237,1,3.299000000000000e+01,USD,Completed,
ORD-12988,2026-07-27,5642502722,2,3.239000000000000e+01,USD,Completed,
ORD-12989,2026-07-27,348784401,1,2.249000000000000e+01,USD,Completed,
ORD-12989,2026-07-27,2017664333,3,99,USD,Shipped,
ORD-12990,2026-07-27,110779998,4,2.999000000000000e+01,USD,Completed,
ORD-12990,2026-07-27,2232013390,3,6.980000000000000e+00,USD,Completed,
ORD-12990,2026-07-27,6918363302,3,2.399000000000000e+01,USD,Completed,
ORD-12991,2026-07-27,5329337627,3,24,USD,Shipped,
ORD-12991,2026-07-27,920987081,3,3.795000000000000e+01,USD,Completed,
ORD-12991,2026-07-27,1462273455,3,9.100000000000000e-01,USD,Completed,
ORD-12992,2026-07-27,3876384696,3,6.998999999999999e+01,USD,Completed,10%
ORD-12992,2026-07-27,293084792,1,44,USD,Completed,10%
ORD-12993,2026-07-27,908201566,3,1.056000000000000e+01,USD,Completed,10%
ORD-12994,2026-07-27,5658552152,3,1.499000000000000e+01,USD,Shipped,
ORD-12994,2026-07-27,232510830,1,4.999000000000000e+01,USD,Shipped,
ORD-12994,2026-07-27,6838112687,1,2.920000000000000e+01,USD,Completed,
ORD-12995,2026-07-27,422458903,4,1.998000000000000e+01,USD,Completed,
ORD-12996,2026-07-27,5045669548,4,2.999000000000000e+01,USD,Completed,
ORD-12996,2026-07-27,2968552747,3,9.630000000000001e+00,USD,Completed,
ORD-12997,2026-07-27,953950834,4,2.795000000000000e+01,USD,Shipped,
ORD-12997,2026-07-27,310097871,3,1.499000000000000e+01,USD,Completed,
ORD-12998,2026-07-27,615343705,2,2.767000000000000e+01,USD,Completed,
ORD-12999,2026-07-27,5327761690,1,2.499000000000000e+01,USD,Completed,
ORD-12999,2026-07-27,1226940529,2,3.210000000000000e+00,USD,Completed,
ORD-13000,2026-07-27,112580004,2,2.549000000000000e+01,USD,Shipped,
ORD-13001,2026-07-27,5043424192,3,1.799000000000000e+01,USD,Completed,
ORD-13001,2026-07-27,3876384696,2,6.998999999999999e+01,USD,Shipped,10%
ORD-13002,2026-07-27,573614161,1,9.060000000000000e+00,USD,Completed,
ORD-13002,2026-07-27,904020893,2,4.649000000000000e+01,USD,Completed,
ORD-13002,2026-07-27,1231760315,4,1.999000000000000e+01,USD,Shipped,10%
ORD-13003,2026-07-27,2232013390,2,6.980000000000000e+00,USD,Completed,
ORD-13003,2026-07-27,377862424,2,9.990000000000000e+00,USD,Completed,
ORD-13003,2026-07-27,293084792,1,44,USD,Completed,
ORD-13004,2026-07-27,5664556275,4,2.541000000000000e+01,USD,Completed,
ORD-13004,2026-07-27,839659160,4,4.999000000000000e+01,USD,Completed,
ORD-13004,2026-07-27,1766457787,3,5.790000000000000e+00,USD,Shipped,
ORD-13005,2026-07-27,1331751223,3,1.388000000000000e+01,USD,Completed,
ORD-13005,2026-07-27,5170388947,4,1.058000000000000e+01,USD,Completed,
ORD-13005,2026-07-27,5540168677,3,2.999000000000000e+01,USD,Completed,
ORD-13006,2026-07-27,5506488018,2,1.998000000000000e+01,USD,Completed,
ORD-13006,2026-07-27,529767263,1,4.847000000000000e+01,USD,Shipped,
ORD-13007,2026-07-27,34203165,3,1.673000000000000e+01,USD,Shipped,10%
ORD-13007,2026-07-27,3808974443,1,4.980000000000000e+00,USD,Completed,10%
ORD-13008,2026-07-27,182579201,3,1.709000000000000e+01,USD,Completed,10%
ORD-13008,2026-07-27,2544735639,1,3.199000000000000e+01,USD,Completed,
ORD-13008,2026-07-27,1728596655,1,1.398000000000000e+01,USD,Completed,
ORD-13009,2026-07-27,2097897368,3,3.597000000000000e+01,USD,Completed,
ORD-13009,2026-07-27,2126911017,2,1.999000000000000e+01,USD,Completed,
ORD-13010,2026-07-27,5262717138,2,2.597000000000000e+01,USD,Completed,
ORD-13011,2026-07-27,422458903,1,1.998000000000000e+01,USD,Shipped,10%
ORD-13012,2026-07-27,1983309413,2,4.499000000000000e+01,USD,Completed,
ORD-13013,2026-07-27,1649464157,3,1.799000000000000e+01,USD,Completed,
ORD-13013,2026-07-27,744949530,2,1.799000000000000e+01,USD,Completed,10%
ORD-13013,2026-07-27,5480667546,3,1.040000000000000e+01,USD,Completed,
ORD-13014,2026-07-27,34203165,3,1.673000000000000e+01,USD,Shipped,
ORD-13014,2026-07-27,2570740977,2,3.399000000000000e+01,USD,Completed,
ORD-13015,2026-07-27,2868760641,4,2.399000000000000e+01,USD,Completed,
ORD-13015,2026-07-27,2097897368,2,3.597000000000000e+01,USD,Completed,
ORD-13016,2026-07-27,5292671987,4,1.762900000000000e+02,USD,Completed,
ORD-13017,2026-07-27,555974352,1,3.605000000000000e+01,USD,Completed,
ORD-13017,2026-07-27,247655086,3,4.797000000000000e+01,USD,Completed,
ORD-13018,2026-07-27,3813188391,2,1.999000000000000e+01,USD,Completed,
ORD-13018,2026-07-27,385780287,1,5.198000000000000e+01,USD,Completed,
ORD-13018,2026-07-27,48812370,3,9.789999999999999e+00,USD,Shipped,
ORD-13019,2026-07-27,6013308220,3,3.324000000000000e+01,USD,Completed,
ORD-13019,2026-07-27,5062553620,1,9.840000000000000e+00,USD,Completed,
ORD-13020,2026-07-27,5440778555,1,1.030000000000000e+01,USD,Completed,10%
ORD-13020,2026-07-27,555974352,1,3.605000000000000e+01,USD,Completed,
ORD-13021,2026-07-27,5164703747,1,6.090000000000000e+00,USD,Shipped,
ORD-13021,2026-07-27,382394597,3,1.688000000000000e+01,USD,Shipped,
ORD-13021,2026-07-27,907847604,4,2.210000000000000e+01,USD,Completed,
ORD-13022,2026-07-27,5264765893,3,2.999000000000000e+01,USD,Completed,
ORD-13023,2026-07-27,5295270812,1,3.549900000000000e+02,USD,Shipped,
ORD-13023,2026-07-27,1995467623,4,2.399000000000000e+01,USD,Completed,
ORD-13024,2026-07-27,25997723,4,6.490000000000001e+01,USD,Completed,
ORD-13024,2026-07-27,182579201,1,1.709000000000000e+01,USD,Shipped,
ORD-13024,2026-07-27,2544735639,4,3.199000000000000e+01,USD,Completed,
ORD-13025,2026-07-27,1897403279,2,1.189000000000000e+01,USD,Completed,
ORD-13026,2026-07-27,389782477,3,1.240000000000000e+00,USD,Completed,
ORD-13026,2026-07-27,5150469476,1,6.399000000000000e+01,USD,Completed,
ORD-13027,2026-07-27,910055282,3,1.099000000000000e+01,USD,Completed,
ORD-13027,2026-07-27,422458903,2,1.998000000000000e+01,USD,Completed,
ORD-13027,2026-07-27,5618790028,2,1.499000000000000e+01,USD,Completed,
ORD-13028,2026-07-27,802163708,1,2.482000000000000e+01,USD,Completed,
ORD-13029,2026-07-27,886368088,1,5.940000000000000e+00,USD,Completed,
ORD-13029,2026-07-27,5540168677,3,2.999000000000000e+01,USD,Completed,
ORD-13030,2026-07-27,381632255,4,7.298999999999999e+01,USD,Shipped,
ORD-13030,2026-07-27,1267967836,2,8.698999999999999e+01,USD,Completed,
ORD-13031,2026-07-27,229653852,4,1.399000000000000e+01,USD,Completed,
ORD-13032,2026-07-27,2968552747,3,9.630000000000001e+00,USD,Completed,
ORD-13032,2026-07-27,829098148,4,5.199000000000000e+01,USD,Shipped,10%
ORD-13033,2026-07-27,6918363302,3,2.399000000000000e+01,USD,Completed,
ORD-13033,2026-07-27,1792864118,3,5.790000000000000e+00,USD,Completed,
ORD-13034,2026-07-27,48812370,2,9.789999999999999e+00,USD,Completed,
ORD-13034,2026-07-27,2113674813,1,1.168000000000000e+02,USD,Completed,
ORD-13034,2026-07-27,944207748,3,3.899000000000000e+01,USD,Completed,
ORD-13035,2026-07-27,33685485,1,1.119000000000000e+01,USD,Completed,
ORD-13035,2026-07-27,5664556275,2,2.541000000000000e+01,USD,Completed,
ORD-13035,2026-07-27,10997171,1,1.012000000000000e+01,USD,Completed,
ORD-13036,2026-07-27,5344195287,3,2.199000000000000e+01,USD,Completed,
ORD-13036,2026-07-27,393101003,3,1.986000000000000e+01,USD,Completed,
ORD-13037,2026-07-27,1649464157,1,1.799000000000000e+01,USD,Completed,
ORD-13037,2026-07-27,669112285,1,9.890000000000001e+00,USD,Completed,
ORD-13038,2026-07-27,5045669548,1,2.999000000000000e+01,USD,Shipped,10%
ORD-13039,2026-07-27,1184268274,1,9.869999999999999e+00,USD,Completed,
ORD-13040,2026-07-27,232510830,4,4.999000000000000e+01,USD,Shipped,
ORD-13040,2026-07-27,696459227,2,1.461000000000000e+01,USD,Completed,
ORD-13040,2026-07-27,25997723,3,6.490000000000001e+01,USD,Completed,
ORD-13041,2026-07-27,896931395,3,1.529000000000000e+01,USD,Completed,
ORD-13042,2026-07-27,5344195287,2,2.199000000000000e+01,USD,Completed,
ORD-13042,2026-07-27,1727244137,3,7.598999999999999e+01,USD,Completed,
ORD-13042,2026-07-27,5809585615,1,1.595000000000000e+01,USD,Shipped,
ORD-13043,2026-07-27,306465658,1,5.499000000000000e+01,USD,Completed,
ORD-13044,2026-07-27,2017664333,4,99,USD,Shipped,
ORD-13044,2026-07-27,1341833689,2,1.499000000000000e+01,USD,Completed,
ORD-13045,2026-07-27,259195843,1,2.995000000000000e+01,USD,Completed,
ORD-13045,2026-07-27,321811404,4,2.799000000000000e+01,USD,Completed,
ORD-13046,2026-07-27,689096319,3,9.910000000000000e+00,USD,Completed,
ORD-13047,2026-07-27,1766457787,2,5.790000000000000e+00,USD,Completed,
ORD-13047,2026-07-27,348784401,1,2.249000000000000e+01,USD,Completed,
ORD-13048,2026-07-27,1226940529,3,3.210000000000000e+00,USD,Completed,
ORD-13048,2026-07-27,5618790028,4,1.499000000000000e+01,USD,Completed,
ORD-13048,2026-07-27,393101003,2,1.986000000000000e+01,USD,Completed,
ORD-13049,2026-07-27,232510830,1,4.999000000000000e+01,USD,Completed,
ORD-13049,2026-07-27,908201566,4,1.056000000000000e+01,USD,Completed,
ORD-13050,2026-07-27,27230944,4,3.343000000000000e+01,USD,Completed,
ORD-13051,2026-07-27,1435754084,2,1.197000000000000e+01,USD,Completed,
ORD-13052,2026-07-27,781490570,3,1.499000000000000e+01,USD,Completed,
ORD-13052,2026-07-27,6494751477,3,1.499000000000000e+01,USD,Completed,
ORD-13053,2026-07-27,242303426,1,8.720000000000001e+00,USD,Completed,10%
ORD-13054,2026-07-27,5170388947,2,1.058000000000000e+01,USD,Completed,
ORD-13054,2026-07-27,1341833689,4,1.499000000000000e+01,USD,Completed,
ORD-13054,2026-07-27,257806313,1,1.954000000000000e+01,USD,Shipped,
ORD-13055,2026-07-27,382394597,1,1.688000000000000e+01,USD,Completed,
ORD-13056,2026-07-27,10294885,3,2.720000000000000e+00,USD,Completed,10%
ORD-13057,2026-07-27,10801127,3,1.980000000000000e+00,USD,Completed,
ORD-13058,2026-07-27,259195843,2,2.995000000000000e+01,USD,Completed,
ORD-13058,2026-07-27,5443068156,1,1.499000000000000e+01,USD,Completed,
ORD-13058,2026-07-27,5158180497,2,9.279999999999999e+00,USD,Shipped,
ORD-13059,2026-07-27,1009224046,4,2.199000000000000e+01,USD,Completed,
ORD-13060,2026-07-27,5540168677,2,2.999000000000000e+01,USD,Shipped,
ORD-13060,2026-07-27,385780287,2,5.198000000000000e+01,USD,Completed,
ORD-13060,2026-07-27,1649464157,4,1.799000000000000e+01,USD,Completed,
ORD-13061,2026-07-27,5440778555,2,1.030000000000000e+01,USD,Completed,
ORD-13061,2026-07-27,182579201,2,1.709000000000000e+01,USD,Completed,
ORD-13062,2026-07-27,5440778555,1,1.030000000000000e+01,USD,Completed,
ORD-13062,2026-07-27,141757585,4,1.499000000000000e+01,USD,Completed,
ORD-13062,2026-07-27,1359948905,4,3.277000000000000e+01,USD,Completed,
ORD-13063,2026-07-27,2126911017,1,1.999000000000000e+01,USD,Shipped,
ORD-13063,2026-07-27,10308385,4,4.430000000000000e+00,USD,Completed,10%
ORD-13063,2026-07-27,2138573500,3,1.599000000000000e+01,USD,Shipped,
ORD-13064,2026-07-27,802163708,2,2.482000000000000e+01,USD,Completed,
ORD-13064,2026-07-27,2138573500,3,1.599000000000000e+01,USD,Completed,
ORD-13064,2026-07-27,2749504314,1,1.999000000000000e+01,USD,Shipped,
ORD-13065,2026-07-27,369367315,3,2.999000000000000e+01,USD,Completed,
ORD-13065,2026-07-27,3922793394,2,1.124000000000000e+01,USD,Completed,
ORD-13066,2026-07-27,5329337627,2,24,USD,Shipped,
ORD-13067,2026-07-27,1612728569,2,5.760000000000000e+01,USD,Completed,10%
ORD-13067,2026-07-27,1184268274,2,9.869999999999999e+00,USD,Completed,
ORD-13067,2026-07-27,907847604,3,2.210000000000000e+01,USD,Completed,
ORD-13068,2026-07-27,3483895520,3,1.297000000000000e+01,USD,Completed,10%
ORD-13069,2026-07-27,1728596655,1,1.398000000000000e+01,USD,Completed,10%
ORD-13069,2026-07-27,5753314187,2,1.999000000000000e+01,USD,Completed,
ORD-13069,2026-07-27,5316176929,1,9.980000000000000e+00,USD,Completed,
ORD-13070,2026-07-27,730250943,2,1.144000000000000e+01,USD,Completed,
ORD-13070,2026-07-27,1160636802,4,2.799000000000000e+01,USD,Completed,
ORD-13071,2026-07-27,693758408,1,1.709000000000000e+01,USD,Shipped,
ORD-13072,2026-07-27,5417683805,1,1.498000000000000e+01,USD,Completed,
ORD-13072,2026-07-27,2126911017,1,1.999000000000000e+01,USD,Completed,
ORD-13072,2026-07-27,3483895520,2,1.297000000000000e+01,USD,Completed,
ORD-13073,2026-07-27,529767263,1,4.847000000000000e+01,USD,Completed,
ORD-13073,2026-07-27,10997171,4,1.012000000000000e+01,USD,Shipped,
ORD-13073,2026-07-27,259195843,2,2.995000000000000e+01,USD,Shipped,
ORD-13074,2026-07-27,2363655537,4,4.950000000000000e+01,USD,Shipped,
ORD-13074,2026-07-27,152355819,2,5.624000000000000e+01,USD,Completed,
ORD-13075,2026-07-27,1204774750,4,6.898999999999999e+01,USD,Completed,
ORD-13075,2026-07-27,141988874,1,5.850000000000000e+00,USD,Completed,10%
ORD-13076,2026-07-27,5262717138,2,2.597000000000000e+01,USD,Completed,
ORD-13077,2026-07-27,5242746669,3,8,USD,Completed,
ORD-13077,2026-07-27,453089336,4,55,USD,Shipped,
ORD-13078,2026-07-27,5066959782,1,1.280000000000000e+01,USD,Completed,
ORD-13079,2026-07-27,676413174,3,6.970000000000000e+00,USD,Completed,
ORD-13079,2026-07-27,5168273880,4,1.198000000000000e+01,USD,Shipped,
ORD-13079,2026-07-27,1856819911,3,6.290000000000000e+00,USD,Completed,
ORD-13080,2026-07-27,2200709686,4,1.408000000000000e+02,USD,Shipped,
ORD-13081,2026-07-27,5170388947,3,1.058000000000000e+01,USD,Completed,
ORD-13081,2026-07-27,1500372373,2,8,USD,Completed,
ORD-13081,2026-07-27,974265277,2,1.116200000000000e+02,USD,Completed,
ORD-13082,2026-07-27,112580004,1,2.549000000000000e+01,USD,Completed,10%
ORD-13083,2026-07-27,431812530,2,1.998000000000000e+01,USD,Completed,
ORD-13083,2026-07-27,2503512087,2,1.080000000000000e+01,USD,Completed,
ORD-13083,2026-07-27,3560683924,2,3.990000000000000e+00,USD,Completed,
ORD-13084,2026-07-27,839659160,4,4.999000000000000e+01,USD,Shipped,
ORD-13084,2026-07-27,412531616,3,2.999000000000000e+01,USD,Shipped,
ORD-13085,2026-07-27,864008591,1,1.495000000000000e+01,USD,Shipped,
ORD-13085,2026-07-27,944207748,3,3.899000000000000e+01,USD,Completed,
ORD-13085,2026-07-27,1184268274,4,9.869999999999999e+00,USD,Completed,
ORD-13086,2026-07-27,1184654530,2,1.999000000000000e+01,USD,Completed,
ORD-13087,2026-07-27,3813188391,4,1.999000000000000e+01,USD,Completed,
ORD-13088,2026-07-27,377862424,2,9.990000000000000e+00,USD,Shipped,10%
ORD-13089,2026-07-27,5506488018,4,1.998000000000000e+01,USD,Completed,
ORD-13089,2026-07-27,5155961106,3,2.499000000000000e+01,USD,Completed,
ORD-13089,2026-07-27,5260887729,2,1.999000000000000e+01,USD,Completed,10%
ORD-13090,2026-07-27,5118743904,3,2.899000000000000e+01,USD,Shipped,
ORD-13090,2026-07-27,1210385172,1,3.959000000000000e+01,USD,Completed,
ORD-13091,2026-07-27,790957653,4,1.245000000000000e+01,USD,Completed,
ORD-13091,2026-07-27,1764748346,2,1.598000000000000e+01,USD,Shipped,
ORD-13091,2026-07-27,896599636,4,2.719000000000000e+01,USD,Completed,
ORD-13092,2026-07-27,907847604,2,2.210000000000000e+01,USD,Completed,
ORD-13093,2026-07-27,2363655537,3,4.950000000000000e+01,USD,Shipped,10%
ORD-13093,2026-07-27,2968552747,3,9.630000000000001e+00,USD,Completed,
ORD-13093,2026-07-27,381553241,4,1.399000000000000e+01,USD,Shipped,10%
ORD-13094,2026-07-27,261700925,1,6.930000000000000e+01,USD,Completed,
ORD-13094,2026-07-27,573614161,3,9.060000000000000e+00,USD,Shipped,
ORD-13094,2026-07-27,1649464157,2,1.799000000000000e+01,USD,Shipped,
ORD-13095,2026-07-27,1231760315,1,1.999000000000000e+01,USD,Completed,
ORD-13095,2026-07-27,453089336,4,55,USD,Completed,
ORD-13096,2026-07-27,2232013390,3,6.980000000000000e+00,USD,Completed,
ORD-13097,2026-07-27,569572519,1,2.175000000000000e+01,USD,Completed,
ORD-13097,2026-07-27,321811404,4,2.799000000000000e+01,USD,Completed,
ORD-13098,2026-07-27,10309083,1,8.990000000000000e+00,USD,Completed,
ORD-13098,2026-07-27,1500372373,1,8,USD,Completed,
ORD-13098,2026-07-27,5264765893,1,2.999000000000000e+01,USD,Shipped,
ORD-13099,2026-07-27,944207748,1,3.899000000000000e+01,USD,Completed,
ORD-13099,2026-07-27,126699313,3,1.820000000000000e+00,USD,Completed,
ORD-13100,2026-07-27,1093743201,4,2.599000000000000e+01,USD,Completed,
ORD-13100,2026-07-27,555974352,1,3.605000000000000e+01,USD,Shipped,10%
ORD-13100,2026-07-27,839659160,1,4.999000000000000e+01,USD,Completed,
ORD-13101,2026-07-27,753681550,3,1.560000000000000e+01,USD,Shipped,
ORD-13101,2026-07-27,1983309413,4,4.499000000000000e+01,USD,Completed,
ORD-13101,2026-07-27,1507001378,1,9.900000000000000e-01,USD,Completed,
ORD-13102,2026-07-27,435835263,2,9.990000000000000e+00,USD,Completed,10%
ORD-13102,2026-07-27,247655086,4,4.797000000000000e+01,USD,Completed,
ORD-13103,2026-07-27,2113674813,1,1.168000000000000e+02,USD,Shipped,
ORD-13104,2026-07-27,1097677016,4,2.499000000000000e+01,USD,Completed,
ORD-13104,2026-07-27,5108346618,4,2.699900000000000e+02,USD,Completed,
ORD-13104,2026-07-27,5219131585,3,1.399000000000000e+01,USD,Shipped,
ORD-13105,2026-07-27,229653852,1,1.399000000000000e+01,USD,Completed,
ORD-13105,2026-07-27,455894581,4,2.999000000000000e+01,USD,Completed,
ORD-13105,2026-07-27,126699313,2,1.820000000000000e+00,USD,Shipped,
ORD-13106,2026-07-27,1615288442,2,1.499000000000000e+01,USD,Shipped,
ORD-13107,2026-07-27,5702032013,1,4.488000000000000e+01,USD,Completed,
ORD-13108,2026-07-27,5480667546,3,1.040000000000000e+01,USD,Completed,
ORD-13108,2026-07-27,2113674813,1,1.168000000000000e+02,USD,Completed,
ORD-13109,2026-07-27,2232013390,2,6.980000000000000e+00,USD,Shipped,
ORD-13109,2026-07-27,431812530,3,1.998000000000000e+01,USD,Completed,
ORD-13110,2026-07-27,182543171,1,4.860000000000000e+00,USD,Shipped,
ORD-13110,2026-07-27,259195843,1,2.995000000000000e+01,USD,Shipped,
ORD-13111,2026-07-27,689096319,3,9.910000000000000e+00,USD,Completed,10%
ORD-13111,2026-07-27,1856819911,2,6.290000000000000e+00,USD,Completed,
ORD-13112,2026-07-27,5379906696,2,1.498000000000000e+01,USD,Shipped,
ORD-13113,2026-07-27,730250943,1,1.144000000000000e+01,USD,Completed,10%
ORD-13113,2026-07-27,5292671987,1,1.762900000000000e+02,USD,Completed,
ORD-13113,2026-07-27,2868760641,1,2.399000000000000e+01,USD,Completed,10%
ORD-13114,2026-07-27,891036133,3,2.209000000000000e+01,USD,Completed,10%
ORD-13114,2026-07-27,299112609,2,3.995000000000000e+01,USD,Completed,
ORD-13115,2026-07-27,693758408,2,1.709000000000000e+01,USD,Completed,
ORD-13115,2026-07-27,5417683805,2,1.498000000000000e+01,USD,Completed,
ORD-13116,2026-07-27,453089336,1,55,USD,Completed,
ORD-13117,2026-07-27,729322559,3,24,USD,Completed,
ORD-13117,2026-07-27,2716531748,2,1.998000000000000e+01,USD,Completed,
ORD-13118,2026-07-27,141988874,2,5.850000000000000e+00,USD,Shipped,
ORD-13118,2026-07-27,6838112687,4,2.920000000000000e+01,USD,Completed,10%
ORD-13119,2026-07-27,569572519,1,2.175000000000000e+01,USD,Completed,
ORD-13119,2026-07-27,10801127,1,1.980000000000000e+00,USD,Completed,
ORD-13120,2026-07-27,182579201,4,1.709000000000000e+01,USD,Completed,
ORD-13121,2026-07-27,230846860,3,3.299000000000000e+01,USD,Completed,
ORD-13121,2026-07-27,1500372373,1,8,USD,Completed,
ORD-13121,2026-07-27,1897403279,2,1.189000000000000e+01,USD,Completed,10%
ORD-13122,2026-07-27,102593173,1,1.980000000000000e+01,USD,Completed,10%
ORD-13122,2026-07-27,2747441586,3,2.999000000000000e+01,USD,Completed,
ORD-13123,2026-07-27,112580004,1,2.549000000000000e+01,USD,Completed,
ORD-13124,2026-07-27,28926816,1,7.940000000000000e+00,USD,Shipped,
ORD-13125,2026-07-27,1462273455,4,9.100000000000000e-01,USD,Completed,
ORD-13125,2026-07-27,3824041405,4,6.744000000000000e+01,USD,Completed,
ORD-13126,2026-07-27,1037166405,4,2.390000000000000e+01,USD,Shipped,
ORD-13126,2026-07-27,531529503,3,2.339000000000000e+01,USD,Completed,
ORD-13126,2026-07-27,2637400158,3,2.399000000000000e+01,USD,Completed,
ORD-13127,2026-07-27,3440558193,4,2.198000000000000e+01,USD,Completed,
ORD-13127,2026-07-27,27230944,1,3.343000000000000e+01,USD,Completed,
ORD-13127,2026-07-27,2126911017,2,1.999000000000000e+01,USD,Completed,10%
ORD-13128,2026-07-27,3588670272,2,1.599000000000000e+01,USD,Completed,
ORD-13129,2026-07-27,5702032013,2,4.488000000000000e+01,USD,Shipped,10%
ORD-13129,2026-07-27,3212008907,3,3,USD,Shipped,
ORD-13130,2026-07-27,1184654530,2,1.999000000000000e+01,USD,Completed,
ORD-13130,2026-07-27,5260887729,4,1.999000000000000e+01,USD,Completed,10%
ORD-13130,2026-07-27,1267967836,3,8.698999999999999e+01,USD,Completed,
ORD-13131,2026-07-27,5264765893,1,2.999000000000000e+01,USD,Completed,
ORD-13131,2026-07-27,5053396247,3,1.499000000000000e+01,USD,Completed,
ORD-13131,2026-07-27,957603867,1,1.499000000000000e+01,USD,Completed,
ORD-13132,2026-07-27,369367315,3,2.999000000000000e+01,USD,Completed,
ORD-13132,2026-07-27,974265277,2,1.116200000000000e+02,USD,Shipped,
ORD-13132,2026-07-27,6126862324,4,3.497000000000000e+01,USD,Completed,
ORD-13133,2026-07-27,669112285,4,9.890000000000001e+00,USD,Completed,
ORD-13133,2026-07-27,952556801,4,2.899000000000000e+01,USD,Completed,
ORD-13134,2026-07-27,1160636802,1,2.799000000000000e+01,USD,Completed,
ORD-13135,2026-07-27,3855217628,4,1.497000000000000e+01,USD,Shipped,10%
ORD-13135,2026-07-27,1341833689,1,1.499000000000000e+01,USD,Completed,
ORD-13135,2026-07-27,790957653,2,1.245000000000000e+01,USD,Completed,
ORD-13136,2026-07-27,859305074,4,1.969000000000000e+01,USD,Completed,
ORD-13137,2026-07-27,668480724,4,2.499000000000000e+01,USD,Completed,
ORD-13138,2026-07-27,306465658,2,5.499000000000000e+01,USD,Shipped,10%
ORD-13138,2026-07-27,2126911017,2,1.999000000000000e+01,USD,Completed,
ORD-13138,2026-07-27,908232424,4,3.698000000000000e+01,USD,Completed,
ORD-13139,2026-07-27,412531616,2,2.999000000000000e+01,USD,Completed,
ORD-13140,2026-07-27,34203165,3,1.673000000000000e+01,USD,Completed,
ORD-13140,2026-07-27,10294756,1,2,USD,Completed,
ORD-13140,2026-07-27,430528189,3,4.788000000000000e+01,USD,Completed,
ORD-13141,2026-07-27,431812530,2,1.998000000000000e+01,USD,Completed,
ORD-13141,2026-07-27,179112912,2,4.186000000000000e+01,USD,Completed,
ORD-13142,2026-07-27,370694829,4,2.495000000000000e+01,USD,Completed,10%
ORD-13142,2026-07-27,944207748,4,3.899000000000000e+01,USD,Completed,
ORD-13142,2026-07-27,1208578847,2,3.597000000000000e+01,USD,Completed,
ORD-13143,2026-07-27,408608184,2,8.970000000000001e+00,USD,Completed,
ORD-13143,2026-07-27,1160636802,1,2.799000000000000e+01,USD,Shipped,10%
ORD-13143,2026-07-27,1226940529,3,3.210000000000000e+00,USD,Completed,
ORD-13144,2026-07-27,512420879,4,9.990000000000000e+00,USD,Completed,
ORD-13144,2026-07-27,3440558193,2,2.198000000000000e+01,USD,Completed,
ORD-13145,2026-07-27,1728596655,2,1.398000000000000e+01,USD,Completed,
ORD-13145,2026-07-27,864008591,4,1.495000000000000e+01,USD,Completed,
ORD-13146,2026-07-27,2785607950,2,9.269000000000000e+01,USD,Completed,
ORD-13146,2026-07-27,6918363302,2,2.399000000000000e+01,USD,Completed,10%
ORD-13146,2026-07-27,5768017984,4,6.660000000000000e+00,USD,Shipped,10%
ORD-13147,2026-07-27,6013308220,3,3.324000000000000e+01,USD,Completed,
ORD-13147,2026-07-27,848798939,3,4.647000000000000e+01,USD,Completed,
ORD-13147,2026-07-27,2747441586,2,2.999000000000000e+01,USD,Shipped,
ORD-13148,2026-07-27,1267967836,1,8.698999999999999e+01,USD,Completed,10%
ORD-13148,2026-07-27,10294756,2,2,USD,Completed,
ORD-13149,2026-07-27,1226247035,2,1.988000000000000e+01,USD,Completed,
ORD-13150,2026-07-27,1613734417,4,2.580000000000000e+01,USD,Completed,
ORD-13150,2026-07-27,430528189,3,4.788000000000000e+01,USD,Completed,
ORD-13150,2026-07-27,957603867,1,1.499000000000000e+01,USD,Shipped,
ORD-13151,2026-07-27,3046604016,1,5.299000000000000e+01,USD,Completed,
ORD-13151,2026-07-27,2097897368,4,3.597000000000000e+01,USD,Completed,
ORD-13151,2026-07-27,182543171,4,4.860000000000000e+00,USD,Shipped,
ORD-13152,2026-07-27,2166765925,3,1.975000000000000e+01,USD,Completed,
ORD-13152,2026-07-27,247655086,4,4.797000000000000e+01,USD,Completed,10%
ORD-13153,2026-07-27,1766457787,1,5.790000000000000e+00,USD,Completed,
ORD-13154,2026-07-27,310097871,1,1.499000000000000e+01,USD,Completed,
ORD-13154,2026-07-27,2128773109,3,3.999000000000000e+01,USD,Completed,
ORD-13155,2026-07-27,602748918,3,1.499000000000000e+01,USD,Shipped,
ORD-13155,2026-07-27,689096319,1,9.910000000000000e+00,USD,Completed,
ORD-13155,2026-07-27,6918363302,1,2.399000000000000e+01,USD,Completed,
ORD-13156,2026-07-27,1331751223,1,1.388000000000000e+01,USD,Completed,
ORD-13157,2026-07-27,469036214,2,2.049900000000000e+02,USD,Completed,
ORD-13157,2026-07-27,430528189,2,4.788000000000000e+01,USD,Completed,10%
ORD-13157,2026-07-27,896599636,3,2.719000000000000e+01,USD,Completed,
ORD-13158,2026-07-27,5329337627,3,24,USD,Completed,
ORD-13159,2026-07-27,602748918,4,1.499000000000000e+01,USD,Completed,
ORD-13159,2026-07-27,229653852,3,1.399000000000000e+01,USD,Completed,10%
ORD-13160,2026-07-27,2200709686,3,1.408000000000000e+02,USD,Completed,
ORD-13160,2026-07-27,370694829,4,2.495000000000000e+01,USD,Completed,
ORD-13161,2026-07-27,957603867,2,1.499000000000000e+01,USD,Completed,
ORD-13161,2026-07-27,377862424,3,9.990000000000000e+00,USD,Completed,
ORD-13162,2026-07-27,5292671987,1,1.762900000000000e+02,USD,Completed,
ORD-13163,2026-07-27,729322559,2,24,USD,Shipped,
ORD-13163,2026-07-27,2097897368,3,3.597000000000000e+01,USD,Completed,
ORD-13164,2026-07-27,5190064929,1,3.196000000000000e+01,USD,Completed,10%
ORD-13165,2026-07-27,5663974279,2,1.994000000000000e+01,USD,Completed,
ORD-13166,2026-07-27,5292671987,1,1.762900000000000e+02,USD,Completed,
ORD-13166,2026-07-27,242303426,3,8.720000000000001e+00,USD,Completed,
ORD-13166,2026-07-27,693758408,1,1.709000000000000e+01,USD,Shipped,10%
ORD-13167,2026-07-27,455894581,2,2.999000000000000e+01,USD,Shipped,
ORD-13167,2026-07-27,354688867,4,3.299000000000000e+01,USD,Completed,
ORD-13167,2026-07-27,1624985447,4,3.970000000000000e+00,USD,Completed,10%
ORD-13168,2026-07-27,781490570,2,1.499000000000000e+01,USD,Completed,
ORD-13168,2026-07-27,48812370,4,9.789999999999999e+00,USD,Completed,
ORD-13169,2026-07-27,455894581,3,2.999000000000000e+01,USD,Completed,
ORD-13169,2026-07-27,885092913,1,3.330000000000000e+01,USD,Completed,
ORD-13169,2026-07-27,48812370,4,9.789999999999999e+00,USD,Completed,
ORD-13170,2026-07-27,1649464157,2,1.799000000000000e+01,USD,Completed,
ORD-13171,2026-07-27,3922793394,4,1.124000000000000e+01,USD,Completed,
ORD-13171,2026-07-27,100662878,4,2.199000000000000e+01,USD,Completed,
ORD-13171,2026-07-27,1231760315,2,1.999000000000000e+01,USD,Completed,
ORD-13172,2026-07-27,5642502722,4,3.239000000000000e+01,USD,Completed,10%
ORD-13172,2026-07-27,848798939,2,4.647000000000000e+01,USD,Completed,10%
ORD-13173,2026-07-27,781490570,3,1.499000000000000e+01,USD,Completed,
ORD-13174,2026-07-27,5294092563,3,9.980000000000000e+00,USD,Completed,
ORD-13175,2026-07-27,5506488018,3,1.998000000000000e+01,USD,Completed,
ORD-13175,2026-07-27,1009224046,4,2.199000000000000e+01,USD,Completed,
ORD-13176,2026-07-27,453089336,3,55,USD,Completed,
ORD-13176,2026-07-27,3588670272,3,1.599000000000000e+01,USD,Completed,
ORD-13177,2026-07-27,5662896790,3,2.594000000000000e+01,USD,Shipped,
ORD-13178,2026-07-27,5379906696,3,1.498000000000000e+01,USD,Shipped,
ORD-13178,2026-07-27,5664556275,2,2.541000000000000e+01,USD,Completed,
ORD-13179,2026-07-27,1825469871,3,1.699000000000000e+01,USD,Completed,
ORD-13179,2026-07-27,321811404,3,2.799000000000000e+01,USD,Completed,
ORD-13180,2026-07-27,2747441586,4,2.999000000000000e+01,USD,Shipped,
ORD-13180,2026-07-27,1226940529,4,3.210000000000000e+00,USD,Shipped,
ORD-13181,2026-07-27,1932369237,2,3.299000000000000e+01,USD,Completed,
ORD-13182,2026-07-27,891036133,3,2.209000000000000e+01,USD,Shipped,
ORD-13182,2026-07-27,1359948905,4,3.277000000000000e+01,USD,Completed,
ORD-13182,2026-07-27,788450043,4,1.299000000000000e+01,USD,Completed,
ORD-13183,2026-07-27,676413174,3,6.970000000000000e+00,USD,Completed,10%
ORD-13184,2026-07-27,1208578847,4,3.597000000000000e+01,USD,Completed,
ORD-13185,2026-07-27,832929384,1,2.795000000000000e+01,USD,Completed,
ORD-13185,2026-07-27,5661609857,4,3.591000000000000e+01,USD,Completed,
ORD-13186,2026-07-27,5353145797,4,1.079000000000000e+01,USD,Completed,
ORD-13186,2026-07-27,1426167428,4,1.599000000000000e+01,USD,Completed,10%
ORD-13187,2026-07-27,257806313,3,1.954000000000000e+01,USD,Completed,
ORD-13187,2026-07-27,1921006587,2,2.159000000000000e+01,USD,Completed,
ORD-13187,2026-07-27,10294756,3,2,USD,Completed,10%
ORD-13188,2026-07-27,265927683,2,1.799000000000000e+01,USD,Shipped,
ORD-13189,2026-07-27,1267967836,4,8.698999999999999e+01,USD,Completed,
ORD-13189,2026-07-27,676413174,4,6.970000000000000e+00,USD,Completed,
ORD-13190,2026-07-27,5662896790,4,2.594000000000000e+01,USD,Completed,
ORD-13190,2026-07-27,1766457787,2,5.790000000000000e+00,USD,Completed,
ORD-13191,2026-07-27,22374157,1,7.960000000000000e+00,USD,Completed,
ORD-13191,2026-07-27,595025504,3,3.495000000000000e+01,USD,Completed,10%
ORD-13191,2026-07-27,859305074,3,1.969000000000000e+01,USD,Completed,
ORD-13192,2026-07-27,408608184,1,8.970000000000001e+00,USD,Completed,
ORD-13192,2026-07-27,2232013390,2,6.980000000000000e+00,USD,Completed,10%
ORD-13193,2026-07-27,10294885,3,2.720000000000000e+00,USD,Completed,
ORD-13193,2026-07-27,910055282,1,1.099000000000000e+01,USD,Completed,
ORD-13194,2026-07-27,2503512087,2,1.080000000000000e+01,USD,Shipped,
ORD-13195,2026-07-27,790957653,4,1.245000000000000e+01,USD,Completed,
ORD-13195,2026-07-27,232510830,3,4.999000000000000e+01,USD,Completed,
ORD-13196,2026-07-27,1093743201,2,2.599000000000000e+01,USD,Completed,10%
ORD-13196,2026-07-27,310097871,4,1.499000000000000e+01,USD,Shipped,
ORD-13197,2026-07-27,432928663,1,2.880000000000000e+01,USD,Completed,
ORD-13197,2026-07-27,1226940529,2,3.210000000000000e+00,USD,Completed,
ORD-13198,2026-07-27,3511393855,4,25,USD,Completed,10%
ORD-13199,2026-07-27,1543169305,1,1.299000000000000e+01,USD,Completed,
ORD-13199,2026-07-27,753681550,3,1.560000000000000e+01,USD,Shipped,
ORD-13200,2026-07-27,199440001,1,3.077000000000000e+01,USD,Completed,
ORD-13200,2026-07-27,422458903,1,1.998000000000000e+01,USD,Completed,
ORD-13200,2026-07-27,1774925941,4,6.998999999999999e+01,USD,Completed,10%
ORD-13201,2026-07-27,3808974443,1,4.980000000000000e+00,USD,Completed,
ORD-13201,2026-07-27,230846860,1,3.299000000000000e+01,USD,Shipped,
ORD-13202,2026-07-27,306465658,4,5.499000000000000e+01,USD,Completed,
ORD-13202,2026-07-27,1323968162,3,3.554000000000000e+01,USD,Completed,
ORD-13203,2026-07-27,1160636802,4,2.799000000000000e+01,USD,Shipped,
ORD-13203,2026-07-27,22374157,1,7.960000000000000e+00,USD,Completed,
ORD-13204,2026-07-27,729322559,2,24,USD,Completed,10%
ORD-13205,2026-07-27,871349337,6,2.738000000000000e+01,USD,Completed,
ORD-13205,2026-07-27,5809585615,2,1.595000000000000e+01,USD,Completed,
ORD-13205,2026-07-27,945882097,2,1.975000000000000e+01,USD,Shipped,
ORD-13206,2026-07-27,1267967836,4,8.698999999999999e+01,USD,Completed,10%
ORD-13207,2026-07-27,2749504314,1,1.999000000000000e+01,USD,Completed,
ORD-13208,2026-07-27,1331751223,2,1.388000000000000e+01,USD,Shipped,
ORD-13208,2026-07-27,2570740977,2,3.399000000000000e+01,USD,Completed,
ORD-13208,2026-07-27,2113674813,1,1.168000000000000e+02,USD,Completed,
ORD-13209,2026-07-27,2544735639,3,3.199000000000000e+01,USD,Completed,
ORD-13210,2026-07-27,199440001,1,3.077000000000000e+01,USD,Shipped,
ORD-13211,2026-07-27,5158180497,3,9.279999999999999e+00,USD,Completed,
ORD-13212,2026-07-27,910055282,1,1.099000000000000e+01,USD,Completed,
ORD-13213,2026-07-27,25997723,3,6.490000000000001e+01,USD,Completed,10%
ORD-13213,2026-07-27,829098148,4,5.199000000000000e+01,USD,Completed,
ORD-13213,2026-07-27,22374157,1,7.960000000000000e+00,USD,Completed,
ORD-13214,2026-07-27,848798939,1,4.647000000000000e+01,USD,Completed,10%
ORD-13214,2026-07-27,141757585,3,1.499000000000000e+01,USD,Completed,
ORD-13214,2026-07-27,5168273880,2,1.198000000000000e+01,USD,Completed,
ORD-13215,2026-07-27,1649464157,3,1.799000000000000e+01,USD,Completed,
ORD-13215,2026-07-27,887668036,3,4.139000000000000e+01,USD,Completed,
ORD-13216,2026-07-27,1009224046,1,2.199000000000000e+01,USD,Shipped,
ORD-13216,2026-07-27,110779998,3,2.999000000000000e+01,USD,Shipped,
ORD-13216,2026-07-27,5291664103,2,1.383000000000000e+01,USD,Shipped,
ORD-13217,2026-07-27,435835263,4,9.990000000000000e+00,USD,Shipped,
ORD-13217,2026-07-27,310097871,1,1.499000000000000e+01,USD,Completed,
ORD-13218,2026-07-28,5329337627,1,24,USD,Completed,
ORD-13218,2026-07-28,22374157,4,7.960000000000000e+00,USD,Completed,
ORD-13219,2026-07-28,3876384696,4,6.998999999999999e+01,USD,Shipped,
ORD-13220,2026-07-28,1017487270,4,2.999000000000000e+01,USD,Completed,
ORD-13220,2026-07-28,182579201,1,1.709000000000000e+01,USD,Completed,
ORD-13221,2026-07-28,10309083,4,8.990000000000000e+00,USD,Completed,
ORD-13222,2026-07-28,10997171,4,1.012000000000000e+01,USD,Completed,
ORD-13222,2026-07-28,22374157,1,7.960000000000000e+00,USD,Completed,10%
ORD-13222,2026-07-28,229653852,3,1.399000000000000e+01,USD,Shipped,10%
ORD-13223,2026-07-28,887668036,2,4.139000000000000e+01,USD,Completed,
ORD-13223,2026-07-28,2544735639,1,3.199000000000000e+01,USD,Completed,
ORD-13224,2026-07-28,5219876777,2,6.130000000000000e+00,USD,Completed,
ORD-13225,2026-07-28,1231760315,4,1.999000000000000e+01,USD,Completed,
ORD-13225,2026-07-28,321811404,1,2.799000000000000e+01,USD,Completed,
ORD-13225,2026-07-28,1462273455,4,9.100000000000000e-01,USD,Completed,
ORD-13226,2026-07-28,34203165,1,1.673000000000000e+01,USD,Completed,
ORD-13227,2026-07-28,370694829,1,2.495000000000000e+01,USD,Shipped,
ORD-13227,2026-07-28,283514640,2,1.899000000000000e+01,USD,Completed,
ORD-13228,2026-07-28,141988874,2,5.850000000000000e+00,USD,Completed,
ORD-13228,2026-07-28,871530694,3,2.393000000000000e+01,USD,Shipped,
ORD-13229,2026-07-28,331094227,1,3.999000000000000e+01,USD,Completed,
ORD-13229,2026-07-28,5219131585,1,1.399000000000000e+01,USD,Completed,10%
ORD-13230,2026-07-28,1507001378,1,9.900000000000000e-01,USD,Completed,
ORD-13231,2026-07-28,1560005587,3,4.658000000000000e+01,USD,Completed,
ORD-13231,2026-07-28,5262717138,4,2.597000000000000e+01,USD,Completed,
ORD-13232,2026-07-28,1341833689,1,1.499000000000000e+01,USD,Completed,
ORD-13233,2026-07-28,1774083175,3,2.999000000000000e+01,USD,Completed,
ORD-13234,2026-07-28,957603867,1,1.499000000000000e+01,USD,Completed,
ORD-13235,2026-07-28,891036133,2,2.209000000000000e+01,USD,Completed,10%
ORD-13235,2026-07-28,886368088,3,5.940000000000000e+00,USD,Shipped,
ORD-13236,2026-07-28,126699313,3,1.820000000000000e+00,USD,Completed,
ORD-13236,2026-07-28,348784401,3,2.249000000000000e+01,USD,Completed,
ORD-13237,2026-07-28,377862424,3,9.990000000000000e+00,USD,Completed,10%
ORD-13237,2026-07-28,385780287,4,5.198000000000000e+01,USD,Completed,
ORD-13237,2026-07-28,17245067,1,123,USD,Shipped,
ORD-13238,2026-07-28,1160636802,2,2.799000000000000e+01,USD,Completed,
ORD-13238,2026-07-28,5190064929,4,3.196000000000000e+01,USD,Completed,
ORD-13238,2026-07-28,5205925876,1,1.922000000000000e+01,USD,Completed,
ORD-13239,2026-07-28,247655086,4,4.797000000000000e+01,USD,Completed,
ORD-13240,2026-07-28,832929384,3,2.795000000000000e+01,USD,Completed,
ORD-13240,2026-07-28,2544735639,1,3.199000000000000e+01,USD,Completed,
ORD-13240,2026-07-28,908201566,3,1.056000000000000e+01,USD,Shipped,
ORD-13241,2026-07-28,5262717138,4,2.597000000000000e+01,USD,Completed,
ORD-13242,2026-07-28,2503512087,1,1.080000000000000e+01,USD,Shipped,
ORD-13242,2026-07-28,891036133,3,2.209000000000000e+01,USD,Completed,
ORD-13243,2026-07-28,910055282,4,1.099000000000000e+01,USD,Completed,
ORD-13243,2026-07-28,432928663,2,2.880000000000000e+01,USD,Completed,
ORD-13243,2026-07-28,920987081,4,3.795000000000000e+01,USD,Completed,
ORD-13244,2026-07-28,2868760641,3,2.399000000000000e+01,USD,Shipped,
ORD-13245,2026-07-28,215916201,3,1.396000000000000e+01,USD,Shipped,
ORD-13246,2026-07-28,469036214,1,2.049900000000000e+02,USD,Completed,
ORD-13247,2026-07-28,189455189,1,7.298999999999999e+01,USD,Completed,
ORD-13247,2026-07-28,287819116,3,2.629000000000000e+01,USD,Completed,
ORD-13248,2026-07-28,2017664333,1,99,USD,Completed,
ORD-13248,2026-07-28,669112285,1,9.890000000000001e+00,USD,Completed,
ORD-13248,2026-07-28,3053955490,3,1.619000000000000e+01,USD,Completed,10%
ORD-13249,2026-07-28,5506488018,1,1.998000000000000e+01,USD,Completed,10%
ORD-13249,2026-07-28,2580740549,3,1.062000000000000e+01,USD,Completed,
ORD-13250,2026-07-28,1462273455,4,9.100000000000000e-01,USD,Completed,
ORD-13250,2026-07-28,3212008907,1,3,USD,Completed,
ORD-13252,2026-07-28,3423574153,4,1.166600000000000e+02,USD,Shipped,
ORD-13253,2026-07-28,152355819,2,5.624000000000000e+01,USD,Completed,
ORD-13253,2026-07-28,3813188391,2,1.999000000000000e+01,USD,Completed,
ORD-13253,2026-07-28,1323968162,1,3.554000000000000e+01,USD,Shipped,10%
ORD-13254,2026-07-28,2232013390,4,6.980000000000000e+00,USD,Completed,
ORD-13255,2026-07-28,2002762091,3,2.999000000000000e+01,USD,Completed,
ORD-13256,2026-07-28,455894581,3,2.999000000000000e+01,USD,Completed,
ORD-13256,2026-07-28,5440778555,1,1.030000000000000e+01,USD,Completed,10%
ORD-13257,2026-07-28,839659160,3,4.999000000000000e+01,USD,Completed,
ORD-13258,2026-07-28,1341833689,3,1.499000000000000e+01,USD,Completed,
ORD-13259,2026-07-28,5352569431,3,1.999000000000000e+01,USD,Completed,10%
ORD-13259,2026-07-28,431812530,4,1.998000000000000e+01,USD,Completed,
ORD-13260,2026-07-28,3824041405,4,6.744000000000000e+01,USD,Completed,
ORD-13260,2026-07-28,676413174,2,6.970000000000000e+00,USD,Completed,
ORD-13261,2026-07-28,126699313,4,1.820000000000000e+00,USD,Completed,10%
ORD-13261,2026-07-28,5155961106,2,2.499000000000000e+01,USD,Completed,
ORD-13261,2026-07-28,1210385172,1,3.959000000000000e+01,USD,Completed,
ORD-13262,2026-07-28,2007589965,2,1.471990000000000e+03,USD,Completed,
ORD-13262,2026-07-28,259195843,1,2.995000000000000e+01,USD,Completed,
ORD-13263,2026-07-28,25997723,2,6.490000000000001e+01,USD,Completed,
ORD-13263,2026-07-28,920987081,3,3.795000000000000e+01,USD,Shipped,
ORD-13263,2026-07-28,5168273880,3,1.198000000000000e+01,USD,Completed,
ORD-13264,2026-07-28,1009224046,2,2.199000000000000e+01,USD,Completed,
ORD-13264,2026-07-28,287819116,2,2.629000000000000e+01,USD,Shipped,
ORD-13265,2026-07-28,3423574153,4,1.166600000000000e+02,USD,Completed,
ORD-13265,2026-07-28,2017664333,2,99,USD,Completed,
ORD-13265,2026-07-28,5344195287,4,2.199000000000000e+01,USD,Completed,10%
ORD-13266,2026-07-28,1543169305,1,1.299000000000000e+01,USD,Completed,
ORD-13266,2026-07-28,2128773109,1,3.999000000000000e+01,USD,Completed,
ORD-13267,2026-07-28,693758408,1,1.709000000000000e+01,USD,Completed,10%
ORD-13267,2026-07-28,1009224046,3,2.199000000000000e+01,USD,Completed,
ORD-13267,2026-07-28,1226247035,2,1.988000000000000e+01,USD,Completed,
ORD-13268,2026-07-28,920987081,1,3.795000000000000e+01,USD,Completed,
ORD-13269,2026-07-28,908232424,2,3.698000000000000e+01,USD,Shipped,
ORD-13270,2026-07-28,1184654530,1,1.999000000000000e+01,USD,Shipped,
ORD-13270,2026-07-28,788450043,3,1.299000000000000e+01,USD,Completed,
ORD-13271,2026-07-28,431812530,3,1.998000000000000e+01,USD,Completed,
ORD-13271,2026-07-28,393101003,3,1.986000000000000e+01,USD,Shipped,
ORD-13271,2026-07-28,1613734417,1,2.580000000000000e+01,USD,Completed,
ORD-13272,2026-07-28,5344195287,3,2.199000000000000e+01,USD,Completed,
ORD-13272,2026-07-28,381632255,3,7.298999999999999e+01,USD,Completed,
ORD-13273,2026-07-28,5439347407,2,5.699900000000000e+02,USD,Shipped,
ORD-13273,2026-07-28,5329337627,3,24,USD,Completed,
ORD-13274,2026-07-28,1184268274,3,9.869999999999999e+00,USD,Completed,
ORD-13275,2026-07-28,588404711,1,8.909999999999999e+01,USD,Completed,
ORD-13275,2026-07-28,5661609857,4,3.591000000000000e+01,USD,Completed,10%
ORD-13276,2026-07-28,102593173,3,1.980000000000000e+01,USD,Completed,
ORD-13276,2026-07-28,1764748346,1,1.598000000000000e+01,USD,Completed,
ORD-13276,2026-07-28,891036133,1,2.209000000000000e+01,USD,Completed,
ORD-13277,2026-07-28,182579201,3,1.709000000000000e+01,USD,Completed,
ORD-13277,2026-07-28,669112285,4,9.890000000000001e+00,USD,Shipped,
ORD-13277,2026-07-28,595025504,3,3.495000000000000e+01,USD,Completed,
ORD-13278,2026-07-28,455894581,2,2.999000000000000e+01,USD,Completed,
ORD-13279,2026-07-28,310097871,2,1.499000000000000e+01,USD,Completed,
ORD-13280,2026-07-28,5443068156,2,1.499000000000000e+01,USD,Completed,
ORD-13281,2026-07-28,5150469476,2,6.399000000000000e+01,USD,Completed,
ORD-13281,2026-07-28,5164703747,4,6.090000000000000e+00,USD,Completed,
ORD-13281,2026-07-28,753681550,3,1.560000000000000e+01,USD,Shipped,
ORD-13282,2026-07-28,5344195287,1,2.199000000000000e+01,USD,Completed,
ORD-13282,2026-07-28,242303426,3,8.720000000000001e+00,USD,Completed,
ORD-13283,2026-07-28,5663974279,1,1.994000000000000e+01,USD,Completed,
ORD-13284,2026-07-28,786691113,4,1.053000000000000e+01,USD,Completed,
ORD-13284,2026-07-28,546469522,3,1.499000000000000e+01,USD,Completed,
ORD-13285,2026-07-28,1017487270,1,2.999000000000000e+01,USD,Completed,
ORD-13286,2026-07-28,5397071399,1,1.299000000000000e+01,USD,Completed,
ORD-13287,2026-07-28,5366405121,2,1.299000000000000e+01,USD,Completed,
ORD-13287,2026-07-28,381553241,3,1.399000000000000e+01,USD,Completed,
ORD-13288,2026-07-28,5323625259,2,25,USD,Completed,
ORD-13289,2026-07-28,1017487270,4,2.999000000000000e+01,USD,Completed,
ORD-13289,2026-07-28,744949530,4,1.799000000000000e+01,USD,Completed,
ORD-13289,2026-07-28,1612728569,4,5.760000000000000e+01,USD,Completed,
ORD-13290,2026-07-28,945882097,3,1.975000000000000e+01,USD,Completed,10%
ORD-13290,2026-07-28,1921006587,4,2.159000000000000e+01,USD,Completed,
ORD-13291,2026-07-28,3511393855,1,25,USD,Completed,
ORD-13291,2026-07-28,382394597,4,1.688000000000000e+01,USD,Completed,
ORD-13292,2026-07-28,5190064929,2,3.196000000000000e+01,USD,Completed,
ORD-13292,2026-07-28,1766457787,2,5.790000000000000e+00,USD,Completed,
ORD-13292,2026-07-28,2363655537,2,4.950000000000000e+01,USD,Completed,
ORD-13293,2026-07-28,1331751223,2,1.388000000000000e+01,USD,Shipped,
ORD-13294,2026-07-28,393101003,1,1.986000000000000e+01,USD,Shipped,
ORD-13294,2026-07-28,6494751477,4,1.499000000000000e+01,USD,Completed,10%
ORD-13294,2026-07-28,2200709686,3,1.408000000000000e+02,USD,Completed,
ORD-13295,2026-07-28,1921006587,4,2.159000000000000e+01,USD,Completed,
ORD-13296,2026-07-28,696459227,1,1.461000000000000e+01,USD,Completed,
ORD-13296,2026-07-28,829098148,2,5.199000000000000e+01,USD,Shipped,
ORD-13296,2026-07-28,1792864118,4,5.790000000000000e+00,USD,Completed,
ORD-13297,2026-07-28,242303426,4,8.720000000000001e+00,USD,Completed,
ORD-13297,2026-07-28,5329337627,1,24,USD,Completed,
ORD-13298,2026-07-28,1856819911,3,6.290000000000000e+00,USD,Completed,
ORD-13298,2026-07-28,606223683,4,2.862000000000000e+01,USD,Completed,
ORD-13298,2026-07-28,2868760641,3,2.399000000000000e+01,USD,Completed,
ORD-13299,2026-07-28,669112285,3,9.890000000000001e+00,USD,Completed,
ORD-13300,2026-07-28,1507001378,3,9.900000000000000e-01,USD,Completed,
ORD-13300,2026-07-28,1017487270,4,2.999000000000000e+01,USD,Completed,
ORD-13300,2026-07-28,5502936471,1,1.499000000000000e+01,USD,Completed,
ORD-13301,2026-07-28,391028302,4,1.078000000000000e+01,USD,Completed,
ORD-13302,2026-07-28,5658552152,1,1.499000000000000e+01,USD,Shipped,
ORD-13303,2026-07-28,54973324,3,2.407000000000000e+01,USD,Shipped,
ORD-13303,2026-07-28,1983309413,1,4.499000000000000e+01,USD,Completed,
ORD-13303,2026-07-28,5219131585,1,1.399000000000000e+01,USD,Completed,
ORD-13304,2026-07-28,6045904134,4,2.499000000000000e+01,USD,Shipped,
ORD-13305,2026-07-28,370694829,3,2.495000000000000e+01,USD,Completed,10%
ORD-13306,2026-07-28,788450043,2,1.299000000000000e+01,USD,Completed,
ORD-13307,2026-07-28,1009224046,1,2.199000000000000e+01,USD,Completed,
ORD-13308,2026-07-28,1727244137,1,7.598999999999999e+01,USD,Shipped,
ORD-13309,2026-07-28,1500372373,1,8,USD,Completed,
ORD-13310,2026-07-28,5062553620,1,9.840000000000000e+00,USD,Shipped,
ORD-13311,2026-07-28,261700925,3,6.930000000000000e+01,USD,Completed,
ORD-13311,2026-07-28,306465658,4,5.499000000000000e+01,USD,Completed,
ORD-13312,2026-07-28,283514640,4,1.899000000000000e+01,USD,Completed,
ORD-13312,2026-07-28,5164703747,2,6.090000000000000e+00,USD,Completed,
ORD-13312,2026-07-28,5702523237,1,1.599000000000000e+01,USD,Completed,
ORD-13313,2026-07-28,408608184,3,8.970000000000001e+00,USD,Completed,
ORD-13313,2026-07-28,1204774750,1,6.898999999999999e+01,USD,Completed,10%
ORD-13313,2026-07-28,412531616,3,2.999000000000000e+01,USD,Shipped,
ORD-13314,2026-07-28,848798939,4,4.647000000000000e+01,USD,Shipped,
ORD-13314,2026-07-28,3588670272,4,1.599000000000000e+01,USD,Completed,
ORD-13315,2026-07-28,1063134991,1,1.599000000000000e+01,USD,Completed,
ORD-13315,2026-07-28,310097871,3,1.499000000000000e+01,USD,Completed,
ORD-13315,2026-07-28,5262717138,2,2.597000000000000e+01,USD,Completed,
ORD-13316,2026-07-28,141988874,2,5.850000000000000e+00,USD,Completed,
ORD-13316,2026-07-28,2844883584,2,2.494000000000000e+01,USD,Completed,
ORD-13316,2026-07-28,46068414,3,1.613000000000000e+01,USD,Completed,
ORD-13317,2026-07-28,2017664333,4,99,USD,Completed,
ORD-13318,2026-07-28,2785607950,2,9.269000000000000e+01,USD,Completed,
ORD-13318,2026-07-28,693758408,1,1.709000000000000e+01,USD,Completed,
ORD-13318,2026-07-28,1093743201,2,2.599000000000000e+01,USD,Completed,
ORD-13319,2026-07-28,1825469871,4,1.699000000000000e+01,USD,Shipped,10%
ORD-13319,2026-07-28,5480667546,3,1.040000000000000e+01,USD,Completed,10%
ORD-13320,2026-07-28,3511393855,2,25,USD,Completed,10%
ORD-13320,2026-07-28,751510659,4,9.940000000000000e+00,USD,Completed,
ORD-13320,2026-07-28,546469522,4,1.499000000000000e+01,USD,Completed,
ORD-13321,2026-07-28,126699313,1,1.820000000000000e+00,USD,Completed,
ORD-13321,2026-07-28,1897403279,3,1.189000000000000e+01,USD,Completed,
ORD-13321,2026-07-28,5066959782,1,1.280000000000000e+01,USD,Shipped,10%
ORD-13322,2026-07-28,6126862324,1,3.497000000000000e+01,USD,Completed,10%
ORD-13322,2026-07-28,112580004,3,2.549000000000000e+01,USD,Completed,
ORD-13322,2026-07-28,790957653,3,1.245000000000000e+01,USD,Completed,
ORD-13323,2026-07-28,5184785010,2,2.299000000000000e+01,USD,Completed,
ORD-13323,2026-07-28,5182915849,4,1.998000000000000e+01,USD,Shipped,
ORD-13323,2026-07-28,422458903,3,1.998000000000000e+01,USD,Shipped,
ORD-13324,2026-07-28,920987081,3,3.795000000000000e+01,USD,Completed,
ORD-13324,2026-07-28,2785607950,1,9.269000000000000e+01,USD,Completed,10%
ORD-13324,2026-07-28,829098148,4,5.199000000000000e+01,USD,Completed,
ORD-13325,2026-07-28,189455189,4,7.298999999999999e+01,USD,Completed,
ORD-13325,2026-07-28,5809585615,1,1.595000000000000e+01,USD,Shipped,
ORD-13325,2026-07-28,1267967836,4,8.698999999999999e+01,USD,Completed,
ORD-13326,2026-07-28,3560683924,1,3.990000000000000e+00,USD,Completed,10%
ORD-13326,2026-07-28,2200709686,4,1.408000000000000e+02,USD,Completed,
ORD-13327,2026-07-28,287819116,2,2.629000000000000e+01,USD,Completed,
ORD-13328,2026-07-28,5753314187,1,1.999000000000000e+01,USD,Completed,
ORD-13328,2026-07-28,887668036,4,4.139000000000000e+01,USD,Completed,
ORD-13328,2026-07-28,2580740549,4,1.062000000000000e+01,USD,Completed,
ORD-13329,2026-07-28,146144209,1,2.641000000000000e+01,USD,Completed,
ORD-13329,2026-07-28,1462273455,3,9.100000000000000e-01,USD,Completed,
ORD-13329,2026-07-28,1792864118,1,5.790000000000000e+00,USD,Completed,
ORD-13330,2026-07-28,555974352,1,3.605000000000000e+01,USD,Completed,
ORD-13331,2026-07-28,907847604,4,2.210000000000000e+01,USD,Completed,
ORD-13332,2026-07-28,393101003,2,1.986000000000000e+01,USD,Completed,
ORD-13332,2026-07-28,2232013390,2,6.980000000000000e+00,USD,Completed,
ORD-13332,2026-07-28,257806313,3,1.954000000000000e+01,USD,Completed,
ORD-13333,2026-07-28,5184785010,1,2.299000000000000e+01,USD,Completed,
ORD-13334,2026-07-28,381632255,2,7.298999999999999e+01,USD,Completed,
ORD-13334,2026-07-28,331094227,3,3.999000000000000e+01,USD,Completed,
ORD-13335,2026-07-28,1543169305,2,1.299000000000000e+01,USD,Completed,
ORD-13335,2026-07-28,261700925,1,6.930000000000000e+01,USD,Completed,
ORD-13335,2026-07-28,354688867,4,3.299000000000000e+01,USD,Completed,
ORD-13336,2026-07-28,3876384696,1,6.998999999999999e+01,USD,Completed,
ORD-13337,2026-07-28,5062553620,2,9.840000000000000e+00,USD,Completed,
ORD-13338,2026-07-28,180450545,2,1.464000000000000e+02,USD,Completed,
ORD-13339,2026-07-28,5439347407,1,5.699900000000000e+02,USD,Completed,
ORD-13339,2026-07-28,28926816,4,7.940000000000000e+00,USD,Shipped,
ORD-13340,2026-07-28,3440558193,2,2.198000000000000e+01,USD,Completed,
ORD-13340,2026-07-28,908232424,3,3.698000000000000e+01,USD,Completed,10%
ORD-13341,2026-07-28,1435754084,4,1.197000000000000e+01,USD,Shipped,10%
ORD-13341,2026-07-28,5366405121,2,1.299000000000000e+01,USD,Shipped,
ORD-13341,2026-07-28,908232424,4,3.698000000000000e+01,USD,Completed,
ORD-13342,2026-07-28,5242746669,1,8,USD,Completed,
ORD-13343,2026-07-28,33685485,1,1.119000000000000e+01,USD,Completed,
ORD-13343,2026-07-28,152355819,3,5.624000000000000e+01,USD,Shipped,
ORD-13343,2026-07-28,1825469871,2,1.699000000000000e+01,USD,Shipped,
ORD-13344,2026-07-28,54973324,2,2.407000000000000e+01,USD,Completed,
ORD-13344,2026-07-28,5209344136,1,2.999000000000000e+01,USD,Completed,
ORD-13344,2026-07-28,618032539,4,1.299000000000000e+01,USD,Completed,10%
ORD-13345,2026-07-28,180450545,3,1.464000000000000e+02,USD,Shipped,
ORD-13346,2026-07-28,5352569431,1,1.999000000000000e+01,USD,Completed,
ORD-13346,2026-07-28,1792864118,2,5.790000000000000e+00,USD,Completed,
ORD-13347,2026-07-28,2363655537,1,4.950000000000000e+01,USD,Completed,
ORD-13348,2026-07-28,1037166405,2,2.390000000000000e+01,USD,Completed,10%
ORD-13348,2026-07-28,422458903,2,1.998000000000000e+01,USD,Completed,10%
ORD-13348,2026-07-28,546469522,2,1.499000000000000e+01,USD,Completed,
ORD-13349,2026-07-28,1426167428,4,1.599000000000000e+01,USD,Shipped,
ORD-13350,2026-07-28,182579201,4,1.709000000000000e+01,USD,Completed,10%
ORD-13351,2026-07-28,908201566,3,1.056000000000000e+01,USD,Completed,
ORD-13351,2026-07-28,5417683805,3,1.498000000000000e+01,USD,Completed,
ORD-13351,2026-07-28,5443068156,1,1.499000000000000e+01,USD,Completed,
ORD-13352,2026-07-28,229653852,3,1.399000000000000e+01,USD,Completed,
ORD-13353,2026-07-28,5661609857,1,3.591000000000000e+01,USD,Completed,
ORD-13354,2026-07-28,25997723,3,6.490000000000001e+01,USD,Shipped,
ORD-13354,2026-07-28,790957653,1,1.245000000000000e+01,USD,Shipped,
ORD-13355,2026-07-28,5702523237,4,1.599000000000000e+01,USD,Completed,
ORD-13356,2026-07-28,6494751477,4,1.499000000000000e+01,USD,Completed,
ORD-13356,2026-07-28,5184785010,2,2.299000000000000e+01,USD,Completed,10%
ORD-13356,2026-07-28,1063134991,1,1.599000000000000e+01,USD,Completed,10%
ORD-13357,2026-07-28,393061304,1,2.868000000000000e+01,USD,Completed,
ORD-13357,2026-07-28,2002762091,2,2.999000000000000e+01,USD,Completed,10%
ORD-13358,2026-07-28,261700925,3,6.930000000000000e+01,USD,Completed,
ORD-13358,2026-07-28,431812530,2,1.998000000000000e+01,USD,Completed,10%
ORD-13358,2026-07-28,2544735639,2,3.199000000000000e+01,USD,Completed,
ORD-13359,2026-07-28,306465658,2,5.499000000000000e+01,USD,Completed,
ORD-13359,2026-07-28,242303426,2,8.720000000000001e+00,USD,Completed,
ORD-13360,2026-07-28,974265277,2,1.116200000000000e+02,USD,Completed,
ORD-13361,2026-07-28,2017664333,1,99,USD,Completed,
ORD-13362,2026-07-28,531529503,1,2.339000000000000e+01,USD,Completed,10%
ORD-13362,2026-07-28,829098148,4,5.199000000000000e+01,USD,Completed,
ORD-13362,2026-07-28,5118743904,3,2.899000000000000e+01,USD,Completed,
ORD-13363,2026-07-28,283514640,4,1.899000000000000e+01,USD,Completed,
ORD-13363,2026-07-28,3440558193,4,2.198000000000000e+01,USD,Completed,
ORD-13364,2026-07-28,232510830,1,4.999000000000000e+01,USD,Completed,
ORD-13365,2026-07-28,5480667546,3,1.040000000000000e+01,USD,Completed,
ORD-13366,2026-07-28,199440001,1,3.077000000000000e+01,USD,Completed,10%
ORD-13367,2026-07-28,2834781358,2,2.399900000000000e+02,USD,Shipped,
ORD-13368,2026-07-28,1570467303,2,2.799000000000000e+01,USD,Shipped,
ORD-13368,2026-07-28,5066959782,3,1.280000000000000e+01,USD,Completed,10%
ORD-13369,2026-07-28,5662896790,1,2.594000000000000e+01,USD,Shipped,
ORD-13370,2026-07-28,5205925876,2,1.922000000000000e+01,USD,Completed,
ORD-13370,2026-07-28,287819116,2,2.629000000000000e+01,USD,Shipped,
ORD-13371,2026-07-28,1097677016,4,2.499000000000000e+01,USD,Completed,
ORD-13371,2026-07-28,3053955490,1,1.619000000000000e+01,USD,Completed,10%
ORD-13372,2026-07-28,1336755092,1,1.499000000000000e+01,USD,Completed,
ORD-13373,2026-07-28,573614161,3,9.060000000000000e+00,USD,Completed,
ORD-13373,2026-07-28,2002762091,1,2.999000000000000e+01,USD,Shipped,
ORD-13374,2026-07-28,751510659,3,9.940000000000000e+00,USD,Completed,
ORD-13375,2026-07-28,6494751477,3,1.499000000000000e+01,USD,Completed,
ORD-13375,2026-07-28,5260887729,2,1.999000000000000e+01,USD,Completed,
ORD-13376,2026-07-28,5053396247,4,1.499000000000000e+01,USD,Completed,
ORD-13376,2026-07-28,5366405121,4,1.299000000000000e+01,USD,Completed,
ORD-13377,2026-07-28,1932369237,2,3.299000000000000e+01,USD,Completed,10%
ORD-13377,2026-07-28,146144209,3,2.641000000000000e+01,USD,Completed,
ORD-13378,2026-07-28,573614161,3,9.060000000000000e+00,USD,Completed,
ORD-13378,2026-07-28,28926816,2,7.940000000000000e+00,USD,Completed,
ORD-13378,2026-07-28,1500372373,4,8,USD,Completed,10%
ORD-13379,2026-07-28,5118743904,3,2.899000000000000e+01,USD,Shipped,
ORD-13379,2026-07-28,5316176929,1,9.980000000000000e+00,USD,Shipped,10%
ORD-13379,2026-07-28,1063134991,1,1.599000000000000e+01,USD,Completed,
ORD-13380,2026-07-28,3588670272,3,1.599000000000000e+01,USD,Completed,
ORD-13380,2026-07-28,5144555813,3,4.499000000000000e+01,USD,Completed,
ORD-13381,2026-07-28,230846860,2,3.299000000000000e+01,USD,Completed,
ORD-13381,2026-07-28,27230944,2,3.343000000000000e+01,USD,Shipped,10%
ORD-13382,2026-07-28,696459227,2,1.461000000000000e+01,USD,Completed,
ORD-13382,2026-07-28,5352569431,2,1.999000000000000e+01,USD,Completed,10%
ORD-13383,2026-07-28,887668036,4,4.139000000000000e+01,USD,Completed,10%
ORD-13383,2026-07-28,10308385,1,4.430000000000000e+00,USD,Completed,
ORD-13384,2026-07-28,696459227,2,1.461000000000000e+01,USD,Completed,
ORD-13385,2026-07-28,393101003,2,1.986000000000000e+01,USD,Completed,
ORD-13385,2026-07-28,788450043,1,1.299000000000000e+01,USD,Completed,
ORD-13386,2026-07-28,5209344136,4,2.999000000000000e+01,USD,Completed,
ORD-13387,2026-07-28,34203165,2,1.673000000000000e+01,USD,Completed,
ORD-13387,2026-07-28,1160636802,1,2.799000000000000e+01,USD,Completed,
ORD-13388,2026-07-28,1359948905,4,3.277000000000000e+01,USD,Shipped,
ORD-13389,2026-07-28,5144555813,2,4.499000000000000e+01,USD,Shipped,
ORD-13389,2026-07-28,34203165,4,1.673000000000000e+01,USD,Completed,
ORD-13389,2026-07-28,907847604,2,2.210000000000000e+01,USD,Completed,
ORD-13390,2026-07-28,5379906696,2,1.498000000000000e+01,USD,Completed,
ORD-13390,2026-07-28,944207748,2,3.899000000000000e+01,USD,Completed,
ORD-13390,2026-07-28,430528189,2,4.788000000000000e+01,USD,Shipped,
ORD-13391,2026-07-28,5260887729,2,1.999000000000000e+01,USD,Completed,
ORD-13391,2026-07-28,5316176929,4,9.980000000000000e+00,USD,Completed,
ORD-13391,2026-07-28,469036214,1,2.049900000000000e+02,USD,Completed,
ORD-13392,2026-07-28,689096319,2,9.910000000000000e+00,USD,Shipped,
ORD-13393,2026-07-28,1932369237,3,3.299000000000000e+01,USD,Shipped,
ORD-13394,2026-07-28,199440001,4,3.077000000000000e+01,USD,Completed,
ORD-13394,2026-07-28,469036214,3,2.049900000000000e+02,USD,Shipped,
ORD-13394,2026-07-28,829098148,1,5.199000000000000e+01,USD,Completed,10%
ORD-13395,2026-07-28,1856819911,3,6.290000000000000e+00,USD,Completed,
ORD-13395,2026-07-28,5260887729,3,1.999000000000000e+01,USD,Completed,
ORD-13396,2026-07-28,1009224046,4,2.199000000000000e+01,USD,Completed,
ORD-13396,2026-07-28,1774083175,2,2.999000000000000e+01,USD,Completed,
ORD-13397,2026-07-28,10801127,2,1.980000000000000e+00,USD,Completed,
ORD-13397,2026-07-28,381632255,1,7.298999999999999e+01,USD,Shipped,
ORD-13397,2026-07-28,1063134991,3,1.599000000000000e+01,USD,Completed,10%
ORD-13398,2026-07-28,1093743201,3,2.599000000000000e+01,USD,Completed,
ORD-13398,2026-07-28,321811404,1,2.799000000000000e+01,USD,Completed,
ORD-13399,2026-07-28,2968552747,3,9.630000000000001e+00,USD,Completed,
ORD-13399,2026-07-28,393101003,3,1.986000000000000e+01,USD,Shipped,
ORD-13400,2026-07-28,1097677016,3,2.499000000000000e+01,USD,Shipped,
ORD-13401,2026-07-28,1624985447,2,3.970000000000000e+00,USD,Completed,
ORD-13402,2026-07-28,1997340049,2,2.399000000000000e+01,USD,Completed,
ORD-13403,2026-07-28,430528189,4,4.788000000000000e+01,USD,Completed,
ORD-13404,2026-07-28,3813188391,3,1.999000000000000e+01,USD,Completed,
ORD-13404,2026-07-28,6045904134,2,2.499000000000000e+01,USD,Completed,
ORD-13404,2026-07-28,839659160,3,4.999000000000000e+01,USD,Completed,
ORD-13405,2026-07-28,569572519,4,2.175000000000000e+01,USD,Completed,10%
ORD-13405,2026-07-28,910055282,2,1.099000000000000e+01,USD,Shipped,
ORD-13406,2026-07-28,2544735639,2,3.199000000000000e+01,USD,Completed,
ORD-13407,2026-07-28,5344195287,4,2.199000000000000e+01,USD,Completed,
ORD-13407,2026-07-28,903463722,4,2.309000000000000e+01,USD,Completed,
ORD-13408,2026-07-28,310097871,1,1.499000000000000e+01,USD,Shipped,
ORD-13409,2026-07-28,696459227,2,1.461000000000000e+01,USD,Completed,
ORD-13409,2026-07-28,1500372373,4,8,USD,Completed,10%
ORD-13410,2026-07-28,790957653,4,1.245000000000000e+01,USD,Completed,
ORD-13410,2026-07-28,729322559,4,24,USD,Completed,
ORD-13411,2026-07-28,5262717138,1,2.597000000000000e+01,USD,Completed,
ORD-13411,2026-07-28,369367315,4,2.999000000000000e+01,USD,Completed,10%
ORD-13412,2026-07-28,432928663,4,2.880000000000000e+01,USD,Shipped,10%
ORD-13413,2026-07-28,871349337,6,2.738000000000000e+01,USD,Shipped,
ORD-13413,2026-07-28,952556801,3,2.899000000000000e+01,USD,Completed,
ORD-13413,2026-07-28,48812370,2,9.789999999999999e+00,USD,Completed,
ORD-13414,2026-07-28,2017664333,1,99,USD,Completed,
ORD-13415,2026-07-28,602748918,4,1.499000000000000e+01,USD,Shipped,
ORD-13416,2026-07-28,1462273455,4,9.100000000000000e-01,USD,Completed,
ORD-13416,2026-07-28,1323968162,2,3.554000000000000e+01,USD,Completed,
ORD-13416,2026-07-28,2637400158,2,2.399000000000000e+01,USD,Completed,10%
ORD-13417,2026-07-28,3423574153,4,1.166600000000000e+02,USD,Completed,
ORD-13417,2026-07-28,1160636802,2,2.799000000000000e+01,USD,Completed,
ORD-13418,2026-07-28,2166765925,2,1.975000000000000e+01,USD,Completed,10%
ORD-13418,2026-07-28,430528189,1,4.788000000000000e+01,USD,Completed,
ORD-13419,2026-07-28,5316176929,1,9.980000000000000e+00,USD,Completed,
ORD-13420,2026-07-28,1774083175,2,2.999000000000000e+01,USD,Completed,10%
ORD-13421,2026-07-28,34203165,4,1.673000000000000e+01,USD,Completed,
ORD-99001,2026-07-27,WALMART-UNKNOWN-999,2,9.99,USD,Completed,
ORD-10001,2026-07-15,5344195287,3,2.199000000000000e+01,USD,Shipped,10%
ORD-99002,2026-07-27,5344195287,N/A,2.199000000000000e+01,USD,Completed,
ORD-99003,2026-07-27,871349337,1,contact us,USD,Completed,
ORD-99004,not-a-date,382394597,1,1.688000000000000e+01,USD,Completed,
